time,Qrouted
1980-01-01,0.09260560241283407
1980-01-02,0.06045232767632997
1980-01-03,0.061592884089400335
1980-01-04,0.04906661435760645
1980-01-05,0.09833378832604779
1980-01-06,0.05385009091963814
1980-01-07,0.06923191241202904
1980-01-08,0.059044884181455516
1980-01-09,0.09248825288548024
1980-01-10,0.06448099191320573
1980-01-11,0.05216158302920704
1980-01-12,0.07940193481775835
1980-01-13,0.08175502842206749
1980-01-14,0.08081288712287694
1980-01-15,0.05602855254439918
1980-01-16,0.05558532432178675
1980-01-17,0.09538660818781042
1980-01-18,0.06790674796888131
1980-01-19,0.06053261613161595
1980-01-20,0.09500616200412747
1980-01-21,0.05755980147594671
1980-01-22,0.05290400121555927
1980-01-23,0.04903249486650132
1980-01-24,0.05265673998235653
1980-01-25,0.0449344955603721
1980-01-26,0.054259014643722986
1980-01-27,0.07125768508652297
1980-01-28,0.05109039451316915
1980-01-29,0.04489948877459838
1980-01-30,0.04235365448438133
1980-01-31,0.04020699057890304
1980-02-01,0.0383876462267874
1980-02-02,0.036837056437222036
1980-02-03,0.03585368150747747
1980-02-04,0.036223284843232034
1980-02-05,0.03437409805899939
1980-02-06,0.03602386642590243
1980-02-07,0.03306886330739239
1980-02-08,0.05404125785024309
1980-02-09,0.03588902373932113
1980-02-10,0.034534217166829854
1980-02-11,0.033367789035563415
1980-02-12,0.051966938635385325
1980-02-13,0.03599604217654528
1980-02-14,0.034541425739204094
1980-02-15,0.03329387049415669
1980-02-16,0.032216851225662355
1980-02-17,0.03128049297108904
1980-02-18,0.03046033545633585
1980-02-19,0.02973633169481295
1980-02-20,0.029468768342533775
1980-02-21,0.029204872986061944
1980-02-22,0.02858190811251576
1980-02-23,0.028022127373000406
1980-02-24,0.02751495919105654
1980-02-25,0.027595067986630122
1980-02-26,0.03410672476642194
1980-02-27,0.02868393411990362
1980-02-28,0.027964136471268202
1980-02-29,0.027326372093916904
1980-03-01,0.026756688702134632
1980-03-02,0.02787524813416935
1980-03-03,0.05234831002256068
1980-03-04,0.03726097204798705
1980-03-05,0.03112252492434905
1980-03-06,0.029873443461079216
1980-03-07,0.028801264240334454
1980-03-08,0.04906401680601347
1980-03-09,0.04073538453341596
1980-03-10,0.03248476945041568
1980-03-11,0.030961964983770688
1980-03-12,0.029665413512643072
1980-03-13,0.028555010950438508
1980-03-14,0.02759797135198935
1980-03-15,0.026767464326678873
1980-03-16,0.0260415112633148
1980-03-17,0.02540209020866913
1980-03-18,0.024834409161145096
1980-03-19,0.024326315458591128
1980-03-20,0.023867815267184123
1980-03-21,0.023450682242220605
1980-03-22,0.023234107356538556
1980-03-23,0.04356898027552506
1980-03-24,0.02809432459323612
1980-03-25,0.02695060778013479
1980-03-26,0.025969312269872615
1980-03-27,0.025121931957125986
1980-03-28,0.025511431938608106
1980-03-29,0.025770639070384654
1980-03-30,0.025079814860942434
1980-03-31,0.06329593978006041
1980-04-01,0.08018370812861654
1980-04-02,0.04303455238445686
1980-04-03,0.03703842684997161
1980-04-04,0.03447377467438682
1980-04-05,0.032298773267832155
1980-04-06,0.03079793592181683
1980-04-07,0.030257684315443886
1980-04-08,0.02936873772473877
1980-04-09,0.028009018235861518
1980-04-10,0.026817157113560284
1980-04-11,0.025796941737974696
1980-04-12,0.024918183216928156
1980-04-13,0.024156166682627142
1980-04-14,0.02349063866003498
1980-04-15,0.022904985487983347
1980-04-16,0.022385566022614798
1980-04-17,0.021921169072986496
1980-04-18,0.021502571792315423
1980-04-19,0.02117620725024179
1980-04-20,0.020915069380024992
1980-04-21,0.0205850458260072
1980-04-22,0.02026772477177421
1980-04-23,0.01997245727675039
1980-04-24,0.019695796982482503
1980-04-25,0.019434892257536977
1980-04-26,0.019187381240126786
1980-04-27,0.018951305742056074
1980-04-28,0.018725040562272904
1980-04-29,0.01850723540177268
1980-04-30,0.018296767092836046
1980-05-01,0.018519837361192542
1980-05-02,0.018696806866936363
1980-05-03,0.01852798751540365
1980-05-04,0.018337437534479955
1980-05-05,0.01804509134099693
1980-05-06,0.017774104423916675
1980-05-07,0.0175211148675145
1980-05-08,0.01728334091861552
1980-05-09,0.01705847864731385
1980-05-10,0.016844617989074977
1980-05-11,0.016640173806142838
1980-05-12,0.016546302379456045
1980-05-13,0.01642354362255502
1980-05-14,0.01625302513485531
1980-05-15,0.016215327887465904
1980-05-16,0.016082145743564782
1980-05-17,0.016805577034943373
1980-05-18,0.016192159052597275
1980-05-19,0.015948990351862105
1980-05-20,0.015709113621499845
1980-05-21,0.015475301427248242
1980-05-22,0.015256747309324003
1980-05-23,0.015051106628977852
1980-05-24,0.01485643609372595
1980-05-25,0.014671123479528312
1980-05-26,0.014564094764851302
1980-05-27,0.014442907363088344
1980-05-28,0.01426263044237315
1980-05-29,0.014090168234471623
1980-05-30,0.013924435934359805
1980-05-31,0.013764530638368805
1980-06-01,0.013609699983840567
1980-06-02,0.01345931629067297
1980-06-03,0.01331285522269359
1980-06-04,0.013179155033808487
1980-06-05,0.013056589746501214
1980-06-06,0.012918462498554635
1980-06-07,0.01278081047436507
1980-06-08,0.01796600977653003
1980-06-09,0.016504874598905463
1980-06-10,0.012679147732824485
1980-06-11,0.012513656361735591
1980-06-12,0.012356296539473302
1980-06-13,0.012205901286500948
1980-06-14,0.012153391259000806
1980-06-15,0.057249741625435946
1980-06-16,0.025456294294431733
1980-06-17,0.016881127159651305
1980-06-18,0.032636226845612994
1980-06-19,0.013146783560496929
1980-06-20,0.012795975627719282
1980-06-21,0.012486081653603098
1980-06-22,0.012210219141505246
1980-06-23,0.011962714329137739
1980-06-24,0.011738885724176225
1980-06-25,0.011534867129023747
1980-06-26,0.011347462814475955
1980-06-27,0.011174028892592681
1980-06-28,0.011012376061114866
1980-06-29,0.010860689798136454
1980-06-30,0.010717464818700223
1980-07-01,0.01058145119834939
1980-07-02,0.016483976148380753
1980-07-03,0.022007223391864807
1980-07-04,0.010655658747740597
1980-07-05,0.010480462982701005
1980-07-06,0.010318529647892474
1980-07-07,0.010208939921142128
1980-07-08,0.010151478975540794
1980-07-09,0.010030336968445162
1980-07-10,0.00991310331232515
1980-07-11,0.018800413825682146
1980-07-12,0.010764268575725511
1980-07-13,0.009797710433823903
1980-07-14,0.009644396099567435
1980-07-15,0.009500888040911072
1980-07-16,0.009366052116636232
1980-07-17,0.029060075958268317
1980-07-18,0.009704402261602569
1980-07-19,0.00951056751221224
1980-07-20,0.03127228649776669
1980-07-21,0.027325410240178757
1980-07-22,0.04635447777218745
1980-07-23,0.01117582305759182
1980-07-24,0.010730191426453551
1980-07-25,0.01034634549265108
1980-07-26,0.04317618994733283
1980-07-27,0.017995140211852476
1980-07-28,0.10404076396795424
1980-07-29,0.01758964438830458
1980-07-30,0.016212154102259034
1980-07-31,0.015027339701299797
1980-08-01,0.014275759078613596
1980-08-02,0.01376643271973238
1980-08-03,0.013019625690975834
1980-08-04,0.012329804700337767
1980-08-05,0.011743915272673273
1980-08-06,0.01124380163542187
1980-08-07,0.010814564988406487
1980-08-08,0.010461721350892792
1980-08-09,0.010270400757850367
1980-08-10,0.010020644489460797
1980-08-11,0.009747034104642746
1980-08-12,0.00950559872205876
1980-08-13,0.009290945709395254
1980-08-14,0.009098624938933443
1980-08-15,0.008924960861487892
1980-08-16,0.00876691505200901
1980-08-17,0.00862197359396191
1980-08-18,0.00848805473063591
1980-08-19,0.008363433068886412
1980-08-20,0.008246677314322716
1980-08-21,0.008136599078539041
1980-08-22,0.00803221075421631
1980-08-23,0.007932690823321277
1980-08-24,0.0078486570134905
1980-08-25,0.007831134426453735
1980-08-26,0.0119004135683009
1980-08-27,0.007925658047124228
1980-08-28,0.0077958373234201786
1980-08-29,0.00767575002669127
1980-08-30,0.007563878864753835
1980-08-31,0.007458964520468685
1980-09-01,0.007359960860093768
1980-09-02,0.00726599805482446
1980-09-03,0.007176352192815118
1980-09-04,0.007090420219366606
1980-09-05,0.007031352674487074
1980-09-06,0.006973965937258616
1980-09-07,0.010046583879068966
1980-09-08,0.007014632200075591
1980-09-09,0.006910182867179992
1980-09-10,0.006812475496391075
1980-09-11,0.006720490068966452
1980-09-12,0.006633378466633616
1980-09-13,0.006550434856035352
1980-09-14,0.006471979554964996
1980-09-15,0.0064097842278883444
1980-09-16,0.0063545569032331245
1980-09-17,0.006284335659758931
1980-09-18,0.006210862098331987
1980-09-19,0.006161281000612008
1980-09-20,0.006142000828071974
1980-09-21,0.0061141173561879555
1980-09-22,0.006051250630549342
1980-09-23,0.005973716522578161
1980-09-24,0.005899772075242545
1980-09-25,0.0058289162644584785
1980-09-26,0.005760731034850985
1980-09-27,0.00569486719955115
1980-09-28,0.00563103277665646
1980-09-29,0.005568983334223349
1980-09-30,0.005508513992172087
1980-10-01,0.005449452792083743
1980-10-02,0.00539165519713117
1980-10-03,0.005334999526400038
1980-10-04,0.005279383162319534
1980-10-05,0.005282600743618102
1980-10-06,0.059874824959298356
1980-10-07,0.011386453834059533
1980-10-08,0.012378838508924772
1980-10-09,0.04998796764819369
1980-10-10,0.011406128753580916
1980-10-11,0.006610489623542129
1980-10-12,0.006341186726596619
1980-10-13,0.018519907179034602
1980-10-14,0.03528623672866166
1980-10-15,0.037451568322109836
1980-10-16,0.011014042241706977
1980-10-17,0.019299881849648256
1980-10-18,0.012811275621557589
1980-10-19,0.007924643161598596
1980-10-20,0.03411170249552857
1980-10-21,0.008873656626469977
1980-10-22,0.008285140112566817
1980-10-23,0.007788947885619499
1980-10-24,0.007368945611504665
1980-10-25,0.007011886540252994
1980-10-26,0.00676200824858985
1980-10-27,0.007579962866132522
1980-10-28,0.006859475126064787
1980-10-29,0.006572327486443055
1980-10-30,0.010072157121420287
1980-10-31,0.014527929965964944
1980-11-01,0.019931217142258796
1980-11-02,0.01248585073310223
1980-11-03,0.0074171723266706025
1980-11-04,0.0070432115326023665
1980-11-05,0.006727258365153056
1980-11-06,0.0064756213818332915
1980-11-07,0.03980354445402973
1980-11-08,0.011268246443213418
1980-11-09,0.008491549506776958
1980-11-10,0.021791423950524986
1980-11-11,0.008789224755819466
1980-11-12,0.011774497905881726
1980-11-13,0.008138030749837561
1980-11-14,0.007675221793639486
1980-11-15,0.007282669943074427
1980-11-16,0.006948188240343631
1980-11-17,0.006661757818886518
1980-11-18,0.01933336369096012
1980-11-19,0.021969428451971206
1980-11-20,0.011323237967146675
1980-11-21,0.009312201866806216
1980-11-22,0.007992735077173836
1980-11-23,0.007558867746011936
1980-11-24,0.007190152833956289
1980-11-25,0.006875313396562299
1980-11-26,0.006743037084380023
1980-11-27,0.007989396129833766
1980-11-28,0.021229655681373635
1980-11-29,0.05784844383241189
1980-11-30,0.025411288209386637
1980-12-01,0.01346135734976093
1980-12-02,0.06942157846501036
1980-12-03,0.018957624942742137
1980-12-04,0.032877872649105876
1980-12-05,0.017566375290256012
1980-12-06,0.043516110123274394
1980-12-07,0.018505091853337353
1980-12-08,0.021483594494883587
1980-12-09,0.02001720659179882
1980-12-10,0.01507798995929604
1980-12-11,0.020134354172543802
1980-12-12,0.013732638902708767
1980-12-13,0.012700119340949015
1980-12-14,0.04239867016082741
1980-12-15,0.05372951904294957
1980-12-16,0.020738743667422312
1980-12-17,0.018678518231930626
1980-12-18,0.0169680820838941
1980-12-19,0.015544332651099677
1980-12-20,0.014355804644018135
1980-12-21,0.01336048028427019
1980-12-22,0.012524020020887086
1980-12-23,0.0208982768168481
1980-12-24,0.032878981243048645
1980-12-25,0.015538014678471148
1980-12-26,0.07590460832972797
1980-12-27,0.02956597705468537
1980-12-28,0.05358381707028964
1980-12-29,0.03450340930010959
1980-12-30,0.031000348149091955
1980-12-31,0.027761333523203525
1981-01-01,0.027801460893215005
1981-01-02,0.024512590137003396
1981-01-03,0.027201985980898527
1981-01-04,0.01975965735156036
1981-01-05,0.025487761549416458
1981-01-06,0.020018990787693935
1981-01-07,0.017283833154258216
1981-01-08,0.07852355804195806
1981-01-09,0.027145881476970172
1981-01-10,0.02453604520161223
1981-01-11,0.08852930803703457
1981-01-12,0.15788428503767538
1981-01-13,0.08210073932673019
1981-01-14,0.05519670902536981
1981-01-15,0.048388383512739046
1981-01-16,0.04279013776047048
1981-01-17,0.06455523400533529
1981-01-18,0.03985016341474954
1981-01-19,0.03583297100446914
1981-01-20,0.032508387136515125
1981-01-21,0.02974951916318055
1981-01-22,0.04111811986441195
1981-01-23,0.03625246008524595
1981-01-24,0.028257667636937347
1981-01-25,0.02625204234986829
1981-01-26,0.025942538625290806
1981-01-27,0.023657370452716417
1981-01-28,0.02238884344802028
1981-01-29,0.021314183046996286
1981-01-30,0.020399067419401527
1981-01-31,0.0196154170505435
1981-02-01,0.0189402365900647
1981-02-02,0.018354675871680083
1981-02-03,0.01786785574555284
1981-02-04,0.017491735530789716
1981-02-05,0.01707855792329816
1981-02-06,0.01674739446713816
1981-02-07,0.01650027458726358
1981-02-08,0.016183280798924227
1981-02-09,0.016000999998559775
1981-02-10,0.01588285727047207
1981-02-11,0.015604274337051667
1981-02-12,0.015348739023977936
1981-02-13,0.0153421837879587
1981-02-14,0.015429261798116564
1981-02-15,0.015505490554568117
1981-02-16,0.015580296122496286
1981-02-17,0.015247207934967366
1981-02-18,0.014947602327476007
1981-02-19,0.01467594798791443
1981-02-20,0.02980364847395923
1981-02-21,0.04735423798397869
1981-02-22,0.022277321934490057
1981-02-23,0.051484671617279404
1981-02-24,0.03508395367385395
1981-02-25,0.03363280583147507
1981-02-26,0.025247902176387612
1981-02-27,0.023434047115825137
1981-02-28,0.021914781670640492
1981-03-01,0.0351644025452758
1981-03-02,0.03755128476145046
1981-03-03,0.03683094134475793
1981-03-04,0.029436774901854784
1981-03-05,0.030328560368098764
1981-03-06,0.024311225395051737
1981-03-07,0.06522857643970187
1981-03-08,0.0391965139173185
1981-03-09,0.030110684266285614
1981-03-10,0.02768040709676986
1981-03-11,0.02565390584660136
1981-03-12,0.02395821534039568
1981-03-13,0.022533869746899818
1981-03-14,0.021332353751452482
1981-03-15,0.020314044894562965
1981-03-16,0.01944655046084015
1981-03-17,0.018703361704187117
1981-03-18,0.018062763619358286
1981-03-19,0.017506950749069317
1981-03-20,0.017021309304450057
1981-03-21,0.01659383369028105
1981-03-22,0.016214651771785858
1981-03-23,0.015875638217964293
1981-03-24,0.015570099261625716
1981-03-25,0.015292515429685204
1981-03-26,0.015038331378575564
1981-03-27,0.014803784045622022
1981-03-28,0.014585761998795061
1981-03-29,0.014381690214734314
1981-03-30,0.014189435602386549
1981-03-31,0.014007229468176586
1981-04-01,0.013833603829224703
1981-04-02,0.013777040394344964
1981-04-03,0.013714037942857998
1981-04-04,0.014010039263633034
1981-04-05,0.014254996696398665
1981-04-06,0.013966493037999126
1981-04-07,0.013705619113374626
1981-04-08,0.013467850083219246
1981-04-09,0.013249448230150026
1981-04-10,0.013047323240256384
1981-04-11,0.012858917741011819
1981-04-12,0.012682113445211687
1981-04-13,0.012515154122983652
1981-04-14,0.012356582329528888
1981-04-15,0.012205187387584316
1981-04-16,0.012059962586689487
1981-04-17,0.01199589446639557
1981-04-18,0.01191917506299362
1981-04-19,0.011770307313610113
1981-04-20,0.011627889261395992
1981-04-21,0.011491028490085037
1981-04-22,0.011358981693035263
1981-04-23,0.011231129061609878
1981-04-24,0.01114441262610758
1981-04-25,0.011044453123400804
1981-04-26,0.010918908158444133
1981-04-27,0.0207053924109249
1981-04-28,0.018106139327565877
1981-04-29,0.012122550735073448
1981-04-30,0.011798285081635074
1981-05-01,0.011575646727630952
1981-05-02,0.011353366692496224
1981-05-03,0.011111101356095686
1981-05-04,0.011056766345066846
1981-05-05,0.01111755467763626
1981-05-06,0.01094905644377383
1981-05-07,0.010723150806836786
1981-05-08,0.01522992448593835
1981-05-09,0.027981458375521195
1981-05-10,0.01188089779877267
1981-05-11,0.011483571520117789
1981-05-12,0.011137895478553731
1981-05-13,0.01085485296678524
1981-05-14,0.010591049131499683
1981-05-15,0.01065985381642498
1981-05-16,0.01066787761741573
1981-05-17,0.010398446327850806
1981-05-18,0.010226477184497052
1981-05-19,0.010067255150543178
1981-05-20,0.009857480163489724
1981-05-21,0.009668197467218587
1981-05-22,0.009496061637928979
1981-05-23,0.00933830585871234
1981-05-24,0.009192639846441272
1981-05-25,0.009057166111399536
1981-05-26,0.00894530121228552
1981-05-27,0.008830228694612592
1981-05-28,0.034661530503428115
1981-05-29,0.01271618527540988
1981-05-30,0.009759267099690954
1981-05-31,0.017166521007420204
1981-06-01,0.00989905138249751
1981-06-02,0.010103626171979754
1981-06-03,0.042957288964107464
1981-06-04,0.028290451088022084
1981-06-05,0.012987505323171786
1981-06-06,0.011209366860233126
1981-06-07,0.021638460828756256
1981-06-08,0.01146109864218352
1981-06-09,0.010909615192337858
1981-06-10,0.010439033379001249
1981-06-11,0.010035314873846084
1981-06-12,0.009686925832261868
1981-06-13,0.009384381422151743
1981-06-14,0.009119874779471411
1981-06-15,0.008886974435941945
1981-06-16,0.008680377338776251
1981-06-17,0.008506138476927752
1981-06-18,0.008341770643820851
1981-06-19,0.008189040864094168
1981-06-20,0.008142138265580192
1981-06-21,0.008096761689746839
1981-06-22,0.00795615874215185
1981-06-23,0.007896977261853092
1981-06-24,0.007905244591751954
1981-06-25,0.007803164123193532
1981-06-26,0.007668768271790854
1981-06-27,0.007545128910655295
1981-06-28,0.007430550958961456
1981-06-29,0.007340698946075575
1981-06-30,0.007249569018568386
1981-07-01,0.0071511742905192265
1981-07-02,0.011209741379247467
1981-07-03,0.0073147980326437505
1981-07-04,0.007183863836049398
1981-07-05,0.007063887929734668
1981-07-06,0.006953132665686802
1981-07-07,0.006850156868272308
1981-07-08,0.006753764217804225
1981-07-09,0.00676250676139654
1981-07-10,0.006757359272737795
1981-07-11,0.006651474447523682
1981-07-12,0.006553015320908858
1981-07-13,0.0064744228391503565
1981-07-14,0.006391345998089832
1981-07-15,0.01629641973626354
1981-07-16,0.006543387207866736
1981-07-17,0.0064244415653805795
1981-07-18,0.006332586632510015
1981-07-19,0.0062355335309148595
1981-07-20,0.00613969501534723
1981-07-21,0.006050369355856497
1981-07-22,0.005966563190325933
1981-07-23,0.005887450580194207
1981-07-24,0.0058123441794565
1981-07-25,0.005740671453740998
1981-07-26,0.005671955049563731
1981-07-27,0.005605796577053967
1981-07-28,0.00554186320250736
1981-07-29,0.005479876555726913
1981-07-30,0.005420491894214536
1981-07-31,0.005382815326365856
1981-08-01,0.005337212922525946
1981-08-02,0.005276841052669386
1981-08-03,0.005218235497604376
1981-08-04,0.005161188952168619
1981-08-05,0.005107971433565474
1981-08-06,0.005054762993617042
1981-08-07,0.0050010112393486
1981-08-08,0.004948342157075457
1981-08-09,0.004896656820361409
1981-08-10,0.004845871663162674
1981-08-11,0.004795915949609602
1981-08-12,0.004746729667890511
1981-08-13,0.004701666104560604
1981-08-14,0.06808541451095597
1981-08-15,0.007579466098274081
1981-08-16,0.004714567054409665
1981-08-17,0.046483855472960633
1981-08-18,0.004854595187312231
1981-08-19,0.004785407844385398
1981-08-20,0.03292255404485762
1981-08-21,0.03638760652576279
1981-08-22,0.027377763631718875
1981-08-23,0.005413844087808928
1981-08-24,0.005234711589810415
1981-08-25,0.005098055212186991
1981-08-26,0.004950927466754339
1981-08-27,0.004817774873196822
1981-08-28,0.004709634814687109
1981-08-29,0.004635018119871161
1981-08-30,0.00454116951298447
1981-08-31,0.004461269996628658
1981-09-01,0.00438335663125952
1981-09-02,0.00430616608931797
1981-09-03,0.004235266901716915
1981-09-04,0.0041696740133764535
1981-09-05,0.004108568656058862
1981-09-06,0.012081735550371162
1981-09-07,0.051087535771657124
1981-09-08,0.006312374989852932
1981-09-09,0.00483905608358663
1981-09-10,0.017025607955277838
1981-09-11,0.016518281882685767
1981-09-12,0.0073329596165761625
1981-09-13,0.00762050393627928
1981-09-14,0.009772874410231032
1981-09-15,0.00481194080817111
1981-09-16,0.004637276028479863
1981-09-17,0.004617824564568606
1981-09-18,0.016627841778960806
1981-09-19,0.01096404843102316
1981-09-20,0.004839776755450897
1981-09-21,0.009775537755249603
1981-09-22,0.004818482942820422
1981-09-23,0.004631859605794387
1981-09-24,0.004470483030174141
1981-09-25,0.004345658272463051
1981-09-26,0.030257375954516035
1981-09-27,0.01096830299720118
1981-09-28,0.009094989645583527
1981-09-29,0.005280870346711729
1981-09-30,0.0050214889996216825
1981-10-01,0.0047998347904914225
1981-10-02,0.004609458386618325
1981-10-03,0.004445042808008055
1981-10-04,0.004302200903018712
1981-10-05,0.004177309718456558
1981-10-06,0.004067374916132234
1981-10-07,0.003969919683244218
1981-10-08,0.0038895524874752057
1981-10-09,0.003862692854243635
1981-10-10,0.005662890410533409
1981-10-11,0.005924483712004537
1981-10-12,0.004137585892360357
1981-10-13,0.06550197348268766
1981-10-14,0.013205397204049563
1981-10-15,0.006668517250033545
1981-10-16,0.0234131647921875
1981-10-17,0.006962741812485236
1981-10-18,0.006444057665644095
1981-10-19,0.03772652853014976
1981-10-20,0.008122891490284116
1981-10-21,0.009227230523111129
1981-10-22,0.021221756577388465
1981-10-23,0.06395715785965475
1981-10-24,0.037453817475682306
1981-10-25,0.04452603799484994
1981-10-26,0.11127639431941233
1981-10-27,0.02683568607749009
1981-10-28,0.023385095653900494
1981-10-29,0.02843957273261452
1981-10-30,0.038044207183586205
1981-10-31,0.020325946285460136
1981-11-01,0.018090778339892834
1981-11-02,0.016258983549534863
1981-11-03,0.023805236717962943
1981-11-04,0.03504355899926568
1981-11-05,0.018236108556679058
1981-11-06,0.027286207449040926
1981-11-07,0.018432324708042742
1981-11-08,0.05302550024329377
1981-11-09,0.03669415054165354
1981-11-10,0.029092996386943806
1981-11-11,0.0510636542476394
1981-11-12,0.032340050563698396
1981-11-13,0.09405196784200072
1981-11-14,0.044070442385553264
1981-11-15,0.04846838596069489
1981-11-16,0.04680568132256211
1981-11-17,0.03069014598102487
1981-11-18,0.027390402155810827
1981-11-19,0.024660959513050144
1981-11-20,0.02239775464114158
1981-11-21,0.047098217448681416
1981-11-22,0.028759160299602085
1981-11-23,0.023951391020579815
1981-11-24,0.03264181864904065
1981-11-25,0.023441042293692215
1981-11-26,0.02042066846933599
1981-11-27,0.01897189691759878
1981-11-28,0.01775691623522204
1981-11-29,0.016734030851931668
1981-11-30,0.01586916262346148
1981-12-01,0.0151344312169666
1981-12-02,0.014507004392374678
1981-12-03,0.09867179490086823
1981-12-04,0.06696754512670428
1981-12-05,0.04943270264413679
1981-12-06,0.03395309988632054
1981-12-07,0.0691721470548036
1981-12-08,0.042261423401782815
1981-12-09,0.045746552585131085
1981-12-10,0.03269160070020691
1981-12-11,0.029635350395066606
1981-12-12,0.027098701353696367
1981-12-13,0.024987122649027846
1981-12-14,0.023223677487718624
1981-12-15,0.0856758041866531
1981-12-16,0.07045267666890986
1981-12-17,0.038373924084255454
1981-12-18,0.04178382196514102
1981-12-19,0.04341522571263618
1981-12-20,0.04518307678373448
1981-12-21,0.03230239224614135
1981-12-22,0.03952418982032375
1981-12-23,0.043086755341598316
1981-12-24,0.07300080101698288
1981-12-25,0.08743650365842137
1981-12-26,0.04756406530995153
1981-12-27,0.04077200584183369
1981-12-28,0.036975928875598384
1981-12-29,0.033827852974822485
1981-12-30,0.031209298966994356
1981-12-31,0.055553567476294426
1982-01-01,0.07001520242831362
1982-01-02,0.05617454775237288
1982-01-03,0.03902576567126151
1982-01-04,0.045487151465841764
1982-01-05,0.0351049293470789
1982-01-06,0.032468472592701685
1982-01-07,0.032462025092436265
1982-01-08,0.029047808173276683
1982-01-09,0.027397109148160487
1982-01-10,0.04267709109610806
1982-01-11,0.0354969919908889
1982-01-12,0.04314191404071318
1982-01-13,0.041846662984838995
1982-01-14,0.039543449857179384
1982-01-15,0.030566182488846436
1982-01-16,0.028705350984182715
1982-01-17,0.06905044676892926
1982-01-18,0.06584033422217693
1982-01-19,0.05495148677207301
1982-01-20,0.0642570348170325
1982-01-21,0.06127583774924872
1982-01-22,0.05643269339833299
1982-01-23,0.04744401019020975
1982-01-24,0.056476315449376015
1982-01-25,0.06585279539346023
1982-01-26,0.06460255285861434
1982-01-27,0.053447026624739484
1982-01-28,0.04666847315334522
1982-01-29,0.040074197510937014
1982-01-30,0.037122217305728386
1982-01-31,0.03465628544709421
1982-02-01,0.032588273629428385
1982-02-02,0.0308464279435654
1982-02-03,0.029372263356303094
1982-02-04,0.028118059406025537
1982-02-05,0.02704483828634095
1982-02-06,0.02612073046884425
1982-02-07,0.02531965205470693
1982-02-08,0.024620233182061583
1982-02-09,0.024004948868184977
1982-02-10,0.023459413274141
1982-02-11,0.022971806050388413
1982-02-12,0.022532405553699036
1982-02-13,0.022133208633629515
1982-02-14,0.021767620619994144
1982-02-15,0.021430202298766313
1982-02-16,0.021989643131407544
1982-02-17,0.03334099490434758
1982-02-18,0.024596226357008606
1982-02-19,0.023353637173573055
1982-02-20,0.02268215996056093
1982-02-21,0.02209306631555474
1982-02-22,0.02157225163972637
1982-02-23,0.02110812587795578
1982-02-24,0.020833491964400225
1982-02-25,0.050400824403787466
1982-02-26,0.05450314850225587
1982-02-27,0.033971912165419164
1982-02-28,0.029398988836519143
1982-03-01,0.027686050585232037
1982-03-02,0.02624101670725014
1982-03-03,0.04824678925655868
1982-03-04,0.03659464145722369
1982-03-05,0.0611116206047276
1982-03-06,0.06178849834426686
1982-03-07,0.04032420636988349
1982-03-08,0.03543769358591751
1982-03-09,0.04084976525446858
1982-03-10,0.057849280889977074
1982-03-11,0.036481266174969114
1982-03-12,0.03378882787273882
1982-03-13,0.031538992223915534
1982-03-14,0.029651675444608738
1982-03-15,0.028061640928919714
1982-03-16,0.03231179673590668
1982-03-17,0.09505843689843411
1982-03-18,0.07781395822210228
1982-03-19,0.04761627726123599
1982-03-20,0.0532583226989183
1982-03-21,0.043496506777174065
1982-03-22,0.03883407842330247
1982-03-23,0.035975602645310883
1982-03-24,0.03358741452670926
1982-03-25,0.03158430719013641
1982-03-26,0.03089030074054186
1982-03-27,0.04016578874919648
1982-03-28,0.04716597125030958
1982-03-29,0.03951913118741963
1982-03-30,0.03301215612393653
1982-03-31,0.03326589679136722
1982-04-01,0.03535505321701998
1982-04-02,0.04309467984315803
1982-04-03,0.03183268993376698
1982-04-04,0.030119175164891255
1982-04-05,0.05466621107997435
1982-04-06,0.03411889754517478
1982-04-07,0.03204550457045982
1982-04-08,0.03030027504858294
1982-04-09,0.02946467423209995
1982-04-10,0.029146071199701303
1982-04-11,0.027952486621946448
1982-04-12,0.02681566564262558
1982-04-13,0.025949818399017582
1982-04-14,0.03130884000612824
1982-04-15,0.02977505700037875
1982-04-16,0.026998303004061783
1982-04-17,0.02603464345921712
1982-04-18,0.02562953169979722
1982-04-19,0.02507167918708846
1982-04-20,0.02426723614028752
1982-04-21,0.02356692478858699
1982-04-22,0.022952756699366042
1982-04-23,0.022409967679494963
1982-04-24,0.02192728524226482
1982-04-25,0.021493222323950952
1982-04-26,0.02109987324898202
1982-04-27,0.020740850594836012
1982-04-28,0.020410571771468947
1982-04-29,0.020104428717477012
1982-04-30,0.01981861416837371
1982-05-01,0.019549979472206807
1982-05-02,0.01929591811649162
1982-05-03,0.019054270230578287
1982-05-04,0.01882324421634668
1982-05-05,0.01860135237892511
1982-05-06,0.01838735801108851
1982-05-07,0.018180231856655082
1982-05-08,0.018017413297443757
1982-05-09,0.018190955146339196
1982-05-10,0.0182006994676211
1982-05-11,0.017931977262847447
1982-05-12,0.017680580386548277
1982-05-13,0.017443846258389826
1982-05-14,0.017219569115452905
1982-05-15,0.01700591981799598
1982-05-16,0.016801379987941272
1982-05-17,0.016604687871969327
1982-05-18,0.016414793804454635
1982-05-19,0.016230823537573765
1982-05-20,0.01605204802431954
1982-05-21,0.015877858498969725
1982-05-22,0.01570774591014541
1982-05-23,0.01554128393310529
1982-05-24,0.01539903710352321
1982-05-25,0.015253563730724921
1982-05-26,0.015091622363729343
1982-05-27,0.014932928898808836
1982-05-28,0.014777183226490534
1982-05-29,0.014624132683597003
1982-05-30,0.027973914479047488
1982-05-31,0.01502010555320391
1982-06-01,0.014780710051498565
1982-06-02,0.09316995499069214
1982-06-03,0.0310577089397937
1982-06-04,0.021071710106889015
1982-06-05,0.01793876654157502
1982-06-06,0.017387967961673117
1982-06-07,0.019045869452048492
1982-06-08,0.04004543899203452
1982-06-09,0.017941864191265224
1982-06-10,0.017192874482835494
1982-06-11,0.016550204952654215
1982-06-12,0.015995351959757303
1982-06-13,0.01551313177901735
1982-06-14,0.01509107315875288
1982-06-15,0.014718923187162324
1982-06-16,0.014388244914868968
1982-06-17,0.014092089362030767
1982-06-18,0.013824727892274097
1982-06-19,0.013581433629150966
1982-06-20,0.013358302756510844
1982-06-21,0.01315210828757613
1982-06-22,0.012960180292578097
1982-06-23,0.012780307708490089
1982-06-24,0.01261065777012424
1982-06-25,0.012449709842346779
1982-06-26,0.012296201032594425
1982-06-27,0.01214908144862456
1982-06-28,0.012007477360471253
1982-06-29,0.011870660845548666
1982-06-30,0.011738024755926925
1982-07-01,0.01160906205841909
1982-07-02,0.011519931185927505
1982-07-03,0.011443652020851207
1982-07-04,0.05387207247741305
1982-07-05,0.014158100638203467
1982-07-06,0.011831922592294222
1982-07-07,0.011612548056350078
1982-07-08,0.011493941404060336
1982-07-09,0.10737582019508331
1982-07-10,0.02581575534710195
1982-07-11,0.039849365562508156
1982-07-12,0.029321796295341217
1982-07-13,0.0158192383515899
1982-07-14,0.014968839007344102
1982-07-15,0.014502149561671165
1982-07-16,0.0448370497621882
1982-07-17,0.016085582691092493
1982-07-18,0.015192110181651087
1982-07-19,0.03512594229195664
1982-07-20,0.0493571455644635
1982-07-21,0.030527145428677543
1982-07-22,0.01847693220234803
1982-07-23,0.019580403030977606
1982-07-24,0.06112551498239029
1982-07-25,0.025428329646279706
1982-07-26,0.07933178175678254
1982-07-27,0.02849828073331503
1982-07-28,0.024474998466289383
1982-07-29,0.022432915869578508
1982-07-30,0.020704041751754977
1982-07-31,0.01925861922233379
1982-08-01,0.018045844853939622
1982-08-02,0.02071826368636714
1982-08-03,0.02894991553715612
1982-08-04,0.018344181620032096
1982-08-05,0.01728717893265568
1982-08-06,0.01639357606216947
1982-08-07,0.015634522316173415
1982-08-08,0.014986394676711328
1982-08-09,0.014769915775629283
1982-08-10,0.014671409064263055
1982-08-11,0.014223446930261271
1982-08-12,0.024811596378337655
1982-08-13,0.026909294240152506
1982-08-14,0.01573477569936174
1982-08-15,0.015029005245878616
1982-08-16,0.014425368648181345
1982-08-17,0.013906080187940026
1982-08-18,0.013641582703599678
1982-08-19,0.013399374945275938
1982-08-20,0.013007416897128435
1982-08-21,0.012663491021768392
1982-08-22,0.012359458312078844
1982-08-23,0.012088614395765689
1982-08-24,0.011845431696001144
1982-08-25,0.011625348803767132
1982-08-26,0.011424598252428577
1982-08-27,0.011240065560583087
1982-08-28,0.01106917375987719
1982-08-29,0.010999610106562576
1982-08-30,0.023922920033888986
1982-08-31,0.011980691829842752
1982-09-01,0.011657179977599253
1982-09-02,0.011371592480930387
1982-09-03,0.011117555740889233
1982-09-04,0.01105815837519974
1982-09-05,0.011030437039914293
1982-09-06,0.010801782857652292
1982-09-07,0.020814374402018346
1982-09-08,0.011403416055212973
1982-09-09,0.011084860263258216
1982-09-10,0.010804316095757936
1982-09-11,0.010827503808021858
1982-09-12,0.0744699756123618
1982-09-13,0.017011057743458614
1982-09-14,0.0332695857956447
1982-09-15,0.020113069063307645
1982-09-16,0.016325514423533336
1982-09-17,0.014116871414142425
1982-09-18,0.013376774356606247
1982-09-19,0.012748069845713464
1982-09-20,0.012211273691619532
1982-09-21,0.011750402209674068
1982-09-22,0.011352330990032175
1982-09-23,0.011006273421747079
1982-09-24,0.019536550618816925
1982-09-25,0.01218573552762932
1982-09-26,0.016900988550889718
1982-09-27,0.018289160000933863
1982-09-28,0.06693526251058676
1982-09-29,0.01698887057310688
1982-09-30,0.015768475540163467
1982-10-01,0.014744734357324698
1982-10-02,0.013882701063802174
1982-10-03,0.03693457692892885
1982-10-04,0.052766207833440236
1982-10-05,0.04443329889406888
1982-10-06,0.05648889077277466
1982-10-07,0.06534854675491425
1982-10-08,0.07912538338973486
1982-10-09,0.05751435199544073
1982-10-10,0.03445453352502848
1982-10-11,0.03753812340388101
1982-10-12,0.034688751897858125
1982-10-13,0.028407094116011555
1982-10-14,0.02513801609217652
1982-10-15,0.02305640215786324
1982-10-16,0.021320727496788174
1982-10-17,0.019868679645767093
1982-10-18,0.01864943362875903
1982-10-19,0.01762149102224534
1982-10-20,0.01675093384345179
1982-10-21,0.016010011985027998
1982-10-22,0.015375999174965448
1982-10-23,0.014830265377093725
1982-10-24,0.014357523857021515
1982-10-25,0.013945219365366334
1982-10-26,0.013583030463857384
1982-10-27,0.013262464279400489
1982-10-28,0.012976526184537783
1982-10-29,0.012719450282203934
1982-10-30,0.012486479286618656
1982-10-31,0.01227368457423834
1982-11-01,0.01207781893521163
1982-11-02,0.011896195971372994
1982-11-03,0.011726591228932768
1982-11-04,0.0115671610765371
1982-11-05,0.011416376085319778
1982-11-06,0.011272966271391715
1982-11-07,0.01113587605050984
1982-11-08,0.011004227151567911
1982-11-09,0.01151965661907666
1982-11-10,0.01196865267285345
1982-11-11,0.011682103020236966
1982-11-12,0.011426745106939924
1982-11-13,0.011197391235422434
1982-11-14,0.01098975930976148
1982-11-15,0.010800311620079337
1982-11-16,0.010626122856062875
1982-11-17,0.010754526090673518
1982-11-18,0.010878707984249168
1982-11-19,0.010659668936086041
1982-11-20,0.01056977210739561
1982-11-21,0.010520272271144
1982-11-22,0.04328073456555807
1982-11-23,0.03532502791322092
1982-11-24,0.022426952706912112
1982-11-25,0.015961238379426482
1982-11-26,0.04879103186954847
1982-11-27,0.023035942245354237
1982-11-28,0.02371280639242036
1982-11-29,0.01764289587156336
1982-11-30,0.0484010466928994
1982-12-01,0.020556157437485793
1982-12-02,0.018848418706637598
1982-12-03,0.017481487231636863
1982-12-04,0.016335635554360482
1982-12-05,0.015371474424794201
1982-12-06,0.026688966933943428
1982-12-07,0.016183124303668837
1982-12-08,0.015248504804895154
1982-12-09,0.014458090593852049
1982-12-10,0.013786486723345768
1982-12-11,0.013212887047017364
1982-12-12,0.01272022863424315
1982-12-13,0.012294505077776421
1982-12-14,0.011924208240689934
1982-12-15,0.011599873943383498
1982-12-16,0.011313711857935818
1982-12-17,0.011059303697606332
1982-12-18,0.010831356855354126
1982-12-19,0.010625503108804862
1982-12-20,0.010438133990909593
1982-12-21,0.010266266021669643
1982-12-22,0.01010743028327978
1982-12-23,0.0100129674178934
1982-12-24,0.009970236528771997
1982-12-25,0.00981935599616056
1982-12-26,0.009678538445587113
1982-12-27,0.009546242755373077
1982-12-28,0.009823896498442298
1982-12-29,0.03819850964878941
1982-12-30,0.021875801414270857
1982-12-31,0.0574976916395652
1983-01-01,0.020711366564669844
1983-01-02,0.018788958115863064
1983-01-03,0.017297887277079822
1983-01-04,0.01605156095117453
1983-01-05,0.015006242395077689
1983-01-06,0.014126194115535695
1983-01-07,0.01338218544747125
1983-01-08,0.012750284194452234
1983-01-09,0.0122108771615965
1983-01-10,0.011747875345955004
1983-01-11,0.011348068272276432
1983-01-12,0.01100059892966654
1983-01-13,0.010696536337431443
1983-01-14,0.010428527231237855
1983-01-15,0.010190511939165632
1983-01-16,0.010417891986400508
1983-01-17,0.010630068684095986
1983-01-18,0.010336602832945943
1983-01-19,0.010077890707713906
1983-01-20,0.0098480956536935
1983-01-21,0.009642402773288027
1983-01-22,0.00971739907728626
1983-01-23,0.009811847829218288
1983-01-24,0.04158933707251404
1983-01-25,0.03330638305577326
1983-01-26,0.01658670298863705
1983-01-27,0.03192148930013272
1983-01-28,0.042799851202872434
1983-01-29,0.02420424016749907
1983-01-30,0.0192381591335786
1983-01-31,0.017656511365260252
1983-02-01,0.016336021522252574
1983-02-02,0.015229940270170992
1983-02-03,0.02437554961305154
1983-02-04,0.053533189125612064
1983-02-05,0.05455607212281696
1983-02-06,0.03800279811921585
1983-02-07,0.025644896192375952
1983-02-08,0.02319656050872999
1983-02-09,0.02116356163080839
1983-02-10,0.019470705334166186
1983-02-11,0.018056719605982107
1983-02-12,0.016871624093367295
1983-02-13,0.015874606839828092
1983-02-14,0.015032308447047019
1983-02-15,0.014317433868515255
1983-02-16,0.01572192215897485
1983-02-17,0.02258047639837868
1983-02-18,0.015517542498447447
1983-02-19,0.01472200463869624
1983-02-20,0.029334637257182272
1983-02-21,0.01653790844613352
1983-02-22,0.015586280941224459
1983-02-23,0.014796298172042512
1983-02-24,0.014152135995917128
1983-02-25,0.01355985408852303
1983-02-26,0.013051344965936728
1983-02-27,0.03419830530990388
1983-02-28,0.03779790788872662
1983-03-01,0.021339706851930127
1983-03-02,0.023103471444149495
1983-03-03,0.0182720613943745
1983-03-04,0.017071898068424407
1983-03-05,0.01606227660002842
1983-03-06,0.015209390909605347
1983-03-07,0.014485582264579909
1983-03-08,0.013954619140728937
1983-03-09,0.01429552822085454
1983-03-10,0.014525054397914872
1983-03-11,0.014012058203293244
1983-03-12,0.013448581335719944
1983-03-13,0.012963771348016002
1983-03-14,0.012544033534906442
1983-03-15,0.028545543903570027
1983-03-16,0.049895125767283915
1983-03-17,0.03918695203199558
1983-03-18,0.023422955651640816
1983-03-19,0.09283804978010644
1983-03-20,0.034646299403289345
1983-03-21,0.05341973490056611
1983-03-22,0.03494701142964999
1983-03-23,0.03609014983897076
1983-03-24,0.056528523262733436
1983-03-25,0.03271905177749291
1983-03-26,0.029552639098295818
1983-03-27,0.08866808599917081
1983-03-28,0.039077321054897876
1983-03-29,0.03501331665940969
1983-03-30,0.0316524327296601
1983-03-31,0.028865782196131992
1983-04-01,0.026548640232827977
1983-04-02,0.024615819691930007
1983-04-03,0.0229979503138745
1983-04-04,0.021638481343388527
1983-04-05,0.02049126394428769
1983-04-06,0.01951859891618266
1983-04-07,0.018759742080362938
1983-04-08,0.01806744548617361
1983-04-09,0.017441902555063702
1983-04-10,0.016899459886070962
1983-04-11,0.016425795508669197
1983-04-12,0.01600914252685787
1983-04-13,0.01563982425923842
1983-04-14,0.015462232971599479
1983-04-15,0.015428847161367104
1983-04-16,0.01565256053867206
1983-04-17,0.015670023460401448
1983-04-18,0.020663943377485342
1983-04-19,0.018013282136783007
1983-04-20,0.016464263794906685
1983-04-21,0.015925508204271344
1983-04-22,0.01545655297912441
1983-04-23,0.015045432141810198
1983-04-24,0.01468230624926653
1983-04-25,0.01435907701555131
1983-04-26,0.014069073109723537
1983-04-27,0.013806793729076028
1983-04-28,0.013567699119896687
1983-04-29,0.013348039286641336
1983-04-30,0.013144713796133084
1983-05-01,0.01295515692620035
1983-05-02,0.012897364466141125
1983-05-03,0.01331354746295403
1983-05-04,0.021317147000793266
1983-05-05,0.022163443436468994
1983-05-06,0.014119881100459418
1983-05-07,0.013712421476069622
1983-05-08,0.013354597635120232
1983-05-09,0.013037997944310842
1983-05-10,0.0127556944102004
1983-05-11,0.012501975845827672
1983-05-12,0.012272129931530444
1983-05-13,0.01206226503965105
1983-05-14,0.011869164430709893
1983-05-15,0.02069706581508312
1983-05-16,0.01276384604296005
1983-05-17,0.012433303497062342
1983-05-18,0.012140623140901351
1983-05-19,0.011879455269218622
1983-05-20,0.03486706419151134
1983-05-21,0.01858087906400633
1983-05-22,0.013299570325744475
1983-05-23,0.01301029222038786
1983-05-24,0.022821482457317254
1983-05-25,0.05737064613937584
1983-05-26,0.05182458880815929
1983-05-27,0.018939415876190035
1983-05-28,0.01760913248097312
1983-05-29,0.01649282129536312
1983-05-30,0.015552398053252632
1983-05-31,0.014756722214769424
1983-06-01,0.014080305595169387
1983-06-02,0.01350226597958964
1983-06-03,0.01300547830482847
1983-06-04,0.012575885354992771
1983-06-05,0.012201937395834639
1983-06-06,0.011874136151147666
1983-06-07,0.011832729957015044
1983-06-08,0.017191850591652815
1983-06-09,0.03195995806952354
1983-06-10,0.060031706865091704
1983-06-11,0.04077149492829065
1983-06-12,0.02069127533136791
1983-06-13,0.018736167080693776
1983-06-14,0.032024637568762684
1983-06-15,0.017285623030582547
1983-06-16,0.016186266410040517
1983-06-17,0.015260174623622218
1983-06-18,0.014476680259617264
1983-06-19,0.013810680535943427
1983-06-20,0.013241607512747978
1983-06-21,0.01275259266820248
1983-06-22,0.012329788415335758
1983-06-23,0.01196181648891688
1983-06-24,0.011639319009140864
1983-06-25,0.011354592734517943
1983-06-26,0.011101290788379162
1983-06-27,0.01087417917075213
1983-06-28,0.010668937799981765
1983-06-29,0.010481997785525757
1983-06-30,0.010310408209649695
1983-07-01,0.0104013611965983
1983-07-02,0.010511024044043908
1983-07-03,0.01035262661514196
1983-07-04,0.010163157692547312
1983-07-05,0.02035826742427889
1983-07-06,0.015451285169113607
1983-07-07,0.1287990233241814
1983-07-08,0.02298390625746934
1983-07-09,0.017874094310101337
1983-07-10,0.01653385873200129
1983-07-11,0.01541138442208915
1983-07-12,0.014467874080321822
1983-07-13,0.013671607275161956
1983-07-14,0.02653957298965474
1983-07-15,0.016896069064028334
1983-07-16,0.014254165171549324
1983-07-17,0.013552854439003876
1983-07-18,0.012899750358832325
1983-07-19,0.012342791488891634
1983-07-20,0.021822105588442723
1983-07-21,0.017906470084055975
1983-07-22,0.013069944289690612
1983-07-23,0.01247635043701002
1983-07-24,0.012211076230712574
1983-07-25,0.021008790972445915
1983-07-26,0.012684832861694932
1983-07-27,0.012134828738192478
1983-07-28,0.0116633110457044
1983-07-29,0.011256695171162302
1983-07-30,0.010903818104316681
1983-07-31,0.010595498359259459
1983-08-01,0.010324177408433175
1983-08-02,0.010083627237200016
1983-08-03,0.00986871159066651
1983-08-04,0.009675190866156556
1983-08-05,0.009499562521029925
1983-08-06,0.009494237743813418
1983-08-07,0.00946610270215187
1983-08-08,0.009291033572923855
1983-08-09,0.009157102905935504
1983-08-10,0.009183189200786597
1983-08-11,0.012839694322065026
1983-08-12,0.00927816584622357
1983-08-13,0.009083646656780749
1983-08-14,0.009134905188995795
1983-08-15,0.010106889417588989
1983-08-16,0.047903818708612884
1983-08-17,0.07514974682098792
1983-08-18,0.015662273954582914
1983-08-19,0.03641738147439214
1983-08-20,0.03991437225722814
1983-08-21,0.05295696506615762
1983-08-22,0.019141827066298304
1983-08-23,0.03585406273451711
1983-08-24,0.02024541572983092
1983-08-25,0.04019569405783103
1983-08-26,0.01984630873620228
1983-08-27,0.017613977690994185
1983-08-28,0.016276338627114213
1983-08-29,0.01515643359443711
1983-08-30,0.014215465819506792
1983-08-31,0.013421715344430806
1983-09-01,0.012749222340658976
1983-09-02,0.012176720321417887
1983-09-03,0.011686770861030467
1983-09-04,0.011265060991664695
1983-09-05,0.010899832082118347
1983-09-06,0.010592761893273116
1983-09-07,0.01031556315036466
1983-09-08,0.010085031831050277
1983-09-09,0.00986656759376582
1983-09-10,0.009664231206984251
1983-09-11,0.009568677477579694
1983-09-12,0.009521159313427587
1983-09-13,0.00945448643369891
1983-09-14,0.009441622176055884
1983-09-15,0.009286097745268335
1983-09-16,0.00911091562389077
1983-09-17,0.008951307738438956
1983-09-18,0.008804770837396786
1983-09-19,0.008669231923833403
1983-09-20,0.00854297280023207
1983-09-21,0.008424568082646796
1983-09-22,0.008312834236305165
1983-09-23,0.008206787637829257
1983-09-24,0.008105610036887858
1983-09-25,0.00800862008872671
1983-09-26,0.007915249871844035
1983-09-27,0.01410678256218542
1983-09-28,0.00858459257742586
1983-09-29,0.01422809258915844
1983-09-30,0.008644158756222061
1983-10-01,0.025748681984520586
1983-10-02,0.009281211932604472
1983-10-03,0.008955532350424561
1983-10-04,0.008672830929642982
1983-10-05,0.008425796074916584
1983-10-06,0.008208402640006314
1983-10-07,0.008015681240303048
1983-10-08,0.02275629891320476
1983-10-09,0.04606374780185971
1983-10-10,0.011222147807802159
1983-10-11,0.011472875957992753
1983-10-12,0.01027355741598588
1983-10-13,0.03169463524584006
1983-10-14,0.011230609106029237
1983-10-15,0.021840294936818674
1983-10-16,0.029588886315047067
1983-10-17,0.025022750469651345
1983-10-18,0.018358268839588403
1983-10-19,0.013151477173761595
1983-10-20,0.011651789084636292
1983-10-21,0.014604790971806654
1983-10-22,0.021772412083681494
1983-10-23,0.03153759383740352
1983-10-24,0.021842141340899717
1983-10-25,0.013158934166428632
1983-10-26,0.012272413375161348
1983-10-27,0.011526416442814068
1983-10-28,0.01089616572896483
1983-10-29,0.010361358925042379
1983-10-30,0.009905344827942855
1983-10-31,0.009514453904500913
1983-11-01,0.009177453997044192
1983-11-02,0.008885107313812793
1983-11-03,0.008629809486653548
1983-11-04,0.008405295196986502
1983-11-05,0.008694168706569739
1983-11-06,0.015889366463911602
1983-11-07,0.05502192517816038
1983-11-08,0.05811310986564348
1983-11-09,0.03368404591918354
1983-11-10,0.03800870249208518
1983-11-11,0.03991485598341056
1983-11-12,0.05997490862484972
1983-11-13,0.03052539252206279
1983-11-14,0.023730189841703827
1983-11-15,0.021367669184542953
1983-11-16,0.0194074753535132
1983-11-17,0.017776801450100656
1983-11-18,0.016416311089092136
1983-11-19,0.03663032310017492
1983-11-20,0.037138293454383055
1983-11-21,0.030911318837082178
1983-11-22,0.03923470278865596
1983-11-23,0.03498756043168186
1983-11-24,0.0560807326877532
1983-11-25,0.03233222634952055
1983-11-26,0.02495161057120995
1983-11-27,0.022667234423999857
1983-11-28,0.020820396602662283
1983-11-29,0.04531768160060871
1983-11-30,0.041658439072677585
1983-12-01,0.02447321424939661
1983-12-02,0.022313245669551108
1983-12-03,0.026269244379125395
1983-12-04,0.040757495528043176
1983-12-05,0.03588012996705682
1983-12-06,0.023386912984822063
1983-12-07,0.021544546437998063
1983-12-08,0.020005557263976334
1983-12-09,0.020843511767211446
1983-12-10,0.018119300558202434
1983-12-11,0.017128378756412158
1983-12-12,0.04372877384530541
1983-12-13,0.047306935092078145
1983-12-14,0.02434623907349637
1983-12-15,0.05351070072297504
1983-12-16,0.032277105461798586
1983-12-17,0.02567492199401183
1983-12-18,0.023606631090112837
1983-12-19,0.021880761141184504
1983-12-20,0.020435661025492692
1983-12-21,0.01922104231406074
1983-12-22,0.018195842347580957
1983-12-23,0.01732649742059619
1983-12-24,0.016585545741931305
1983-12-25,0.015950495902046054
1983-12-26,0.015402909361482829
1983-12-27,0.017194323897845695
1983-12-28,0.02217673400404109
1983-12-29,0.015964819660889643
1983-12-30,0.015380502425349517
1983-12-31,0.014875306523620133
1984-01-01,0.014435588520469453
1984-01-02,0.01405013674149272
1984-01-03,0.0852693862085912
1984-01-04,0.04259643593236523
1984-01-05,0.06573642995493546
1984-01-06,0.04222274894455236
1984-01-07,0.03179161490206587
1984-01-08,0.09490559616341608
1984-01-09,0.04044906263780956
1984-01-10,0.03619513239169127
1984-01-11,0.032678727303130276
1984-01-12,0.029764496782655445
1984-01-13,0.027342493283514954
1984-01-14,0.02532330448822265
1984-01-15,0.02363413797283395
1984-01-16,0.03310023209770408
1984-01-17,0.023995386038703697
1984-01-18,0.022531392763065622
1984-01-19,0.021297682037869903
1984-01-20,0.020253264090438067
1984-01-21,0.01936463412207364
1984-01-22,0.018604377935265922
1984-01-23,0.07721742028469443
1984-01-24,0.02969886376695458
1984-01-25,0.027336445165300063
1984-01-26,0.02536552497822539
1984-01-27,0.02371541373459965
1984-01-28,0.05233729114940058
1984-01-29,0.040115953570558346
1984-01-30,0.02768933335087438
1984-01-31,0.02572128649837851
1984-02-01,0.02407286370286089
1984-02-02,0.025318309483512876
1984-02-03,0.023932149002955816
1984-02-04,0.02161975068718186
1984-02-05,0.11525134905301888
1984-02-06,0.04505275869432152
1984-02-07,0.0776390901580068
1984-02-08,0.047733047451340584
1984-02-09,0.03939266967076562
1984-02-10,0.06311372834444051
1984-02-11,0.09661186584830074
1984-02-12,0.04812882061895988
1984-02-13,0.04773526003572074
1984-02-14,0.04043610696398415
1984-02-15,0.0428163469138991
1984-02-16,0.036562139513985945
1984-02-17,0.03294758603489731
1984-02-18,0.07573820178692522
1984-02-19,0.044027676743173344
1984-02-20,0.07020531584872211
1984-02-21,0.05910864997733617
1984-02-22,0.06490714459003506
1984-02-23,0.06322418128421815
1984-02-24,0.06926807596039913
1984-02-25,0.10175740909915211
1984-02-26,0.057692009672335794
1984-02-27,0.049806396235804094
1984-02-28,0.04526414684212501
1984-02-29,0.041498337229955176
1984-03-01,0.038366435674554965
1984-03-02,0.03575269233837051
1984-03-03,0.03444090513948756
1984-03-04,0.03332937243231336
1984-03-05,0.031525964411846706
1984-03-06,0.03022580610556758
1984-03-07,0.02919533798036794
1984-03-08,0.028012227822761925
1984-03-09,0.033353303855272805
1984-03-10,0.056136108376671455
1984-03-11,0.05637304461374392
1984-03-12,0.056886346125016474
1984-03-13,0.05027487427549799
1984-03-14,0.04099306921645986
1984-03-15,0.04722331817737074
1984-03-16,0.04158221251522877
1984-03-17,0.042688637721486754
1984-03-18,0.05089655002114951
1984-03-19,0.0888478035904683
1984-03-20,0.046206537467660375
1984-03-21,0.04254101306498351
1984-03-22,0.07373331165264572
1984-03-23,0.054602252896808263
1984-03-24,0.044376524420386775
1984-03-25,0.041463496577905205
1984-03-26,0.0393567882394241
1984-03-27,0.050924423707035336
1984-03-28,0.03896756330126617
1984-03-29,0.03653332873200987
1984-03-30,0.03448759177841911
1984-03-31,0.0327603821526335
1984-04-01,0.031294660739212714
1984-04-02,0.03004388048152128
1984-04-03,0.028970016810214827
1984-04-04,0.028041975349182346
1984-04-05,0.027234303142132543
1984-04-06,0.02652614436079889
1984-04-07,0.025900393175767356
1984-04-08,0.026899665285923923
1984-04-09,0.07078054686287734
1984-04-10,0.03985006725619293
1984-04-11,0.03388498937972186
1984-04-12,0.03206451296675788
1984-04-13,0.030524360210288204
1984-04-14,0.02921450260991425
1984-04-15,0.028094086866685224
1984-04-16,0.02712971776503835
1984-04-17,0.02629406893635666
1984-04-18,0.02556475761258537
1984-04-19,0.024923432184966746
1984-04-20,0.02435503151031303
1984-04-21,0.023847182989689113
1984-04-22,0.023389712903296635
1984-04-23,0.0229742476535108
1984-04-24,0.022605318132950223
1984-04-25,0.022257100975001203
1984-04-26,0.021928917820406235
1984-04-27,0.021621908297422558
1984-04-28,0.02133280661955236
1984-04-29,0.021058909526756448
1984-04-30,0.02153538028790793
1984-05-01,0.025263950186906307
1984-05-02,0.0319026909321117
1984-05-03,0.0339497659378051
1984-05-04,0.0475800294767992
1984-05-05,0.028033040853455055
1984-05-06,0.02432981523367803
1984-05-07,0.02352858198603186
1984-05-08,0.022976969043538135
1984-05-09,0.022419933151353766
1984-05-10,0.02184658524719732
1984-05-11,0.03989975592349112
1984-05-12,0.03721009256475208
1984-05-13,0.02720330300097826
1984-05-14,0.023931575201977102
1984-05-15,0.023009728213903693
1984-05-16,0.022457568401664168
1984-05-17,0.022041474435348405
1984-05-18,0.02209376112697575
1984-05-19,0.0245312466822608
1984-05-20,0.02148061984840499
1984-05-21,0.020844961350800342
1984-05-22,0.020527042505242562
1984-05-23,0.02045993352506208
1984-05-24,0.02008811816844473
1984-05-25,0.01959324583029719
1984-05-26,0.019199115105781737
1984-05-27,0.01942676875360609
1984-05-28,0.01943325396720017
1984-05-29,0.018963724382633527
1984-05-30,0.01868623044977542
1984-05-31,0.024551159756236854
1984-06-01,0.019757304556238444
1984-06-02,0.04571593096948535
1984-06-03,0.1380045588780969
1984-06-04,0.051825382431986866
1984-06-05,0.03702499166114028
1984-06-06,0.03569893401058486
1984-06-07,0.03171358411972313
1984-06-08,0.030035779655800437
1984-06-09,0.028581913057277596
1984-06-10,0.03652137064953885
1984-06-11,0.12114300860363116
1984-06-12,0.04353953761681665
1984-06-13,0.038132314926565304
1984-06-14,0.03490059631162614
1984-06-15,0.0322124473741481
1984-06-16,0.029968945536041406
1984-06-17,0.028869485765474948
1984-06-18,0.027892279008277534
1984-06-19,0.026991307566797657
1984-06-20,0.026014032223578714
1984-06-21,0.025174897096246634
1984-06-22,0.024440137265758926
1984-06-23,0.023428874904809577
1984-06-24,0.02304341574137592
1984-06-25,0.1460661926695959
1984-06-26,0.061644696960149035
1984-06-27,0.043995399607736164
1984-06-28,0.03832671842300845
1984-06-29,0.03520729388529587
1984-06-30,0.032609397785456164
1984-07-01,0.03043823746925771
1984-07-02,0.028616663263516116
1984-07-03,0.027081816530226097
1984-07-04,0.025782427810755026
1984-07-05,0.0246766363343013
1984-07-06,0.02373022819072496
1984-07-07,0.023832530966052697
1984-07-08,0.023783112070222375
1984-07-09,0.022933900798624594
1984-07-10,0.02242151069778651
1984-07-11,0.02191740296867599
1984-07-12,0.021304118807823662
1984-07-13,0.020931231935723587
1984-07-14,0.02054208972330898
1984-07-15,0.020078823902642755
1984-07-16,0.019664338506844636
1984-07-17,0.01949146129212793
1984-07-18,0.019489155550444687
1984-07-19,0.01926787126183694
1984-07-20,0.018947252903157893
1984-07-21,0.018621794655184102
1984-07-22,0.018306475374202314
1984-07-23,0.018159650842817718
1984-07-24,0.023701300872795455
1984-07-25,0.018634072391733505
1984-07-26,0.01823337609907916
1984-07-27,0.017873271836664057
1984-07-28,0.017550039231849394
1984-07-29,0.017252814616018766
1984-07-30,0.01879737963054631
1984-07-31,0.017520741472920508
1984-08-01,0.01725968009222491
1984-08-02,0.017063280208169756
1984-08-03,0.016780769208670245
1984-08-04,0.0495128590950232
1984-08-05,0.018591170496982706
1984-08-06,0.0180003245245199
1984-08-07,0.019351842362724875
1984-08-08,0.01865029227832771
1984-08-09,0.019304437861342887
1984-08-10,0.02312144975526537
1984-08-11,0.02094478163958922
1984-08-12,0.020036391111181242
1984-08-13,0.01685834813762139
1984-08-14,0.016422302447673957
1984-08-15,0.016063246658416384
1984-08-16,0.015725760206940068
1984-08-17,0.015459229779364465
1984-08-18,0.015203959492932434
1984-08-19,0.014933730578993233
1984-08-20,0.01468619253737268
1984-08-21,0.014466285029553607
1984-08-22,0.014255759981537686
1984-08-23,0.014055407953552548
1984-08-24,0.013866762487360655
1984-08-25,0.013688068629242489
1984-08-26,0.013517869791832069
1984-08-27,0.013366657879892161
1984-08-28,0.013212403254175034
1984-08-29,0.013060437173110643
1984-08-30,0.012912713832327949
1984-08-31,0.012768960439025917
1984-09-01,0.012629114210278737
1984-09-02,0.012492728225106569
1984-09-03,0.012442627043180025
1984-09-04,0.012379553616935114
1984-09-05,0.012259790684100734
1984-09-06,0.012136020643638635
1984-09-07,0.04190285879125133
1984-09-08,0.015079071586943977
1984-09-09,0.05308401307149401
1984-09-10,0.015116260842142475
1984-09-11,0.0235243812075553
1984-09-12,0.01656858044936842
1984-09-13,0.031994876888234304
1984-09-14,0.014965990588776686
1984-09-15,0.014346274984607721
1984-09-16,0.019941964530937557
1984-09-17,0.017276841383965298
1984-09-18,0.01403043428282876
1984-09-19,0.01352726107731638
1984-09-20,0.013091543881505081
1984-09-21,0.01271169509878802
1984-09-22,0.01244135013294731
1984-09-23,0.012299385223077679
1984-09-24,0.016950544691152054
1984-09-25,0.022933546741270423
1984-09-26,0.03217214629703896
1984-09-27,0.04520344333310248
1984-09-28,0.018342737993215334
1984-09-29,0.015601937349809795
1984-09-30,0.014790969997265771
1984-10-01,0.014102037608854867
1984-10-02,0.01351375644997633
1984-10-03,0.013008592180719312
1984-10-04,0.012572153253558744
1984-10-05,0.012192616558072107
1984-10-06,0.011860260070615268
1984-10-07,0.011567082181244704
1984-10-08,0.011306491308519575
1984-10-09,0.011073052572899275
1984-10-10,0.010862280838141754
1984-10-11,0.010670471472025019
1984-10-12,0.029336819238443983
1984-10-13,0.018162061204090123
1984-10-14,0.018445734452847237
1984-10-15,0.034727237871166446
1984-10-16,0.01469196931882306
1984-10-17,0.02598232851236722
1984-10-18,0.07880961337879679
1984-10-19,0.062370031351498795
1984-10-20,0.05719005461010949
1984-10-21,0.027376177756091618
1984-10-22,0.02469386866646162
1984-10-23,0.022468748176871795
1984-10-24,0.020617853346420467
1984-10-25,0.01907361644794539
1984-10-26,0.017780949316518215
1984-10-27,0.016694891321298953
1984-10-28,0.01577870973247316
1984-10-29,0.015002363665457949
1984-10-30,0.015159508177061598
1984-10-31,0.027942498483780023
1984-11-01,0.016407975085801444
1984-11-02,0.018323650271529913
1984-11-03,0.015237340357165114
1984-11-04,0.02588002269598465
1984-11-05,0.01797665840677524
1984-11-06,0.05715516775972371
1984-11-07,0.020716076849048966
1984-11-08,0.01918159833598146
1984-11-09,0.017896658833792923
1984-11-10,0.034425037728312825
1984-11-11,0.0531160093818164
1984-11-12,0.023453937226735864
1984-11-13,0.031739108711605485
1984-11-14,0.021794402317903624
1984-11-15,0.06087150022911961
1984-11-16,0.05104287643925546
1984-11-17,0.08531641559384845
1984-11-18,0.04194952457072885
1984-11-19,0.03378319536013417
1984-11-20,0.03045233488954205
1984-11-21,0.027692146542812723
1984-11-22,0.025398551747917036
1984-11-23,0.023486886450692038
1984-11-24,0.02188820432554596
1984-11-25,0.02451200917641926
1984-11-26,0.021246578071098417
1984-11-27,0.02001289252724671
1984-11-28,0.018970784153890186
1984-11-29,0.018086308507694337
1984-11-30,0.017331693701575782
1984-12-01,0.01668419547943123
1984-12-02,0.016125168902676956
1984-12-03,0.015639314839661595
1984-12-04,0.01521406768280231
1984-12-05,0.014839097297444724
1984-12-06,0.014505903470255708
1984-12-07,0.03715062084937043
1984-12-08,0.039264159599465595
1984-12-09,0.021410482415412723
1984-12-10,0.02006065183886506
1984-12-11,0.018924082460157747
1984-12-12,0.0179628627749362
1984-12-13,0.02601128870981577
1984-12-14,0.04482512168149241
1984-12-15,0.04306254199223867
1984-12-16,0.024612495430223282
1984-12-17,0.02278955273746787
1984-12-18,0.02126407602051744
1984-12-19,0.01998271256234778
1984-12-20,0.07009216805416683
1984-12-21,0.027561281909638694
1984-12-22,0.032057728426382125
1984-12-23,0.03755730078583747
1984-12-24,0.03479930707185936
1984-12-25,0.02546970428301078
1984-12-26,0.023633629912889063
1984-12-27,0.02209598396927864
1984-12-28,0.020803250805392002
1984-12-29,0.04921729009951089
1984-12-30,0.027344120709345318
1984-12-31,0.023523805498044503
1985-01-01,0.02203272720476286
1985-01-02,0.02077791539755414
1985-01-03,0.01971727313165135
1985-01-04,0.018816395339113376
1985-01-05,0.018047135030442342
1985-01-06,0.017386442150515366
1985-01-07,0.016815422184703013
1985-01-08,0.016318572086557986
1985-01-09,0.01588315945710641
1985-01-10,0.015498717584112622
1985-01-11,0.01515663429239768
1985-01-12,0.040063321055726964
1985-01-13,0.050198347067790076
1985-01-14,0.030312438249243595
1985-01-15,0.0238322267600843
1985-01-16,0.022219884782618854
1985-01-17,0.024486495165874807
1985-01-18,0.02041790885473293
1985-01-19,0.019347820161141113
1985-01-20,0.018439914048823947
1985-01-21,0.01766559696374059
1985-01-22,0.01700145503972655
1985-01-23,0.016428297077990348
1985-01-24,0.015930377858251823
1985-01-25,0.015494767119986258
1985-01-26,0.015110836349203509
1985-01-27,0.01476984094325437
1985-01-28,0.015046921984078837
1985-01-29,0.015282790367280237
1985-01-30,0.05160918015572539
1985-01-31,0.04801064209078341
1985-02-01,0.025285914838100443
1985-02-02,0.023359123679253458
1985-02-03,0.021748407148837814
1985-02-04,0.020396984824936917
1985-02-05,0.019258521640242925
1985-02-06,0.018295167257703547
1985-02-07,0.017475970970485668
1985-02-08,0.016775598720132425
1985-02-09,0.01617329347296854
1985-02-10,0.015652031858154027
1985-02-11,0.015525662705648313
1985-02-12,0.015443341641360417
1985-02-13,0.0149980883904199
1985-02-14,0.01460713588507437
1985-02-15,0.014261265560022753
1985-02-16,0.013952887869230386
1985-02-17,0.01367574873178075
1985-02-18,0.013424689877835337
1985-02-19,0.013195453008358208
1985-02-20,0.012984519606311784
1985-02-21,0.01278897978688219
1985-02-22,0.020323121169343924
1985-02-23,0.031713330393807505
1985-02-24,0.01830443980125548
1985-02-25,0.019023445368838248
1985-02-26,0.04935184429355537
1985-02-27,0.04108852385015808
1985-02-28,0.025442357340498423
1985-03-01,0.022761503649420128
1985-03-02,0.02061701013956047
1985-03-03,0.019290659222297547
1985-03-04,0.018174539600973868
1985-03-05,0.017231281434679297
1985-03-06,0.016430325158348726
1985-03-07,0.015746655484673532
1985-03-08,0.015159775470113768
1985-03-09,0.01470094613540139
1985-03-10,0.014335547463797976
1985-03-11,0.013931825578006951
1985-03-12,0.013576678520786659
1985-03-13,0.013261886535454487
1985-03-14,0.012980678890143866
1985-03-15,0.012727473399334626
1985-03-16,0.012497663650632873
1985-03-17,0.012287445033239733
1985-03-18,0.012093672358352485
1985-03-19,0.011913743227048704
1985-03-20,0.01174550240296772
1985-03-21,0.011587163337183577
1985-03-22,0.011812189489024745
1985-03-23,0.011997267527370325
1985-03-24,0.011764476523578623
1985-03-25,0.011568758783059449
1985-03-26,0.03878901310887827
1985-03-27,0.05004694503591672
1985-03-28,0.02144059675277862
1985-03-29,0.02009353949685298
1985-03-30,0.018966960206148072
1985-03-31,0.017692541833838882
1985-04-01,0.01662146897797754
1985-04-02,0.01571760476824296
1985-04-03,0.014951393227506478
1985-04-04,0.01429863685116748
1985-04-05,0.01373950580314223
1985-04-06,0.01325773395496061
1985-04-07,0.01283996582594951
1985-04-08,0.012475225536383298
1985-04-09,0.012154484526876121
1985-04-10,0.011870309314773382
1985-04-11,0.011616574180307026
1985-04-12,0.01138822658288067
1985-04-13,0.011181095444769676
1985-04-14,0.010991734319989574
1985-04-15,0.01081729298101695
1985-04-16,0.01065541217788847
1985-04-17,0.010504137310763712
1985-04-18,0.010361847554499174
1985-04-19,0.02253531007010107
1985-04-20,0.01661933764769509
1985-04-21,0.012432207237379004
1985-04-22,0.011975346582093142
1985-04-23,0.011580160510699801
1985-04-24,0.011236066917869186
1985-04-25,0.010934359876475487
1985-04-26,0.010667870528255366
1985-04-27,0.010430690432065378
1985-04-28,0.010282122561998756
1985-04-29,0.010385427548547878
1985-04-30,0.010455747896831367
1985-05-01,0.010417672815502039
1985-05-02,0.01024882062058514
1985-05-03,0.010016270774133971
1985-05-04,0.009808031272759988
1985-05-05,0.009620093013413973
1985-05-06,0.009449143036182868
1985-05-07,0.009292441257276532
1985-05-08,0.009147719427032516
1985-05-09,0.009013098231711451
1985-05-10,0.008887019221356039
1985-05-11,0.008768188863947047
1985-05-12,0.008655532526782203
1985-05-13,0.01914000496153973
1985-05-14,0.015993079150242732
1985-05-15,0.012073199996956621
1985-05-16,0.02163256167516096
1985-05-17,0.05708828804902633
1985-05-18,0.012758179841689742
1985-05-19,0.05415710639335611
1985-05-20,0.021174385053553926
1985-05-21,0.014936240742515698
1985-05-22,0.013884214968349065
1985-05-23,0.013000705259736995
1985-05-24,0.012255870216386305
1985-05-25,0.011625280294881676
1985-05-26,0.011088916908552265
1985-05-27,0.010630360317431899
1985-05-28,0.010236129983209592
1985-05-29,0.009895698057382529
1985-05-30,0.009598982870171524
1985-05-31,0.009338678399190238
1985-06-01,0.009108845657135134
1985-06-02,0.008904384582940841
1985-06-03,0.008721085477313725
1985-06-04,0.008555470551355875
1985-06-05,0.008404664192815856
1985-06-06,0.008266286647982105
1985-06-07,0.00813836681465146
1985-06-08,0.008019270647798197
1985-06-09,0.007949146172096395
1985-06-10,0.07257655841074608
1985-06-11,0.13345390754321168
1985-06-12,0.022767309256172947
1985-06-13,0.01940891877736845
1985-06-14,0.017938225789270207
1985-06-15,0.016826976984407004
1985-06-16,0.04291162308720478
1985-06-17,0.02419280924001217
1985-06-18,0.017153941387265864
1985-06-19,0.016050544831625598
1985-06-20,0.0793296959028424
1985-06-21,0.022996097435128343
1985-06-22,0.020814998000320693
1985-06-23,0.018976419084550323
1985-06-24,0.017431202063421365
1985-06-25,0.019329927735560564
1985-06-26,0.09825494991881711
1985-06-27,0.030661764031766247
1985-06-28,0.025144235254834543
1985-06-29,0.022744658278091568
1985-06-30,0.020751960894364197
1985-07-01,0.01909251395042494
1985-07-02,0.01770631420998849
1985-07-03,0.016544411064315978
1985-07-04,0.015566829233394591
1985-07-05,0.022567149469629882
1985-07-06,0.021471352555396884
1985-07-07,0.02076142294975644
1985-07-08,0.020772823940902168
1985-07-09,0.019417713144526255
1985-07-10,0.015245721854448906
1985-07-11,0.01448144076451887
1985-07-12,0.014189072911958823
1985-07-13,0.013842437199183764
1985-07-14,0.013280840419717459
1985-07-15,0.01279785807865103
1985-07-16,0.01237990202818996
1985-07-17,0.012015806170709494
1985-07-18,0.011696386299232302
1985-07-19,0.011414081465710607
1985-07-20,0.01116266148222967
1985-07-21,0.010936988124454565
1985-07-22,0.01073281998880378
1985-07-23,0.01054665287150966
1985-07-24,0.010375589081669932
1985-07-25,0.010217230345512317
1985-07-26,0.01006958996435006
1985-07-27,0.009931020701202505
1985-07-28,0.009800155528464806
1985-07-29,0.009721873848087622
1985-07-30,0.012119027251820735
1985-07-31,0.017616121301830184
1985-08-01,0.010595848200429643
1985-08-02,0.009877458217323628
1985-08-03,0.009691515886784527
1985-08-04,0.009522084392745723
1985-08-05,0.009366507641857301
1985-08-06,0.009222586578770285
1985-08-07,0.00914671540383213
1985-08-08,0.045510094461133015
1985-08-09,0.03186735447873763
1985-08-10,0.06528630608889419
1985-08-11,0.014357633758224112
1985-08-12,0.013437592541175006
1985-08-13,0.012808500262790548
1985-08-14,0.012394309770895636
1985-08-15,0.026765273384475003
1985-08-16,0.012945071280426467
1985-08-17,0.012247879030507731
1985-08-18,0.011656125806905712
1985-08-19,0.024158677804554843
1985-08-20,0.05661984405074278
1985-08-21,0.025922743476836856
1985-08-22,0.01566984729295916
1985-08-23,0.014574486862735443
1985-08-24,0.013654510882200694
1985-08-25,0.01287883755718635
1985-08-26,0.012222026883338349
1985-08-27,0.011663236256825478
1985-08-28,0.011185373266771869
1985-08-29,0.010774407692153294
1985-08-30,0.01041881218862173
1985-08-31,0.01010910711714432
1985-09-01,0.009837489742581999
1985-09-02,0.009597531858610462
1985-09-03,0.009383932967632992
1985-09-04,0.009236401337022406
1985-09-05,0.009084221476702303
1985-09-06,0.008917424057309489
1985-09-07,0.00876503395188617
1985-09-08,0.008624746727570968
1985-09-09,0.008494653322878335
1985-09-10,0.008373170825857871
1985-09-11,0.008261264552608094
1985-09-12,0.008153850668899685
1985-09-13,0.00805079857034225
1985-09-14,0.007952351069787032
1985-09-15,0.007857869024137246
1985-09-16,0.00776681951210519
1985-09-17,0.007691183545268779
1985-09-18,0.0177753180588773
1985-09-19,0.00932433138283557
1985-09-20,0.008042937925056509
1985-09-21,0.009354132793949668
1985-09-22,0.007944310127981389
1985-09-23,0.007784306977907925
1985-09-24,0.007639416656729579
1985-09-25,0.007507194156920801
1985-09-26,0.0073856147100387235
1985-09-27,0.007273000120215155
1985-09-28,0.00716795824136433
1985-09-29,0.007069333210597522
1985-09-30,0.006999223374204178
1985-10-01,0.015760632539124655
1985-10-02,0.022594751735558374
1985-10-03,0.007753530440826973
1985-10-04,0.00753953872962115
1985-10-05,0.007348968564619443
1985-10-06,0.007178657731347235
1985-10-07,0.007026326745819426
1985-10-08,0.006889023357512591
1985-10-09,0.006764304941368166
1985-10-10,0.00675840229619581
1985-10-11,0.0075375950443583445
1985-10-12,0.006835257261782826
1985-10-13,0.006691886161275793
1985-10-14,0.006562511951728265
1985-10-15,0.006444864886626476
1985-10-16,0.006337064872170468
1985-10-17,0.006376877046338414
1985-10-18,0.021041223537785526
1985-10-19,0.04234868406869042
1985-10-20,0.047195397747861856
1985-10-21,0.058652735013168776
1985-10-22,0.013274641879589223
1985-10-23,0.012140199048384107
1985-10-24,0.01124727846969211
1985-10-25,0.010530063043686443
1985-10-26,0.009843519061779169
1985-10-27,0.009264675281677587
1985-10-28,0.008774653750843766
1985-10-29,0.012545994159597623
1985-10-30,0.01973662585924753
1985-10-31,0.009381849771371789
1985-11-01,0.013122091264251559
1985-11-02,0.008931828401763453
1985-11-03,0.04480871663919169
1985-11-04,0.011644115708337415
1985-11-05,0.01389117399650444
1985-11-06,0.017801664782070927
1985-11-07,0.01059705191844703
1985-11-08,0.01749482895829701
1985-11-09,0.01842702030509196
1985-11-10,0.015700226883689234
1985-11-11,0.010434026071118312
1985-11-12,0.043720414982996704
1985-11-13,0.013328480934857515
1985-11-14,0.012281148342581422
1985-11-15,0.02528652774315417
1985-11-16,0.012587738426686533
1985-11-17,0.03636259422504452
1985-11-18,0.014183817713045601
1985-11-19,0.013052754113232387
1985-11-20,0.013088330828595117
1985-11-21,0.011669305992424389
1985-11-22,0.02116631634337735
1985-11-23,0.011734524689444206
1985-11-24,0.011010747924291063
1985-11-25,0.015607179530319315
1985-11-26,0.010760362549097556
1985-11-27,0.01018966505590165
1985-11-28,0.009704667412714535
1985-11-29,0.009290458083271905
1985-11-30,0.008934789408956905
1985-12-01,0.04243792840359135
1985-12-02,0.049192652954071846
1985-12-03,0.0917672339128567
1985-12-04,0.06283170532411371
1985-12-05,0.05517154435450281
1985-12-06,0.03217258356102309
1985-12-07,0.028439907235642454
1985-12-08,0.025358682984886815
1985-12-09,0.02280963072538726
1985-12-10,0.020695792058765775
1985-12-11,0.018938265953643535
1985-12-12,0.017472776192779694
1985-12-13,0.06523982636928367
1985-12-14,0.02455622526981158
1985-12-15,0.031295214077006965
1985-12-16,0.02203006740399956
1985-12-17,0.020183430767314058
1985-12-18,0.01864342916115344
1985-12-19,0.017354971055054628
1985-12-20,0.02675190344385119
1985-12-21,0.0218969568649169
1985-12-22,0.029219346321930063
1985-12-23,0.01824632296082663
1985-12-24,0.02505126819879452
1985-12-25,0.017500854913890567
1985-12-26,0.020742484663085224
1985-12-27,0.024932053642663324
1985-12-28,0.016953149916864498
1985-12-29,0.01598216450226819
1985-12-30,0.058665919319522496
1985-12-31,0.06197745547185133
1986-01-01,0.03356668936777554
1986-01-02,0.06503129848409367
1986-01-03,0.031891774621006126
1986-01-04,0.028712839762021172
1986-01-05,0.0495115609301695
1986-01-06,0.028793035406724083
1986-01-07,0.026209297613706956
1986-01-08,0.0240612108906189
1986-01-09,0.02226985268701474
1986-01-10,0.020770928739126036
1986-01-11,0.019512005947617893
1986-01-12,0.01845027951200341
1986-01-13,0.01755076902170755
1986-01-14,0.01678485939234364
1986-01-15,0.016129119371470126
1986-01-16,0.015564343733838042
1986-01-17,0.015074775959392023
1986-01-18,0.014647476702784781
1986-01-19,0.01427181016608757
1986-01-20,0.013939025928181435
1986-01-21,0.013641918142856313
1986-01-22,0.013374547512916552
1986-01-23,0.013132014254005397
1986-01-24,0.012910272517888052
1986-01-25,0.01270597856065233
1986-01-26,0.017824277956339358
1986-01-27,0.02028560610019205
1986-01-28,0.03867756739958545
1986-01-29,0.035783117386472905
1986-01-30,0.03669941836973847
1986-01-31,0.02233134773851364
1986-02-01,0.020688159278644667
1986-02-02,0.019312287259522443
1986-02-03,0.018155901342393664
1986-02-04,0.017179936229813685
1986-02-05,0.016352452990198788
1986-02-06,0.015647312950024847
1986-02-07,0.015994271226193495
1986-02-08,0.015756615851811723
1986-02-09,0.051603440020624
1986-02-10,0.025868884256263405
1986-02-11,0.020598220772220597
1986-02-12,0.05233903156484485
1986-02-13,0.02448184467325232
1986-02-14,0.022545833791921224
1986-02-15,0.020929107439715655
1986-02-16,0.01957427749913971
1986-02-17,0.018434515711410873
1986-02-18,0.01747157106408816
1986-02-19,0.016654167012288033
1986-02-20,0.015956704265284925
1986-02-21,0.015358209692519208
1986-02-22,0.014841483705730943
1986-02-23,0.014392407884966913
1986-02-24,0.013999382130190854
1986-02-25,0.013652866627392788
1986-02-26,0.013345008726762595
1986-02-27,0.013684562292180765
1986-02-28,0.021773278091348006
1986-03-01,0.08118214956287356
1986-03-02,0.027029642279188058
1986-03-03,0.024648231314721308
1986-03-04,0.022666796798237774
1986-03-05,0.021013026490230083
1986-03-06,0.019627984461981645
1986-03-07,0.01846358602634161
1986-03-08,0.01796897319877166
1986-03-09,0.017543710797011378
1986-03-10,0.016699557827602247
1986-03-11,0.015980228541193516
1986-03-12,0.015363867160500165
1986-03-13,0.014832553843467681
1986-03-14,0.014371581847081762
1986-03-15,0.013968870044688763
1986-03-16,0.013773941822083295
1986-03-17,0.013574702545420175
1986-03-18,0.013254973642777635
1986-03-19,0.01411819201662067
1986-03-20,0.014798490407824048
1986-03-21,0.01426668258614904
1986-03-22,0.014138734527480037
1986-03-23,0.015398054193611406
1986-03-24,0.014822676015286395
1986-03-25,0.014257102109892996
1986-03-26,0.013769167123002609
1986-03-27,0.01378190145389588
1986-03-28,0.014018322134003737
1986-03-29,0.014226829435874909
1986-03-30,0.014105070826887167
1986-03-31,0.013601144220059534
1986-04-01,0.013164682977613085
1986-04-02,0.012784099078732049
1986-04-03,0.012449862807988146
1986-04-04,0.012154129997694189
1986-04-05,0.012205994854299603
1986-04-06,0.012532715796543052
1986-04-07,0.012338654610534435
1986-04-08,0.012018058185988863
1986-04-09,0.011734236204334244
1986-04-10,0.011481023890400913
1986-04-11,0.011283575661301608
1986-04-12,0.011411447651232033
1986-04-13,0.011385226981295534
1986-04-14,0.011138768589622651
1986-04-15,0.0109172049038303
1986-04-16,0.01071644316430042
1986-04-17,0.010533101416051375
1986-04-18,0.010364382594278404
1986-04-19,0.010207971322163096
1986-04-20,0.010175491537749569
1986-04-21,0.01010994103359711
1986-04-22,0.009955258808678204
1986-04-23,0.009811084075697689
1986-04-24,0.0096758015852777
1986-04-25,0.009595387351136903
1986-04-26,0.00951671316119576
1986-04-27,0.011200425261894681
1986-04-28,0.02172746787377594
1986-04-29,0.011229805055908065
1986-04-30,0.010831988425154792
1986-05-01,0.014183835529951736
1986-05-02,0.01180806927275424
1986-05-03,0.010983310288676496
1986-05-04,0.010751288837625909
1986-05-05,0.018127819599291328
1986-05-06,0.017352650004384882
1986-05-07,0.018450357398365393
1986-05-08,0.013652425792920878
1986-05-09,0.01117386968433952
1986-05-10,0.010814067076318351
1986-05-11,0.010699040788332226
1986-05-12,0.01045622778872128
1986-05-13,0.010164125465983135
1986-05-14,0.011472565237394221
1986-05-15,0.01606674076129869
1986-05-16,0.012374677653289557
1986-05-17,0.01042479468801171
1986-05-18,0.021954537394361272
1986-05-19,0.012208155780456559
1986-05-20,0.011235502126404217
1986-05-21,0.01075979377027324
1986-05-22,0.010335786673986143
1986-05-23,0.00997029495235128
1986-05-24,0.009941064525263698
1986-05-25,0.01015047318755811
1986-05-26,0.009980105016529446
1986-05-27,0.01283128282981224
1986-05-28,0.010196760649145216
1986-05-29,0.009858583550460353
1986-05-30,0.009540264362508452
1986-05-31,0.00954871603061217
1986-06-01,0.009713476034199205
1986-06-02,0.00972134913931211
1986-06-03,0.009493975738271305
1986-06-04,0.009190452595335135
1986-06-05,0.008925478907493331
1986-06-06,0.008692529666140437
1986-06-07,0.008633763561171784
1986-06-08,0.008539936220633653
1986-06-09,0.00846355850598047
1986-06-10,0.00837475647600929
1986-06-11,0.008185559066959636
1986-06-12,0.008016011014539975
1986-06-13,0.007862886216310233
1986-06-14,0.007723516366256222
1986-06-15,0.007810689568408529
1986-06-16,0.007916118923032574
1986-06-17,0.007753515792881527
1986-06-18,0.007616433677245659
1986-06-19,0.015851334510854066
1986-06-20,0.03087174453141878
1986-06-21,0.009163377606073447
1986-06-22,0.008782773005296568
1986-06-23,0.00845545112223914
1986-06-24,0.008172270010070098
1986-06-25,0.007925703960372581
1986-06-26,0.0077785725496918555
1986-06-27,0.00781898969813299
1986-06-28,0.007737721427043966
1986-06-29,0.00753181968439184
1986-06-30,0.007368071919801084
1986-07-01,0.0072109502016201995
1986-07-02,0.011226250285376266
1986-07-03,0.007616730082669052
1986-07-04,0.007470393685287474
1986-07-05,0.0073594226593843666
1986-07-06,0.007249290829140049
1986-07-07,0.007104331599985269
1986-07-08,0.007065425346440461
1986-07-09,0.007014616192036321
1986-07-10,0.006849552669377087
1986-07-11,0.006702089345691514
1986-07-12,0.006569334537805386
1986-07-13,0.006448895563721611
1986-07-14,0.006338790968679844
1986-07-15,0.006259354262166314
1986-07-16,0.10830435140362893
1986-07-17,0.01386640062846143
1986-07-18,0.010661164317598023
1986-07-19,0.009972579426495069
1986-07-20,0.009403487824005926
1986-07-21,0.009245488264784654
1986-07-22,0.015789297288844387
1986-07-23,0.009086712693095179
1986-07-24,0.00860091649707015
1986-07-25,0.008264138967158177
1986-07-26,0.008132366768582781
1986-07-27,0.0078534037343786
1986-07-28,0.00759809884353093
1986-07-29,0.007450456682118978
1986-07-30,0.007215270870196096
1986-07-31,0.0069914222651160035
1986-08-01,0.006795489831657586
1986-08-02,0.006622783144835499
1986-08-03,0.006469429538100004
1986-08-04,0.0063322288215387325
1986-08-05,0.006208534283479539
1986-08-06,0.006108489546429278
1986-08-07,0.006007835975954463
1986-08-08,0.00592195337294837
1986-08-09,0.005834188855132395
1986-08-10,0.005786484572077573
1986-08-11,0.0057270813464593085
1986-08-12,0.005748631296022311
1986-08-13,0.005771416761575863
1986-08-14,0.005710328968383748
1986-08-15,0.04144274722607698
1986-08-16,0.009774403870235792
1986-08-17,0.008635050061451556
1986-08-18,0.0064623783386616096
1986-08-19,0.01639990305799981
1986-08-20,0.026358644166080473
1986-08-21,0.020846984285880166
1986-08-22,0.030999156945843608
1986-08-23,0.010594159605160242
1986-08-24,0.02899781563720448
1986-08-25,0.03178109338256336
1986-08-26,0.08087497712007131
1986-08-27,0.01715675791466835
1986-08-28,0.014606196213234814
1986-08-29,0.013221009719589632
1986-08-30,0.01206795302286888
1986-08-31,0.011105535600985454
1986-09-01,0.010434845824441546
1986-09-02,0.009842750716008838
1986-09-03,0.009239951931181673
1986-09-04,0.008730437309593784
1986-09-05,0.008361429400557686
1986-09-06,0.008029176349103715
1986-09-07,0.007698515217368504
1986-09-08,0.00741391116297178
1986-09-09,0.007167486415309739
1986-09-10,0.006952751698279643
1986-09-11,0.0067643568450682645
1986-09-12,0.006608735530252516
1986-09-13,0.006648758081275098
1986-09-14,0.00673292603688454
1986-09-15,0.06520727717173723
1986-09-16,0.014141415368267692
1986-09-17,0.010773698722771683
1986-09-18,0.010007833452533832
1986-09-19,0.009364077364964047
1986-09-20,0.008946939560528059
1986-09-21,0.0087942449587477
1986-09-22,0.008446700971311548
1986-09-23,0.008043624739762409
1986-09-24,0.0076992205180883575
1986-09-25,0.007403375054460503
1986-09-26,0.007147767053181067
1986-09-27,0.00692554359599749
1986-09-28,0.006731056100612545
1986-09-29,0.006559644651082971
1986-09-30,0.006407461669421597
1986-10-01,0.006271327616237083
1986-10-02,0.006148612793368366
1986-10-03,0.006037140439141351
1986-10-04,0.005935107209739503
1986-10-05,0.005916805664081166
1986-10-06,0.029984529002416063
1986-10-07,0.010352882335989038
1986-10-08,0.015062814609812826
1986-10-09,0.00782609172773406
1986-10-10,0.007447639874061129
1986-10-11,0.0071243947545150815
1986-10-12,0.0068468498961025024
1986-10-13,0.006607181144961477
1986-10-14,0.006398943288460615
1986-10-15,0.00621682242054672
1986-10-16,0.006056433611478843
1986-10-17,0.005914155435880784
1986-10-18,0.02047112515594027
1986-10-19,0.007408512849932224
1986-10-20,0.012506627719537103
1986-10-21,0.007250685883526234
1986-10-22,0.006923817731387991
1986-10-23,0.0066436563707021066
1986-10-24,0.006619723045229385
1986-10-25,0.07547044374816736
1986-10-26,0.015122828252362622
1986-10-27,0.011510158643898316
1986-10-28,0.019751006980632903
1986-10-29,0.010879733923388606
1986-10-30,0.010047335146803902
1986-10-31,0.009349332052368512
1986-11-01,0.008762020638461574
1986-11-02,0.008265974526386052
1986-11-03,0.03725394530053983
1986-11-04,0.017600544129508965
1986-11-05,0.011118487653896732
1986-11-06,0.010287833042992271
1986-11-07,0.009590824589201933
1986-11-08,0.00900389832330178
1986-11-09,0.008687073039588959
1986-11-10,0.008449800350507757
1986-11-11,0.008037748442080639
1986-11-12,0.007686020644825992
1986-11-13,0.007384209270571534
1986-11-14,0.007123751890216135
1986-11-15,0.00689759792342656
1986-11-16,0.0066999366139677665
1986-11-17,0.04025438581685396
1986-11-18,0.01086722592234332
1986-11-19,0.01496182293497744
1986-11-20,0.010068873764161398
1986-11-21,0.009411456369808334
1986-11-22,0.12834915539687108
1986-11-23,0.043252307571649246
1986-11-24,0.02558908786479877
1986-11-25,0.022612925031600024
1986-11-26,0.036278913973749397
1986-11-27,0.021018261122646677
1986-11-28,0.04936198449486154
1986-11-29,0.031753924141478575
1986-11-30,0.021655396025913504
1986-12-01,0.019516134738395252
1986-12-02,0.017740140542713712
1986-12-03,0.017299593534326713
1986-12-04,0.060598078503283026
1986-12-05,0.04984511948792719
1986-12-06,0.025052333102950648
1986-12-07,0.022520996733499846
1986-12-08,0.026714116070682904
1986-12-09,0.04470345006260459
1986-12-10,0.022814648308679585
1986-12-11,0.057809127396787896
1986-12-12,0.026047108977909017
1986-12-13,0.023525453075753208
1986-12-14,0.040924314938843936
1986-12-15,0.0972455132588274
1986-12-16,0.03582697100724837
1986-12-17,0.03188567185013779
1986-12-18,0.028629619376576803
1986-12-19,0.030694740665268908
1986-12-20,0.032384955941828004
1986-12-21,0.02430542947638219
1986-12-22,0.022371579120709834
1986-12-23,0.02075691849228406
1986-12-24,0.019404073953145275
1986-12-25,0.032324964502008086
1986-12-26,0.02551174890507525
1986-12-27,0.019976459082045393
1986-12-28,0.018767197856666126
1986-12-29,0.017747161107821565
1986-12-30,0.016882812781501694
1986-12-31,0.016146713677672526
1987-01-01,0.015516390876139924
1987-01-02,0.014973420998125327
1987-01-03,0.014502686042586206
1987-01-04,0.014091768659725131
1987-01-05,0.013730460215593246
1987-01-06,0.013410360195742503
1987-01-07,0.03548742504541833
1987-01-08,0.027366901699771618
1987-01-09,0.02355174252170446
1987-01-10,0.07005328905445042
1987-01-11,0.02765439209769911
1987-01-12,0.024974886166425292
1987-01-13,0.022967795147261067
1987-01-14,0.02129268373820442
1987-01-15,0.019889822735238982
1987-01-16,0.028393652496687637
1987-01-17,0.05116751568363245
1987-01-18,0.0492522254970735
1987-01-19,0.027671954375168367
1987-01-20,0.025332407748386267
1987-01-21,0.023383640833028504
1987-01-22,0.02175506242627689
1987-01-23,0.02038913191794976
1987-01-24,0.019238897109341072
1987-01-25,0.020591054771711147
1987-01-26,0.018723631888120106
1987-01-27,0.017825850138252993
1987-01-28,0.01706086163117406
1987-01-29,0.022704382459445616
1987-01-30,0.019831836063959555
1987-01-31,0.02364670321334306
1987-02-01,0.04257757203841559
1987-02-02,0.021555699314877722
1987-02-03,0.04328461573503515
1987-02-04,0.04928818073225113
1987-02-05,0.09877624014900355
1987-02-06,0.055994293202984935
1987-02-07,0.049823664528231476
1987-02-08,0.058630020713083396
1987-02-09,0.11976992405778568
1987-02-10,0.09280441759630427
1987-02-11,0.05579161515169165
1987-02-12,0.04946151525308579
1987-02-13,0.0443109826511593
1987-02-14,0.04333042555142927
1987-02-15,0.03727894156920509
1987-02-16,0.034130786954938604
1987-02-17,0.0315116171216987
1987-02-18,0.02932522551780206
1987-02-19,0.02791677436633902
1987-02-20,0.026761939078228977
1987-02-21,0.025336315076617693
1987-02-22,0.024128751736975738
1987-02-23,0.023100549530351257
1987-02-24,0.02222006601519848
1987-02-25,0.02146140292021688
1987-02-26,0.020803342394097465
1987-02-27,0.02022848417535293
1987-02-28,0.01972254496842119
1987-03-01,0.019273788923038812
1987-03-02,0.018872564198004628
1987-03-03,0.018510925460374923
1987-03-04,0.018182326074073125
1987-03-05,0.017884444261903373
1987-03-06,0.018018332637906365
1987-03-07,0.017988558644025942
1987-03-08,0.028985512355621912
1987-03-09,0.021169578531423636
1987-03-10,0.0203369777449262
1987-03-11,0.03332166269617992
1987-03-12,0.03243603308563147
1987-03-13,0.023202642463929214
1987-03-14,0.022035232467302445
1987-03-15,0.03832857819909163
1987-03-16,0.02491751077023592
1987-03-17,0.03218100370839062
1987-03-18,0.024773353859212987
1987-03-19,0.0233637103324299
1987-03-20,0.022172652598106857
1987-03-21,0.021161350665072312
1987-03-22,0.02062496124730864
1987-03-23,0.020187415745815816
1987-03-24,0.0194537785136759
1987-03-25,0.018819647917267094
1987-03-26,0.018267786918572896
1987-03-27,0.01778404590199299
1987-03-28,0.01735679866482865
1987-03-29,0.016976483443188094
1987-03-30,0.01663522902799502
1987-03-31,0.01632654988839888
1987-04-01,0.016045097319535784
1987-04-02,0.01578645612199302
1987-04-03,0.015546978323617478
1987-04-04,0.015323647067641577
1987-04-05,0.025524550298071446
1987-04-06,0.024312494115338493
1987-04-07,0.022111938400713186
1987-04-08,0.018801762213542725
1987-04-09,0.017682862709007725
1987-04-10,0.01707756461315623
1987-04-11,0.01655227891532169
1987-04-12,0.0160932312102866
1987-04-13,0.015689102422426163
1987-04-14,0.015330582474334505
1987-04-15,0.015010006651408279
1987-04-16,0.014721059042029081
1987-04-17,0.014458530441576724
1987-04-18,0.014218120526141237
1987-04-19,0.013996276046865581
1987-04-20,0.013790058362539888
1987-04-21,0.013597034891431083
1987-04-22,0.013503143819960518
1987-04-23,0.013412814145745017
1987-04-24,0.01346174508604218
1987-04-25,0.013495385901796572
1987-04-26,0.013267030993122243
1987-04-27,0.013056700424721457
1987-04-28,0.012861533965748613
1987-04-29,0.01267916378041712
1987-04-30,0.0125076278498362
1987-05-01,0.012354349350126914
1987-05-02,0.012201915696857439
1987-05-03,0.012052714662265282
1987-05-04,0.011909552777418257
1987-05-05,0.011771611842188971
1987-05-06,0.011638209950257163
1987-05-07,0.01150877811981991
1987-05-08,0.011382841001188288
1987-05-09,0.011260000937824742
1987-05-10,0.011139924787998058
1987-05-11,0.011022333020851038
1987-05-12,0.010906990687780718
1987-05-13,0.010847724799957941
1987-05-14,0.010817637642810523
1987-05-15,0.01955141454012171
1987-05-16,0.023006674709665356
1987-05-17,0.011449798523098331
1987-05-18,0.011199801336811638
1987-05-19,0.010975231247093403
1987-05-20,0.01077190337544689
1987-05-21,0.010586359995835487
1987-05-22,0.010415741664899295
1987-05-23,0.010368490920459104
1987-05-24,0.010375872160338877
1987-05-25,0.013609534114385343
1987-05-26,0.01037653374978891
1987-05-27,0.010180836160463969
1987-05-28,0.010002562140455801
1987-05-29,0.00983890523531189
1987-05-30,0.009687542421259644
1987-05-31,0.00954654912936081
1987-06-01,0.009414329474909876
1987-06-02,0.009289558921822757
1987-06-03,0.009171137125803539
1987-06-04,0.009058149116950373
1987-06-05,0.00894983332088054
1987-06-06,0.008845555192460698
1987-06-07,0.008792060917866506
1987-06-08,0.00872856161664385
1987-06-09,0.008645861922196378
1987-06-10,0.00860286418341388
1987-06-11,0.008518362357612446
1987-06-12,0.008411430199332472
1987-06-13,0.012058593891317448
1987-06-14,0.008406325246754795
1987-06-15,0.008285832633385113
1987-06-16,0.008195640112557839
1987-06-17,0.00810149172580484
1987-06-18,0.00800056372960934
1987-06-19,0.007900354674036667
1987-06-20,0.007803956693364933
1987-06-21,0.007710775676390766
1987-06-22,0.007620637085015696
1987-06-23,0.007533568144584941
1987-06-24,0.007449181111588136
1987-06-25,0.007367151694281035
1987-06-26,0.007287208325625678
1987-06-27,0.007209123280632958
1987-06-28,0.007132705315737668
1987-06-29,0.0070577935651327806
1987-06-30,0.006984252475927213
1987-07-01,0.00691196760247552
1987-07-02,0.006840842111807408
1987-07-03,0.006770793878020186
1987-07-04,0.006701753064813983
1987-07-05,0.006633660112884508
1987-07-06,0.006566464063323177
1987-07-07,0.0065001211600670935
1987-07-08,0.006434593684246638
1987-07-09,0.006369848981368627
1987-07-10,0.0063058586489535004
1987-07-11,0.006242597857764487
1987-07-12,0.006180044784331478
1987-07-13,0.0061181801362487345
1987-07-14,0.006056986754853131
1987-07-15,0.005996449282480867
1987-07-16,0.005936553883649002
1987-07-17,0.005877288011290921
1987-07-18,0.00581864021065467
1987-07-19,0.005760599954702624
1987-07-20,0.005703157505872873
1987-07-21,0.005646303799912913
1987-07-22,0.005590030348203469
1987-07-23,0.005534329155579731
1987-07-24,0.005479192651147964
1987-07-25,0.005424613630004838
1987-07-26,0.005370585204108279
1987-07-27,0.0053171007608335576
1987-07-28,0.005264153927986335
1987-07-29,0.00521173854424327
1987-07-30,0.005159848634156972
1987-07-31,0.005108478387001197
1987-08-01,0.005057622138848493
1987-08-02,0.005007274357369979
1987-08-03,0.004957429628928525
1987-08-04,0.004908120061655588
1987-08-05,0.004859292342105023
1987-08-06,0.004810919347409104
1987-08-07,0.004763029606552695
1987-08-08,0.004715618032839879
1987-08-09,0.004668691657684164
1987-08-10,0.004622264307688862
1987-08-11,0.00457627290961718
1987-08-12,0.004530718552706331
1987-08-13,0.004485646089377854
1987-08-14,0.00444103612281123
1987-08-15,0.004396888896106728
1987-08-16,0.004353162121723171
1987-08-17,0.004309821078124892
1987-08-18,0.004266946862736582
1987-08-19,0.004224510344572235
1987-08-20,0.004182452803964472
1987-08-21,0.004140813385565091
1987-08-22,0.004099590583064544
1987-08-23,0.004058779915666039
1987-08-24,0.004018376998129367
1987-08-25,0.003978407425627851
1987-08-26,0.0039388257032282135
1987-08-27,0.00389961611031943
1987-08-28,0.0038607981660929067
1987-08-29,0.0038223677576930512
1987-08-30,0.0037843208458383675
1987-08-31,0.0037466534590985894
1987-09-01,0.003709361688998248
1987-09-02,0.0036724416858187267
1987-09-03,0.0036358896549908933
1987-09-04,0.0035997018539873117
1987-09-05,0.007489755988242693
1987-09-06,0.014779229783725298
1987-09-07,0.05032002430497675
1987-09-08,0.015679797005648324
1987-09-09,0.003426255934455932
1987-09-10,0.0033919623770074583
1987-09-11,0.003358066255036168
1987-09-12,0.045070606253491734
1987-09-13,0.03339273643568738
1987-09-14,0.009632100450565118
1987-09-15,0.0044161652443677
1987-09-16,0.0032058856521186875
1987-09-17,0.0031727796196974697
1987-09-18,0.0031401912678313076
1987-09-19,0.003108085604877402
1987-09-20,0.003076432775925796
1987-09-21,0.003045207233302002
1987-09-22,0.003014387043579047
1987-09-23,0.0029839533083058575
1987-09-24,0.015304943224799597
1987-09-25,0.0029318630643192767
1987-09-26,0.0029016222415318266
1987-09-27,0.0028718486855070207
1987-09-28,0.0028425114216732183
1987-09-29,0.002813584000583618
1987-09-30,0.002785043768729888
1987-10-01,0.002756871259113324
1987-10-02,0.0027294223552480168
1987-10-03,0.0027033054021843375
1987-10-04,0.0026773160256851124
1987-10-05,0.0026503671869600592
1987-10-06,0.0026235221159519643
1987-10-07,0.0025970167873519303
1987-10-08,0.0025708364525019187
1987-10-09,0.0025449683097430596
1987-10-10,0.002519401196541776
1987-10-11,0.002494418153089661
1987-10-12,0.002469660105225429
1987-10-13,0.0024465171494403646
1987-10-14,0.0189955725360818
1987-10-15,0.0024047522587862143
1987-10-16,0.0023798286493824225
1987-10-17,0.0023553080974442046
1987-10-18,0.002331162077418119
1987-10-19,0.0023073662706251247
1987-10-20,0.0022838998876046827
1987-10-21,0.002260745101631323
1987-10-22,0.0022378865749029956
1987-10-23,0.002215311062024407
1987-10-24,0.0021930070779970054
1987-10-25,0.0021716352058167767
1987-10-26,0.002150829998656841
1987-10-27,0.00212919730806719
1987-10-28,0.0021077262361250773
1987-10-29,0.0020866469574692573
1987-10-30,0.002065863366438509
1987-10-31,0.0020451020233823625
1987-11-01,0.002024578256716962
1987-11-02,0.0020042849013788416
1987-11-03,0.001984215615632674
1987-11-04,0.001964364753775472
1987-11-05,0.0019447272591940504
1987-11-06,0.0019252985744760522
1987-11-07,0.0019060745658169218
1987-11-08,0.0018870514594169637
1987-11-09,0.001868225787939417
1987-11-10,0.0018495943454147868
1987-11-11,0.0018311541492391995
1987-11-12,0.0018139082961882629
1987-11-13,0.003908723524868071
1987-11-14,0.001781379397878778
1987-11-15,0.011030288944489689
1987-11-16,0.017821761470527605
1987-11-17,0.0017386253240651147
1987-11-18,0.0017199100566301728
1987-11-19,0.0017016028984285505
1987-11-20,0.001683664535253892
1987-11-21,0.001667055322185346
1987-11-22,0.001650824589524146
1987-11-23,0.0016335759840495235
1987-11-24,0.0016166268959467345
1987-11-25,0.0015999541753760383
1987-11-26,0.001583538121749024
1987-11-27,0.0015673619292470452
1987-11-28,0.0015514112230285962
1987-11-29,0.0015356736710829468
1987-11-30,0.007632323719730177
1987-12-01,0.01002046405385911
1987-12-02,0.0190226301258459
1987-12-03,0.0183030488124044
1987-12-04,0.020233687347718462
1987-12-05,0.001515982582528228
1987-12-06,0.007784325949996465
1987-12-07,0.007151998742115279
1987-12-08,0.0014752419353377614
1987-12-09,0.012885428084994826
1987-12-10,0.0014609188032215896
1987-12-11,0.11241568951655777
1987-12-12,0.0392948970965862
1987-12-13,0.00461710161028238
1987-12-14,0.03132337351807149
1987-12-15,0.028207362442336213
1987-12-16,0.0031370793785330422
1987-12-17,0.03923082253292185
1987-12-18,0.003743913462268183
1987-12-19,0.003412450495510261
1987-12-20,0.0031346169984846684
1987-12-21,0.0029011192229465277
1987-12-22,0.0829675740016068
1987-12-23,0.028438146341115248
1987-12-24,0.0066916053782090515
1987-12-25,0.010349934386853317
1987-12-26,0.059805486138744555
1987-12-27,0.011102688614278773
1987-12-28,0.007995321329420274
1987-12-29,0.011886734150119841
1987-12-30,0.0067763260099281105
1987-12-31,0.006114238882554202
1988-01-01,0.0055618909984375305
1988-01-02,0.008850724670867956
1988-01-03,0.0050885741251516705
1988-01-04,0.020731618300598973
1988-01-05,0.1168971695510535
1988-01-06,0.02774186988321402
1988-01-07,0.01569952868237676
1988-01-08,0.01377134587278815
1988-01-09,0.012176786519724094
1988-01-10,0.010855656025592233
1988-01-11,0.009758849715916682
1988-01-12,0.009044833870158359
1988-01-13,0.026994873274501934
1988-01-14,0.009905599997132593
1988-01-15,0.009007429448676604
1988-01-16,0.03880370317128162
1988-01-17,0.01144294363948188
1988-01-18,0.01371211391557081
1988-01-19,0.012769874554944665
1988-01-20,0.00941053322292978
1988-01-21,0.00866296966245251
1988-01-22,0.014425838029835535
1988-01-23,0.008470552295672682
1988-01-24,0.007884972193470096
1988-01-25,0.00739187675723616
1988-01-26,0.006975096005284369
1988-01-27,0.062305531617136596
1988-01-28,0.019009316337023293
1988-01-29,0.013208551742281709
1988-01-30,0.01194900172426066
1988-01-31,0.03805321066210074
1988-02-01,0.023848263341410356
1988-02-02,0.044016736357897455
1988-02-03,0.024790140299785577
1988-02-04,0.09814501662124929
1988-02-05,0.04812095284534915
1988-02-06,0.038391059780975394
1988-02-07,0.03311813356087867
1988-02-08,0.02480951430440853
1988-02-09,0.03658251863945766
1988-02-10,0.022481302258467534
1988-02-11,0.020196454688272157
1988-02-12,0.018301289404237826
1988-02-13,0.017874407850021177
1988-02-14,0.023529097509516
1988-02-15,0.04253374668414749
1988-02-16,0.019472116898820942
1988-02-17,0.017781126315880028
1988-02-18,0.01637169028851657
1988-02-19,0.015193304174641993
1988-02-20,0.014522980545753744
1988-02-21,0.03168324909893034
1988-02-22,0.020457676330804173
1988-02-23,0.01586627122144355
1988-02-24,0.018312148973039264
1988-02-25,0.014639090440772343
1988-02-26,0.03755464836806268
1988-02-27,0.02706171491225071
1988-02-28,0.03779532436659765
1988-02-29,0.02401243402083746
1988-03-01,0.021610561914699917
1988-03-02,0.018132076372219735
1988-03-03,0.01702600832299295
1988-03-04,0.01644887714129946
1988-03-05,0.015980288194213214
1988-03-06,0.014952700902865781
1988-03-07,0.014145290216309218
1988-03-08,0.013460394206306778
1988-03-09,0.012876531291273231
1988-03-10,0.015419164604877786
1988-03-11,0.022412909347006734
1988-03-12,0.035294554417118325
1988-03-13,0.021970368070740404
1988-03-14,0.038217710828243524
1988-03-15,0.0339649447987294
1988-03-16,0.021404928379383976
1988-03-17,0.01984824152752163
1988-03-18,0.04332170852991362
1988-03-19,0.04195362984220403
1988-03-20,0.027337221658263244
1988-03-21,0.062087659002382896
1988-03-22,0.08299168927490731
1988-03-23,0.039865040084909466
1988-03-24,0.05451016991551994
1988-03-25,0.06532767670717766
1988-03-26,0.03813181485177025
1988-03-27,0.04210708333539151
1988-03-28,0.06120076583942485
1988-03-29,0.03863023347459139
1988-03-30,0.033381142794050786
1988-03-31,0.030312501458447647
1988-04-01,0.02776459686575211
1988-04-02,0.04979504451606619
1988-04-03,0.031131748470881293
1988-04-04,0.036376112473397434
1988-04-05,0.04780676346242604
1988-04-06,0.04306881887882153
1988-04-07,0.03177703105370308
1988-04-08,0.05539571647639796
1988-04-09,0.03478401378983822
1988-04-10,0.030541529808344375
1988-04-11,0.028207842944862584
1988-04-12,0.02764984844487089
1988-04-13,0.031407807813109125
1988-04-14,0.04205050187127319
1988-04-15,0.03771496639418063
1988-04-16,0.0283052561631524
1988-04-17,0.03220626531069232
1988-04-18,0.028433772877212198
1988-04-19,0.026004842713369173
1988-04-20,0.02535694991004507
1988-04-21,0.024398635534602055
1988-04-22,0.02313185702085827
1988-04-23,0.02205729352955942
1988-04-24,0.021140937963368772
1988-04-25,0.020354966884081845
1988-04-26,0.019777536025768896
1988-04-27,0.020151193786992146
1988-04-28,0.020142825010205225
1988-04-29,0.02575165349820562
1988-04-30,0.02169615509266043
1988-05-01,0.020759425205751563
1988-05-02,0.02005516593025127
1988-05-03,0.01957900165934058
1988-05-04,0.019025294285115527
1988-05-05,0.018463606398660157
1988-05-06,0.01795944552187305
1988-05-07,0.01751520618116541
1988-05-08,0.017120719383511476
1988-05-09,0.016767616491686628
1988-05-10,0.06986124901364356
1988-05-11,0.02487173363045661
1988-05-12,0.023311415939609666
1988-05-13,0.02204905013474066
1988-05-14,0.020966008942607344
1988-05-15,0.02001091105074961
1988-05-16,0.04116602131582032
1988-05-17,0.02363503860039205
1988-05-18,0.022012383334254426
1988-05-19,0.021941073897068907
1988-05-20,0.022440867764257817
1988-05-21,0.02009281743910817
1988-05-22,0.01925045963638841
1988-05-23,0.0309184803779386
1988-05-24,0.022698054233977194
1988-05-25,0.020639737239023747
1988-05-26,0.01949412618748062
1988-05-27,0.018713044734467613
1988-05-28,0.01804154630582196
1988-05-29,0.017595043550336965
1988-05-30,0.03714408497386035
1988-05-31,0.031637591767624366
1988-06-01,0.027988610478562215
1988-06-02,0.03981785663472708
1988-06-03,0.022216673036047272
1988-06-04,0.020975778029299574
1988-06-05,0.020558157504458014
1988-06-06,0.020055840757966334
1988-06-07,0.019229728422679098
1988-06-08,0.018489740576052714
1988-06-09,0.017799681440845424
1988-06-10,0.017203987142955134
1988-06-11,0.016994488580532107
1988-06-12,0.016727459018294154
1988-06-13,0.016256719779850375
1988-06-14,0.015842751096667943
1988-06-15,0.02915663803795097
1988-06-16,0.04909641033955695
1988-06-17,0.07685903652536245
1988-06-18,0.06331433537654807
1988-06-19,0.038864459556568684
1988-06-20,0.0285109707914836
1988-06-21,0.026502605375211884
1988-06-22,0.04999456032159741
1988-06-23,0.028026480516830553
1988-06-24,0.02588984576266805
1988-06-25,0.02417083143446552
1988-06-26,0.02268407595757686
1988-06-27,0.021411518980965553
1988-06-28,0.020335325565332397
1988-06-29,0.019420700453566336
1988-06-30,0.018639178934833456
1988-07-01,0.017967451953328693
1988-07-02,0.01738641362813419
1988-07-03,0.016880388229999276
1988-07-04,0.01652407236828511
1988-07-05,0.01617293792107557
1988-07-06,0.015805121719622183
1988-07-07,0.015476117797529642
1988-07-08,0.015179464970124762
1988-07-09,0.014909834712199997
1988-07-10,0.014662828596101934
1988-07-11,0.014434812631069658
1988-07-12,0.014222781654545118
1988-07-13,0.014024248221783912
1988-07-14,0.013837151485897642
1988-07-15,0.01369333017497988
1988-07-16,0.013540980190391341
1988-07-17,0.013372371205389857
1988-07-18,0.013211010177042749
1988-07-19,0.013055894579711262
1988-07-20,0.012906189721658362
1988-07-21,0.01276119985390367
1988-07-22,0.012620344339771564
1988-07-23,0.012483137983307383
1988-07-24,0.012349174778282686
1988-07-25,0.012218114472864581
1988-07-26,0.012089671453862595
1988-07-27,0.011963605543375949
1988-07-28,0.011839714373360266
1988-07-29,0.011747941841323847
1988-07-30,0.011655737559902415
1988-07-31,0.011530575362529563
1988-08-01,0.011407773902228477
1988-08-02,0.011287489252515256
1988-08-03,0.011169485263515107
1988-08-04,0.011061396467988566
1988-08-05,0.010955681749837666
1988-08-06,0.01084203514179846
1988-08-07,0.010729698629996646
1988-08-08,0.010619187445424722
1988-08-09,0.01051036915133696
1988-08-10,0.010427181118948062
1988-08-11,0.017728612688610933
1988-08-12,0.012193833370767607
1988-08-13,0.010184902731627985
1988-08-14,0.01007182940206714
1988-08-15,0.00996177630206374
1988-08-16,0.009854402522211089
1988-08-17,0.009749422285049929
1988-08-18,0.009646595653112872
1988-08-19,0.009570540880429896
1988-08-20,0.015975898120623926
1988-08-21,0.01089681431217202
1988-08-22,0.009333040125330138
1988-08-23,0.009231046925948774
1988-08-24,0.035206594518496045
1988-08-25,0.011188084036415235
1988-08-26,0.12384957959466612
1988-08-27,0.07039639814046715
1988-08-28,0.014968058231572072
1988-08-29,0.013440154390499615
1988-08-30,0.01423041646897487
1988-08-31,0.013844097291139659
1988-09-01,0.011578462920441653
1988-09-02,0.024033913091390083
1988-09-03,0.011584184827854829
1988-09-04,0.01109683349536948
1988-09-05,0.010678273877127664
1988-09-06,0.010316638730331678
1988-09-07,0.010002170239935458
1988-09-08,0.009780191028813131
1988-09-09,0.00984975082494558
1988-09-10,0.018870625924761148
1988-09-11,0.02849016704922304
1988-09-12,0.010786145922075399
1988-09-13,0.01036509883483516
1988-09-14,0.010001974988830547
1988-09-15,0.00968683351448744
1988-09-16,0.009411493912339124
1988-09-17,0.009169218301289953
1988-09-18,0.008954452109102829
1988-09-19,0.008762612249573263
1988-09-20,0.008589913924498349
1988-09-21,0.008433228874254002
1988-09-22,0.008289969259606312
1988-09-23,0.008157992453933546
1988-09-24,0.00803552291092472
1988-09-25,0.007921087989301313
1988-09-26,0.007813465196196951
1988-09-27,0.007711638780984996
1988-09-28,0.007614763992793476
1988-09-29,0.007522137624741958
1988-09-30,0.007433173719786722
1988-10-01,0.007401287049002389
1988-10-02,0.027272180447868163
1988-10-03,0.020314842157795537
1988-10-04,0.06310953584518812
1988-10-05,0.016466082359876576
1988-10-06,0.01089883207643226
1988-10-07,0.031623619139891854
1988-10-08,0.026748776168763047
1988-10-09,0.01784026485225475
1988-10-10,0.0316308924430896
1988-10-11,0.01262072332121445
1988-10-12,0.011771732081090502
1988-10-13,0.01105717117190823
1988-10-14,0.010453359874975289
1988-10-15,0.009940890501302058
1988-10-16,0.0095038422228124
1988-10-17,0.009129142391608776
1988-10-18,0.008806047127096352
1988-10-19,0.008525718458808191
1988-10-20,0.008280879724064232
1988-10-21,0.008148943200582846
1988-10-22,0.042496133365037436
1988-10-23,0.01614326634097192
1988-10-24,0.03469278986101669
1988-10-25,0.017655963056991467
1988-10-26,0.05160326767512943
1988-10-27,0.027048645478794014
1988-10-28,0.01590687836029154
1988-10-29,0.014585074449075046
1988-10-30,0.01348105423928162
1988-10-31,0.01255598252240716
1988-11-01,0.011778108371075053
1988-11-02,0.01112144702955938
1988-11-03,0.010564711979264998
1988-11-04,0.025417268591419757
1988-11-05,0.022513466929370948
1988-11-06,0.04343441401744246
1988-11-07,0.01591696816012574
1988-11-08,0.026565257533676723
1988-11-09,0.01842700444822865
1988-11-10,0.05551736512934529
1988-11-11,0.05087027449660964
1988-11-12,0.028437905258636705
1988-11-13,0.05285936927231117
1988-11-14,0.03200389419127094
1988-11-15,0.029135945333481256
1988-11-16,0.021978643493798095
1988-11-17,0.019989769903491897
1988-11-18,0.018406720258268613
1988-11-19,0.01715467230249067
1988-11-20,0.05532926996538567
1988-11-21,0.027664849985322763
1988-11-22,0.03301545268606257
1988-11-23,0.021255065719166716
1988-11-24,0.06619425365808927
1988-11-25,0.026477079693638505
1988-11-26,0.02395688105449904
1988-11-27,0.029454979328406697
1988-11-28,0.026018333871063722
1988-11-29,0.03938484168665759
1988-11-30,0.0339529036149614
1988-12-01,0.03378140459993361
1988-12-02,0.03491776707620461
1988-12-03,0.02342203094104736
1988-12-04,0.021559232545848215
1988-12-05,0.10778207011912795
1988-12-06,0.051609920574774155
1988-12-07,0.03975503892318358
1988-12-08,0.03255406555251154
1988-12-09,0.029426954868125053
1988-12-10,0.026833378020106533
1988-12-11,0.024676193874457738
1988-12-12,0.022876352757392804
1988-12-13,0.02136945727752113
1988-12-14,0.020102990560416523
1988-12-15,0.019034079657298232
1988-12-16,0.018127688642726555
1988-12-17,0.017355157142911807
1988-12-18,0.016693016902046668
1988-12-19,0.01612203241362583
1988-12-20,0.01562642233582835
1988-12-21,0.015193226940492134
1988-12-22,0.014811793660013617
1988-12-23,0.042184354703988486
1988-12-24,0.02775655804365886
1988-12-25,0.02030119973318636
1988-12-26,0.01912863547244051
1988-12-27,0.01813778619235314
1988-12-28,0.01729649352952229
1988-12-29,0.07426084582899094
1988-12-30,0.035706403604269785
1988-12-31,0.05350319536778653
1989-01-01,0.06105046151688009
1989-01-02,0.04021488608530517
1989-01-03,0.034008743626134326
1989-01-04,0.030062669436961526
1989-01-05,0.06438610596647172
1989-01-06,0.03277753374767704
1989-01-07,0.09401554080345002
1989-01-08,0.04109819846333031
1989-01-09,0.0428447718019282
1989-01-10,0.03486866928118159
1989-01-11,0.031815492039467534
1989-01-12,0.04200758321002709
1989-01-13,0.03849489951541233
1989-01-14,0.03537903387141923
1989-01-15,0.03515451211482354
1989-01-16,0.04791362768096194
1989-01-17,0.042812329218139274
1989-01-18,0.041366401031885124
1989-01-19,0.030675035087538285
1989-01-20,0.030908395990524556
1989-01-21,0.027137745723637047
1989-01-22,0.031266005866153655
1989-01-23,0.02555519356556767
1989-01-24,0.024176619326054537
1989-01-25,0.02300934826791443
1989-01-26,0.02201589889221435
1989-01-27,0.02116561992477438
1989-01-28,0.02043342053508138
1989-01-29,0.01979874135287506
1989-01-30,0.01924471969264368
1989-01-31,0.018757511594452967
1989-02-01,0.018325740634554444
1989-02-02,0.017940049332075922
1989-02-03,0.017592733679856625
1989-02-04,0.01727744509640238
1989-02-05,0.016988947120803222
1989-02-06,0.016722916603100157
1989-02-07,0.016475781098060697
1989-02-08,0.02659509595992089
1989-02-09,0.02381754141837868
1989-02-10,0.019535828601825598
1989-02-11,0.018816821032633605
1989-02-12,0.018195736794340903
1989-02-13,0.01765561311981671
1989-02-14,0.017182524563484836
1989-02-15,0.04236436720056791
1989-02-16,0.02796073147203075
1989-02-17,0.021828463034870366
1989-02-18,0.02069524019085326
1989-02-19,0.019733592492098374
1989-02-20,0.018913238363890535
1989-02-21,0.018209388512148234
1989-02-22,0.017601729828503606
1989-02-23,0.01707360101637978
1989-02-24,0.016611323036115306
1989-02-25,0.01620365471384375
1989-02-26,0.015841349653492928
1989-02-27,0.015516795230774275
1989-02-28,0.015223718167320715
1989-03-01,0.01495694416838951
1989-03-02,0.014712201506535114
1989-03-03,0.014485960363799032
1989-03-04,0.014275301299697238
1989-03-05,0.01407780746605814
1989-03-06,0.013891476201971717
1989-03-07,0.013714646460195996
1989-03-08,0.013545939178276845
1989-03-09,0.013546578786817217
1989-03-10,0.050521852674251876
1989-03-11,0.021050384693564322
1989-03-12,0.019736025534966988
1989-03-13,0.02199495910284442
1989-03-14,0.019444216914848024
1989-03-15,0.11469266803781246
1989-03-16,0.03765565176629578
1989-03-17,0.05073910273901127
1989-03-18,0.03542171345495888
1989-03-19,0.0751963600230952
1989-03-20,0.037654585977627365
1989-03-21,0.033945241006528466
1989-03-22,0.030872785771431738
1989-03-23,0.028320775664019884
1989-03-24,0.027105245538365384
1989-03-25,0.02616215811701186
1989-03-26,0.024432961287246868
1989-03-27,0.022951960123294604
1989-03-28,0.021861179982834933
1989-03-29,0.05109421879445178
1989-03-30,0.028970928974618757
1989-03-31,0.02894082242104684
1989-04-01,0.04940109372352804
1989-04-02,0.032483603920662275
1989-04-03,0.03153913015339528
1989-04-04,0.026848931958820623
1989-04-05,0.02507654989839084
1989-04-06,0.023587972735847496
1989-04-07,0.02233240820351365
1989-04-08,0.02126838378317596
1989-04-09,0.02077050138308315
1989-04-10,0.021216852710209826
1989-04-11,0.021102674057778815
1989-04-12,0.020590337893938264
1989-04-13,0.01999068346654714
1989-04-14,0.01951180297178842
1989-04-15,0.019083131126091047
1989-04-16,0.018450516832330986
1989-04-17,0.018849985733249565
1989-04-18,0.0192373422678256
1989-04-19,0.01870707765434258
1989-04-20,0.018119850859027408
1989-04-21,0.01868325399771223
1989-04-22,0.01906197730638345
1989-04-23,0.018354563989669625
1989-04-24,0.01774374484117742
1989-04-25,0.017212788500776864
1989-04-26,0.01674795865995788
1989-04-27,0.01633796728469832
1989-04-28,0.015973529595216435
1989-04-29,0.015647001493465575
1989-04-30,0.015352083865929228
1989-05-01,0.01508358118843113
1989-05-02,0.014837204269771753
1989-05-03,0.015328788869170233
1989-05-04,0.017109841888825455
1989-05-05,0.019302404129617045
1989-05-06,0.015671549099128896
1989-05-07,0.015269144543257973
1989-05-08,0.014912761195689794
1989-05-09,0.014594654283524203
1989-05-10,0.014308442311473398
1989-05-11,0.01404886231247355
1989-05-12,0.013811569863552845
1989-05-13,0.01359297552354944
1989-05-14,0.013390110934270028
1989-05-15,0.013200519104729564
1989-05-16,0.013022164429815561
1989-05-17,0.01286048957535131
1989-05-18,0.012701429255264025
1989-05-19,0.012546603532474889
1989-05-20,0.012397981892036053
1989-05-21,0.012254726040721996
1989-05-22,0.012116137354681478
1989-05-23,0.035781991422117056
1989-05-24,0.027464585008185948
1989-05-25,0.013811006118633324
1989-05-26,0.013399509457486634
1989-05-27,0.013038926596033203
1989-05-28,0.012720613833926628
1989-05-29,0.012437453006924943
1989-05-30,0.01252727959978127
1989-05-31,0.012544377524347408
1989-06-01,0.01664369972737642
1989-06-02,0.034617098158983166
1989-06-03,0.013361665297779463
1989-06-04,0.012921809121778724
1989-06-05,0.012538872324935982
1989-06-06,0.012203135709012582
1989-06-07,0.011922844191186442
1989-06-08,0.011705461045348387
1989-06-09,0.011467648152583132
1989-06-10,0.01124512170257906
1989-06-11,0.011552564477904809
1989-06-12,0.01143133497339105
1989-06-13,0.011180949849364187
1989-06-14,0.010962030943557568
1989-06-15,0.010759806960604168
1989-06-16,0.010573136546868764
1989-06-17,0.010401614356620147
1989-06-18,0.01033802631833973
1989-06-19,0.010400314269640132
1989-06-20,0.04778954566765273
1989-06-21,0.05872047543794273
1989-06-22,0.014057833893493283
1989-06-23,0.013319950609729491
1989-06-24,0.01269315002503566
1989-06-25,0.01215800292908078
1989-06-26,0.011698570532376685
1989-06-27,0.018918548040446344
1989-06-28,0.01213930431178018
1989-06-29,0.01166722991347128
1989-06-30,0.011273560153033026
1989-07-01,0.011271484581994498
1989-07-02,0.011179025623862892
1989-07-03,0.025191370629167074
1989-07-04,0.015441488534346461
1989-07-05,0.024044540187243488
1989-07-06,0.024659536100816965
1989-07-07,0.012253347103664354
1989-07-08,0.011719118821524072
1989-07-09,0.011261203281932815
1989-07-10,0.010866398250191457
1989-07-11,0.010523853540189027
1989-07-12,0.010224643842023363
1989-07-13,0.009961420620438796
1989-07-14,0.009728128163202223
1989-07-15,0.009519771729482908
1989-07-16,0.009332228055916538
1989-07-17,0.009162090335048561
1989-07-18,0.009074694154372119
1989-07-19,0.008969707442111473
1989-07-20,0.008822307526111529
1989-07-21,0.008689402573267902
1989-07-22,0.008584097248891268
1989-07-23,0.008500362091031872
1989-07-24,0.008392677020883607
1989-07-25,0.008277787245562565
1989-07-26,0.008169195827313938
1989-07-27,0.008065980163766496
1989-07-28,0.007967372526840984
1989-07-29,0.007872733435749093
1989-07-30,0.007781529686865682
1989-07-31,0.007693316211961771
1989-08-01,0.007607721086282296
1989-08-02,0.007524433130307664
1989-08-03,0.007443191648937609
1989-08-04,0.007363777933474982
1989-08-05,0.0072860082185631884
1989-08-06,0.007209727840898261
1989-08-07,0.007134806391328686
1989-08-08,0.007063907072351452
1989-08-09,0.006992462085624536
1989-08-10,0.006920561881569892
1989-08-11,0.006849742417185033
1989-08-12,0.006779934507544188
1989-08-13,0.006711079125373578
1989-08-14,0.006647142857732883
1989-08-15,0.006586178543342827
1989-08-16,0.006529061847695728
1989-08-17,0.023722783347011518
1989-08-18,0.008420592245012085
1989-08-19,0.006413228572761009
1989-08-20,0.0063383958086406554
1989-08-21,0.00628126814831415
1989-08-22,0.01895423067660411
1989-08-23,0.021292491510341276
1989-08-24,0.006254959340421515
1989-08-25,0.006165501042968503
1989-08-26,0.006082919517675995
1989-08-27,0.006013809672401324
1989-08-28,0.005940239717231371
1989-08-29,0.005866125153877494
1989-08-30,0.0057951839161122206
1989-08-31,0.005726983214397897
1989-09-01,0.005661161635654833
1989-09-02,0.005597417046883835
1989-09-03,0.005535496583255975
1989-09-04,0.005475188355501035
1989-09-05,0.00541631457648525
1989-09-06,0.005359460444449769
1989-09-07,0.005309648130401804
1989-09-08,0.021430674399077573
1989-09-09,0.006872452545611166
1989-09-10,0.006949352655980147
1989-09-11,0.012859517852716143
1989-09-12,0.023908090273336333
1989-09-13,0.026030023105743736
1989-09-14,0.01050119883830611
1989-09-15,0.006682477756092312
1989-09-16,0.026641443925349312
1989-09-17,0.02790564172608875
1989-09-18,0.006699100729812873
1989-09-19,0.005494649060470227
1989-09-20,0.005737936978942465
1989-09-21,0.008657902618039918
1989-09-22,0.005273046709160511
1989-09-23,0.005149005187516614
1989-09-24,0.0050381264152242825
1989-09-25,0.004971724002575073
1989-09-26,0.05545919625929976
1989-09-27,0.012160622688960463
1989-09-28,0.006058380919359121
1989-09-29,0.0058270953212201234
1989-09-30,0.00563454562405779
1989-10-01,0.00543597969946379
1989-10-02,0.0052634358741436805
1989-10-03,0.005112529923549543
1989-10-04,0.009130036024129233
1989-10-05,0.032242298310665905
1989-10-06,0.006059550510279205
1989-10-07,0.005783583342000552
1989-10-08,0.005547038849232347
1989-10-09,0.005343181042185566
1989-10-10,0.005166457559153205
1989-10-11,0.0050122877786724735
1989-10-12,0.004876889568654318
1989-10-13,0.00476122206515549
1989-10-14,0.004655388365678661
1989-10-15,0.004558952880664665
1989-10-16,0.004471777222678463
1989-10-17,0.004392373017755751
1989-10-18,0.0043195053643437205
1989-10-19,0.004252148833116825
1989-10-20,0.004189451237489335
1989-10-21,0.004130703778244261
1989-10-22,0.004075316421211362
1989-10-23,0.004022797574839435
1989-10-24,0.003972737303851166
1989-10-25,0.004083148759863688
1989-10-26,0.01018146554858773
1989-10-27,0.006263596455450702
1989-10-28,0.004243460841699179
1989-10-29,0.0041442934591434015
1989-10-30,0.005174714194714464
1989-10-31,0.004069668530011678
1989-11-01,0.003984348450805074
1989-11-02,0.007572834453481899
1989-11-03,0.004012126171850994
1989-11-04,0.00392435289740014
1989-11-05,0.0038453725671724094
1989-11-06,0.0037737666048129354
1989-11-07,0.0037083578740476214
1989-11-08,0.0036481688053748873
1989-11-09,0.007910521422718593
1989-11-10,0.02239952305064002
1989-11-11,0.017444073621509168
1989-11-12,0.00470052835499038
1989-11-13,0.0044883108664667175
1989-11-14,0.004306200902966574
1989-11-15,0.004149081971518978
1989-11-16,0.004012731684989297
1989-11-17,0.0038936626224693326
1989-11-18,0.0037889920347151736
1989-11-19,0.003696335068624162
1989-11-20,0.0036137171867755336
1989-11-21,0.005075472108380375
1989-11-22,0.018018909067957552
1989-11-23,0.0411316167621651
1989-11-24,0.005910758158880036
1989-11-25,0.005501882450220125
1989-11-26,0.005157162875337866
1989-11-27,0.0048654656305594296
1989-11-28,0.004617634191231421
1989-11-29,0.00440613151956461
1989-11-30,0.004224748247375135
1989-12-01,0.004068364433394656
1989-12-02,0.003932754871038672
1989-12-03,0.003814429834441765
1989-12-04,0.0038711042894970164
1989-12-05,0.0039299879670321985
1989-12-06,0.004284311068641329
1989-12-07,0.0038065869456066176
1989-12-08,0.0036953458193764045
1989-12-09,0.02633993192484858
1989-12-10,0.0047763849163669535
1989-12-11,0.004521806514878007
1989-12-12,0.004304945161283496
1989-12-13,0.004119344978884598
1989-12-14,0.004062941781888749
1989-12-15,0.003957889532061631
1989-12-16,0.0038187409939731357
1989-12-17,0.003697703507743388
1989-12-18,0.0035917469354210664
1989-12-19,0.0034983650605750678
1989-12-20,0.0034154833361466825
1989-12-21,0.0033413831671687297
1989-12-22,0.003274639710636367
1989-12-23,0.01014096979841858
1989-12-24,0.01951068374414691
1989-12-25,0.015534749157410701
1989-12-26,0.00504862595712496
1989-12-27,0.004733292291839521
1989-12-28,0.00756098327069706
1989-12-29,0.054219481654455774
1989-12-30,0.013115592888914578
1989-12-31,0.007865100233528505
1990-01-01,0.007155962560086639
1990-01-02,0.006563444991249
1990-01-03,0.006067012574791877
1990-01-04,0.02540959696170333
1990-01-05,0.021223895345262395
1990-01-06,0.030091669095328327
1990-01-07,0.0408339778839357
1990-01-08,0.02494743194577408
1990-01-09,0.027719903559051975
1990-01-10,0.013103144002193605
1990-01-11,0.01172035815170472
1990-01-12,0.07684725566737743
1990-01-13,0.029549094169750757
1990-01-14,0.018160114769792218
1990-01-15,0.01609819534888581
1990-01-16,0.030204201295202637
1990-01-17,0.01990089537773016
1990-01-18,0.02675287414616243
1990-01-19,0.023082745665510124
1990-01-20,0.014762842031078123
1990-01-21,0.013382082291996266
1990-01-22,0.012232332020174414
1990-01-23,0.01127230914120391
1990-01-24,0.010468998827647636
1990-01-25,0.009804886857219934
1990-01-26,0.009233181326076693
1990-01-27,0.008749037417577632
1990-01-28,0.008337192989323183
1990-01-29,0.007985113949100718
1990-01-30,0.010348304566847934
1990-01-31,0.008518875941853197
1990-02-01,0.008353833729517321
1990-02-02,0.00792709213487006
1990-02-03,0.07823629632037372
1990-02-04,0.0261742164464463
1990-02-05,0.022797681874921566
1990-02-06,0.016715223809417357
1990-02-07,0.03100038241891873
1990-02-08,0.020727216554964848
1990-02-09,0.017020402892809334
1990-02-10,0.014590195893719253
1990-02-11,0.033593561456118186
1990-02-12,0.015962596730036048
1990-02-13,0.014618996297405505
1990-02-14,0.03225757378845782
1990-02-15,0.02564535859938999
1990-02-16,0.016284742846157278
1990-02-17,0.03749724919386937
1990-02-18,0.01791578530730175
1990-02-19,0.08865917000243456
1990-02-20,0.02846195528587191
1990-02-21,0.025307272800392758
1990-02-22,0.023431863709586106
1990-02-23,0.028131771028725525
1990-02-24,0.020495225405086994
1990-02-25,0.018731736290878872
1990-02-26,0.049311670298616724
1990-02-27,0.02241519941096069
1990-02-28,0.020408896668446593
1990-03-01,0.018739040402196417
1990-03-02,0.01734502973353848
1990-03-03,0.01617742908551358
1990-03-04,0.01519586921933383
1990-03-05,0.014367350925995323
1990-03-06,0.014924261299447685
1990-03-07,0.015330868064399041
1990-03-08,0.014483050490065376
1990-03-09,0.013764652082468206
1990-03-10,0.01322291600494672
1990-03-11,0.0127767220434349
1990-03-12,0.01331851633521656
1990-03-13,0.014907550073718988
1990-03-14,0.027892158105506406
1990-03-15,0.015445789726821492
1990-03-16,0.014565039948332319
1990-03-17,0.014591219501592187
1990-03-18,0.01458072211319745
1990-03-19,0.013833034102375635
1990-03-20,0.013197340687271082
1990-03-21,0.029203453597695068
1990-03-22,0.016465568886538592
1990-03-23,0.015428085008206279
1990-03-24,0.12053149796098754
1990-03-25,0.03400422607446688
1990-03-26,0.030258415884297455
1990-03-27,0.027163250851814508
1990-03-28,0.024599635014416085
1990-03-29,0.022470758502354818
1990-03-30,0.021094129002423773
1990-03-31,0.03416045113117852
1990-04-01,0.02293004236779304
1990-04-02,0.021132714153502135
1990-04-03,0.028270517225396405
1990-04-04,0.021464458167361967
1990-04-05,0.01993498951183671
1990-04-06,0.018652766660836283
1990-04-07,0.017573638985023645
1990-04-08,0.016661532053100028
1990-04-09,0.01588694053280921
1990-04-10,0.015225708011801184
1990-04-11,0.01515517216640208
1990-04-12,0.015118701606893046
1990-04-13,0.019192251398832207
1990-04-14,0.03475749731564834
1990-04-15,0.01824661771804173
1990-04-16,0.01720152341185625
1990-04-17,0.016317759029794685
1990-04-18,0.01556684930242794
1990-04-19,0.014925477117362364
1990-04-20,0.014374530561061106
1990-04-21,0.01389832950973298
1990-04-22,0.013483997261574001
1990-04-23,0.013120949468761462
1990-04-24,0.012800478040127359
1990-04-25,0.012515412020664217
1990-04-26,0.012259840930694333
1990-04-27,0.012028888839100306
1990-04-28,0.011818529689170588
1990-04-29,0.011755638579838237
1990-04-30,0.011677576031805838
1990-05-01,0.01148726619140481
1990-05-02,0.011306771752862916
1990-05-03,0.011136283926110558
1990-05-04,0.010977118402341597
1990-05-05,0.010827538999343122
1990-05-06,0.010686105104104575
1990-05-07,0.010551620223252399
1990-05-08,0.01050967878943057
1990-05-09,0.010453894470525816
1990-05-10,0.010314534206300118
1990-05-11,0.0105220829227042
1990-05-12,0.022369957206641783
1990-05-13,0.029214635443505735
1990-05-14,0.01475323214219699
1990-05-15,0.011861037834119475
1990-05-16,0.011464539621150472
1990-05-17,0.011119573598393093
1990-05-18,0.011028295627915762
1990-05-19,0.011102429119046018
1990-05-20,0.010902200020583388
1990-05-21,0.010782213896723845
1990-05-22,0.01075841961680909
1990-05-23,0.02258603030654258
1990-05-24,0.0555852352466386
1990-05-25,0.04461601514479855
1990-05-26,0.02208901648002667
1990-05-27,0.018413171735602387
1990-05-28,0.015192647626442393
1990-05-29,0.014255432694608902
1990-05-30,0.013464665413165105
1990-05-31,0.012794526473258542
1990-06-01,0.012230092026885691
1990-06-02,0.011743003869842202
1990-06-03,0.011321260952018882
1990-06-04,0.010955907430534565
1990-06-05,0.010873950985932723
1990-06-06,0.01078951405574548
1990-06-07,0.010511588878776625
1990-06-08,0.010404476862924086
1990-06-09,0.010205147647446459
1990-06-10,0.00995736015489726
1990-06-11,0.009736726484549449
1990-06-12,0.0095387389002742
1990-06-13,0.009359674415642989
1990-06-14,0.009196455498347798
1990-06-15,0.009046535953032042
1990-06-16,0.008907807346849601
1990-06-17,0.00877852221164478
1990-06-18,0.008657230959998227
1990-06-19,0.008542730021895996
1990-06-20,0.008434019170404233
1990-06-21,0.008330266379294413
1990-06-22,0.008230778859792556
1990-06-23,0.008176966410263794
1990-06-24,0.008144686190366967
1990-06-25,0.008106372415860045
1990-06-26,0.008026583050321346
1990-06-27,0.007921190233838618
1990-06-28,0.007821025025613153
1990-06-29,0.007760215000650558
1990-06-30,0.007689435861902655
1990-07-01,0.0075936991525879655
1990-07-02,0.007576873328021504
1990-07-03,0.0075474580403816815
1990-07-04,0.007444933651867836
1990-07-05,0.007347924797732247
1990-07-06,0.007255628490713046
1990-07-07,0.0071828060584271484
1990-07-08,0.007129280612395349
1990-07-09,0.007089810686111219
1990-07-10,0.04164235790244344
1990-07-11,0.0073772966312344495
1990-07-12,0.007232036362560396
1990-07-13,0.0071001969596929644
1990-07-14,0.006979617025187621
1990-07-15,0.00686850572868952
1990-07-16,0.006765378007998952
1990-07-17,0.006669001302009808
1990-07-18,0.006578351726385115
1990-07-19,0.006492577988222938
1990-07-20,0.006417081581872103
1990-07-21,0.006341007048230911
1990-07-22,0.0062650305102451564
1990-07-23,0.00619189547910504
1990-07-24,0.006121231046856468
1990-07-25,0.006052727119292562
1990-07-26,0.005986124140909935
1990-07-27,0.005924969392091202
1990-07-28,0.005863607643041038
1990-07-29,0.005800820555493274
1990-07-30,0.005739365187252297
1990-07-31,0.005679114092888877
1990-08-01,0.00561995979340332
1990-08-02,0.005561811472071261
1990-08-03,0.00550459222664093
1990-08-04,0.005448236782740052
1990-08-05,0.0053934514373988615
1990-08-06,0.005339032599202157
1990-08-07,0.005285190960846183
1990-08-08,0.005235109441071514
1990-08-09,0.005184373798474335
1990-08-10,0.0051348135805830974
1990-08-11,0.037838174658185515
1990-08-12,0.012480666115356977
1990-08-13,0.009245656374526954
1990-08-14,0.00498746395240629
1990-08-15,0.004930920434564415
1990-08-16,0.004881728148872502
1990-08-17,0.058576461621852975
1990-08-18,0.007684772622519778
1990-08-19,0.004927421293461139
1990-08-20,0.036432883696501724
1990-08-21,0.01942657351275097
1990-08-22,0.00503672933974689
1990-08-23,0.004931725478871089
1990-08-24,0.004836871620061109
1990-08-25,0.0047505325899149424
1990-08-26,0.0046713521867241415
1990-08-27,0.004598204664728867
1990-08-28,0.004530154803012725
1990-08-29,0.00446642501308597
1990-08-30,0.00440636822263351
1990-08-31,0.0043494455034178816
1990-09-01,0.004295207598988745
1990-09-02,0.00424327966077168
1990-09-03,0.0041933486258387935
1990-09-04,0.00414515277149318
1990-09-05,0.004098473065008579
1990-09-06,0.004053125994920386
1990-09-07,0.00400895762597336
1990-09-08,0.003965838665474096
1990-09-09,0.003923660366223012
1990-09-10,0.0038823311219162867
1990-09-11,0.0038417736361365984
1990-09-12,0.0038019225667897546
1990-09-13,0.0037627225649052593
1990-09-14,0.0037241266407653357
1990-09-15,0.003686094801900545
1990-09-16,0.003648592917033439
1990-09-17,0.0036115917679266953
1990-09-18,0.00357506625759527
1990-09-19,0.0035389947487161643
1990-09-20,0.0035033585105135687
1990-09-21,0.0034681412560749014
1990-09-22,0.0034333287550988526
1990-09-23,0.0033994567197618286
1990-09-24,0.0033689321895741375
1990-09-25,0.003874062170669183
1990-09-26,0.0033041410202922727
1990-09-27,0.0032719990802694255
1990-09-28,0.008034935535737933
1990-09-29,0.0032106951396826933
1990-09-30,0.0031776716709666464
1990-10-01,0.0031461614661926133
1990-10-02,0.04739029003891502
1990-10-03,0.00468322155400693
1990-10-04,0.003097331657739476
1990-10-05,0.06524492145946317
1990-10-06,0.011236416979795882
1990-10-07,0.003177397452072392
1990-10-08,0.0031210703242578485
1990-10-09,0.0030693484448175087
1990-10-10,0.0030215140753894767
1990-10-11,0.0029769699577375584
1990-10-12,0.0029352186904851763
1990-10-13,0.0028958456952927355
1990-10-14,0.0028585051370992967
1990-10-15,0.0028232503110626945
1990-10-16,0.0027892347839329206
1990-10-17,0.05907729680420077
1990-10-18,0.0034792211877654345
1990-10-19,0.0030197163366446574
1990-10-20,0.0029485196005651563
1990-10-21,0.0028848244574242563
1990-10-22,0.002827417599836032
1990-10-23,0.002775291698265817
1990-10-24,0.00272760978485728
1990-10-25,0.0026836759014185183
1990-10-26,0.0026429108905706607
1990-10-27,0.002604832413244861
1990-10-28,0.0025690384420323825
1990-10-29,0.0025351936154978387
1990-10-30,0.002509414287902152
1990-10-31,0.0025081374569888458
1990-11-01,0.0024921503008000045
1990-11-02,0.0024699463000537963
1990-11-03,0.002449614001737527
1990-11-04,0.1194767188077706
1990-11-05,0.01124487981305664
1990-11-06,0.004024184597419405
1990-11-07,0.0037688124150784034
1990-11-08,0.003552599279049353
1990-11-09,0.022342089696673898
1990-11-10,0.0038317955560206018
1990-11-11,0.0036098108306426746
1990-11-12,0.003421207947483759
1990-11-13,0.003260280018117411
1990-11-14,0.0031223198377111597
1990-11-15,0.00880853629303219
1990-11-16,0.00321742615007469
1990-11-17,0.00770007302696998
1990-11-18,0.016748949642129172
1990-11-19,0.0034417055721674803
1990-11-20,0.0032754393785585675
1990-11-21,0.006245858883504751
1990-11-22,0.0031783662718999598
1990-11-23,0.0030490939124127904
1990-11-24,0.002937472869484134
1990-11-25,0.032445397459776
1990-11-26,0.003974040347758148
1990-11-27,0.008070962466586297
1990-11-28,0.003741410921162858
1990-11-29,0.014689553633842284
1990-11-30,0.024498697318900156
1990-12-01,0.01016589771996998
1990-12-02,0.004631840841316137
1990-12-03,0.00971623683416376
1990-12-04,0.004332251817354339
1990-12-05,0.004055595360511708
1990-12-06,0.003821469103550266
1990-12-07,0.003622558856199375
1990-12-08,0.0034528381718634516
1990-12-09,0.0033073374147635087
1990-12-10,0.0031819550134792474
1990-12-11,0.025084054309034196
1990-12-12,0.004369256979361739
1990-12-13,0.0040904354036171335
1990-12-14,0.003854477449463153
1990-12-15,0.0036540105116489446
1990-12-16,0.007804390246722629
1990-12-17,0.003693589262145507
1990-12-18,0.003517163198011661
1990-12-19,0.0033660538313393766
1990-12-20,0.0038544316008806037
1990-12-21,0.020473355915981747
1990-12-22,0.009247278643637656
1990-12-23,0.06222002468194604
1990-12-24,0.009873600485674103
1990-12-25,0.0077764155144361
1990-12-26,0.007021584556662423
1990-12-27,0.00639208725790542
1990-12-28,0.005865809859534992
1990-12-29,0.005424623711351818
1990-12-30,0.005053653188540262
1990-12-31,0.0047406807325103
1991-01-01,0.004475662821441138
1991-01-02,0.00425033578032454
1991-01-03,0.020773075892470974
1991-01-04,0.025789164972807643
1991-01-05,0.006948975203210199
1991-01-06,0.010801828937785439
1991-01-07,0.01869192913273338
1991-01-08,0.0070648559484013775
1991-01-09,0.006489038594889129
1991-01-10,0.006006354116702125
1991-01-11,0.005600492201712677
1991-01-12,0.0052580626102074965
1991-01-13,0.004968062357636394
1991-01-14,0.004721442000238731
1991-01-15,0.004510752229048191
1991-01-16,0.004329855612686088
1991-01-17,0.0041736912472554915
1991-01-18,0.004038082416800829
1991-01-19,0.021743291281834623
1991-01-20,0.005933843385612657
1991-01-21,0.005540472037456664
1991-01-22,0.00520835038834147
1991-01-23,0.00494633291869721
1991-01-24,0.03877451040182278
1991-01-25,0.008090863858030548
1991-01-26,0.01004272942304863
1991-01-27,0.007167598018698109
1991-01-28,0.006622336408489553
1991-01-29,0.0061643385483680065
1991-01-30,0.005778351484163458
1991-01-31,0.005451849082848623
1991-02-01,0.005174535211414419
1991-02-02,0.004937939182026532
1991-02-03,0.004735085993185753
1991-02-04,0.004560227269907334
1991-02-05,0.004458992901800563
1991-02-06,0.004338828788892218
1991-02-07,0.004214097360059117
1991-02-08,0.004104231578779728
1991-02-09,0.00400677094645675
1991-02-10,0.003919678514337128
1991-02-11,0.0038412666191262805
1991-02-12,0.003770135871206806
1991-02-13,0.0037051249877662275
1991-02-14,0.0036452695086010446
1991-02-15,0.0035897677938754205
1991-02-16,0.003537952996790866
1991-02-17,0.00348926994293336
1991-02-18,0.003443256042447423
1991-02-19,0.003507074175484326
1991-02-20,0.010463059937552595
1991-02-21,0.00500630113248743
1991-02-22,0.023024336067326175
1991-02-23,0.013523639302267888
1991-02-24,0.006689960630552133
1991-02-25,0.006182098754937661
1991-02-26,0.007476950813302699
1991-02-27,0.008996925409273477
1991-02-28,0.01066065466528098
1991-03-01,0.0059608426273353885
1991-03-02,0.005581867332082703
1991-03-03,0.018260599718000866
1991-03-04,0.011564817057437669
1991-03-05,0.013924355214096776
1991-03-06,0.014898819653075865
1991-03-07,0.05111581154915104
1991-03-08,0.013052819905205145
1991-03-09,0.011654087707997864
1991-03-10,0.010967806059810603
1991-03-11,0.010384824810695255
1991-03-12,0.009450089108399286
1991-03-13,0.008669858192473302
1991-03-14,0.008034996653417848
1991-03-15,0.007782451274578298
1991-03-16,0.007462485142589733
1991-03-17,0.007184547566472824
1991-03-18,0.007137360241568226
1991-03-19,0.007412063380248164
1991-03-20,0.0074521995336522305
1991-03-21,0.007006351677199071
1991-03-22,0.006628815723312993
1991-03-23,0.006307741115899961
1991-03-24,0.00603338439535778
1991-03-25,0.005797727403020386
1991-03-26,0.0056528868662236685
1991-03-27,0.00551802182956763
1991-03-28,0.005349212275622562
1991-03-29,0.005201224453552244
1991-03-30,0.005212440507175962
1991-03-31,0.008357708683460589
1991-04-01,0.006699480734911205
1991-04-02,0.006345363218345667
1991-04-03,0.006043922169073602
1991-04-04,0.014821626209334736
1991-04-05,0.007759687938285339
1991-04-06,0.007251013990000422
1991-04-07,0.006979194732316085
1991-04-08,0.006749594230597531
1991-04-09,0.0063980881507350535
1991-04-10,0.006098690537966706
1991-04-11,0.005970507984869666
1991-04-12,0.005851960373464
1991-04-13,0.005708801626200123
1991-04-14,0.005568057850655138
1991-04-15,0.005680666757286384
1991-04-16,0.0057588131179007835
1991-04-17,0.005914267696495292
1991-04-18,0.006040400455177727
1991-04-19,0.0057781682975995355
1991-04-20,0.00555287669977806
1991-04-21,0.005358227713476761
1991-04-22,0.0052855730872540295
1991-04-23,0.005653300309967739
1991-04-24,0.005761193230834704
1991-04-25,0.0055270850173594
1991-04-26,0.005325257177959774
1991-04-27,0.005150228500478024
1991-04-28,0.004997476805587714
1991-04-29,0.004863268007661213
1991-04-30,0.0047445162056398964
1991-05-01,0.004638669065597745
1991-05-02,0.004543613838018328
1991-05-03,0.012727210844630915
1991-05-04,0.005531378257003319
1991-05-05,0.005299403994956809
1991-05-06,0.005099715313793169
1991-05-07,0.0049268263054132394
1991-05-08,0.004776210971602952
1991-05-09,0.004644132124977507
1991-05-10,0.00452750134956911
1991-05-11,0.004423764277151062
1991-05-12,0.0043308065177980045
1991-05-13,0.004246876457703864
1991-05-14,0.004170521844611748
1991-05-15,0.008489483000994039
1991-05-16,0.018003667814151827
1991-05-17,0.007434452633433036
1991-05-18,0.014441426711054797
1991-05-19,0.009190488487356851
1991-05-20,0.01241499800696654
1991-05-21,0.005681091931461297
1991-05-22,0.00491029506621398
1991-05-23,0.004722860497839687
1991-05-24,0.004560663157896198
1991-05-25,0.004419444452643467
1991-05-26,0.004295687117829908
1991-05-27,0.0042417937091758905
1991-05-28,0.0055532477602395726
1991-05-29,0.07156891337670175
1991-05-30,0.008810168405490051
1991-05-31,0.0071176658866070825
1991-06-01,0.006600567142254039
1991-06-02,0.006165582710486876
1991-06-03,0.005798383717729986
1991-06-04,0.005603315928297394
1991-06-05,0.01102449784498666
1991-06-06,0.005941159661218272
1991-06-07,0.005629155489275586
1991-06-08,0.00698537591766914
1991-06-09,0.005601267734198782
1991-06-10,0.005324219942375215
1991-06-11,0.005153725908812764
1991-06-12,0.005105887796035219
1991-06-13,0.005098857291416921
1991-06-14,0.005076267978698203
1991-06-15,0.004916491299796616
1991-06-16,0.028617355595194377
1991-06-17,0.012665649245074873
1991-06-18,0.006937227310617667
1991-06-19,0.00578393999873793
1991-06-20,0.005479386912749782
1991-06-21,0.005219977153010961
1991-06-22,0.004997957712815019
1991-06-23,0.004892648785674164
1991-06-24,0.023727266469957806
1991-06-25,0.010640515937573395
1991-06-26,0.005931678727946691
1991-06-27,0.005605192806342151
1991-06-28,0.005327626801481679
1991-06-29,0.005090560260110761
1991-06-30,0.0048870593333846385
1991-07-01,0.004711409385160744
1991-07-02,0.004558896599119773
1991-07-03,0.00443041998433854
1991-07-04,0.0043285229451682375
1991-07-05,0.004225310623042339
1991-07-06,0.004129832437982627
1991-07-07,0.004044164756488516
1991-07-08,0.003966717744545736
1991-07-09,0.0038961727716080433
1991-07-10,0.0038314352702727103
1991-07-11,0.003782292737347486
1991-07-12,0.0037646126067873444
1991-07-13,0.003714969735319757
1991-07-14,0.0036781346378763086
1991-07-15,0.0036742028273977698
1991-07-16,0.003635502045271959
1991-07-17,0.0035791448622272456
1991-07-18,0.0035460821727811083
1991-07-19,0.003568603754682242
1991-07-20,0.0035868642335118617
1991-07-21,0.0035391300202289836
1991-07-22,0.003503036737188741
1991-07-23,0.0034626175938226467
1991-07-24,0.005338201053940621
1991-07-25,0.0040039132889718165
1991-07-26,0.003471260301372609
1991-07-27,0.003403153238099546
1991-07-28,0.003341246110160865
1991-07-29,0.03412708893823695
1991-07-30,0.004013822313980878
1991-07-31,0.0038585199861865664
1991-08-01,0.0037241553127517753
1991-08-02,0.0036072066257309275
1991-08-03,0.0035047630379650436
1991-08-04,0.003414416566539401
1991-08-05,0.003334173653309048
1991-08-06,0.0032871955539777245
1991-08-07,0.0266555394427398
1991-08-08,0.0037670486074111837
1991-08-09,0.003627759770718647
1991-08-10,0.003506931555416378
1991-08-11,0.0034014699007380894
1991-08-12,0.0033757742368434513
1991-08-13,0.00334697724626642
1991-08-14,0.0032576691939007908
1991-08-15,0.003178544158989692
1991-08-16,0.0031079341766543193
1991-08-17,0.0030444562435772617
1991-08-18,0.002986962737376416
1991-08-19,0.0029345006128294743
1991-08-20,0.006393039116408351
1991-08-21,0.004511945708065023
1991-08-22,0.00296599700470427
1991-08-23,0.002905808136368704
1991-08-24,0.0028512574145442165
1991-08-25,0.002828081969002951
1991-08-26,0.0028269444899909433
1991-08-27,0.0027902379109467986
1991-08-28,0.0027434049533484784
1991-08-29,0.015333209798511405
1991-08-30,0.0028739306256289517
1991-08-31,0.0028096143606052225
1991-09-01,0.00275537958818237
1991-09-02,0.002699443122310395
1991-09-03,0.0026482964052863215
1991-09-04,0.002601632898997738
1991-09-05,0.002558747985432936
1991-09-06,0.002519055352572802
1991-09-07,0.002482066749365687
1991-09-08,0.002447375263089431
1991-09-09,0.0024146414958184505
1991-09-10,0.002383582128920558
1991-09-11,0.002353960456157518
1991-09-12,0.0023255785408890636
1991-09-13,0.0022982707141881056
1991-09-14,0.0022718981808839086
1991-09-15,0.0022463445417045904
1991-09-16,0.0022215120734517366
1991-09-17,0.0021973186368592335
1991-09-18,0.0021736951045655184
1991-09-19,0.0021505832203594605
1991-09-20,0.002127933816275932
1991-09-21,0.0021057053268143102
1991-09-22,0.0020838625500192247
1991-09-23,0.0020623756137961784
1991-09-24,0.0020412191129615003
1991-09-25,0.002020795552493694
1991-09-26,0.0020003365497742805
1991-09-27,0.0019799954418145433
1991-09-28,0.001959923907830752
1991-09-29,0.001940108759436273
1991-09-30,0.0019330528710333906
1991-10-01,0.004127327364729527
1991-10-02,0.0034659174926295034
1991-10-03,0.002696360689965465
1991-10-04,0.001877164852149825
1991-10-05,0.0024783220337076736
1991-10-06,0.017872079622877884
1991-10-07,0.020215855935615305
1991-10-08,0.027861681555865842
1991-10-09,0.0205550712437433
1991-10-10,0.01125580595976094
1991-10-11,0.002116475137660745
1991-10-12,0.024037715597718248
1991-10-13,0.01080798520364542
1991-10-14,0.016714258219443282
1991-10-15,0.008055446364164534
1991-10-16,0.002353743100752764
1991-10-17,0.0022537386739884036
1991-10-18,0.002167509133145657
1991-10-19,0.002092750761015312
1991-10-20,0.01538523749917694
1991-10-21,0.0023227857332607797
1991-10-22,0.05093292025479263
1991-10-23,0.007255978245163177
1991-10-24,0.0031382309824581184
1991-10-25,0.013527906957324103
1991-10-26,0.013203662192954518
1991-10-27,0.0032160588559975085
1991-10-28,0.003001753005751399
1991-10-29,0.0028204847163634025
1991-10-30,0.0026665976008550876
1991-10-31,0.002535426030363232
1991-11-01,0.0024319263081869352
1991-11-02,0.002351700469255233
1991-11-03,0.01249369759562787
1991-11-04,0.02263845517848717
1991-11-05,0.05385737539912406
1991-11-06,0.018084346924849812
1991-11-07,0.005677348168354195
1991-11-08,0.019793764360889674
1991-11-09,0.017901335069073775
1991-11-10,0.03893379837179621
1991-11-11,0.05195647176538667
1991-11-12,0.015703338680349167
1991-11-13,0.057551705287612005
1991-11-14,0.02034721244041873
1991-11-15,0.021506409575360364
1991-11-16,0.012235610701869307
1991-11-17,0.010852926690804501
1991-11-18,0.009706140633463393
1991-11-19,0.060816534046346175
1991-11-20,0.014895841167009633
1991-11-21,0.023783782737844882
1991-11-22,0.012844572170930477
1991-11-23,0.011498849723332953
1991-11-24,0.01038092137519617
1991-11-25,0.009450062448927385
1991-11-26,0.008672985682952638
1991-11-27,0.0080224558976219
1991-11-28,0.007476167893102274
1991-11-29,0.013513372704353273
1991-11-30,0.008134145116256635
1991-12-01,0.0075833353177289535
1991-12-02,0.00711912759395613
1991-12-03,0.012429276342294295
1991-12-04,0.011706843933574048
1991-12-05,0.007384237522150141
1991-12-06,0.006958629951179213
1991-12-07,0.006597706855433077
1991-12-08,0.029630919688127675
1991-12-09,0.012409193826267277
1991-12-10,0.07664607521361998
1991-12-11,0.043198152474736094
1991-12-12,0.04970500780884141
1991-12-13,0.15805017818164577
1991-12-14,0.04400826276409369
1991-12-15,0.07896985891008974
1991-12-16,0.04595891905910606
1991-12-17,0.03661910798077373
1991-12-18,0.0320894781949517
1991-12-19,0.028358088397159132
1991-12-20,0.03536962434494643
1991-12-21,0.05374635621283389
1991-12-22,0.03190898870460431
1991-12-23,0.03189373037582272
1991-12-24,0.024398116834743383
1991-12-25,0.022145018202711864
1991-12-26,0.020272043815835
1991-12-27,0.07987744299312928
1991-12-28,0.04933986012945873
1991-12-29,0.030215821526914727
1991-12-30,0.027184893782802904
1991-12-31,0.024673190239850328
1992-01-01,0.02258620708123682
1992-01-02,0.020847029901002356
1992-01-03,0.01939299215841159
1992-01-04,0.01817298165801594
1992-01-05,0.017145266748058205
1992-01-06,0.01627573986915998
1992-01-07,0.015536496670104795
1992-01-08,0.014904685266439495
1992-01-09,0.014361573236239945
1992-01-10,0.01389179032192372
1992-01-11,0.013482713085543241
1992-01-12,0.013123964379702905
1992-01-13,0.012807005788339857
1992-01-14,0.012524805430912637
1992-01-15,0.012271566923717716
1992-01-16,0.012691159334781633
1992-01-17,0.013061079863141515
1992-01-18,0.01269581323117129
1992-01-19,0.0177800495774998
1992-01-20,0.013359431840896876
1992-01-21,0.06785405374100693
1992-01-22,0.06343711752023892
1992-01-23,0.09673283626416375
1992-01-24,0.03950180858974546
1992-01-25,0.042858773040050646
1992-01-26,0.06778032027975452
1992-01-27,0.051214913461077226
1992-01-28,0.036094722766627674
1992-01-29,0.03243649341480176
1992-01-30,0.029408099550890077
1992-01-31,0.02689439521616159
1992-02-01,0.024801763956095985
1992-02-02,0.028014154065195116
1992-02-03,0.032110278215480334
1992-02-04,0.023459330173191583
1992-02-05,0.021951912875789695
1992-02-06,0.020683979467088717
1992-02-07,0.019612840692400046
1992-02-08,0.018703609881077287
1992-02-09,0.017927748042803563
1992-02-10,0.017261885723905555
1992-02-11,0.016686867904443105
1992-02-12,0.01618697885749895
1992-02-13,0.015749312381751538
1992-02-14,0.015363259600813915
1992-02-15,0.015111209709219335
1992-02-16,0.014921729345600864
1992-02-17,0.014614439592151458
1992-02-18,0.014337057538462837
1992-02-19,0.01408466957566761
1992-02-20,0.013853218331683412
1992-02-21,0.01363935042360818
1992-02-22,0.013440291780375565
1992-02-23,0.013253745449902187
1992-02-24,0.013077807760848973
1992-02-25,0.012910899481915062
1992-02-26,0.012751709247028052
1992-02-27,0.01259914702152141
1992-02-28,0.012452305795360948
1992-02-29,0.012310430023131744
1992-03-01,0.012172889601646551
1992-03-02,0.012039158396610268
1992-03-03,0.011908796509381349
1992-03-04,0.011781435621257866
1992-03-05,0.011790772229168724
1992-03-06,0.01235118683363118
1992-03-07,0.012579260817103524
1992-03-08,0.012303131124432376
1992-03-09,0.012055248204154309
1992-03-10,0.011830951551142154
1992-03-11,0.011626392203269595
1992-03-12,0.011438388595265449
1992-03-13,0.011264308486181323
1992-03-14,0.011101972156440541
1992-03-15,0.010949572972276342
1992-03-16,0.010805612144681705
1992-03-17,0.010668845100419553
1992-03-18,0.010538237361134411
1992-03-19,0.010412928214786964
1992-03-20,0.010292200778867477
1992-03-21,0.010175457311097277
1992-03-22,0.010062198831839043
1992-03-23,0.009952008292265644
1992-03-24,0.009906189387255923
1992-03-25,0.01020290320039397
1992-03-26,0.010381999421673766
1992-03-27,0.010195869453409665
1992-03-28,0.010011231506338354
1992-03-29,0.018027557310466173
1992-03-30,0.017833939305663977
1992-03-31,0.012256442094021769
1992-04-01,0.026654749146961882
1992-04-02,0.013772072542160688
1992-04-03,0.013620876690060542
1992-04-04,0.058150702918271256
1992-04-05,0.01881951723504637
1992-04-06,0.01731645190120041
1992-04-07,0.016060355148273874
1992-04-08,0.015053150478032783
1992-04-09,0.014175348174245948
1992-04-10,0.019234332810431787
1992-04-11,0.015478469998135722
1992-04-12,0.03344472867619152
1992-04-13,0.017454371347971873
1992-04-14,0.01621538676023113
1992-04-15,0.015175741897942045
1992-04-16,0.014300007272375992
1992-04-17,0.013587394058744222
1992-04-18,0.012963479211355601
1992-04-19,0.012420692832176583
1992-04-20,0.011954566135755386
1992-04-21,0.011551846621675176
1992-04-22,0.011201642868047592
1992-04-23,0.01098539298677227
1992-04-24,0.010856496642887155
1992-04-25,0.010813273974244036
1992-04-26,0.01065420873444988
1992-04-27,0.010551228763539262
1992-04-28,0.010422883748847889
1992-04-29,0.010177974187185244
1992-04-30,0.009959322662583146
1992-05-01,0.00976258198594795
1992-05-02,0.009584161131769247
1992-05-03,0.05320832837861885
1992-05-04,0.013969733474915202
1992-05-05,0.013148974746255168
1992-05-06,0.012454967211506601
1992-05-07,0.011865445325337237
1992-05-08,0.011362155538422942
1992-05-09,0.010930119177293389
1992-05-10,0.010698393198651198
1992-05-11,0.010566782077108454
1992-05-12,0.010258524493717438
1992-05-13,0.009965399458727072
1992-05-14,0.00973667710521454
1992-05-15,0.009609138777027397
1992-05-16,0.00985348131552846
1992-05-17,0.009932640156616105
1992-05-18,0.009648978550713278
1992-05-19,0.009399478411916988
1992-05-20,0.009178395949604552
1992-05-21,0.008980992639211377
1992-05-22,0.00882658810793002
1992-05-23,0.008769790302991227
1992-05-24,0.026633063664072237
1992-05-25,0.01131716733425353
1992-05-26,0.009946405237762393
1992-05-27,0.012626090279410836
1992-05-28,0.009662914302882146
1992-05-29,0.009342979258836545
1992-05-30,0.009064309638664676
1992-05-31,0.008819903212108113
1992-06-01,0.008603988560315481
1992-06-02,0.008411804568903563
1992-06-03,0.008239420163423659
1992-06-04,0.008128590755591572
1992-06-05,0.008028852634770649
1992-06-06,0.02900370651767231
1992-06-07,0.01407576886529289
1992-06-08,0.00999167408448152
1992-06-09,0.008916944420768508
1992-06-10,0.00862751856050307
1992-06-11,0.00837505570420255
1992-06-12,0.008153301386540286
1992-06-13,0.007957097971012695
1992-06-14,0.007782188614377439
1992-06-15,0.007625056918958467
1992-06-16,0.007482795653480941
1992-06-17,0.007352999174287596
1992-06-18,0.03638536747078379
1992-06-19,0.043682862543205386
1992-06-20,0.009998192928714594
1992-06-21,0.009555094568835491
1992-06-22,0.009159192672656016
1992-06-23,0.008767031574683693
1992-06-24,0.008430290741576014
1992-06-25,0.008139447882982173
1992-06-26,0.007909245256908637
1992-06-27,0.007809074244690393
1992-06-28,0.007646153706694424
1992-06-29,0.007448823474045731
1992-06-30,0.015724372612026343
1992-07-01,0.018755629319053516
1992-07-02,0.04163379697073973
1992-07-03,0.03150198166559507
1992-07-04,0.010102083031555093
1992-07-05,0.009525837491089687
1992-07-06,0.009393941923120763
1992-07-07,0.12409752902804606
1992-07-08,0.019370649290956606
1992-07-09,0.019127460600168508
1992-07-10,0.023098652998211105
1992-07-11,0.039663069845905466
1992-07-12,0.041328978831498935
1992-07-13,0.018946151298550786
1992-07-14,0.016811695875883197
1992-07-15,0.015465171083497688
1992-07-16,0.02725079753406097
1992-07-17,0.03242385473333935
1992-07-18,0.02805651151171065
1992-07-19,0.017713444112139088
1992-07-20,0.03211049993154493
1992-07-21,0.032703578775770355
1992-07-22,0.04476049117655014
1992-07-23,0.020179016651047387
1992-07-24,0.018360448078035923
1992-07-25,0.017069057403165933
1992-07-26,0.01591550760993937
1992-07-27,0.014806402008049111
1992-07-28,0.013874837480033889
1992-07-29,0.013089342793547178
1992-07-30,0.012483732845124608
1992-07-31,0.011928887846871468
1992-08-01,0.011434558179515115
1992-08-02,0.011009711374828125
1992-08-03,0.010642362372903821
1992-08-04,0.010322656882186062
1992-08-05,0.01004248521056691
1992-08-06,0.009795167421251997
1992-08-07,0.009754356800441863
1992-08-08,0.009986724562879495
1992-08-09,0.035337036346457816
1992-08-10,0.013532361520706063
1992-08-11,0.014951564430923733
1992-08-12,0.01844111006860779
1992-08-13,0.053009473868113687
1992-08-14,0.014695228316803137
1992-08-15,0.022226469399864158
1992-08-16,0.016484181750707604
1992-08-17,0.013853785227001578
1992-08-18,0.014269988590909048
1992-08-19,0.0127674905522738
1992-08-20,0.012104728370735653
1992-08-21,0.011541291783988434
1992-08-22,0.01105985125542598
1992-08-23,0.01064618287566168
1992-08-24,0.010288600942154719
1992-08-25,0.009977496223595375
1992-08-26,0.010330811620968746
1992-08-27,0.09313172799829077
1992-08-28,0.021775501172397804
1992-08-29,0.018389110592831378
1992-08-30,0.016227077165394548
1992-08-31,0.015464634692510686
1992-09-01,0.09314657424956056
1992-09-02,0.048018476101723884
1992-09-03,0.04706697788825529
1992-09-04,0.026304686017070335
1992-09-05,0.02367541694005984
1992-09-06,0.02149507458185353
1992-09-07,0.019682218219634087
1992-09-08,0.018170513581843618
1992-09-09,0.01690587313928867
1992-09-10,0.015844148954485215
1992-09-11,0.014949269095591224
1992-09-12,0.014191730570962846
1992-09-13,0.013547379177068386
1992-09-14,0.01299642052349857
1992-09-15,0.02908659990130011
1992-09-16,0.033606902965454426
1992-09-17,0.017468696682587364
1992-09-18,0.0159217799747451
1992-09-19,0.015014678089819466
1992-09-20,0.01424707496208892
1992-09-21,0.013885962161392073
1992-09-22,0.023448555162022603
1992-09-23,0.02926460862198241
1992-09-24,0.03277587606378175
1992-09-25,0.01951578291824584
1992-09-26,0.016463235845586423
1992-09-27,0.015538819755528373
1992-09-28,0.056612177672169695
1992-09-29,0.03196998779559466
1992-09-30,0.023848652278914972
1992-10-01,0.01966900549635776
1992-10-02,0.01816471486950008
1992-10-03,0.016986486799062034
1992-10-04,0.01599484723021205
1992-10-05,0.015199090897502094
1992-10-06,0.01906421718075964
1992-10-07,0.025222827533811037
1992-10-08,0.01754051546119736
1992-10-09,0.09958915171282906
1992-10-10,0.05081969931291618
1992-10-11,0.15341272866366856
1992-10-12,0.053283759058035285
1992-10-13,0.05817950653485506
1992-10-14,0.04830333136101539
1992-10-15,0.0449662108407928
1992-10-16,0.038023645048279896
1992-10-17,0.032990702760801016
1992-10-18,0.029985948141264523
1992-10-19,0.027490312096705688
1992-10-20,0.025411229925063495
1992-10-21,0.04664335116738804
1992-10-22,0.028044018549984118
1992-10-23,0.029648420297803457
1992-10-24,0.031343390015694535
1992-10-25,0.044947464951729556
1992-10-26,0.033428638325798496
1992-10-27,0.03935417238128132
1992-10-28,0.02694863090381079
1992-10-29,0.02508381703670479
1992-10-30,0.025254984107382267
1992-10-31,0.056641418606563264
1992-11-01,0.045104115710273666
1992-11-02,0.033649407805640685
1992-11-03,0.029905058116825395
1992-11-04,0.027111418060302
1992-11-05,0.024887320810995414
1992-11-06,0.03747198883875182
1992-11-07,0.025105123148045323
1992-11-08,0.02362933906793938
1992-11-09,0.04080187012204295
1992-11-10,0.055407712681767717
1992-11-11,0.02969518344801719
1992-11-12,0.027526486008132473
1992-11-13,0.03045976734484257
1992-11-14,0.03863259951920016
1992-11-15,0.05171832745229422
1992-11-16,0.047646642465073746
1992-11-17,0.03168976497063046
1992-11-18,0.0290927225881875
1992-11-19,0.02711349439249862
1992-11-20,0.037192524831190704
1992-11-21,0.03389223301260862
1992-11-22,0.06084845480917663
1992-11-23,0.05194880667888389
1992-11-24,0.03375548148095366
1992-11-25,0.052848328916237454
1992-11-26,0.033589597177848644
1992-11-27,0.0448848019380308
1992-11-28,0.03183811886076467
1992-11-29,0.029585442254378338
1992-11-30,0.027699354420438697
1992-12-01,0.04363163844015929
1992-12-02,0.05214198703582462
1992-12-03,0.031869465172539
1992-12-04,0.05224335559296275
1992-12-05,0.032531801108432505
1992-12-06,0.06577999355818154
1992-12-07,0.03588098304075068
1992-12-08,0.033101732723182
1992-12-09,0.06342403411944657
1992-12-10,0.040797508291120936
1992-12-11,0.03423690790075414
1992-12-12,0.03179760895120009
1992-12-13,0.029756343898465196
1992-12-14,0.028041287369928048
1992-12-15,0.026593896900500968
1992-12-16,0.027615062523555143
1992-12-17,0.04402054587656942
1992-12-18,0.04074596339697886
1992-12-19,0.029138573492340693
1992-12-20,0.027504833609512405
1992-12-21,0.026124401378459106
1992-12-22,0.02495214328639706
1992-12-23,0.023951184588463455
1992-12-24,0.023091367373991197
1992-12-25,0.02234800233773906
1992-12-26,0.021700857169678428
1992-12-27,0.021133335800507424
1992-12-28,0.020631811771263532
1992-12-29,0.02018508620785441
1992-12-30,0.026333244565143337
1992-12-31,0.021512066262225488
1993-01-01,0.04067091844431721
1993-01-02,0.029693073228729855
1993-01-03,0.08869490453401792
1993-01-04,0.03639956502666874
1993-01-05,0.04838058041468569
1993-01-06,0.03421442190295661
1993-01-07,0.0316572368286446
1993-01-08,0.029520764469922967
1993-01-09,0.027728959392248943
1993-01-10,0.02621985811478843
1993-01-11,0.024942917689497367
1993-01-12,0.023856867661035442
1993-01-13,0.022927974316922384
1993-01-14,0.022569883530249458
1993-01-15,0.022300072201344747
1993-01-16,0.02156894785225794
1993-01-17,0.020933151505385748
1993-01-18,0.03552416913360968
1993-01-19,0.04588417646233283
1993-01-20,0.04337618703090094
1993-01-21,0.02860307709276295
1993-01-22,0.028053240252183004
1993-01-23,0.02573457090612072
1993-01-24,0.07956282951220554
1993-01-25,0.04023920357334492
1993-01-26,0.03324344514619347
1993-01-27,0.030812395341351925
1993-01-28,0.028779595403151188
1993-01-29,0.027073162483884864
1993-01-30,0.03593672511632518
1993-01-31,0.03190909151919107
1993-02-01,0.026606089309673814
1993-02-02,0.06656083503465005
1993-02-03,0.03267623998908659
1993-02-04,0.0303735512789195
1993-02-05,0.028445519629068244
1993-02-06,0.026824636145475585
1993-02-07,0.025455858972114612
1993-02-08,0.02429426369189269
1993-02-09,0.025154476822534282
1993-02-10,0.023430873618428712
1993-02-11,0.022551648544092747
1993-02-12,0.021793425441419826
1993-02-13,0.021135140179057918
1993-02-14,0.02055951788293969
1993-02-15,0.02005237762607587
1993-02-16,0.019602067205337855
1993-02-17,0.019199003184619416
1993-02-18,0.04011326227852758
1993-02-19,0.04194522774844528
1993-02-20,0.02614796236344158
1993-02-21,0.02470816529053843
1993-02-22,0.023490212502306818
1993-02-23,0.02255083305103348
1993-02-24,0.021781826121472312
1993-02-25,0.04583725387517201
1993-02-26,0.02553033054179965
1993-02-27,0.02415229457560615
1993-02-28,0.02298550425127953
1993-03-01,0.021992488187238455
1993-03-02,0.02114260334554441
1993-03-03,0.020410765608328316
1993-03-04,0.019776421082553106
1993-03-05,0.01922271155707212
1993-03-06,0.01873579673135769
1993-03-07,0.01830430317809684
1993-03-08,0.017918875872958137
1993-03-09,0.01757181282520132
1993-03-10,0.017256767110603793
1993-03-11,0.016968503632159748
1993-03-12,0.016802369067856947
1993-03-13,0.01745517823328223
1993-03-14,0.017930763026802018
1993-03-15,0.03151330367241471
1993-03-16,0.020367864481247843
1993-03-17,0.019522766385783572
1993-03-18,0.01889966524559929
1993-03-19,0.018902512041639907
1993-03-20,0.018610854114174787
1993-03-21,0.01799186595587692
1993-03-22,0.017453809370800367
1993-03-23,0.017697150072314066
1993-03-24,0.01783731026955517
1993-03-25,0.017284271037258214
1993-03-26,0.016801282763450807
1993-03-27,0.017618057250947842
1993-03-28,0.018657024341089273
1993-03-29,0.01768679045518116
1993-03-30,0.017098609792797193
1993-03-31,0.01658725731015925
1993-04-01,0.016139529489231415
1993-04-02,0.01574457417252202
1993-04-03,0.015393463527696624
1993-04-04,0.015078846057004512
1993-04-05,0.01479466273565598
1993-04-06,0.014535915233244842
1993-04-07,0.014301888202185137
1993-04-08,0.01408317099945488
1993-04-09,0.014147648892408859
1993-04-10,0.02811477311622773
1993-04-11,0.01857569685183615
1993-04-12,0.05333953189032106
1993-04-13,0.02565436389808917
1993-04-14,0.021284086997707913
1993-04-15,0.01996921288949846
1993-04-16,0.019042493917175222
1993-04-17,0.018138887615233124
1993-04-18,0.017309156773095382
1993-04-19,0.016600497809244327
1993-04-20,0.016036146634602733
1993-04-21,0.015775695315680974
1993-04-22,0.022776344906639545
1993-04-23,0.01824625954467753
1993-04-24,0.017025264964846413
1993-04-25,0.01633044338088051
1993-04-26,0.015721223438968396
1993-04-27,0.015311290443917219
1993-04-28,0.014917175049914896
1993-04-29,0.014490937768534442
1993-04-30,0.014116410853164231
1993-05-01,0.014435212056861187
1993-05-02,0.015697355880390645
1993-05-03,0.014862365119187758
1993-05-04,0.01441233997622792
1993-05-05,0.014005309851297628
1993-05-06,0.024272480033240108
1993-05-07,0.015489801670075699
1993-05-08,0.01594859899109697
1993-05-09,0.015092081371344226
1993-05-10,0.014536018331910844
1993-05-11,0.014055358739622615
1993-05-12,0.01363711084059023
1993-05-13,0.01327059614042742
1993-05-14,0.012947029430975594
1993-05-15,0.012659176526534194
1993-05-16,0.012401075051200389
1993-05-17,0.012167806438250944
1993-05-18,0.011955309568851283
1993-05-19,0.01176022830136194
1993-05-20,0.011579786612177964
1993-05-21,0.011533629956080352
1993-05-22,0.01142977388863031
1993-05-23,0.011257242625788158
1993-05-24,0.011096192430768462
1993-05-25,0.010944861768931627
1993-05-26,0.010991500931122557
1993-05-27,0.01114207870825077
1993-05-28,0.011052133922176828
1993-05-29,0.010859845724089141
1993-05-30,0.01084998595252884
1993-05-31,0.041114604020953675
1993-06-01,0.013835824345690298
1993-06-02,0.012011010092966179
1993-06-03,0.011631432687119005
1993-06-04,0.011301356783639983
1993-06-05,0.011260818956929715
1993-06-06,0.011261280756078351
1993-06-07,0.010997360100045789
1993-06-08,0.010724228742347686
1993-06-09,0.010481508906729454
1993-06-10,0.010264134072696574
1993-06-11,0.010067921867649715
1993-06-12,0.009889416746271175
1993-06-13,0.009725761178326188
1993-06-14,0.009626579039217644
1993-06-15,0.009532704232196805
1993-06-16,0.009387612469670618
1993-06-17,0.009252284336212542
1993-06-18,0.009125223094107656
1993-06-19,0.00911235626318702
1993-06-20,0.009071617081068597
1993-06-21,0.008938676434865277
1993-06-22,0.00881410613257832
1993-06-23,0.008711284702871648
1993-06-24,0.008656808687751887
1993-06-25,0.008563354905123681
1993-06-26,0.008450595392730364
1993-06-27,0.008343474059672009
1993-06-28,0.008241183179968742
1993-06-29,0.008143050101702024
1993-06-30,0.008048514085004064
1993-07-01,0.00795710718014674
1993-07-02,0.007868438428937878
1993-07-03,0.00783439949928054
1993-07-04,0.0077865450063773455
1993-07-05,0.00769303325044824
1993-07-06,0.007603056600650385
1993-07-07,0.00752112004665892
1993-07-08,0.007438518911643843
1993-07-09,0.007356834445393634
1993-07-10,0.007326456790101961
1993-07-11,0.023447128589857452
1993-07-12,0.017863527239319218
1993-07-13,0.007362509115618052
1993-07-14,0.0364462987147102
1993-07-15,0.010805159882003328
1993-07-16,0.007569766620186116
1993-07-17,0.0074059382536421125
1993-07-18,0.007258545830557253
1993-07-19,0.007199341652694642
1993-07-20,0.10977981939987687
1993-07-21,0.010271299671397501
1993-07-22,0.020598855576571304
1993-07-23,0.028939612315222508
1993-07-24,0.013662963584861463
1993-07-25,0.010940471091731253
1993-07-26,0.009715639071897044
1993-07-27,0.01756740066403008
1993-07-28,0.009626135397650068
1993-07-29,0.009146878801771627
1993-07-30,0.008825611372662943
1993-07-31,0.021736572189935324
1993-08-01,0.04015627441235935
1993-08-02,0.011088966934310357
1993-08-03,0.010390534635962198
1993-08-04,0.009801039894235237
1993-08-05,0.009301390774580276
1993-08-06,0.008875924360129104
1993-08-07,0.008511778893467678
1993-08-08,0.008198383121039382
1993-08-09,0.00792704053000475
1993-08-10,0.0076905904988587535
1993-08-11,0.0074831318567922635
1993-08-12,0.007435788611515424
1993-08-13,0.009003683131671998
1993-08-14,0.014530247519415796
1993-08-15,0.0076485029258058146
1993-08-16,0.015121346971134021
1993-08-17,0.00780932281807703
1993-08-18,0.010982863678674739
1993-08-19,0.009580260399807293
1993-08-20,0.03548569361053542
1993-08-21,0.009970933938211688
1993-08-22,0.008564020396994068
1993-08-23,0.008187827729680403
1993-08-24,0.02064712412169475
1993-08-25,0.008867465481160295
1993-08-26,0.008435954757911382
1993-08-27,0.008067637301304558
1993-08-28,0.007782950416227245
1993-08-29,0.0075233616446207935
1993-08-30,0.007280254399036586
1993-08-31,0.0070680441545228
1993-09-01,0.00688152200621936
1993-09-02,0.006716389173107165
1993-09-03,0.006569094953331565
1993-09-04,0.006436704062153019
1993-09-05,0.006316787925137324
1993-09-06,0.006207335520716637
1993-09-07,0.006106680191825502
1993-09-08,0.006013439514252868
1993-09-09,0.0059264658503265484
1993-09-10,0.005844805655152657
1993-09-11,0.0057676659586058734
1993-09-12,0.005694386735467443
1993-09-13,0.005624418111294305
1993-09-14,0.005557301543050345
1993-09-15,0.005492654269522646
1993-09-16,0.005430156453768675
1993-09-17,0.005369540543695835
1993-09-18,0.005310582461732368
1993-09-19,0.005253094303945459
1993-09-20,0.005196918285765243
1993-09-21,0.005141921718008412
1993-09-22,0.017183321452078137
1993-09-23,0.00545631302027258
1993-09-24,0.0053637976403641255
1993-09-25,0.005303751825976882
1993-09-26,0.005216372746346989
1993-09-27,0.005126912662214368
1993-09-28,0.00507107823318011
1993-09-29,0.011367525956186604
1993-09-30,0.00517647571366021
1993-10-01,0.006839113877598419
1993-10-02,0.005073327414136693
1993-10-03,0.004981892909817606
1993-10-04,0.0049029578608079626
1993-10-05,0.10822648218615406
1993-10-06,0.04508092870529066
1993-10-07,0.04312594645908884
1993-10-08,0.02795728683219086
1993-10-09,0.05781202286707341
1993-10-10,0.05229851855270231
1993-10-11,0.017852331790228274
1993-10-12,0.016839658511843682
1993-10-13,0.0555503030838899
1993-10-14,0.02511461367614855
1993-10-15,0.044959673534010196
1993-10-16,0.02073874526290365
1993-10-17,0.031478642191187074
1993-10-18,0.02046151833214128
1993-10-19,0.02474243396215489
1993-10-20,0.04072421670842946
1993-10-21,0.022067730489826378
1993-10-22,0.017023155586523963
1993-10-23,0.015501547322887154
1993-10-24,0.06900997206597852
1993-10-25,0.0795032063062513
1993-10-26,0.04714556719092008
1993-10-27,0.02926574893991271
1993-10-28,0.029617572488252506
1993-10-29,0.024110016300129447
1993-10-30,0.02173414884567941
1993-10-31,0.019762482470731133
1993-11-01,0.01812186827386493
1993-11-02,0.021948528136721098
1993-11-03,0.05399432866920212
1993-11-04,0.022350665717495128
1993-11-05,0.020370489318395166
1993-11-06,0.02564191371914724
1993-11-07,0.0189699230065153
1993-11-08,0.017569544553082253
1993-11-09,0.06334372079210072
1993-11-10,0.032674794459345034
1993-11-11,0.02572638588336215
1993-11-12,0.11235185129963138
1993-11-13,0.06584362795411856
1993-11-14,0.052213276787734166
1993-11-15,0.05109228267603902
1993-11-16,0.036115188576513545
1993-11-17,0.041502311918455694
1993-11-18,0.045789962776318825
1993-11-19,0.031238460976454857
1993-11-20,0.028383083332885372
1993-11-21,0.029144095680573714
1993-11-22,0.025017723759314454
1993-11-23,0.02321473674890601
1993-11-24,0.02170468094369564
1993-11-25,0.020435048042747633
1993-11-26,0.01936297200059186
1993-11-27,0.018453422445579546
1993-11-28,0.01767774346613382
1993-11-29,0.01701247038482495
1993-11-30,0.016438370557203666
1993-12-01,0.01593966492241586
1993-12-02,0.015503395561474467
1993-12-03,0.015118911332594217
1993-12-04,0.014777449103233706
1993-12-05,0.017168240810542863
1993-12-06,0.024865590573232274
1993-12-07,0.023321655622662543
1993-12-08,0.02215359384590361
1993-12-09,0.018393744193278837
1993-12-10,0.01692291962571101
1993-12-11,0.03698946430476203
1993-12-12,0.06249514848294244
1993-12-13,0.026648472071824164
1993-12-14,0.02449458748116602
1993-12-15,0.022697748169187112
1993-12-16,0.02119360875612904
1993-12-17,0.01992969459592375
1993-12-18,0.018863167068594613
1993-12-19,0.017959018191384242
1993-12-20,0.01718861036451483
1993-12-21,0.01652849391807508
1993-12-22,0.021648501822963018
1993-12-23,0.03140415823120134
1993-12-24,0.019020352014923227
1993-12-25,0.018058545851908418
1993-12-26,0.017241028672892827
1993-12-27,0.01654243858671079
1993-12-28,0.01594199590868829
1993-12-29,0.015422658822430211
1993-12-30,0.019594479311657812
1993-12-31,0.025739824137041695
1994-01-01,0.01714822427122786
1994-01-02,0.016296209783683364
1994-01-03,0.021180574398168978
1994-01-04,0.15304393922465842
1994-01-05,0.04343143742177599
1994-01-06,0.04900864407549852
1994-01-07,0.042182387161509065
1994-01-08,0.04314304280302592
1994-01-09,0.16998068162604707
1994-01-10,0.08475001400850213
1994-01-11,0.097854758939246
1994-01-12,0.060729922933536094
1994-01-13,0.05865737777799912
1994-01-14,0.0569715385120629
1994-01-15,0.04572085593514628
1994-01-16,0.04128032864409546
1994-01-17,0.03760394828476768
1994-01-18,0.03455143252205076
1994-01-19,0.03200884902548489
1994-01-20,0.02988356182207677
1994-01-21,0.034501012119951
1994-01-22,0.028571067850581902
1994-01-23,0.026998171700081865
1994-01-24,0.025965577440048678
1994-01-25,0.024903887425855933
1994-01-26,0.06442007420273116
1994-01-27,0.031285733401982936
1994-01-28,0.03951855052051303
1994-01-29,0.029822901696721405
1994-01-30,0.02805394885926188
1994-01-31,0.026562803680503858
1994-02-01,0.02529983145072673
1994-02-02,0.02422449950085284
1994-02-03,0.03428875874417112
1994-02-04,0.05874735835442672
1994-02-05,0.032792511878704446
1994-02-06,0.02945243627115389
1994-02-07,0.027724918509760586
1994-02-08,0.02626798416802335
1994-02-09,0.04960298965644191
1994-02-10,0.029602623878243528
1994-02-11,0.06601146128863167
1994-02-12,0.04539577160033143
1994-02-13,0.05895316298533921
1994-02-14,0.04024945487177587
1994-02-15,0.03950638346674241
1994-02-16,0.03329336638066084
1994-02-17,0.031069572202700884
1994-02-18,0.030053856496724613
1994-02-19,0.0432263370702026
1994-02-20,0.02988147194874932
1994-02-21,0.028208228747662368
1994-02-22,0.026794472122539322
1994-02-23,0.02559394409835949
1994-02-24,0.024568855853154103
1994-02-25,0.02368830560549059
1994-02-26,0.022926998037586035
1994-02-27,0.02226420661002511
1994-02-28,0.021682931763859447
1994-03-01,0.021518966568246325
1994-03-02,0.021452353068932773
1994-03-03,0.021012058042925805
1994-03-04,0.020540159201346535
1994-03-05,0.02011781478760803
1994-03-06,0.01973674197926872
1994-03-07,0.019390117221707505
1994-03-08,0.019072313880982284
1994-03-09,0.018778687951367865
1994-03-10,0.018505402847384916
1994-03-11,0.018249286016888307
1994-03-12,0.01800771148747532
1994-03-13,0.018256450628611212
1994-03-14,0.01941460733626391
1994-03-15,0.019711243939935227
1994-03-16,0.019178705150349987
1994-03-17,0.03138862083601992
1994-03-18,0.023196252133126205
1994-03-19,0.02104105787691556
1994-03-20,0.020259013433265877
1994-03-21,0.019584009033510808
1994-03-22,0.018997463463251395
1994-03-23,0.018484129121419498
1994-03-24,0.027084569186530797
1994-03-25,0.033562911318560804
1994-03-26,0.02240689241400283
1994-03-27,0.021443039288984996
1994-03-28,0.02064556458041048
1994-03-29,0.019832113497969338
1994-03-30,0.019132268210292788
1994-03-31,0.018526255014080843
1994-04-01,0.0179978527595469
1994-04-02,0.017533741887695204
1994-04-03,0.017520497870981828
1994-04-04,0.018384677525150866
1994-04-05,0.01851552195324178
1994-04-06,0.017918246680102747
1994-04-07,0.01739803880869126
1994-04-08,0.016941665846423256
1994-04-09,0.016538251795097117
1994-04-10,0.0163660604187854
1994-04-11,0.016482922387693326
1994-04-12,0.01621203634463977
1994-04-13,0.015998951760399494
1994-04-14,0.016107364286560972
1994-04-15,0.016146297645885262
1994-04-16,0.015835637299531014
1994-04-17,0.01547609049121635
1994-04-18,0.015154423357629246
1994-04-19,0.014864333778814846
1994-04-20,0.014600623846539757
1994-04-21,0.014359002493525693
1994-04-22,0.01413592405862782
1994-04-23,0.013928456121623538
1994-04-24,0.013734171201542406
1994-04-25,0.013551057929888151
1994-04-26,0.013377448132381805
1994-04-27,0.013211956918139312
1994-04-28,0.013053433414034768
1994-04-29,0.012900920218881918
1994-04-30,0.012753620006647157
1994-05-01,0.012610867995982116
1994-05-02,0.012472109237638826
1994-05-03,0.012336879862039678
1994-05-04,0.012233957917246708
1994-05-05,0.012122939543096928
1994-05-06,0.012343315966979516
1994-05-07,0.012551919102116135
1994-05-08,0.012459917216629679
1994-05-09,0.030070679194343895
1994-05-10,0.015062345989880344
1994-05-11,0.012955343794717036
1994-05-12,0.012821370215551166
1994-05-13,0.012657622038249444
1994-05-14,0.012356043119084753
1994-05-15,0.012144584443479906
1994-05-16,0.011932354455733556
1994-05-17,0.011701561893862145
1994-05-18,0.011491890762442539
1994-05-19,0.011299916328565982
1994-05-20,0.011250993868625811
1994-05-21,0.01138572668507837
1994-05-22,0.01132253592469642
1994-05-23,0.011107202502837263
1994-05-24,0.01091123176605934
1994-05-25,0.010731495452908366
1994-05-26,0.01056540533372867
1994-05-27,0.010410818076659249
1994-05-28,0.04347247182060937
1994-05-29,0.05443208667591249
1994-05-30,0.014467736360185786
1994-05-31,0.02952752881651409
1994-06-01,0.026635472471991342
1994-06-02,0.016238294852764307
1994-06-03,0.01420897657944105
1994-06-04,0.01349417119566495
1994-06-05,0.012885870242503518
1994-06-06,0.012365473776684571
1994-06-07,0.011917720071669786
1994-06-08,0.011530074747245768
1994-06-09,0.01119223386158639
1994-06-10,0.010895719285959983
1994-06-11,0.010633548888638164
1994-06-12,0.010399967428480723
1994-06-13,0.010206950938606288
1994-06-14,0.010020071322567804
1994-06-15,0.009844239457668739
1994-06-16,0.009682857385003728
1994-06-17,0.009533628437894924
1994-06-18,0.009394649805676966
1994-06-19,0.009264343583951281
1994-06-20,0.009141400110619298
1994-06-21,0.009024731359104666
1994-06-22,0.008913432571839311
1994-06-23,0.008834424345440411
1994-06-24,0.008744413755233391
1994-06-25,0.008639972111275379
1994-06-26,0.008539405208247771
1994-06-27,0.008456538329295946
1994-06-28,0.008370481784091704
1994-06-29,0.008275949607097438
1994-06-30,0.008184173713533199
1994-07-01,0.008094829054765265
1994-07-02,0.00800764331722031
1994-07-03,0.007922388039140202
1994-07-04,0.007838871249459737
1994-07-05,0.007756931363718182
1994-07-06,0.007676432118855873
1994-07-07,0.007597258367233438
1994-07-08,0.0075193125817929396
1994-07-09,0.00744251195021665
1994-07-10,0.007366785957257509
1994-07-11,0.0072920743719509865
1994-07-12,0.007218325570854232
1994-07-13,0.007145495140351739
1994-07-14,0.007073544710872303
1994-07-15,0.007002440983953319
1994-07-16,0.006932154919768615
1994-07-17,0.006862661058256614
1994-07-18,0.006793936951549922
1994-07-19,0.0067259626891846384
1994-07-20,0.0066587205006951485
1994-07-21,0.0065922840914431945
1994-07-22,0.006526484445159165
1994-07-23,0.006461336290752315
1994-07-24,0.0063968664806885395
1994-07-25,0.03698588661004087
1994-07-26,0.006321595808826787
1994-07-27,0.006252863868706295
1994-07-28,0.006185747639708931
1994-07-29,0.006120079899019283
1994-07-30,0.00605571994738621
1994-07-31,0.005992549196801822
1994-08-01,0.005930467504863787
1994-08-02,0.005869737459908964
1994-08-03,0.005809663506492231
1994-08-04,0.005750340792727551
1994-08-05,0.0056918448918735695
1994-08-06,0.08580521423075245
1994-08-07,0.005733800431410609
1994-08-08,0.005657653295958075
1994-08-09,0.005585375336691828
1994-08-10,0.005516413468292677
1994-08-11,0.005450306502458522
1994-08-12,0.02861787322151005
1994-08-13,0.023157405032076167
1994-08-14,0.03528162550599969
1994-08-15,0.005549960472977837
1994-08-16,0.005451079331818775
1994-08-17,0.005365468763761458
1994-08-18,0.019967189401069323
1994-08-19,0.008008701756870766
1994-08-20,0.04395698310492172
1994-08-21,0.008321025412276395
1994-08-22,0.005610861741345371
1994-08-23,0.008381180385549612
1994-08-24,0.0219573941715859
1994-08-25,0.005598680848229846
1994-08-26,0.0054449656066385905
1994-08-27,0.005309205570084899
1994-08-28,0.005188424354402472
1994-08-29,0.005080159744482654
1994-08-30,0.004982373195933017
1994-08-31,0.004893375550912207
1994-09-01,0.02674981728767029
1994-09-02,0.02093690760199438
1994-09-03,0.005445903371607603
1994-09-04,0.005275510712145076
1994-09-05,0.005126349313290122
1994-09-06,0.0049948696161828616
1994-09-07,0.0049807620977167484
1994-09-08,0.004950769544124307
1994-09-09,0.004832532160292329
1994-09-10,0.004726959494078247
1994-09-11,0.004631981650758916
1994-09-12,0.00454588366906654
1994-09-13,0.004467243504601641
1994-09-14,0.0043948810403372915
1994-09-15,0.004327816128343337
1994-09-16,0.0042652340346968085
1994-09-17,0.004206456958336893
1994-09-18,0.0041509205375717855
1994-09-19,0.004098154455680659
1994-09-20,0.015014736777148555
1994-09-21,0.032816346243266285
1994-09-22,0.02532399986875868
1994-09-23,0.03885440101273893
1994-09-24,0.02229153280673928
1994-09-25,0.00587720652126205
1994-09-26,0.005562219181315654
1994-09-27,0.005294131340853846
1994-09-28,0.005064880167452827
1994-09-29,0.04423438332677779
1994-09-30,0.012448128647074933
1994-10-01,0.050632866445235146
1994-10-02,0.01258896304692083
1994-10-03,0.037650723746706735
1994-10-04,0.015378938703619914
1994-10-05,0.021690994468759328
1994-10-06,0.016284920862378906
1994-10-07,0.008992099022874499
1994-10-08,0.010802166438596965
1994-10-09,0.008086018787244662
1994-10-10,0.007521198555794566
1994-10-11,0.0070456718977330674
1994-10-12,0.006716505724762679
1994-10-13,0.006436149168008619
1994-10-14,0.006126386335166178
1994-10-15,0.005861596080095426
1994-10-16,0.008692150163130867
1994-10-17,0.006405150888216404
1994-10-18,0.0061516810587568796
1994-10-19,0.005956861588184192
1994-10-20,0.014989591676512308
1994-10-21,0.006321158027451426
1994-10-22,0.03441024936436513
1994-10-23,0.01977204563762394
1994-10-24,0.008605906166697135
1994-10-25,0.007979220149161985
1994-10-26,0.05155899772960231
1994-10-27,0.011632354315724834
1994-10-28,0.01056899845763684
1994-10-29,0.009682170132280328
1994-10-30,0.008940509903259298
1994-10-31,0.00831835234727008
1994-11-01,0.007794671774199024
1994-11-02,0.0073522270386571185
1994-11-03,0.006976867089469464
1994-11-04,0.006656966441992225
1994-11-05,0.0063829657846678186
1994-11-06,0.0062435087631138
1994-11-07,0.006147296456039513
1994-11-08,0.011386496420673025
1994-11-09,0.007114975274871336
1994-11-10,0.0067638841915533135
1994-11-11,0.00646419159805135
1994-11-12,0.007583465231349497
1994-11-13,0.011726477764840692
1994-11-14,0.006697236471070049
1994-11-15,0.010834752720362537
1994-11-16,0.006630235311808993
1994-11-17,0.008802603534769343
1994-11-18,0.04313601319650268
1994-11-19,0.024921074064737796
1994-11-20,0.025080271786567767
1994-11-21,0.01336000182704108
1994-11-22,0.016921535520657737
1994-11-23,0.010717663614485428
1994-11-24,0.009874649465265277
1994-11-25,0.009168310117425015
1994-11-26,0.008574525237732744
1994-11-27,0.0083237196742039
1994-11-28,0.02866691343490761
1994-11-29,0.015102595141824013
1994-11-30,0.010101630213855047
1994-12-01,0.009390409280033667
1994-12-02,0.00879225573436363
1994-12-03,0.008287314827954145
1994-12-04,0.007859301057395554
1994-12-05,0.007494844058194083
1994-12-06,0.0071829567111672266
1994-12-07,0.006914602176116805
1994-12-08,0.006682341092320709
1994-12-09,0.006480043813563306
1994-12-10,0.006309997035098148
1994-12-11,0.006190734964226562
1994-12-12,0.011989772173744707
1994-12-13,0.06032749545532911
1994-12-14,0.03018035047437266
1994-12-15,0.014798043622578042
1994-12-16,0.14647323817325436
1994-12-17,0.05466075341982987
1994-12-18,0.039905596424067456
1994-12-19,0.04311356685692555
1994-12-20,0.029168496759743274
1994-12-21,0.025778405203382992
1994-12-22,0.022978876133670636
1994-12-23,0.02066201818135223
1994-12-24,0.01874008350377214
1994-12-25,0.01714162885653889
1994-12-26,0.016876895488471023
1994-12-27,0.0226074586744812
1994-12-28,0.016608640059241248
1994-12-29,0.014625593129241969
1994-12-30,0.013717339264017789
1994-12-31,0.012951095070512326
1995-01-01,0.024034518176850275
1995-01-02,0.013816903299422666
1995-01-03,0.01303858828962202
1995-01-04,0.01237934398302788
1995-01-05,0.02292728580481967
1995-01-06,0.02148281568459814
1995-01-07,0.02183344627371657
1995-01-08,0.0201171496310641
1995-01-09,0.031324637447568755
1995-01-10,0.02194207596790278
1995-01-11,0.03023395232620726
1995-01-12,0.01770840837841724
1995-01-13,0.01638378535698989
1995-01-14,0.015274261271719916
1995-01-15,0.014341524156795654
1995-01-16,0.013554248438963674
1995-01-17,0.019162715022551676
1995-01-18,0.013712991939995922
1995-01-19,0.013020931026803394
1995-01-20,0.01243200035393253
1995-01-21,0.011928200395133218
1995-01-22,0.013453252434517773
1995-01-23,0.01176125752789946
1995-01-24,0.011342297642333623
1995-01-25,0.010979182168662343
1995-01-26,0.010662356631735244
1995-01-27,0.010383956889223127
1995-01-28,0.01037783238143068
1995-01-29,0.014641994320702971
1995-01-30,0.010891692483902421
1995-01-31,0.010548473766097055
1995-02-01,0.010248670062520416
1995-02-02,0.010117781848145822
1995-02-03,0.029949663109322493
1995-02-04,0.01754491155429421
1995-02-05,0.016917133609390355
1995-02-06,0.013118934634036088
1995-02-07,0.012419184093273907
1995-02-08,0.011825044415496292
1995-02-09,0.011455498227339043
1995-02-10,0.011072718174426779
1995-02-11,0.0284490003341784
1995-02-12,0.018391778379988514
1995-02-13,0.02425088392097867
1995-02-14,0.02047932940246776
1995-02-15,0.014766036218352084
1995-02-16,0.0206072664426455
1995-02-17,0.014358799763234406
1995-02-18,0.1147611466882889
1995-02-19,0.031953954240172264
1995-02-20,0.02837231766718186
1995-02-21,0.025413248784713686
1995-02-22,0.022962894580139417
1995-02-23,0.020928684890791607
1995-02-24,0.019235271103436567
1995-02-25,0.01782125610261018
1995-02-26,0.016636558056940916
1995-02-27,0.01564028261104051
1995-02-28,0.014799003394979407
1995-03-01,0.01408537087904902
1995-03-02,0.014393462506301151
1995-03-03,0.014636940562402584
1995-03-04,0.07650899941070285
1995-03-05,0.03436856257115225
1995-03-06,0.052724100747600366
1995-03-07,0.0284003977475713
1995-03-08,0.028686599036022012
1995-03-09,0.030154050868373253
1995-03-10,0.023820185801650736
1995-03-11,0.021884342273767513
1995-03-12,0.020426335873819337
1995-03-13,0.0819884882345688
1995-03-14,0.03292359036165363
1995-03-15,0.06139669097805966
1995-03-16,0.03355541018102844
1995-03-17,0.030252846177759363
1995-03-18,0.02750856603083776
1995-03-19,0.0252236402272661
1995-03-20,0.023855130419801862
1995-03-21,0.023220126536015923
1995-03-22,0.02201320918113027
1995-03-23,0.02064399877802343
1995-03-24,0.019490644309072023
1995-03-25,0.018514768947942566
1995-03-26,0.017684993605489065
1995-03-27,0.016975635292886565
1995-03-28,0.016365652462520284
1995-03-29,0.015837789513375045
1995-03-30,0.015377882093049152
1995-03-31,0.014974292369765189
1995-04-01,0.014617449476588856
1995-04-02,0.014299475155985791
1995-04-03,0.014013878500719437
1995-04-04,0.014175854355371637
1995-04-05,0.014716855358674953
1995-04-06,0.01455689915674997
1995-04-07,0.014240359052117976
1995-04-08,0.01446162208484632
1995-04-09,0.014451724791184969
1995-04-10,0.014057451493211186
1995-04-11,0.013709815083223664
1995-04-12,0.013400941444802854
1995-04-13,0.01312434322165841
1995-04-14,0.012874670761351903
1995-04-15,0.01264750862890575
1995-04-16,0.012439209193665986
1995-04-17,0.012246756407531041
1995-04-18,0.012067654194567552
1995-04-19,0.011899834922896806
1995-04-20,0.011741584278900563
1995-04-21,0.011591479550721243
1995-04-22,0.011448338884308755
1995-04-23,0.011525745935660268
1995-04-24,0.011762660078546858
1995-04-25,0.011647537999837603
1995-04-26,0.011444896561350398
1995-04-27,0.011258776023772447
1995-04-28,0.011086547219169974
1995-04-29,0.010926032990335401
1995-04-30,0.01077542884634676
1995-05-01,0.01063323779603081
1995-05-02,0.010513158092119954
1995-05-03,0.010387497623119838
1995-05-04,0.010261518289544835
1995-05-05,0.010140487559343056
1995-05-06,0.010023743334361884
1995-05-07,0.009910733312928634
1995-05-08,0.00980099623932843
1995-05-09,0.009694146410807849
1995-05-10,0.009589860866558574
1995-05-11,0.009487868786586437
1995-05-12,0.00938794271289919
1995-05-13,0.009289891274575275
1995-05-14,0.009193553154860241
1995-05-15,0.009098792084794078
1995-05-16,0.009005492685882634
1995-05-17,0.00892236873894398
1995-05-18,0.00883394336794399
1995-05-19,0.00889062566430341
1995-05-20,0.008927773679889202
1995-05-21,0.00880409956109827
1995-05-22,0.008687389658469656
1995-05-23,0.008576616483316516
1995-05-24,0.008470925430485606
1995-05-25,0.008369604993302521
1995-05-26,0.008272062198930603
1995-05-27,0.008283839326260508
1995-05-28,0.008282316485944574
1995-05-29,0.04345247774657162
1995-05-30,0.013794426998009186
1995-05-31,0.009020903834889274
1995-06-01,0.008779819426468603
1995-06-02,0.008566696379964817
1995-06-03,0.008376865938374061
1995-06-04,0.008206472946247054
1995-06-05,0.008052331324441128
1995-06-06,0.00794551655518344
1995-06-07,0.007836317157653256
1995-06-08,0.007747822637740753
1995-06-09,0.007726779560625319
1995-06-10,0.007644719102152417
1995-06-11,0.007520404854367334
1995-06-12,0.007487582124808854
1995-06-13,0.020264137086796735
1995-06-14,0.031082271017605634
1995-06-15,0.0699963770462725
1995-06-16,0.012008902358251928
1995-06-17,0.02934010736951612
1995-06-18,0.01211141538260325
1995-06-19,0.010326653763155646
1995-06-20,0.009782359792241827
1995-06-21,0.013317657323869839
1995-06-22,0.009841156925941228
1995-06-23,0.009368493805871386
1995-06-24,0.008968098132268839
1995-06-25,0.008622442639895188
1995-06-26,0.008322824005018213
1995-06-27,0.00806254202598417
1995-06-28,0.007834918244085658
1995-06-29,0.007634447080019323
1995-06-30,0.007456585914241756
1995-07-01,0.007297583437827961
1995-07-02,0.007154339164871484
1995-07-03,0.007039873448523874
1995-07-04,0.006925187473707273
1995-07-05,0.006812850867127935
1995-07-06,0.006708806861258088
1995-07-07,0.0066117691555375975
1995-07-08,0.006520669452555739
1995-07-09,0.006434619728142475
1995-07-10,0.006352881144759064
1995-07-11,0.006274838417955743
1995-07-12,0.006199978662719801
1995-07-13,0.006127873923292088
1995-07-14,0.006058166734103432
1995-07-15,0.005990558177027466
1995-07-16,0.0059247979961359444
1995-07-17,0.005860676409600374
1995-07-18,0.005799426953855838
1995-07-19,0.005738394175279097
1995-07-20,0.005688851391318331
1995-07-21,0.005637811696611776
1995-07-22,0.005587479337195597
1995-07-23,0.028112503611757187
1995-07-24,0.007135421886530224
1995-07-25,0.016754897161410525
1995-07-26,0.025765118883385497
1995-07-27,0.006602657076820967
1995-07-28,0.09119476494090863
1995-07-29,0.020030552761638634
1995-07-30,0.0076370203554565405
1995-07-31,0.007247927800836357
1995-08-01,0.022452500598104635
1995-08-02,0.008237708947609381
1995-08-03,0.007200346631737359
1995-08-04,0.006875377957689875
1995-08-05,0.006602136001050106
1995-08-06,0.0065254393426823565
1995-08-07,0.006407220183307683
1995-08-08,0.006189308293521451
1995-08-09,0.005999615794015971
1995-08-10,0.005833385805605609
1995-08-11,0.005711130025313657
1995-08-12,0.00562034678761102
1995-08-13,0.005498709302656679
1995-08-14,0.0053854048757831395
1995-08-15,0.005282958363204332
1995-08-16,0.005189620222458218
1995-08-17,0.005103939753603861
1995-08-18,0.005024713059075849
1995-08-19,0.004950940224554221
1995-08-20,0.0048817900579053025
1995-08-21,0.004816571028580815
1995-08-22,0.007674107210211694
1995-08-23,0.008331788241498998
1995-08-24,0.021133055687087145
1995-08-25,0.06968001046405191
1995-08-26,0.02368606918228928
1995-08-27,0.0067663715558743355
1995-08-28,0.006441241652990845
1995-08-29,0.00616597920034076
1995-08-30,0.005894964594344552
1995-08-31,0.0056622819706348484
1995-09-01,0.005499878386525832
1995-09-02,0.005430242175532865
1995-09-03,0.005298824700638658
1995-09-04,0.005141981075810785
1995-09-05,0.00500416731148444
1995-09-06,0.004882215160708706
1995-09-07,0.004773504458620756
1995-09-08,0.004675866531543941
1995-09-09,0.004587504934772013
1995-09-10,0.004506930353377593
1995-09-11,0.00443290708943874
1995-09-12,0.004364409036464112
1995-09-13,0.004300583429085042
1995-09-14,0.004240720970596392
1995-09-15,0.020617679464129925
1995-09-16,0.0459454692815725
1995-09-17,0.022671241159695654
1995-09-18,0.006052590213702492
1995-09-19,0.005730867367801453
1995-09-20,0.005456978919631281
1995-09-21,0.005377983918767647
1995-09-22,0.005301933818998298
1995-09-23,0.00511733098145968
1995-09-24,0.004956658745702756
1995-09-25,0.004789211297795456
1995-09-26,0.004643295170544458
1995-09-27,0.004515300464186467
1995-09-28,0.00440224352509981
1995-09-29,0.004301656283794141
1995-09-30,0.004211495501185457
1995-10-01,0.004168047644784211
1995-10-02,0.004118289195711553
1995-10-03,0.004042056971288393
1995-10-04,0.00397238765401295
1995-10-05,0.00390824570179157
1995-10-06,0.0038487706186612954
1995-10-07,0.0037932467821359555
1995-10-08,0.0037410785602971716
1995-10-09,0.0036917697751655213
1995-10-10,0.0036449067401387158
1995-10-11,0.0036001442388922007
1995-10-12,0.003557193927055912
1995-10-13,0.0035158147310219157
1995-10-14,0.0034758048942961704
1995-10-15,0.003436995384038244
1995-10-16,0.003399244421394373
1995-10-17,0.003489593385045481
1995-10-18,0.009123220661156074
1995-10-19,0.015050253182598955
1995-10-20,0.0037570978209493515
1995-10-21,0.003659089360805442
1995-10-22,0.0036056316572994126
1995-10-23,0.0035603051508470043
1995-10-24,0.003897939235991322
1995-10-25,0.01405039090883617
1995-10-26,0.0036435637667623527
1995-10-27,0.02055815141720142
1995-10-28,0.04136076444076884
1995-10-29,0.005073023338548224
1995-10-30,0.014579257135838916
1995-10-31,0.012594817317059375
1995-11-01,0.00506727543084877
1995-11-02,0.016270854036298462
1995-11-03,0.005083375507823973
1995-11-04,0.004786142656425777
1995-11-05,0.00453391980412197
1995-11-06,0.004438439336888077
1995-11-07,0.004365976484034411
1995-11-08,0.004175018232975561
1995-11-09,0.00401086894101565
1995-11-10,0.0038689856918174372
1995-11-11,0.016939848227911974
1995-11-12,0.004515746092360749
1995-11-13,0.0042979035764817855
1995-11-14,0.004111511654867039
1995-11-15,0.0039512146410325445
1995-11-16,0.0038125936711463208
1995-11-17,0.0036919998017652003
1995-11-18,0.003586417389688467
1995-11-19,0.04233568568762317
1995-11-20,0.03450633375802418
1995-11-21,0.010490495170489842
1995-11-22,0.006943226284984348
1995-11-23,0.006378812142859656
1995-11-24,0.016875912918458386
1995-11-25,0.0064392183036635015
1995-11-26,0.005967723215643
1995-11-27,0.005571061558548034
1995-11-28,0.005236198692638414
1995-11-29,0.004952422509138591
1995-11-30,0.00471092172272898
1995-12-01,0.0045044422015685275
1995-12-02,0.004327006613211829
1995-12-03,0.004173685496546873
1995-12-04,0.00404041014617226
1995-12-05,0.00392381952757524
1995-12-06,0.0038211349175142476
1995-12-07,0.003730057154648739
1995-12-08,0.006726143485808831
1995-12-09,0.004171155652733802
1995-12-10,0.004023049858580555
1995-12-11,0.0038943115315933138
1995-12-12,0.013853020857442938
1995-12-13,0.015273771611293637
1995-12-14,0.018609575909990374
1995-12-15,0.019958993813183588
1995-12-16,0.00673662713590823
1995-12-17,0.032978055079167616
1995-12-18,0.01779443256983805
1995-12-19,0.008583008138622323
1995-12-20,0.007814709269988708
1995-12-21,0.007172843617308126
1995-12-22,0.006635111888104692
1995-12-23,0.006183233925965931
1995-12-24,0.00580221024037864
1995-12-25,0.005479721883482125
1995-12-26,0.005322637384487395
1995-12-27,0.005228923834982489
1995-12-28,0.004991546005650069
1995-12-29,0.004787960345902829
1995-12-30,0.004612410686102767
1995-12-31,0.004460149119064886
1996-01-01,0.004327256100420905
1996-01-02,0.004210493240463039
1996-01-03,0.004107182735206432
1996-01-04,0.0040151085262049675
1996-01-05,0.003932435200906277
1996-01-06,0.003857641391067477
1996-01-07,0.0037894650304065073
1996-01-08,0.003726858321821559
1996-01-09,0.003668950661300866
1996-01-10,0.003653043326535109
1996-01-11,0.005600502131157312
1996-01-12,0.004263815829806204
1996-01-13,0.004117641541701682
1996-01-14,0.003990327955002467
1996-01-15,0.0038787194457638196
1996-01-16,0.003780206412869101
1996-01-17,0.0036926290555541596
1996-01-18,0.0036141984121961742
1996-01-19,0.0035434315072762294
1996-01-20,0.0034790980400925017
1996-01-21,0.0034201765242616576
1996-01-22,0.0035552614190757018
1996-01-23,0.04652560796709945
1996-01-24,0.013262068479345806
1996-01-25,0.0077926187289254845
1996-01-26,0.0071105851649364725
1996-01-27,0.010133084195253703
1996-01-28,0.02251931843026778
1996-01-29,0.06171915569598387
1996-01-30,0.013993564740739178
1996-01-31,0.033695037327109226
1996-02-01,0.018341042867117237
1996-02-02,0.02821171681267938
1996-02-03,0.013917922618665412
1996-02-04,0.01530913263533245
1996-02-05,0.025616225767316734
1996-02-06,0.06575258661805107
1996-02-07,0.042840571073979906
1996-02-08,0.021172800351908203
1996-02-09,0.018712509412575306
1996-02-10,0.016677961924672115
1996-02-11,0.014991947972022636
1996-02-12,0.01359156257642704
1996-02-13,0.012425501127262857
1996-02-14,0.011451876711680459
1996-02-15,0.010636456537362261
1996-02-16,0.009951235315252407
1996-02-17,0.00937327990010694
1996-02-18,0.008883792561920532
1996-02-19,0.008708910584751366
1996-02-20,0.008724294149255267
1996-02-21,0.06713276324307735
1996-02-22,0.017803947370259886
1996-02-23,0.01604043588996171
1996-02-24,0.014575304810137473
1996-02-25,0.013354914664197763
1996-02-26,0.012335482018150825
1996-02-27,0.024686431757767913
1996-02-28,0.021405306420261175
1996-02-29,0.037583326419281055
1996-03-01,0.017943622873372502
1996-03-02,0.015751477657375394
1996-03-03,0.014274470579375385
1996-03-04,0.013204619402885349
1996-03-05,0.01230782200232501
1996-03-06,0.01171339352571935
1996-03-07,0.0112581786834001
1996-03-08,0.010667296046321974
1996-03-09,0.011350252802357975
1996-03-10,0.02983582643922195
1996-03-11,0.0725352217928874
1996-03-12,0.03358054335388244
1996-03-13,0.02280683135745991
1996-03-14,0.0783394619536164
1996-03-15,0.05218637508295191
1996-03-16,0.031349397058788274
1996-03-17,0.0336161513623229
1996-03-18,0.04794185881756043
1996-03-19,0.03219223548524204
1996-03-20,0.03684723502846068
1996-03-21,0.0322738747297329
1996-03-22,0.038010977901376905
1996-03-23,0.03660267722353563
1996-03-24,0.03029585827121628
1996-03-25,0.024593077926253436
1996-03-26,0.022496415700245853
1996-03-27,0.020749556565573667
1996-03-28,0.019289462367245654
1996-03-29,0.018064719402825974
1996-03-30,0.017033351127384706
1996-03-31,0.016161050859608478
1996-04-01,0.015419752174251275
1996-04-02,0.014786471133858203
1996-04-03,0.014242367617413031
1996-04-04,0.01377198344629806
1996-04-05,0.013362623340606413
1996-04-06,0.013003851396534314
1996-04-07,0.012687081101863625
1996-04-08,0.012479413221371145
1996-04-09,0.01228328721520689
1996-04-10,0.012906760198951954
1996-04-11,0.023872260602231785
1996-04-12,0.021315180084599653
1996-04-13,0.01832840604022764
1996-04-14,0.01542671562983799
1996-04-15,0.014938702156253014
1996-04-16,0.014453628688063805
1996-04-17,0.013858716657939094
1996-04-18,0.013347538424574692
1996-04-19,0.012905597595552216
1996-04-20,0.012520985278767265
1996-04-21,0.012801493885819684
1996-04-22,0.013064751912409975
1996-04-23,0.012641970502834917
1996-04-24,0.012262927793705553
1996-04-25,0.012389553130263117
1996-04-26,0.012872733778043004
1996-04-27,0.013020736016013926
1996-04-28,0.01307190131486923
1996-04-29,0.012739232283035438
1996-04-30,0.012302151297477937
1996-05-01,0.013498368868557027
1996-05-02,0.02251287996479992
1996-05-03,0.0165890394417024
1996-05-04,0.018099182513272003
1996-05-05,0.02223028271579595
1996-05-06,0.01605343776312209
1996-05-07,0.013964300914625983
1996-05-08,0.07942230317721723
1996-05-09,0.053036504993789625
1996-05-10,0.049043793409439755
1996-05-11,0.027370392290744703
1996-05-12,0.03680526526745121
1996-05-13,0.028004434884069698
1996-05-14,0.04151537318063916
1996-05-15,0.027455298856293258
1996-05-16,0.02340495786102797
1996-05-17,0.021534376377692302
1996-05-18,0.01997252485699283
1996-05-19,0.018663948351891772
1996-05-20,0.017563388257950084
1996-05-21,0.016633869479969105
1996-05-22,0.01584515376081652
1996-05-23,0.015172487638405459
1996-05-24,0.014595587760840993
1996-05-25,0.014097817650579679
1996-05-26,0.013665519069191022
1996-05-27,0.013287468370213919
1996-05-28,0.012954434013707807
1996-05-29,0.012658816048797462
1996-05-30,0.012394352084372555
1996-05-31,0.012155877249029369
1996-06-01,0.01241983413386427
1996-06-02,0.029484769342070453
1996-06-03,0.016274362467066015
1996-06-04,0.013312420546732116
1996-06-05,0.012997247490509053
1996-06-06,0.01279718197612655
1996-06-07,0.058741037121853086
1996-06-08,0.01647894360637626
1996-06-09,0.015686325418307015
1996-06-10,0.015002494137022421
1996-06-11,0.01430241677310687
1996-06-12,0.013704698340142193
1996-06-13,0.013191500176772899
1996-06-14,0.01274818213363789
1996-06-15,0.01236271781261144
1996-06-16,0.012025218792628516
1996-06-17,0.01183208252358544
1996-06-18,0.011711804207880185
1996-06-19,0.01145225041404402
1996-06-20,0.011207347592785808
1996-06-21,0.01098694259431042
1996-06-22,0.010787013186277757
1996-06-23,0.010604235410814301
1996-06-24,0.010695791465717917
1996-06-25,0.010800486068458952
1996-06-26,0.010590926783482502
1996-06-27,0.010600318748616817
1996-06-28,0.010839874228311777
1996-06-29,0.010416711302463735
1996-06-30,0.010213201209934264
1996-07-01,0.01002845668484937
1996-07-02,0.009859438649811909
1996-07-03,0.009703632466279385
1996-07-04,0.009558955600257248
1996-07-05,0.009423681837775075
1996-07-06,0.009296379029652937
1996-07-07,0.009175857906555262
1996-07-08,0.00906112996048418
1996-07-09,0.008951372758202373
1996-07-10,0.008990280785325419
1996-07-11,0.009012575729940712
1996-07-12,0.008878500783676671
1996-07-13,0.008753096842523176
1996-07-14,0.008635046162346597
1996-07-15,0.008523254120960727
1996-07-16,0.008416810588448788
1996-07-17,0.008314958102301965
1996-07-18,0.008217065627622084
1996-07-19,0.00812260690518525
1996-07-20,0.00803114257137033
1996-07-21,0.007942305381642084
1996-07-22,0.007855787989757246
1996-07-23,0.0077713328332360875
1996-07-24,0.007688723756040219
1996-07-25,0.007607779065163041
1996-07-26,0.007528345771682404
1996-07-27,0.0074502948109454355
1996-07-28,0.008518865667260393
1996-07-29,0.008105241988188912
1996-07-30,0.007276399273270809
1996-07-31,0.0071966172411267485
1996-08-01,0.007124130345145074
1996-08-02,0.00706624873035016
1996-08-03,0.007002770531601577
1996-08-04,0.006937924940063504
1996-08-05,0.018357322749329934
1996-08-06,0.00800107823310611
1996-08-07,0.0067836551264461855
1996-08-08,0.006707021734072095
1996-08-09,0.006631270269064075
1996-08-10,0.0065558532561143775
1996-08-11,0.006482706200411432
1996-08-12,0.006413031472124839
1996-08-13,0.006343938851462013
1996-08-14,0.00627592785549535
1996-08-15,0.0062093723683708975
1996-08-16,0.006144131930437277
1996-08-17,0.006080088139342196
1996-08-18,0.006017140993651568
1996-08-19,0.0059574389594929285
1996-08-20,0.07145937101115915
1996-08-21,0.02424112800994506
1996-08-22,0.0062050235396954555
1996-08-23,0.009264615834717502
1996-08-24,0.006009501316383104
1996-08-25,0.005910133000417186
1996-08-26,0.005818280905014247
1996-08-27,0.005732776889435651
1996-08-28,0.005652650486701732
1996-08-29,0.005577094754909309
1996-08-30,0.0055054381296580765
1996-08-31,0.005437121204576064
1996-09-01,0.005371677562203857
1996-09-02,0.005308717936589405
1996-09-03,0.005247917118684483
1996-09-04,0.005189003121534471
1996-09-05,0.02407299153806122
1996-09-06,0.0052183864847358255
1996-09-07,0.005145628544295114
1996-09-08,0.005076994520958024
1996-09-09,0.005011880248054378
1996-09-10,0.004949782263967966
1996-09-11,0.004890280634316517
1996-09-12,0.004833024753603908
1996-09-13,0.004781473188917135
1996-09-14,0.02649144796632331
1996-09-15,0.004838751931793396
1996-09-16,0.004766517820249879
1996-09-17,0.009571678894208154
1996-09-18,0.007406661617908212
1996-09-19,0.006474786025670498
1996-09-20,0.025017957012859488
1996-09-21,0.0047160570461567035
1996-09-22,0.015641572138123064
1996-09-23,0.004697696515187911
1996-09-24,0.004606406566776585
1996-09-25,0.005678352933131594
1996-09-26,0.006006573288119769
1996-09-27,0.004463276028892763
1996-09-28,0.004408803947719815
1996-09-29,0.0043554143665084895
1996-09-30,0.0042849734256407935
1996-10-01,0.004219676137448494
1996-10-02,0.00415873211521001
1996-10-03,0.004242624528121956
1996-10-04,0.004154331480364439
1996-10-05,0.004317059095349534
1996-10-06,0.005634924002749553
1996-10-07,0.026266730371231853
1996-10-08,0.004254161845518089
1996-10-09,0.004158943592004117
1996-10-10,0.004073440981846393
1996-10-11,0.003996080942423799
1996-10-12,0.003925558680626495
1996-10-13,0.0038607910605827542
1996-10-14,0.00380087822453345
1996-10-15,0.0037450719736095046
1996-10-16,0.003692749696969345
1996-10-17,0.0036433928587747116
1996-10-18,0.003596569232451789
1996-10-19,0.0035519182183658426
1996-10-20,0.003509138700700217
1996-10-21,0.0034802654346972064
1996-10-22,0.0034558254292324253
1996-10-23,0.0034142478539017397
1996-10-24,0.003373854584951629
1996-10-25,0.0033348918716919634
1996-10-26,0.003306231599642017
1996-10-27,0.007324260494126769
1996-10-28,0.0033966118406585873
1996-10-29,0.0033398973459857636
1996-10-30,0.029037326972221212
1996-10-31,0.0038129562201674517
1996-11-01,0.003543428683527656
1996-11-02,0.003455120520709969
1996-11-03,0.07128985585282997
1996-11-04,0.015324185168615096
1996-11-05,0.006249984935055666
1996-11-06,0.004747093100523547
1996-11-07,0.004486911126688849
1996-11-08,0.013453632120648115
1996-11-09,0.011945995955365376
1996-11-10,0.03828714791963096
1996-11-11,0.039396988000595344
1996-11-12,0.011185366045252785
1996-11-13,0.006839626431206028
1996-11-14,0.014007468749320419
1996-11-15,0.006353147061760507
1996-11-16,0.028487977382152644
1996-11-17,0.03909583926162613
1996-11-18,0.04553463257783235
1996-11-19,0.024335500584250356
1996-11-20,0.011438351720316186
1996-11-21,0.11620556595241589
1996-11-22,0.03482439177920789
1996-11-23,0.04875379604702553
1996-11-24,0.022234942549663544
1996-11-25,0.01953305816899061
1996-11-26,0.017301475170896106
1996-11-27,0.015454693568176277
1996-11-28,0.013923091370703819
1996-11-29,0.012649915334327891
1996-11-30,0.02244646286036212
1996-12-01,0.037558809313495305
1996-12-02,0.05024299764821707
1996-12-03,0.032810982673659804
1996-12-04,0.028478707337576754
1996-12-05,0.01869163891851604
1996-12-06,0.016834405326384565
1996-12-07,0.0244620650360521
1996-12-08,0.06530892478322667
1996-12-09,0.027801203591161176
1996-12-10,0.020903976640169852
1996-12-11,0.018830440398031553
1996-12-12,0.02785436004826915
1996-12-13,0.017513666102467924
1996-12-14,0.016037627366306092
1996-12-15,0.019912330666167412
1996-12-16,0.04013698482276316
1996-12-17,0.017927864037986418
1996-12-18,0.030849350015512787
1996-12-19,0.01769637857673278
1996-12-20,0.0162789377103316
1996-12-21,0.0267541893435924
1996-12-22,0.060990468725272244
1996-12-23,0.03202193393116744
1996-12-24,0.023048721675203453
1996-12-25,0.020456449966710442
1996-12-26,0.018726945946884788
1996-12-27,0.017284566533471594
1996-12-28,0.016077796370753874
1996-12-29,0.015064576701859358
1996-12-30,0.014210534347565891
1996-12-31,0.013487549100078483
1997-01-01,0.012872593539333668
1997-01-02,0.01234679241371169
1997-01-03,0.011894659193227354
1997-01-04,0.01150347575452588
1997-01-05,0.011162787829475747
1997-01-06,0.010863994187187883
1997-01-07,0.010600011795189225
1997-01-08,0.010365002634840331
1997-01-09,0.010154150599870132
1997-01-10,0.009963479120845605
1997-01-11,0.009789701940425785
1997-01-12,0.009630100900286718
1997-01-13,0.009482425759140418
1997-01-14,0.009344811996972733
1997-01-15,0.009215713317181505
1997-01-16,0.009093846170664452
1997-01-17,0.009386269027244855
1997-01-18,0.012571283965649181
1997-01-19,0.04137766836170973
1997-01-20,0.015034250025342767
1997-01-21,0.031420681672301255
1997-01-22,0.050423056558637165
1997-01-23,0.028321880352438687
1997-01-24,0.04181495858644211
1997-01-25,0.02266097447124214
1997-01-26,0.02055628999435545
1997-01-27,0.018806433888368397
1997-01-28,0.01734740261560436
1997-01-29,0.016126999565425734
1997-01-30,0.049964384468260986
1997-01-31,0.02105069349056704
1997-02-01,0.01928826334541622
1997-02-02,0.017818166299637877
1997-02-03,0.016587935845489496
1997-02-04,0.044674425992323415
1997-02-05,0.050460904810437975
1997-02-06,0.04862159249356748
1997-02-07,0.027040300963752175
1997-02-08,0.024461670052745146
1997-02-09,0.022320889055305364
1997-02-10,0.020538595038008922
1997-02-11,0.02064020162333338
1997-02-12,0.03640287198217528
1997-02-13,0.02881256977327686
1997-02-14,0.024647178066244387
1997-02-15,0.01997771895582062
1997-02-16,0.03969342190854796
1997-02-17,0.02186532405594234
1997-02-18,0.020165180514078243
1997-02-19,0.01882745199752288
1997-02-20,0.017702916546657285
1997-02-21,0.016753653764599866
1997-02-22,0.015948656219471613
1997-02-23,0.02709569883252946
1997-02-24,0.02660668095872489
1997-02-25,0.08311607222825868
1997-02-26,0.04700766039337984
1997-02-27,0.030540391699941338
1997-02-28,0.05770228150296832
1997-03-01,0.06285468566522194
1997-03-02,0.03527503188259557
1997-03-03,0.03176224909585948
1997-03-04,0.03111846644298837
1997-03-05,0.03142128649454305
1997-03-06,0.030620480807126
1997-03-07,0.035681938986677264
1997-03-08,0.04461506931928235
1997-03-09,0.028119879492018895
1997-03-10,0.026093681973576133
1997-03-11,0.024970051581400338
1997-03-12,0.024140729743571492
1997-03-13,0.043338743089975734
1997-03-14,0.025979218142304288
1997-03-15,0.02418163585042017
1997-03-16,0.022674225094723593
1997-03-17,0.021405003666847194
1997-03-18,0.020331532644920366
1997-03-19,0.02950138607622862
1997-03-20,0.024321397666812985
1997-03-21,0.02190983720324546
1997-03-22,0.020756221204157876
1997-03-23,0.019777882066994715
1997-03-24,0.01905730116678449
1997-03-25,0.01840303349931425
1997-03-26,0.0177606514443354
1997-03-27,0.017203912258299234
1997-03-28,0.01671804308152501
1997-03-29,0.016290908323230352
1997-03-30,0.01591252952105408
1997-03-31,0.015574694302350298
1997-04-01,0.015270637589179398
1997-04-02,0.01499478144141815
1997-04-03,0.014909018580806307
1997-04-04,0.02819397100833077
1997-04-05,0.019718128321483116
1997-04-06,0.017526568657766178
1997-04-07,0.01690432469630879
1997-04-08,0.01633182569153623
1997-04-09,0.016039320164052465
1997-04-10,0.016178933986785556
1997-04-11,0.019208916209475537
1997-04-12,0.01699678143470219
1997-04-13,0.016359468842399173
1997-04-14,0.015803972721039613
1997-04-15,0.015318215139779408
1997-04-16,0.014901744644343051
1997-04-17,0.014723308931563261
1997-04-18,0.05935063286176586
1997-04-19,0.024650028282621122
1997-04-20,0.022802956192951626
1997-04-21,0.023374364910369635
1997-04-22,0.02027445397254464
1997-04-23,0.01899615273377141
1997-04-24,0.01801093608981547
1997-04-25,0.017777863329377093
1997-04-26,0.017984027305316657
1997-04-27,0.01759504360098638
1997-04-28,0.016836108865138612
1997-04-29,0.016162176891193206
1997-04-30,0.015582507478466396
1997-05-01,0.015080751547131004
1997-05-02,0.014670171237931661
1997-05-03,0.014391764342161271
1997-05-04,0.014052000122686785
1997-05-05,0.01400776868479746
1997-05-06,0.013885286479599865
1997-05-07,0.01356415355452477
1997-05-08,0.013777015552178034
1997-05-09,0.013886689069942018
1997-05-10,0.013529289266378475
1997-05-11,0.013212735235184243
1997-05-12,0.012987588622700589
1997-05-13,0.012878217626533489
1997-05-14,0.012652215718746177
1997-05-15,0.012413105749076309
1997-05-16,0.012195397264512504
1997-05-17,0.011995628419875228
1997-05-18,0.011810936142382539
1997-05-19,0.011638950432562462
1997-05-20,0.011586848535612626
1997-05-21,0.01163309327614697
1997-05-22,0.011581039583135186
1997-05-23,0.011400937068716206
1997-05-24,0.020071508079803735
1997-05-25,0.040502968895210704
1997-05-26,0.02096467275653527
1997-05-27,0.013729126180158667
1997-05-28,0.013180097718781486
1997-05-29,0.0127075491171434
1997-05-30,0.012298272932575892
1997-05-31,0.012050167654848606
1997-06-01,0.011795476753052881
1997-06-02,0.014784516627271987
1997-06-03,0.015037379875577468
1997-06-04,0.030582839684943713
1997-06-05,0.05921842317335008
1997-06-06,0.021622231684045617
1997-06-07,0.01598693403459583
1997-06-08,0.015192684466152379
1997-06-09,0.014872454100450771
1997-06-10,0.04104016249457373
1997-06-11,0.0176504230412954
1997-06-12,0.015506348647112539
1997-06-13,0.014646552377401858
1997-06-14,0.013918111541662436
1997-06-15,0.01329795212554466
1997-06-16,0.01276716079472894
1997-06-17,0.01231021984949616
1997-06-18,0.01191438561748212
1997-06-19,0.011672509757749453
1997-06-20,0.012467760170851631
1997-06-21,0.015251454844451506
1997-06-22,0.029333181106635544
1997-06-23,0.10510101287631818
1997-06-24,0.059867566170901144
1997-06-25,0.026053879483775317
1997-06-26,0.022834212864217232
1997-06-27,0.02086156881062419
1997-06-28,0.019238563545574593
1997-06-29,0.017869418973550974
1997-06-30,0.01671396049169312
1997-07-01,0.01574131591386329
1997-07-02,0.014919084561698793
1997-07-03,0.014220752013360446
1997-07-04,0.013624599433630341
1997-07-05,0.013112819024957797
1997-07-06,0.012670795860404304
1997-07-07,0.012286524176476514
1997-07-08,0.01195013245186107
1997-07-09,0.029836803051305982
1997-07-10,0.013494572966887573
1997-07-11,0.012959877381213595
1997-07-12,0.016535099736868324
1997-07-13,0.04554976056556007
1997-07-14,0.015130054412382557
1997-07-15,0.014329194933740325
1997-07-16,0.013845882718112983
1997-07-17,0.01340745254831518
1997-07-18,0.012860259897507975
1997-07-19,0.012389768629988238
1997-07-20,0.01198272621513632
1997-07-21,0.011628241131043214
1997-07-22,0.011317354031905627
1997-07-23,0.011042688300219978
1997-07-24,0.010798165002341651
1997-07-25,0.010578770148830366
1997-07-26,0.010380364478139023
1997-07-27,0.010199527846838407
1997-07-28,0.01003343181181324
1997-07-29,0.009879735201526364
1997-07-30,0.009736498451830868
1997-07-31,0.009602113272695537
1997-08-01,0.009475244852220448
1997-08-02,0.009354784322788417
1997-08-03,0.00923980963464401
1997-08-04,0.009129553323497021
1997-08-05,0.009023375936087279
1997-08-06,0.008920744103233581
1997-08-07,0.00882121243355739
1997-08-08,0.008724408550754275
1997-08-09,0.00863002071938542
1997-08-10,0.008541316207602243
1997-08-11,0.008451680227533153
1997-08-12,0.00836308402074012
1997-08-13,0.008275819437251138
1997-08-14,0.008192526739250685
1997-08-15,0.008108613481390468
1997-08-16,0.008025039431480923
1997-08-17,0.007942753067729118
1997-08-18,0.007861668390758999
1997-08-19,0.0077817121579138405
1997-08-20,0.007702821794233245
1997-08-21,0.00762494365239812
1997-08-22,0.007548031562450701
1997-08-23,0.00747204562229364
1997-08-24,0.0073969511883846826
1997-08-25,0.007339066963043255
1997-08-26,0.008096911601064299
1997-08-27,0.011119497776122193
1997-08-28,0.02395048842807698
1997-08-29,0.007557382588253568
1997-08-30,0.007069461956417688
1997-08-31,0.02747336540779749
1997-09-01,0.0780980435271205
1997-09-02,0.01956307795076524
1997-09-03,0.007816129476361712
1997-09-04,0.011133551835970259
1997-09-05,0.046566822957348646
1997-09-06,0.014966032251117737
1997-09-07,0.024947625901428825
1997-09-08,0.07416166261020937
1997-09-09,0.025003143784540688
1997-09-10,0.011415548121636053
1997-09-11,0.010698003576184069
1997-09-12,0.010082565956368991
1997-09-13,0.009535056125502815
1997-09-14,0.009070122220397733
1997-09-15,0.008673402297943616
1997-09-16,0.008333098136195047
1997-09-17,0.008039508753644228
1997-09-18,0.0077846504410173725
1997-09-19,0.007561946948060797
1997-09-20,0.007365976621590733
1997-09-21,0.007192265824757814
1997-09-22,0.007037120005383952
1997-09-23,0.006897485422292213
1997-09-24,0.00680628406903708
1997-09-25,0.030520382940109992
1997-09-26,0.027911921710635727
1997-09-27,0.016804177886321322
1997-09-28,0.06862423598643698
1997-09-29,0.023823083932384928
1997-09-30,0.025666555336544827
1997-10-01,0.012898458620520156
1997-10-02,0.01180956374284733
1997-10-03,0.010982489066710276
1997-10-04,0.010287167022230486
1997-10-05,0.009700388816117173
1997-10-06,0.009203131813047946
1997-10-07,0.008779789695839549
1997-10-08,0.008417546982837145
1997-10-09,0.00810587029470957
1997-10-10,0.007836094148672569
1997-10-11,0.00767537161371924
1997-10-12,0.007669855545785848
1997-10-13,0.007525862389061037
1997-10-14,0.007320601491465221
1997-10-15,0.09081964645250147
1997-10-16,0.028783166273021743
1997-10-17,0.05175659620647872
1997-10-18,0.02085916500616773
1997-10-19,0.0166568144477751
1997-10-20,0.01513926774194965
1997-10-21,0.01387531858979676
1997-10-22,0.01281956493603626
1997-10-23,0.05238794767119693
1997-10-24,0.06697976517337752
1997-10-25,0.02248547956677248
1997-10-26,0.021122953030212315
1997-10-27,0.018625317778186594
1997-10-28,0.016960306042242627
1997-10-29,0.015573421376364437
1997-10-30,0.014414776682745399
1997-10-31,0.013443636209591757
1997-11-01,0.012626702971725322
1997-11-02,0.011936733166544977
1997-11-03,0.0113514138704768
1997-11-04,0.010852452971706027
1997-11-05,0.010424840393855954
1997-11-06,0.010056247725128954
1997-11-07,0.009736539808386463
1997-11-08,0.009457377001516897
1997-11-09,0.009211890946634422
1997-11-10,0.009402247376020313
1997-11-11,0.01003645908408102
1997-11-12,0.014847639220281783
1997-11-13,0.0103059732237914
1997-11-14,0.027798653588044425
1997-11-15,0.030436588657751753
1997-11-16,0.013599224210961791
1997-11-17,0.012709649827070998
1997-11-18,0.020429664074308348
1997-11-19,0.03281909265032041
1997-11-20,0.025020526166237133
1997-11-21,0.0211649763421612
1997-11-22,0.03327933478676195
1997-11-23,0.030537750934249954
1997-11-24,0.017445104122612878
1997-11-25,0.016039940094060647
1997-11-26,0.014865616647840111
1997-11-27,0.029102885554180693
1997-11-28,0.0268641956823639
1997-11-29,0.021647250202425344
1997-11-30,0.1037850819186526
1997-12-01,0.030185915147704006
1997-12-02,0.026826001636915234
1997-12-03,0.02410215294792707
1997-12-04,0.021844490574273057
1997-12-05,0.01996836300622285
1997-12-06,0.0184048347231632
1997-12-07,0.01709770836472443
1997-12-08,0.019424638650007497
1997-12-09,0.016221370836563772
1997-12-10,0.015269175559618186
1997-12-11,0.014464421312500106
1997-12-12,0.013781125720275714
1997-12-13,0.1228921412298319
1997-12-14,0.05586919275618651
1997-12-15,0.04482321134288681
1997-12-16,0.05458642546196338
1997-12-17,0.033423846584537856
1997-12-18,0.0299720172208629
1997-12-19,0.027114924903746663
1997-12-20,0.02474396961510204
1997-12-21,0.03997494837340982
1997-12-22,0.034792336047590876
1997-12-23,0.024733635317638777
1997-12-24,0.022821596684165547
1997-12-25,0.021223810285695897
1997-12-26,0.019883823165849013
1997-12-27,0.018755566205708552
1997-12-28,0.017933383403731486
1997-12-29,0.017316425492204458
1997-12-30,0.06562964836226463
1997-12-31,0.02529407467289531
1998-01-01,0.023332428483321132
1998-01-02,0.02169350054582043
1998-01-03,0.02031928151547332
1998-01-04,0.01916243870215407
1998-01-05,0.018184311027091022
1998-01-06,0.01735328821026599
1998-01-07,0.016643499040526834
1998-01-08,0.01603374858225594
1998-01-09,0.015506656117396017
1998-01-10,0.01504795514542599
1998-01-11,0.026944826655790007
1998-01-12,0.02486397368221767
1998-01-13,0.01801492409277446
1998-01-14,0.061509064004057735
1998-01-15,0.0485996213982858
1998-01-16,0.036871127588435304
1998-01-17,0.02962390538681986
1998-01-18,0.025425159319918494
1998-01-19,0.02465027815713361
1998-01-20,0.022142097276137095
1998-01-21,0.02075591091009199
1998-01-22,0.019588567047969182
1998-01-23,0.01860114341483998
1998-01-24,0.01776181717090958
1998-01-25,0.017044543930088935
1998-01-26,0.016427987510911648
1998-01-27,0.02504822630625408
1998-01-28,0.01744128031262657
1998-01-29,0.016739706840367193
1998-01-30,0.016136485287133875
1998-01-31,0.0156336946503839
1998-02-01,0.018056059653578656
1998-02-02,0.017454141762280547
1998-02-03,0.01923382963077651
1998-02-04,0.015724290166216067
1998-02-05,0.015214643015771719
1998-02-06,0.014770698302740167
1998-02-07,0.014381209996204403
1998-02-08,0.014036928041357552
1998-02-09,0.040421323466572866
1998-02-10,0.06424659629956793
1998-02-11,0.026681040051779816
1998-02-12,0.02444483567323422
1998-02-13,0.022581387646059183
1998-02-14,0.05880017921906535
1998-02-15,0.03756952795612813
1998-02-16,0.042807062159924546
1998-02-17,0.027967781069651934
1998-02-18,0.025657025724266855
1998-02-19,0.023730991996566975
1998-02-20,0.02212021963191936
1998-02-21,0.02076808505311727
1998-02-22,0.019628380460272783
1998-02-23,0.018663358885500782
1998-02-24,0.017842153659111515
1998-02-25,0.017139499103769527
1998-02-26,0.0165346938738096
1998-02-27,0.01601075998427059
1998-02-28,0.01555375984625935
1998-03-01,0.015152241028918101
1998-03-02,0.014796784387740061
1998-03-03,0.014479635937844688
1998-03-04,0.014194406649314144
1998-03-05,0.014512002759201323
1998-03-06,0.015463596268005947
1998-03-07,0.015515103447202215
1998-03-08,0.015027524497966372
1998-03-09,0.014601932247119741
1998-03-10,0.01422774034408658
1998-03-11,0.013896238865271186
1998-03-12,0.013600255164079767
1998-03-13,0.013376570883739404
1998-03-14,0.013910984434938434
1998-03-15,0.014253725902231527
1998-03-16,0.013866524547533897
1998-03-17,0.013513703769050736
1998-03-18,0.013200924432034704
1998-03-19,0.01292147015227031
1998-03-20,0.01266980335234219
1998-03-21,0.012441354267954757
1998-03-22,0.012864352750156726
1998-03-23,0.013805189025334738
1998-03-24,0.013818077983212579
1998-03-25,0.013439926407190135
1998-03-26,0.01330666175552457
1998-03-27,0.013072253247937418
1998-03-28,0.012990058995342163
1998-03-29,0.01290783872067832
1998-03-30,0.012554947905555046
1998-03-31,0.021830567038438723
1998-04-01,0.03627670147330735
1998-04-02,0.06549405037528995
1998-04-03,0.04127048596586457
1998-04-04,0.025459718047556642
1998-04-05,0.023219910623396067
1998-04-06,0.022097941137205864
1998-04-07,0.0442942685683265
1998-04-08,0.046519353235793454
1998-04-09,0.026419211504401446
1998-04-10,0.024127880055901146
1998-04-11,0.02222034738612584
1998-04-12,0.020647010983354887
1998-04-13,0.01945070180793387
1998-04-14,0.019032926624062352
1998-04-15,0.018493054836315196
1998-04-16,0.017497915313741348
1998-04-17,0.01665426597473679
1998-04-18,0.015935426815136353
1998-04-19,0.015319543726954292
1998-04-20,0.01478869823800704
1998-04-21,0.014328184731837864
1998-04-22,0.013925923010411984
1998-04-23,0.013571980353222025
1998-04-24,0.013258182261132581
1998-04-25,0.013244767320036916
1998-04-26,0.013581272011286387
1998-04-27,0.013572766368887405
1998-04-28,0.023149679610618326
1998-04-29,0.015437874524871461
1998-04-30,0.07400728571120864
1998-05-01,0.029193661743401374
1998-05-02,0.022618346446417668
1998-05-03,0.020894257826286834
1998-05-04,0.01945237568233856
1998-05-05,0.018242129495989398
1998-05-06,0.017222227624233106
1998-05-07,0.01635892031550054
1998-05-08,0.015899437989881
1998-05-09,0.015435313739198838
1998-05-10,0.018685668383653924
1998-05-11,0.016313808371736693
1998-05-12,0.015568247315472017
1998-05-13,0.014931231334836719
1998-05-14,0.014383827663873304
1998-05-15,0.013910502451523222
1998-05-16,0.01349849854371108
1998-05-17,0.013137329391958651
1998-05-18,0.012818366987747826
1998-05-19,0.012534506011763494
1998-05-20,0.01227988982768573
1998-05-21,0.012049686712909164
1998-05-22,0.011839906939648938
1998-05-23,0.011647253107637182
1998-05-24,0.011468997570231705
1998-05-25,0.011302881957969628
1998-05-26,0.021798456096255983
1998-05-27,0.01567863212366727
1998-05-28,0.09973644028562174
1998-05-29,0.02392617880949266
1998-05-30,0.024070002770428364
1998-05-31,0.03098443303733402
1998-06-01,0.018251227783298837
1998-06-02,0.017062710075847375
1998-06-03,0.016062570733285927
1998-06-04,0.015217398832033836
1998-06-05,0.014499857343207911
1998-06-06,0.013887556907776327
1998-06-07,0.013362142606279978
1998-06-08,0.012908552628153241
1998-06-09,0.012514415835656947
1998-06-10,0.012169561682338534
1998-06-11,0.01186562111885224
1998-06-12,0.011969452336132362
1998-06-13,0.015731672648742225
1998-06-14,0.012176619163820636
1998-06-15,0.011876957267425403
1998-06-16,0.011760762347576316
1998-06-17,0.011574428260380189
1998-06-18,0.020340856820799735
1998-06-19,0.10066024408768465
1998-06-20,0.020527576956135486
1998-06-21,0.018237528375638582
1998-06-22,0.01710917425642085
1998-06-23,0.016184250732453668
1998-06-24,0.015315936387018836
1998-06-25,0.014515093818365883
1998-06-26,0.014134350056467163
1998-06-27,0.02011143997283368
1998-06-28,0.01452246676776639
1998-06-29,0.0185439930430356
1998-06-30,0.0156546108756672
1998-07-01,0.01387814724734792
1998-07-02,0.013455578510346329
1998-07-03,0.012970466619003548
1998-07-04,0.012489193277488167
1998-07-05,0.012073170720037699
1998-07-06,0.011711187577852828
1998-07-07,0.011496065643988106
1998-07-08,0.011789594736856967
1998-07-09,0.030173894030156176
1998-07-10,0.01548508213941908
1998-07-11,0.012700268143817023
1998-07-12,0.01220519368303473
1998-07-13,0.011940266162518002
1998-07-14,0.011873122641654715
1998-07-15,0.07306186309762198
1998-07-16,0.02437704481717355
1998-07-17,0.01894917805859019
1998-07-18,0.016467031340802515
1998-07-19,0.01562900211695098
1998-07-20,0.04993768723371522
1998-07-21,0.020566291406624946
1998-07-22,0.01760828313239136
1998-07-23,0.016403510149473673
1998-07-24,0.015391333146350508
1998-07-25,0.01453755906178406
1998-07-26,0.0138142142521947
1998-07-27,0.013504242748976407
1998-07-28,0.01329295864215149
1998-07-29,0.01278885340370179
1998-07-30,0.012314665893491623
1998-07-31,0.011904734972380343
1998-08-01,0.011548023750170519
1998-08-02,0.011358436997280409
1998-08-03,0.01118070954044114
1998-08-04,0.010904054566899737
1998-08-05,0.010658138975611223
1998-08-06,0.010437841640643113
1998-08-07,0.010238935292466004
1998-08-08,0.01005792743456039
1998-08-09,0.0098919300945588
1998-08-10,0.009738553085897763
1998-08-11,0.009595816457606337
1998-08-12,0.009579094571563687
1998-08-13,0.009595320875016975
1998-08-14,0.011757520280962122
1998-08-15,0.009759705339459692
1998-08-16,0.009562632362323303
1998-08-17,0.009384278222865751
1998-08-18,0.009221601300082082
1998-08-19,0.00907208496849557
1998-08-20,0.01258486289989468
1998-08-21,0.019242418832509833
1998-08-22,0.053128383898468405
1998-08-23,0.01412694102621905
1998-08-24,0.017114868622725914
1998-08-25,0.012527349378088859
1998-08-26,0.017667134590873036
1998-08-27,0.012554081078056606
1998-08-28,0.010642585037259985
1998-08-29,0.010238214671008493
1998-08-30,0.009888940598447313
1998-08-31,0.00958532286771285
1998-09-01,0.009319591350070098
1998-09-02,0.009085344667546796
1998-09-03,0.008896804168186355
1998-09-04,0.00871427246791955
1998-09-05,0.008543152630316771
1998-09-06,0.008387843633433456
1998-09-07,0.00824579195752549
1998-09-08,0.00811488326800545
1998-09-09,0.00799336536170951
1998-09-10,0.007879784873665018
1998-09-11,0.007772935242463131
1998-09-12,0.007725283535862732
1998-09-13,0.016371935633475592
1998-09-14,0.008170690088511763
1998-09-15,0.00798940640237962
1998-09-16,0.007826688674328923
1998-09-17,0.007679496065587329
1998-09-18,0.007545312855687582
1998-09-19,0.007422055982398337
1998-09-20,0.0073079991544754445
1998-09-21,0.007201710512448972
1998-09-22,0.007102001374966026
1998-09-23,0.007007884064020998
1998-09-24,0.006918537172273472
1998-09-25,0.00683327693608797
1998-09-26,0.006751533622207241
1998-09-27,0.006672832034783125
1998-09-28,0.006596775411453406
1998-09-29,0.0065230321092244635
1998-09-30,0.006451324588714546
1998-10-01,0.006381420293374379
1998-10-02,0.006313124092307315
1998-10-03,0.006246272014239974
1998-10-04,0.006180726048463173
1998-10-05,0.0061163698281337005
1998-10-06,0.006053105043795091
1998-10-07,0.005990848461636931
1998-10-08,0.005929529442923377
1998-10-09,0.005869087879043343
1998-10-10,0.005809472471469387
1998-10-11,0.005750639298132325
1998-10-12,0.005692550617793068
1998-10-13,0.005648833473469034
1998-10-14,0.005646393087995323
1998-10-15,0.005617508971452693
1998-10-16,0.021578256072595416
1998-10-17,0.005695321919570677
1998-10-18,0.005605467875238256
1998-10-19,0.005521965404272404
1998-10-20,0.005443840033520162
1998-10-21,0.00537028154048317
1998-10-22,0.005300615678123212
1998-10-23,0.005234280850544321
1998-10-24,0.005170808857674551
1998-10-25,0.005109808986927272
1998-10-26,0.00505095486018197
1998-10-27,0.004993973550829564
1998-10-28,0.004938636572558371
1998-10-29,0.004892167683237766
1998-10-30,0.004846603448531546
1998-10-31,0.004793385258850628
1998-11-01,0.00474149302025286
1998-11-02,0.004690784661137903
1998-11-03,0.004641140666712083
1998-11-04,0.004592460335855788
1998-11-05,0.004544658669636757
1998-11-06,0.029791770678256474
1998-11-07,0.004869258763867809
1998-11-08,0.004768818905372864
1998-11-09,0.004677994895718793
1998-11-10,0.0045952406631596
1998-11-11,0.004519273614562987
1998-11-12,0.004449028864418358
1998-11-13,0.029460228805594364
1998-11-14,0.006867047590048196
1998-11-15,0.02086887175250902
1998-11-16,0.004967218871037096
1998-11-17,0.004815575848122454
1998-11-18,0.004682586373197302
1998-11-19,0.0045651423146459294
1998-11-20,0.004460673062394807
1998-11-21,0.004400773776969944
1998-11-22,0.0043829437357492135
1998-11-23,0.004314005923043648
1998-11-24,0.021702068154967422
1998-11-25,0.010295576518119258
1998-11-26,0.051065883329021594
1998-11-27,0.024560837204726852
1998-11-28,0.01365835680604984
1998-11-29,0.019411796186369085
1998-11-30,0.006812520153034221
1998-12-01,0.006369288340343201
1998-12-02,0.005994999554444103
1998-12-03,0.005677679693557273
1998-12-04,0.0054074842996674624
1998-12-05,0.005176312588986357
1998-12-06,0.02940395823015172
1998-12-07,0.006352513439053427
1998-12-08,0.0059820890765156795
1998-12-09,0.005667949790460164
1998-12-10,0.018630721015332124
1998-12-11,0.006048124495490921
1998-12-12,0.04003642542183742
1998-12-13,0.024166358931920803
1998-12-14,0.01923745137874649
1998-12-15,0.008875493051179588
1998-12-16,0.008157207186992055
1998-12-17,0.007555471687168074
1998-12-18,0.007049781318032738
1998-12-19,0.043583445412582356
1998-12-20,0.037619217014979923
1998-12-21,0.018832453618078265
1998-12-22,0.011574202637922684
1998-12-23,0.019725760591728845
1998-12-24,0.022173436209457265
1998-12-25,0.011113282163044158
1998-12-26,0.045638207502770506
1998-12-27,0.051976276635102785
1998-12-28,0.03394297103808811
1998-12-29,0.05585662373630809
1998-12-30,0.02195478986168939
1998-12-31,0.02745863266676531
1999-01-01,0.01880048368714755
1999-01-02,0.016754165133670382
1999-01-03,0.015163142209508965
1999-01-04,0.019562988000934287
1999-01-05,0.013755636630367768
1999-01-06,0.012678040915182036
1999-01-07,0.021995885841049886
1999-01-08,0.04579382316430857
1999-01-09,0.039350317925980136
1999-01-10,0.026437475387431866
1999-01-11,0.06805231955640248
1999-01-12,0.037790702301053004
1999-01-13,0.03294893148297808
1999-01-14,0.04752351853361011
1999-01-15,0.06194808964754947
1999-01-16,0.04163541594819716
1999-01-17,0.1057375452606682
1999-01-18,0.0634831802858772
1999-01-19,0.05326176331991158
1999-01-20,0.0415943592350309
1999-01-21,0.0356882123559635
1999-01-22,0.031196434999452544
1999-01-23,0.028097030821819538
1999-01-24,0.025528284560915503
1999-01-25,0.023393569673967735
1999-01-26,0.02161425325343505
1999-01-27,0.020126275876535805
1999-01-28,0.01887739508787799
1999-01-29,0.017824961043441077
1999-01-30,0.017103344897754127
1999-01-31,0.016529879388123482
1999-02-01,0.015829532825578026
1999-02-02,0.021530090955527898
1999-02-03,0.024261929314249295
1999-02-04,0.01802269089280008
1999-02-05,0.026256132522261014
1999-02-06,0.017594984546360378
1999-02-07,0.025898594348122615
1999-02-08,0.04786294095404051
1999-02-09,0.06457539391838897
1999-02-10,0.029054103094773645
1999-02-11,0.02643120447136484
1999-02-12,0.03326134052201029
1999-02-13,0.02463528712773319
1999-02-14,0.02277686858638849
1999-02-15,0.02738777391554394
1999-02-16,0.021586427709872947
1999-02-17,0.05662272936274302
1999-02-18,0.05589318959096242
1999-02-19,0.03794676388386963
1999-02-20,0.03398581481119861
1999-02-21,0.027610475868636505
1999-02-22,0.05106044218280356
1999-02-23,0.028932536815518318
1999-02-24,0.02658818305903245
1999-02-25,0.03601973802516633
1999-02-26,0.030410745842764375
1999-02-27,0.024729174304997187
1999-02-28,0.02310556224209487
1999-03-01,0.021741239432530257
1999-03-02,0.020589895354464212
1999-03-03,0.019613699380113148
1999-03-04,0.01878171660208815
1999-03-05,0.01806862559729404
1999-03-06,0.01745367940438657
1999-03-07,0.016919862646831218
1999-03-08,0.016453207028388744
1999-03-09,0.016042234849558395
1999-03-10,0.015677506127325446
1999-03-11,0.015354436780672227
1999-03-12,0.015694779691258032
1999-03-13,0.015865315324827624
1999-03-14,0.015468004458984433
1999-03-15,0.015115444416856113
1999-03-16,0.014800118706037977
1999-03-17,0.014515833015878778
1999-03-18,0.015453310684778161
1999-03-19,0.016250066636011765
1999-03-20,0.015721770500608596
1999-03-21,0.015253029035075173
1999-03-22,0.014842436489506644
1999-03-23,0.014480094007864543
1999-03-24,0.01468451334703101
1999-03-25,0.015354087428448638
1999-03-26,0.01525297852461841
1999-03-27,0.014796363415164562
1999-03-28,0.015194197387683019
1999-03-29,0.015345466456742715
1999-03-30,0.014832828920677318
1999-03-31,0.01438710710815399
1999-04-01,0.013996831937481656
1999-04-02,0.013652570835997538
1999-04-03,0.013346559015404637
1999-04-04,0.013072398781898862
1999-04-05,0.012824814084995343
1999-04-06,0.012674086105358048
1999-04-07,0.015523695285394127
1999-04-08,0.020281269117352067
1999-04-09,0.014686864018097184
1999-04-10,0.014147898158884458
1999-04-11,0.013681873095272532
1999-04-12,0.013276231254583935
1999-04-13,0.012920649414461636
1999-04-14,0.012606633355837728
1999-04-15,0.012327187461405877
1999-04-16,0.012425709584838867
1999-04-17,0.012508545192898507
1999-04-18,0.012222118041877826
1999-04-19,0.011953772087372147
1999-04-20,0.01171286797218065
1999-04-21,0.011494880501821673
1999-04-22,0.011788874643857245
1999-04-23,0.01213956368999738
1999-04-24,0.01201543028026749
1999-04-25,0.015780913208938444
1999-04-26,0.021518656429826474
1999-04-27,0.02137640628511776
1999-04-28,0.013852532703423756
1999-04-29,0.013252582949644048
1999-04-30,0.012738356315600443
1999-05-01,0.012294989054986915
1999-05-02,0.011910272050758683
1999-05-03,0.011574167437872838
1999-05-04,0.011278414941703603
1999-05-05,0.011016210955330933
1999-05-06,0.01078194665481603
1999-05-07,0.010570994082804123
1999-05-08,0.010379531246731272
1999-05-09,0.01020439898146747
1999-05-10,0.010042983699354089
1999-05-11,0.010254294642951767
1999-05-12,0.01176259204924298
1999-05-13,0.015911937011864632
1999-05-14,0.08311562422718173
1999-05-15,0.01654608347996386
1999-05-16,0.01539272872577375
1999-05-17,0.014424146677761429
1999-05-18,0.013607556164837014
1999-05-19,0.01291613318213472
1999-05-20,0.012327906785129393
1999-05-21,0.011824863701614709
1999-05-22,0.011392221410338894
1999-05-23,0.011017837355202289
1999-05-24,0.010691728293848969
1999-05-25,0.010405678845012712
1999-05-26,0.010152922357787005
1999-05-27,0.010128559201236806
1999-05-28,0.01037191686644265
1999-05-29,0.031968265474408446
1999-05-30,0.01125755769168984
1999-05-31,0.010942950747514545
1999-06-01,0.010650024291309615
1999-06-02,0.010312750027007702
1999-06-03,0.010018217376307842
1999-06-04,0.009759179260961186
1999-06-05,0.009555041157078666
1999-06-06,0.009356313324304184
1999-06-07,0.009183656636393433
1999-06-08,0.009085570218395534
1999-06-09,0.009075657432979138
1999-06-10,0.009116500455771278
1999-06-11,0.009108011165938979
1999-06-12,0.008957904437348396
1999-06-13,0.008774197473223019
1999-06-14,0.037206665298212455
1999-06-15,0.0365541450582032
1999-06-16,0.02369906922103623
1999-06-17,0.02515524033063708
1999-06-18,0.015778057166708836
1999-06-19,0.011714272762415726
1999-06-20,0.011136051153286313
1999-06-21,0.010626262965278431
1999-06-22,0.01018189938678531
1999-06-23,0.010201242837507047
1999-06-24,0.08912066866965633
1999-06-25,0.019095805713729486
1999-06-26,0.015974872617589134
1999-06-27,0.014838540786140858
1999-06-28,0.01654757514565693
1999-06-29,0.013774965266463607
1999-06-30,0.012899578490277336
1999-07-01,0.012161534590441586
1999-07-02,0.011536643924267875
1999-07-03,0.011005083556799015
1999-07-04,0.010550593475674016
1999-07-05,0.01015982367340363
1999-07-06,0.009821803215528481
1999-07-07,0.009606390956127631
1999-07-08,0.009519160538906533
1999-07-09,0.009296591458595406
1999-07-10,0.009058626515234947
1999-07-11,0.008847583461321164
1999-07-12,0.008658980338735288
1999-07-13,0.00848911550389744
1999-07-14,0.008334929133911342
1999-07-15,0.0356747951587197
1999-07-16,0.009658217082401296
1999-07-17,0.009313403723370237
1999-07-18,0.009014430216792874
1999-07-19,0.00875348429693174
1999-07-20,0.008524130129177335
1999-07-21,0.008321061139327653
1999-07-22,0.008151323539367651
1999-07-23,0.007990510659218814
1999-07-24,0.007841094820461534
1999-07-25,0.007704811001066153
1999-07-26,0.007579557600783837
1999-07-27,0.00746359301027423
1999-07-28,0.0073554726984244026
1999-07-29,0.007253997489242732
1999-07-30,0.007158171002445588
1999-07-31,0.00706716460533816
1999-08-01,0.006980288526946897
1999-08-02,0.006896968032002884
1999-08-03,0.006816723753103257
1999-08-04,0.006739155442895218
1999-08-05,0.0066639285414591
1999-08-06,0.00673793877871371
1999-08-07,0.008971060833854464
1999-08-08,0.06406178663254498
1999-08-09,0.01297359675292111
1999-08-10,0.03880401271076633
1999-08-11,0.007973510652589201
1999-08-12,0.007571653552572721
1999-08-13,0.007330171636981401
1999-08-14,0.0071192074850338375
1999-08-15,0.00693361965182927
1999-08-16,0.00676916477255841
1999-08-17,0.006622337705871448
1999-08-18,0.006490240654921161
1999-08-19,0.006370475915065243
1999-08-20,0.006261057904050976
1999-08-21,0.006160340944274734
1999-08-22,0.006066959925143546
1999-08-23,0.005979781506884029
1999-08-24,0.005897863959571585
1999-08-25,0.028200330089878028
1999-08-26,0.03213910711474549
1999-08-27,0.04164345627056391
1999-08-28,0.008540615409268624
1999-08-29,0.006806054442608222
1999-08-30,0.0069555590188431155
1999-08-31,0.012216791683700016
1999-09-01,0.006653592096392515
1999-09-02,0.006343872312767841
1999-09-03,0.0061683680093098355
1999-09-04,0.006016499645854587
1999-09-05,0.005879482962106503
1999-09-06,0.005755666600002142
1999-09-07,0.005647398403602343
1999-09-08,0.0055465545172959175
1999-09-09,0.005452941973423406
1999-09-10,0.005366595752922417
1999-09-11,0.005286383023608409
1999-09-12,0.005215991744437245
1999-09-13,0.00610420354519569
1999-09-14,0.01893463483587238
1999-09-15,0.05920978469763164
1999-09-16,0.00682166221870617
1999-09-17,0.006539489937218219
1999-09-18,0.006288741661406142
1999-09-19,0.008794461180857345
1999-09-20,0.009820205431176758
1999-09-21,0.007532704714871702
1999-09-22,0.005927843498554824
1999-09-23,0.00573043632624881
1999-09-24,0.015787968533852257
1999-09-25,0.006101789230874278
1999-09-26,0.005870879355770606
1999-09-27,0.005693753228919283
1999-09-28,0.005537805032679965
1999-09-29,0.005379677080619413
1999-09-30,0.005240404909243192
1999-10-01,0.005116854461649828
1999-10-02,0.005006433686080427
1999-10-03,0.0049069970376567785
1999-10-04,0.004816767108813478
1999-10-05,0.00694521563781142
1999-10-06,0.005134140092317603
1999-10-07,0.004999032160729434
1999-10-08,0.004913574225044661
1999-10-09,0.004830956073975817
1999-10-10,0.01376934270118816
1999-10-11,0.024959671799097718
1999-10-12,0.005669639360058713
1999-10-13,0.005468409622111974
1999-10-14,0.007324793313838631
1999-10-15,0.005217020607849711
1999-10-16,0.0050446795684424605
1999-10-17,0.005498588880655737
1999-10-18,0.00500640556351726
1999-10-19,0.004855774946835415
1999-10-20,0.025669352746692627
1999-10-21,0.017174610673376188
1999-10-22,0.008712010088971532
1999-10-23,0.028437634199271655
1999-10-24,0.0067981648419460665
1999-10-25,0.006383501767261438
1999-10-26,0.006032519725013469
1999-10-27,0.005734184552197586
1999-10-28,0.005479421146030252
1999-10-29,0.005260759039617966
1999-10-30,0.005072043318178028
1999-10-31,0.004908198597302608
1999-11-01,0.004860229660450408
1999-11-02,0.0048308773697231175
1999-11-03,0.004692813099051258
1999-11-04,0.004571182799957729
1999-11-05,0.004463261943588918
1999-11-06,0.01891106698322523
1999-11-07,0.013779444084617605
1999-11-08,0.04773427028615155
1999-11-09,0.038605017206564125
1999-11-10,0.01593804311272637
1999-11-11,0.009887120112731804
1999-11-12,0.017774540812592114
1999-11-13,0.014978747887373757
1999-11-14,0.048973914736082653
1999-11-15,0.027612615146841293
1999-11-16,0.020344298610016156
1999-11-17,0.012493318964311344
1999-11-18,0.030235957434615626
1999-11-19,0.04940409948638671
1999-11-20,0.016168992978923612
1999-11-21,0.02138184204170183
1999-11-22,0.030690546367549882
1999-11-23,0.015306110974941911
1999-11-24,0.013612728874004864
1999-11-25,0.03329598456677367
1999-11-26,0.0647541849211103
1999-11-27,0.020643264895389497
1999-11-28,0.018410562524343997
1999-11-29,0.016560867157827584
1999-11-30,0.015024909537436086
1999-12-01,0.013746222265914258
1999-12-02,0.05978789312875853
1999-12-03,0.019733500963195486
1999-12-04,0.01777323833097419
1999-12-05,0.016145456193909495
1999-12-06,0.014790241633938913
1999-12-07,0.013658717873492718
1999-12-08,0.012710970140853851
1999-12-09,0.011914369318085457
1999-12-10,0.011242215510083352
1999-12-11,0.04405232721312142
1999-12-12,0.01895603513512936
1999-12-13,0.03194520519826204
1999-12-14,0.01670431205879253
1999-12-15,0.0235427418807755
1999-12-16,0.12792319452407294
1999-12-17,0.03469409279787034
1999-12-18,0.03056944079823311
1999-12-19,0.0271677416535346
1999-12-20,0.03595077991231267
1999-12-21,0.024425668447617205
1999-12-22,0.022119972658999957
1999-12-23,0.02020443901569729
1999-12-24,0.018608534536960007
1999-12-25,0.017274766396228432
1999-12-26,0.016156221748891118
1999-12-27,0.015214581251129754
1999-12-28,0.014418513170725551
1999-12-29,0.013742373669884601
1999-12-30,0.013165153693358154
1999-12-31,0.012669624722359761
2000-01-01,0.012241645085254589
2000-01-02,0.011869596045413216
2000-01-03,0.011543922906055574
2000-01-04,0.011256761190344633
2000-01-05,0.03651412101243945
2000-01-06,0.016012982031761606
2000-01-07,0.022205737943992086
2000-01-08,0.03512449643638741
2000-01-09,0.07559487418074932
2000-01-10,0.039811034337951516
2000-01-11,0.048065911469846796
2000-01-12,0.07450556843518637
2000-01-13,0.04642907002928076
2000-01-14,0.042595363893262315
2000-01-15,0.04166468653761122
2000-01-16,0.04494551798672521
2000-01-17,0.046981268227075074
2000-01-18,0.031127469557553435
2000-01-19,0.028208812344395595
2000-01-20,0.02578605883951054
2000-01-21,0.02434774226345147
2000-01-22,0.024910356022200486
2000-01-23,0.026721121722896365
2000-01-24,0.022408730008339154
2000-01-25,0.0369382517384802
2000-01-26,0.03864964228288062
2000-01-27,0.029167819594223363
2000-01-28,0.026332202531259747
2000-01-29,0.04404647821622371
2000-01-30,0.034654486132041154
2000-01-31,0.030044435129446045
2000-02-01,0.024558286434429536
2000-02-02,0.02287464091955098
2000-02-03,0.02146956730336591
2000-02-04,0.02362843762250914
2000-02-05,0.021360535921604074
2000-02-06,0.01961346445738379
2000-02-07,0.054595712304843086
2000-02-08,0.02520084600850983
2000-02-09,0.023437156076914878
2000-02-10,0.021958577030136903
2000-02-11,0.029272224585416756
2000-02-12,0.02513493742118354
2000-02-13,0.021188788236823144
2000-02-14,0.020069958937521278
2000-02-15,0.019121127836824802
2000-02-16,0.018312290034179834
2000-02-17,0.017618881717135302
2000-02-18,0.017020773745620842
2000-02-19,0.01650145509002691
2000-02-20,0.016047369588654787
2000-02-21,0.015647376662949002
2000-02-22,0.015292312364895736
2000-02-23,0.01505275932490763
2000-02-24,0.01487519714906819
2000-02-25,0.014588366916686704
2000-02-26,0.014327801368688357
2000-02-27,0.014392244485497927
2000-02-28,0.015699149302531874
2000-02-29,0.05274093901633226
2000-03-01,0.04321285361706939
2000-03-02,0.03456548176253226
2000-03-03,0.03472031303492872
2000-03-04,0.06001221278876598
2000-03-05,0.030218309354199696
2000-03-06,0.027895763783322102
2000-03-07,0.02601935034309351
2000-03-08,0.02409251723677577
2000-03-09,0.022480445404696847
2000-03-10,0.021126610035451448
2000-03-11,0.01998488344839838
2000-03-12,0.019017583728639823
2000-03-13,0.018193897071987042
2000-03-14,0.01748860079667947
2000-03-15,0.01688102855070978
2000-03-16,0.01635423084830274
2000-03-17,0.015921401675201192
2000-03-18,0.015522359252587777
2000-03-19,0.015159240256463603
2000-03-20,0.014835194560665553
2000-03-21,0.014955371771189585
2000-03-22,0.015373060883716386
2000-03-23,0.015701958146176406
2000-03-24,0.015635467248868985
2000-03-25,0.015176961679091723
2000-03-26,0.015058573927866664
2000-03-27,0.04240300654861209
2000-03-28,0.03726082162232941
2000-03-29,0.023599726285114846
2000-03-30,0.0206801215824613
2000-03-31,0.01943972781990507
2000-04-01,0.018393188780420816
2000-04-02,0.017506133806967302
2000-04-03,0.016750444155628777
2000-04-04,0.016103093018652457
2000-04-05,0.015545205071823708
2000-04-06,0.015061293162163434
2000-04-07,0.014638638101593113
2000-04-08,0.014854777228811082
2000-04-09,0.016204997055499843
2000-04-10,0.018534542949248962
2000-04-11,0.015898600331633587
2000-04-12,0.015305893998481397
2000-04-13,0.014793982684085513
2000-04-14,0.014348921665762668
2000-04-15,0.01395925288975304
2000-04-16,0.01361555281677255
2000-04-17,0.022498602246633265
2000-04-18,0.016127162848711293
2000-04-19,0.015384602472690865
2000-04-20,0.014795699403882754
2000-04-21,0.01815786807037523
2000-04-22,0.027365774586612986
2000-04-23,0.01704227427656013
2000-04-24,0.01618480710749641
2000-04-25,0.015455544471367738
2000-04-26,0.014832009589225021
2000-04-27,0.014295776055383918
2000-04-28,0.013831723516297384
2000-04-29,0.013427432816787032
2000-04-30,0.013803183742317648
2000-05-01,0.01412574099648039
2000-05-02,0.013649902592485734
2000-05-03,0.051930720530503634
2000-05-04,0.0184749770545893
2000-05-05,0.017327339536330196
2000-05-06,0.016359961493853367
2000-05-07,0.015540919136574688
2000-05-08,0.014844086265729695
2000-05-09,0.014328560824115946
2000-05-10,0.014444383917347918
2000-05-11,0.019089580390063726
2000-05-12,0.014761977805917896
2000-05-13,0.014156429765197716
2000-05-14,0.013636052878112188
2000-05-15,0.013186097824791486
2000-05-16,0.012794448877946459
2000-05-17,0.012451144439815856
2000-05-18,0.012147986552493663
2000-05-19,0.011878222548389633
2000-05-20,0.011664966093096854
2000-05-21,0.011774895249192863
2000-05-22,0.011755320043541975
2000-05-23,0.011503108486691256
2000-05-24,0.011526822072184703
2000-05-25,0.011468765488125851
2000-05-26,0.011220472051919948
2000-05-27,0.010997263852943398
2000-05-28,0.010795016156699993
2000-05-29,0.010610320696777996
2000-05-30,0.010440358736828555
2000-05-31,0.010600021077108638
2000-06-01,0.010693722580475294
2000-06-02,0.024554334177989506
2000-06-03,0.013413427147472077
2000-06-04,0.01289125349556275
2000-06-05,0.014092306563645352
2000-06-06,0.014769899022596567
2000-06-07,0.013577411284496953
2000-06-08,0.01355091702262108
2000-06-09,0.010929719757762612
2000-06-10,0.010619328232029776
2000-06-11,0.010346269990760283
2000-06-12,0.010110374731948419
2000-06-13,0.009895686721302109
2000-06-14,0.00970007274630741
2000-06-15,0.009522683211941553
2000-06-16,0.009360564687620277
2000-06-17,0.09891527796945558
2000-06-18,0.01550626295718588
2000-06-19,0.014435265710733836
2000-06-20,0.013887557109724794
2000-06-21,0.06385694468778459
2000-06-22,0.01767630457254897
2000-06-23,0.016299250857357787
2000-06-24,0.027268235949139685
2000-06-25,0.016504114068830435
2000-06-26,0.015339823172721699
2000-06-27,0.014362445485321854
2000-06-28,0.013538807969755706
2000-06-29,0.012841767575359835
2000-06-30,0.012249093332308574
2000-07-01,0.011784875343339002
2000-07-02,0.011573017591445788
2000-07-03,0.01125676280402952
2000-07-04,0.010882618008498797
2000-07-05,0.010576439857768747
2000-07-06,0.010294456743285245
2000-07-07,0.010039180538796974
2000-07-08,0.009812267994680752
2000-07-09,0.009609000647089886
2000-07-10,0.009425482272873813
2000-07-11,0.03145122680170453
2000-07-12,0.01332464413025367
2000-07-13,0.010282658245831338
2000-07-14,0.009970855513509722
2000-07-15,0.009697759176704413
2000-07-16,0.009561702116814341
2000-07-17,0.00940821739195241
2000-07-18,0.009193292509068517
2000-07-19,0.00900091516438868
2000-07-20,0.00882737062461495
2000-07-21,0.00866958823873113
2000-07-22,0.008525027567353377
2000-07-23,0.008431371465082934
2000-07-24,0.008333572196290122
2000-07-25,0.00820857087622629
2000-07-26,0.06186688046614996
2000-07-27,0.023382848200948745
2000-07-28,0.010630688113200684
2000-07-29,0.009879457449902497
2000-07-30,0.009599555234678103
2000-07-31,0.009260768089254664
2000-08-01,0.008966815275239053
2000-08-02,0.008710061747942413
2000-08-03,0.008484217016060487
2000-08-04,0.008284093813331356
2000-08-05,0.00810541089666077
2000-08-06,0.007944631748908191
2000-08-07,0.007798832525925615
2000-08-08,0.007665593846561067
2000-08-09,0.0075429120408403265
2000-08-10,0.007429126293079156
2000-08-11,0.007322858781367787
2000-08-12,0.0072229654532278455
2000-08-13,0.007222450344810542
2000-08-14,0.0072027288515115265
2000-08-15,0.0071025957880797635
2000-08-16,0.0070041480226339095
2000-08-17,0.006908241932708698
2000-08-18,0.006817583721635199
2000-08-19,0.006731407209426352
2000-08-20,0.006649074400638859
2000-08-21,0.00657005352314223
2000-08-22,0.0064939008936896825
2000-08-23,0.006427950263002589
2000-08-24,0.04272278805949237
2000-08-25,0.009511643103750638
2000-08-26,0.020300410437047705
2000-08-27,0.012232973263283252
2000-08-28,0.006766840004808778
2000-08-29,0.050892716946967696
2000-08-30,0.010122350904572277
2000-08-31,0.017870430932670548
2000-09-01,0.008530659243373925
2000-09-02,0.034921821262051754
2000-09-03,0.02291488226249964
2000-09-04,0.018073789121413626
2000-09-05,0.00851808856993098
2000-09-06,0.00809712888200514
2000-09-07,0.00773802029629926
2000-09-08,0.007430083923481413
2000-09-09,0.007164535247817326
2000-09-10,0.006934141652346126
2000-09-11,0.006732943034987278
2000-09-12,0.0065560236688699475
2000-09-13,0.0063993257280234245
2000-09-14,0.006259496724749136
2000-09-15,0.03100717790526197
2000-09-16,0.007403631992699938
2000-09-17,0.007105454721188104
2000-09-18,0.006848452426449283
2000-09-19,0.028833940643326436
2000-09-20,0.036963926345664
2000-09-21,0.008965336206384891
2000-09-22,0.008429457729757539
2000-09-23,0.008048877394518855
2000-09-24,0.007721468188772246
2000-09-25,0.0073733332139608474
2000-09-26,0.007075001414648522
2000-09-27,0.006817925221484309
2000-09-28,0.054454847354621826
2000-09-29,0.009898139710265756
2000-09-30,0.009219605367872415
2000-10-01,0.03348816615886682
2000-10-02,0.036195439616173615
2000-10-03,0.011758606515401301
2000-10-04,0.0727780520874092
2000-10-05,0.02256482857164678
2000-10-06,0.023932905543086056
2000-10-07,0.0173293165416134
2000-10-08,0.013945984402983662
2000-10-09,0.04251944174161995
2000-10-10,0.01903244167471547
2000-10-11,0.014644646693914187
2000-10-12,0.013411796785801039
2000-10-13,0.012382138341795258
2000-10-14,0.01151948857018392
2000-10-15,0.0107942548741415
2000-10-16,0.023014479586278464
2000-10-17,0.03354953714506264
2000-10-18,0.03997839729763359
2000-10-19,0.020486836789957226
2000-10-20,0.04184598650143027
2000-10-21,0.01779596050751558
2000-10-22,0.016188927139308938
2000-10-23,0.014850470561808478
2000-10-24,0.013795227625886768
2000-10-25,0.05582584522508366
2000-10-26,0.019000025142546315
2000-10-27,0.017277314575672442
2000-10-28,0.015843052339847664
2000-10-29,0.03453434011591142
2000-10-30,0.017407555045679316
2000-10-31,0.01599519817038349
2000-11-01,0.014815113939893635
2000-11-02,0.013825833795014756
2000-11-03,0.024327481586413558
2000-11-04,0.01880431568931917
2000-11-05,0.014439489651610125
2000-11-06,0.058265578461913325
2000-11-07,0.039096067261656334
2000-11-08,0.029655478749690465
2000-11-09,0.026110880222831128
2000-11-10,0.01973941232059795
2000-11-11,0.018109609434332957
2000-11-12,0.01674922831201352
2000-11-13,0.015610005930569838
2000-11-14,0.014652525861294827
2000-11-15,0.013844563995559188
2000-11-16,0.013159749882181994
2000-11-17,0.012576482230104838
2000-11-18,0.09657235626447923
2000-11-19,0.02684896285962612
2000-11-20,0.024163743429221007
2000-11-21,0.02193723069923913
2000-11-22,0.020086169288284866
2000-11-23,0.018542754648793233
2000-11-24,0.017251706635870934
2000-11-25,0.016167908832258934
2000-11-26,0.05156157059494243
2000-11-27,0.034571444077899464
2000-11-28,0.022249804171457905
2000-11-29,0.02296727091450693
2000-11-30,0.019494265955269038
2000-12-01,0.01814050998110083
2000-12-02,0.017004182287745497
2000-12-03,0.016046574471950313
2000-12-04,0.01523603813764235
2000-12-05,0.014546671410502433
2000-12-06,0.03584022070083366
2000-12-07,0.04508757259878146
2000-12-08,0.033369454014369894
2000-12-09,0.027530314943600347
2000-12-10,0.02124918532671302
2000-12-11,0.019683200916304152
2000-12-12,0.018371788588156256
2000-12-13,0.01726944612240827
2000-12-14,0.016339000459316588
2000-12-15,0.015550052310418618
2000-12-16,0.014877717096608517
2000-12-17,0.014301604605291477
2000-12-18,0.0768794793597667
2000-12-19,0.049864633559251074
2000-12-20,0.02792776614853865
2000-12-21,0.030034750915940638
2000-12-22,0.024177135518434145
2000-12-23,0.053896121557403746
2000-12-24,0.04032288297313418
2000-12-25,0.027245324900047385
2000-12-26,0.05570939470690508
2000-12-27,0.02918064388901097
2000-12-28,0.06594408704621317
2000-12-29,0.05009249181404433
2000-12-30,0.0931676760601005
2000-12-31,0.04284218234114829
2001-01-01,0.05954688198539899
2001-01-02,0.09881536558594024
2001-01-03,0.04804140529756134
2001-01-04,0.04280843394593103
2001-01-05,0.038489906227041716
2001-01-06,0.043440141399189315
2001-01-07,0.0412899091895603
2001-01-08,0.03284228233107103
2001-01-09,0.03499467718588068
2001-01-10,0.02917994308170802
2001-01-11,0.027219543890429816
2001-01-12,0.025574622188508644
2001-01-13,0.02598323896175361
2001-01-14,0.04389955389685097
2001-01-15,0.03849720725486538
2001-01-16,0.04242989856021013
2001-01-17,0.038911976573641545
2001-01-18,0.030876039285996613
2001-01-19,0.027500664297383657
2001-01-20,0.026022453425420297
2001-01-21,0.08555064658114393
2001-01-22,0.07145932426154603
2001-01-23,0.05049736721229887
2001-01-24,0.0392888633410005
2001-01-25,0.03590178454452044
2001-01-26,0.04529861575761527
2001-01-27,0.03648251149436322
2001-01-28,0.03177844942288272
2001-01-29,0.029672348428117015
2001-01-30,0.02790488606275276
2001-01-31,0.04063570819867598
2001-02-01,0.028644308430259596
2001-02-02,0.03418948754078512
2001-02-03,0.03224362600441126
2001-02-04,0.026894931607129798
2001-02-05,0.03224876699609841
2001-02-06,0.02591686632066335
2001-02-07,0.024724783248977145
2001-02-08,0.08988593237657483
2001-02-09,0.056622544284474725
2001-02-10,0.03814198569888417
2001-02-11,0.03507079804549675
2001-02-12,0.032512165569118574
2001-02-13,0.032583103779765824
2001-02-14,0.07940837842242554
2001-02-15,0.062358709552658424
2001-02-16,0.04037034260094183
2001-02-17,0.03708814803359168
2001-02-18,0.03435986019194936
2001-02-19,0.03205370610929289
2001-02-20,0.030119828645537975
2001-02-21,0.028801594793567253
2001-02-22,0.027695226986402074
2001-02-23,0.05217396087965187
2001-02-24,0.05573325189305565
2001-02-25,0.07399927394897021
2001-02-26,0.06741680699226162
2001-02-27,0.04734120375366294
2001-02-28,0.04037132302660803
2001-03-01,0.042104516221572935
2001-03-02,0.060133240898806166
2001-03-03,0.04066834237712541
2001-03-04,0.04016150786595011
2001-03-05,0.035535504137099
2001-03-06,0.034781481416205774
2001-03-07,0.03893711675078852
2001-03-08,0.03982722925328253
2001-03-09,0.032336299264685585
2001-03-10,0.030581512924345647
2001-03-11,0.029097323000825626
2001-03-12,0.02816574903911122
2001-03-13,0.027422249445743275
2001-03-14,0.026514317282533065
2001-03-15,0.025786446663674117
2001-03-16,0.024976165915700354
2001-03-17,0.02426984953039069
2001-03-18,0.023649551317724598
2001-03-19,0.02440597103812477
2001-03-20,0.025083242828515373
2001-03-21,0.02430311351324295
2001-03-22,0.02360164137872561
2001-03-23,0.02298646550748965
2001-03-24,0.02301093721473627
2001-03-25,0.023011020255787915
2001-03-26,0.022655563311754664
2001-03-27,0.02264532386053068
2001-03-28,0.022256253045320917
2001-03-29,0.021722735933025053
2001-03-30,0.021247967530666437
2001-03-31,0.02082205098890623
2001-04-01,0.02050384746649614
2001-04-02,0.020530182803389318
2001-04-03,0.020261687838650597
2001-04-04,0.01989333750263948
2001-04-05,0.019556866551405466
2001-04-06,0.019247102625103023
2001-04-07,0.018959774851995948
2001-04-08,0.01869135339413714
2001-04-09,0.018438918081111217
2001-04-10,0.018200050760010637
2001-04-11,0.01797274700065418
2001-04-12,0.01775534361204339
2001-04-13,0.017546459087076582
2001-04-14,0.01824809668712714
2001-04-15,0.019037319998035103
2001-04-16,0.018625560018839003
2001-04-17,0.018214718465361063
2001-04-18,0.018007516589377156
2001-04-19,0.01773415969956777
2001-04-20,0.017399723278623377
2001-04-21,0.01709531950161439
2001-04-22,0.016816058962007146
2001-04-23,0.030703819546299235
2001-04-24,0.020864367642796935
2001-04-25,0.018977479684669195
2001-04-26,0.01836899371322478
2001-04-27,0.017832371883337913
2001-04-28,0.017361835417609515
2001-04-29,0.01694611407272399
2001-04-30,0.016882633374449844
2001-05-01,0.017048661820212266
2001-05-02,0.016732962852721186
2001-05-03,0.016422082262529038
2001-05-04,0.016230455638744836
2001-05-05,0.015907652362606887
2001-05-06,0.015597487459618272
2001-05-07,0.01531606468198439
2001-05-08,0.015091333807359464
2001-05-09,0.014981724219335366
2001-05-10,0.014776181897480258
2001-05-11,0.014546507271445018
2001-05-12,0.014332924361363715
2001-05-13,0.014132929061177022
2001-05-14,0.014036380742900501
2001-05-15,0.013918725790919203
2001-05-16,0.013727789771437418
2001-05-17,0.013547443381952441
2001-05-18,0.013486927803742462
2001-05-19,0.013394965338937158
2001-05-20,0.014954335535030783
2001-05-21,0.029282211784913182
2001-05-22,0.02771492473097745
2001-05-23,0.017501015136420304
2001-05-24,0.014692039881968946
2001-05-25,0.014295597127629405
2001-05-26,0.013914844205249353
2001-05-27,0.013578514839221942
2001-05-28,0.013279124509856528
2001-05-29,0.013010505392855856
2001-05-30,0.012885654464759588
2001-05-31,0.012940147626689597
2001-06-01,0.050355341687127304
2001-06-02,0.026350856821667604
2001-06-03,0.01738283072186664
2001-06-04,0.014965910027335846
2001-06-05,0.01450868921615543
2001-06-06,0.014024687538141121
2001-06-07,0.013567757538229865
2001-06-08,0.013169745653097344
2001-06-09,0.012820587725085967
2001-06-10,0.012894918653253993
2001-06-11,0.031773572308518065
2001-06-12,0.016159639009373877
2001-06-13,0.013679237893063363
2001-06-14,0.01321177898931091
2001-06-15,0.01280578330733584
2001-06-16,0.012450727238717312
2001-06-17,0.01213795254641025
2001-06-18,0.011860329252084313
2001-06-19,0.011611980605402214
2001-06-20,0.011418232516798285
2001-06-21,0.011224564009877265
2001-06-22,0.01103268668774514
2001-06-23,0.010856108244577901
2001-06-24,0.010692404490503076
2001-06-25,0.010539567282003552
2001-06-26,0.010395931610288314
2001-06-27,0.010260115695944217
2001-06-28,0.010130971727833235
2001-06-29,0.010007545321040853
2001-06-30,0.00990537189633315
2001-07-01,0.010378133487140407
2001-07-02,0.011704346702983684
2001-07-03,0.009836672405448376
2001-07-04,0.009696497489436325
2001-07-05,0.010547966778106354
2001-07-06,0.06949555129154457
2001-07-07,0.011284093801624616
2001-07-08,0.010896112646854176
2001-07-09,0.010691777417863304
2001-07-10,0.018731028525485457
2001-07-11,0.018711740221755216
2001-07-12,0.010688428601786407
2001-07-13,0.02320011918387439
2001-07-14,0.029247946872840627
2001-07-15,0.013624518299518754
2001-07-16,0.01115441204631975
2001-07-17,0.01092583258522517
2001-07-18,0.010714785488785015
2001-07-19,0.010418558333118793
2001-07-20,0.039988867772806906
2001-07-21,0.013994301078464728
2001-07-22,0.011594945543882532
2001-07-23,0.011092841293827259
2001-07-24,0.010655555610698692
2001-07-25,0.010278658116452883
2001-07-26,0.009951773768170058
2001-07-27,0.009666366424575247
2001-07-28,0.009415406613208494
2001-07-29,0.009193100461741393
2001-07-30,0.008994668316288744
2001-07-31,0.008816163765134626
2001-08-01,0.008749608860825252
2001-08-02,0.008759857200710664
2001-08-03,0.008636405039129245
2001-08-04,0.008474453363468819
2001-08-05,0.008326794727201667
2001-08-06,0.008191137236982242
2001-08-07,0.00806558224371074
2001-08-08,0.008107681118010603
2001-08-09,0.008113839077915373
2001-08-10,0.00797312023815983
2001-08-11,0.00785693408564944
2001-08-12,0.007759497774687648
2001-08-13,0.007645877834692844
2001-08-14,0.007547383734063887
2001-08-15,0.007451575873044552
2001-08-16,0.01568752911644618
2001-08-17,0.009655247165456637
2001-08-18,0.00788228854826148
2001-08-19,0.037241026268166826
2001-08-20,0.008248938931048035
2001-08-21,0.008001283879053292
2001-08-22,0.0077841102300175305
2001-08-23,0.007592294052926115
2001-08-24,0.007421606260247939
2001-08-25,0.007300983920750614
2001-08-26,0.007181138226410224
2001-08-27,0.007052615258805525
2001-08-28,0.006932229703463463
2001-08-29,0.006819858221547946
2001-08-30,0.006715773770419722
2001-08-31,0.015120705107782411
2001-09-01,0.06365175448821815
2001-09-02,0.008652672684334053
2001-09-03,0.008190687011207143
2001-09-04,0.007875235165514869
2001-09-05,0.00774966090226015
2001-09-06,0.008838132243474064
2001-09-07,0.007537066166244836
2001-09-08,0.007293627991565187
2001-09-09,0.007081123654195693
2001-09-10,0.03075726193647334
2001-09-11,0.00806987720349016
2001-09-12,0.01321043440907863
2001-09-13,0.07679630507160859
2001-09-14,0.0271285406134984
2001-09-15,0.023308883760332355
2001-09-16,0.01420918812243973
2001-09-17,0.011268658200241796
2001-09-18,0.010486440526882084
2001-09-19,0.009828521591351573
2001-09-20,0.009273034310116675
2001-09-21,0.026395035041821873
2001-09-22,0.014554772615189194
2001-09-23,0.027896151276074883
2001-09-24,0.011182689648890324
2001-09-25,0.010440468592931714
2001-09-26,0.009815208583982543
2001-09-27,0.009286369166581715
2001-09-28,0.00883710494971041
2001-09-29,0.008453587932414693
2001-09-30,0.008124456544967336
2001-10-01,0.023669557370793484
2001-10-02,0.016125142664333944
2001-10-03,0.015822191144160298
2001-10-04,0.010628252438069382
2001-10-05,0.035198888773225016
2001-10-06,0.011464987756068372
2001-10-07,0.01069262958195266
2001-10-08,0.010042376583400006
2001-10-09,0.009492762213392842
2001-10-10,0.009026185266947396
2001-10-11,0.00862820028008121
2001-10-12,0.00843363914379025
2001-10-13,0.015005352872126308
2001-10-14,0.017713304054123146
2001-10-15,0.00964165588786359
2001-10-16,0.024967716907727065
2001-10-17,0.025058621280886113
2001-10-18,0.011326452656120421
2001-10-19,0.020173677610196086
2001-10-20,0.011221219736705486
2001-10-21,0.01050758289982131
2001-10-22,0.009905492625092768
2001-10-23,0.009395387931519197
2001-10-24,0.008961222939247568
2001-10-25,0.00858982290204837
2001-10-26,0.008270360516822414
2001-10-27,0.007993929601492542
2001-10-28,0.007753197682950369
2001-10-29,0.0075421226051820165
2001-10-30,0.007355721132542945
2001-10-31,0.007189879825893034
2001-11-01,0.007041200322416165
2001-11-02,0.006906872642957261
2001-11-03,0.006784571354962867
2001-11-04,0.006672370391542462
2001-11-05,0.006568673113266887
2001-11-06,0.006472154835477897
2001-11-07,0.006587090286976419
2001-11-08,0.006702897020366764
2001-11-09,0.0065672330257334375
2001-11-10,0.00644440532413591
2001-11-11,0.006332342633450821
2001-11-12,0.006229328562711529
2001-11-13,0.11340995186349472
2001-11-14,0.019025515273724505
2001-11-15,0.020915656344223387
2001-11-16,0.015946197886928696
2001-11-17,0.014456433354635706
2001-11-18,0.013216259347842136
2001-11-19,0.06251684399455731
2001-11-20,0.025424415540452508
2001-11-21,0.017843451780888097
2001-11-22,0.033341674496649494
2001-11-23,0.01737235464157463
2001-11-24,0.015801090387460602
2001-11-25,0.014492356451228282
2001-11-26,0.10088637442562291
2001-11-27,0.03498612349611254
2001-11-28,0.03505055547526722
2001-11-29,0.024320998881065977
2001-11-30,0.02183042655909788
2001-12-01,0.021587681827809447
2001-12-02,0.05437816530778328
2001-12-03,0.02330857977974327
2001-12-04,0.02108771882022525
2001-12-05,0.019242772528213114
2001-12-06,0.017705835425922464
2001-12-07,0.05392501951986848
2001-12-08,0.034592350710647896
2001-12-09,0.02251675297641983
2001-12-10,0.04245036130922337
2001-12-11,0.053653424226774264
2001-12-12,0.03903573594073525
2001-12-13,0.026545465186378094
2001-12-14,0.0646896494971325
2001-12-15,0.07706723319267698
2001-12-16,0.08519131923827822
2001-12-17,0.0509612742863261
2001-12-18,0.06231848378128707
2001-12-19,0.09689245684808556
2001-12-20,0.04800854526514398
2001-12-21,0.042504669389489574
2001-12-22,0.03908478651288832
2001-12-23,0.03456033454970221
2001-12-24,0.03140291649415005
2001-12-25,0.0287812282179383
2001-12-26,0.02659775264995035
2001-12-27,0.03407167849554503
2001-12-28,0.08576923789442249
2001-12-29,0.04213234465678653
2001-12-30,0.03420416595214968
2001-12-31,0.03500082900801266
2002-01-01,0.04211429769296778
2002-01-02,0.03005986338991692
2002-01-03,0.10648273899672768
2002-01-04,0.07199656330204872
2002-01-05,0.0495289400711402
2002-01-06,0.04835910141840163
2002-01-07,0.045464324613386314
2002-01-08,0.07615400200146365
2002-01-09,0.045538730885199524
2002-01-10,0.06558675699335709
2002-01-11,0.06144726373001775
2002-01-12,0.06843595323607561
2002-01-13,0.08821480756611451
2002-01-14,0.08745385831224235
2002-01-15,0.07412208530869728
2002-01-16,0.053057422570416735
2002-01-17,0.04787449239212748
2002-01-18,0.10977693688140029
2002-01-19,0.08084332479860916
2002-01-20,0.0665632393250393
2002-01-21,0.052774799627708265
2002-01-22,0.047939701811886115
2002-01-23,0.05621183891823444
2002-01-24,0.04353869708685876
2002-01-25,0.04029965840364687
2002-01-26,0.037595744955034774
2002-01-27,0.06485159304247114
2002-01-28,0.045360579490925805
2002-01-29,0.03857083694600749
2002-01-30,0.036181089311306765
2002-01-31,0.03417202583028706
2002-02-01,0.03247512093243182
2002-02-02,0.031034507166156407
2002-02-03,0.050160931744107774
2002-02-04,0.03378597140491491
2002-02-05,0.032111168783809665
2002-02-06,0.030689147735502326
2002-02-07,0.02947495165971563
2002-02-08,0.03177636149653108
2002-02-09,0.028830009082733966
2002-02-10,0.02785114308879491
2002-02-11,0.02700241492440562
2002-02-12,0.026261197410086642
2002-02-13,0.0256089394203397
2002-02-14,0.02503041675999157
2002-02-15,0.02451312342763211
2002-02-16,0.02404677643443714
2002-02-17,0.02362291257771837
2002-02-18,0.023234559759220813
2002-02-19,0.02322078763277766
2002-02-20,0.027715297745978622
2002-02-21,0.024728049396703145
2002-02-22,0.024077995155352985
2002-02-23,0.02350394484710781
2002-02-24,0.022992960613657965
2002-02-25,0.022534406415642933
2002-02-26,0.02306963882396292
2002-02-27,0.03148753147602176
2002-02-28,0.023720068752850088
2002-03-01,0.04380851148818346
2002-03-02,0.05707926174655834
2002-03-03,0.041078283531154634
2002-03-04,0.04540606323230325
2002-03-05,0.032606610885836426
2002-03-06,0.030580024737623043
2002-03-07,0.030618704489956367
2002-03-08,0.030126433003511643
2002-03-09,0.027914019527670624
2002-03-10,0.0266182105838805
2002-03-11,0.02551383928241149
2002-03-12,0.051752104805925674
2002-03-13,0.04399730465514457
2002-03-14,0.031852437648547956
2002-03-15,0.02992348557423893
2002-03-16,0.028299194876511655
2002-03-17,0.026925008886219227
2002-03-18,0.025756396893539396
2002-03-19,0.024756974016430507
2002-03-20,0.023896980828111317
2002-03-21,0.0231520524892783
2002-03-22,0.022502221133734915
2002-03-23,0.021931106410223153
2002-03-24,0.03086874461515685
2002-03-25,0.02632044863089943
2002-03-26,0.02427593290379251
2002-03-27,0.02366385045729504
2002-03-28,0.03373350349173195
2002-03-29,0.0813067783377661
2002-03-30,0.06438095070890558
2002-03-31,0.055743721083073745
2002-04-01,0.03890218072106686
2002-04-02,0.03805067415878206
2002-04-03,0.0347925361903136
2002-04-04,0.03234981745494252
2002-04-05,0.030304782715647686
2002-04-06,0.04073543685764414
2002-04-07,0.03223722850903845
2002-04-08,0.029914313036772052
2002-04-09,0.028321293136767164
2002-04-10,0.02693995638858143
2002-04-11,0.025747946431663796
2002-04-12,0.0247295108268967
2002-04-13,0.023854090631326753
2002-04-14,0.023096669740804845
2002-04-15,0.0224367492416349
2002-04-16,0.021857515326481478
2002-04-17,0.021345163509697163
2002-04-18,0.020888349196789696
2002-04-19,0.02047774051536126
2002-04-20,0.02010565400049773
2002-04-21,0.01976575748365249
2002-04-22,0.01945282754868415
2002-04-23,0.01916255134115808
2002-04-24,0.01927671179160886
2002-04-25,0.019465406336302112
2002-04-26,0.019409055483723153
2002-04-27,0.019220826741998327
2002-04-28,0.0188593181057515
2002-04-29,0.018530227214432076
2002-04-30,0.01822826995426975
2002-05-01,0.01794908381412254
2002-05-02,0.017689063774609673
2002-05-03,0.017445227962180006
2002-05-04,0.01721510756860775
2002-05-05,0.017074398932348352
2002-05-06,0.016903499801266337
2002-05-07,0.016688109967133054
2002-05-08,0.016482668460008912
2002-05-09,0.01628576482157663
2002-05-10,0.0162147888569608
2002-05-11,0.017852778296277058
2002-05-12,0.026634545860142713
2002-05-13,0.018820474123317135
2002-05-14,0.01694136563690241
2002-05-15,0.03548121955123123
2002-05-16,0.01802246025840052
2002-05-17,0.017465937608691612
2002-05-18,0.01697978814628107
2002-05-19,0.01655196951965409
2002-05-20,0.016172579521664652
2002-05-21,0.01583346819555087
2002-05-22,0.015527921591140139
2002-05-23,0.01525040367988026
2002-05-24,0.014996345527438252
2002-05-25,0.014761972905653932
2002-05-26,0.014544165202851407
2002-05-27,0.014340339843517068
2002-05-28,0.014148357519438699
2002-05-29,0.013966444415897986
2002-05-30,0.013793128329454485
2002-05-31,0.01362718615110091
2002-06-01,0.01346760065642807
2002-06-02,0.013313524924033655
2002-06-03,0.013164253011705882
2002-06-04,0.013019195770552383
2002-06-05,0.012954984529075939
2002-06-06,0.012965975161086185
2002-06-07,0.018587681436262174
2002-06-08,0.040818409596035235
2002-06-09,0.015451247677586023
2002-06-10,0.013252085929874547
2002-06-11,0.012991969913963486
2002-06-12,0.012788092092778309
2002-06-13,0.012589744441875309
2002-06-14,0.012726913442656633
2002-06-15,0.014980614063377801
2002-06-16,0.012429944516236406
2002-06-17,0.012208508095256733
2002-06-18,0.012005655622844861
2002-06-19,0.01628920920134243
2002-06-20,0.018038990582455578
2002-06-21,0.012872197859147172
2002-06-22,0.011897579529702383
2002-06-23,0.011677778694215745
2002-06-24,0.01147717062210892
2002-06-25,0.011292665969615529
2002-06-26,0.012960464696527502
2002-06-27,0.014124123971319603
2002-06-28,0.01847009058255469
2002-06-29,0.025309843006872685
2002-06-30,0.011624496185177033
2002-07-01,0.011351002703031259
2002-07-02,0.011154069274328665
2002-07-03,0.010965974393609608
2002-07-04,0.010755980994680442
2002-07-05,0.010564991267105838
2002-07-06,0.01043108188888369
2002-07-07,0.03443606307427822
2002-07-08,0.018448450634730936
2002-07-09,0.0111748695140454
2002-07-10,0.010873704649434776
2002-07-11,0.010607763640340427
2002-07-12,0.010371135951425697
2002-07-13,0.010158945929986571
2002-07-14,0.00996716806764274
2002-07-15,0.011716043457267261
2002-07-16,0.036417422754660325
2002-07-17,0.04240779739515082
2002-07-18,0.03255779196014677
2002-07-19,0.012100804484195142
2002-07-20,0.011580385837077328
2002-07-21,0.011133984859063403
2002-07-22,0.020909433144250127
2002-07-23,0.011501643370848752
2002-07-24,0.01105253680205115
2002-07-25,0.010665291127638815
2002-07-26,0.01033132559212069
2002-07-27,0.11276201359438476
2002-07-28,0.016958146029045478
2002-07-29,0.01566484579089965
2002-07-30,0.017041048066684425
2002-07-31,0.016019391978823003
2002-08-01,0.013738123587019292
2002-08-02,0.01296709676392
2002-08-03,0.01231391542956512
2002-08-04,0.011757922411906237
2002-08-05,0.011282176622380222
2002-08-06,0.010872771446681107
2002-08-07,0.01051828060312854
2002-08-08,0.010209307158879704
2002-08-09,0.009938116123053042
2002-08-10,0.009698334826314717
2002-08-11,0.009484708338561947
2002-08-12,0.009292899620739726
2002-08-13,0.009119326073309028
2002-08-14,0.008961025727732122
2002-08-15,0.008885558161348365
2002-08-16,0.11432608063609911
2002-08-17,0.11790514427433595
2002-08-18,0.07084074676391101
2002-08-19,0.039302582196844404
2002-08-20,0.02608099203446918
2002-08-21,0.06536963941848385
2002-08-22,0.05403893020662335
2002-08-23,0.040205609935125355
2002-08-24,0.02855341630716092
2002-08-25,0.025048152262025617
2002-08-26,0.0227448373902186
2002-08-27,0.021059026130566396
2002-08-28,0.019584537006470008
2002-08-29,0.018195945659684607
2002-08-30,0.0170312246173769
2002-08-31,0.016050485285064243
2002-09-01,0.015221119237723499
2002-09-02,0.01451644283894668
2002-09-03,0.013914599272276782
2002-09-04,0.01691457450689146
2002-09-05,0.07285596597580347
2002-09-06,0.05234101911502662
2002-09-07,0.023541851711157077
2002-09-08,0.05234206652907874
2002-09-09,0.03179938620153482
2002-09-10,0.023807210302701012
2002-09-11,0.02186643093381919
2002-09-12,0.02024706294175329
2002-09-13,0.019116213380165743
2002-09-14,0.03531227780176404
2002-09-15,0.026818768762678708
2002-09-16,0.026206039114425272
2002-09-17,0.019676621947561194
2002-09-18,0.018450554066576166
2002-09-19,0.017417421299784918
2002-09-20,0.01654300399107719
2002-09-21,0.015799306488883256
2002-09-22,0.015163402461047882
2002-09-23,0.015053121503291765
2002-09-24,0.01488980850179486
2002-09-25,0.014368984195109102
2002-09-26,0.013917385424439
2002-09-27,0.015128159567468482
2002-09-28,0.014719739475261145
2002-09-29,0.04545169281039332
2002-09-30,0.019466799930715536
2002-10-01,0.017007151528438905
2002-10-02,0.016128623971116727
2002-10-03,0.015477908417708583
2002-10-04,0.015399363958586895
2002-10-05,0.023967416012347146
2002-10-06,0.03928472393363907
2002-10-07,0.018009791682341413
2002-10-08,0.016965644073637962
2002-10-09,0.016083068544406172
2002-10-10,0.01533354167619369
2002-10-11,0.01469370716529237
2002-10-12,0.014144421172513124
2002-10-13,0.013669977547998265
2002-10-14,0.013257478359286472
2002-10-15,0.012896321929809267
2002-10-16,0.01257778601774502
2002-10-17,0.04870125141790115
2002-10-18,0.028878515441297353
2002-10-19,0.01820216980196132
2002-10-20,0.017108286063002052
2002-10-21,0.016200807878559043
2002-10-22,0.015382841213947873
2002-10-23,0.014687163458345802
2002-10-24,0.014092355053061284
2002-10-25,0.013580852322845659
2002-10-26,0.013138239657459283
2002-10-27,0.012752674172910311
2002-10-28,0.012414417564901898
2002-10-29,0.012115454790411163
2002-10-30,0.011849183158873117
2002-10-31,0.011610158580272532
2002-11-01,0.01169482010155566
2002-11-02,0.011767354397915602
2002-11-03,0.014964749738571717
2002-11-04,0.039730565125714414
2002-11-05,0.0692923144340986
2002-11-06,0.022081562706671606
2002-11-07,0.02024976874414752
2002-11-08,0.01872168438991172
2002-11-09,0.01744275964856198
2002-11-10,0.016368470944198684
2002-11-11,0.015462440883185408
2002-11-12,0.014694917796801344
2002-11-13,0.014041544805327886
2002-11-14,0.013482362148922773
2002-11-15,0.013000997685425274
2002-11-16,0.012584009352611026
2002-11-17,0.012220350498605917
2002-11-18,0.011900934667140907
2002-11-19,0.011618280974917792
2002-11-20,0.011366224866757028
2002-11-21,0.01113968196287129
2002-11-22,0.010934455066369968
2002-11-23,0.011139469512400767
2002-11-24,0.011334845084812119
2002-11-25,0.032598922594177245
2002-11-26,0.022946802336689012
2002-11-27,0.014852113283372702
2002-11-28,0.026927913621372288
2002-11-29,0.015251040691695748
2002-11-30,0.014396260562610286
2002-12-01,0.013672346335766819
2002-12-02,0.024010651544618303
2002-12-03,0.037873020080000264
2002-12-04,0.017123496905720223
2002-12-05,0.02362315873298922
2002-12-06,0.05928260755595471
2002-12-07,0.05787213479124728
2002-12-08,0.026571203609824966
2002-12-09,0.053027476718986215
2002-12-10,0.05423914539416972
2002-12-11,0.04225450734609939
2002-12-12,0.039389977123081205
2002-12-13,0.028296494308991792
2002-12-14,0.04121824439569461
2002-12-15,0.026466901491416863
2002-12-16,0.056323402879829
2002-12-17,0.028512642607023905
2002-12-18,0.033844188250458825
2002-12-19,0.025391934673870645
2002-12-20,0.027475519529617545
2002-12-21,0.02250428527707882
2002-12-22,0.020982211061786323
2002-12-23,0.01970411482026102
2002-12-24,0.018626464751879113
2002-12-25,0.03549013518676821
2002-12-26,0.02043606238367286
2002-12-27,0.02848622845179193
2002-12-28,0.019988478850575815
2002-12-29,0.03219325150547266
2002-12-30,0.02045313628563553
2002-12-31,0.03277649200341749
2003-01-01,0.021032409849299234
2003-01-02,0.024645626783939934
2003-01-03,0.019596626692096983
2003-01-04,0.0185595876537828
2003-01-05,0.01767996569203549
2003-01-06,0.01693002108332738
2003-01-07,0.01628703585413756
2003-01-08,0.015732386576667777
2003-01-09,0.015250791753898561
2003-01-10,0.014829700260778253
2003-01-11,0.014700323809407575
2003-01-12,0.03566270327170968
2003-01-13,0.05624270407933853
2003-01-14,0.02462324388276076
2003-01-15,0.025883390726147964
2003-01-16,0.02185018646762917
2003-01-17,0.021682538384168462
2003-01-18,0.03765462954741587
2003-01-19,0.021976103025546628
2003-01-20,0.02055506783951393
2003-01-21,0.034588316523602884
2003-01-22,0.021591810373898502
2003-01-23,0.020246103257056607
2003-01-24,0.01911255244966138
2003-01-25,0.024851674163360957
2003-01-26,0.10660976775807081
2003-01-27,0.061652457857110377
2003-01-28,0.03770838994107261
2003-01-29,0.039998316931707266
2003-01-30,0.03215238166778319
2003-01-31,0.03251501097269708
2003-02-01,0.03053060560888766
2003-02-02,0.03375222826662734
2003-02-03,0.025934352534056893
2003-02-04,0.033240227533990356
2003-02-05,0.027620143073416276
2003-02-06,0.02359251031467594
2003-02-07,0.022222546996145096
2003-02-08,0.021065761090520593
2003-02-09,0.020084293913933782
2003-02-10,0.01924718764783429
2003-02-11,0.01852910212558518
2003-02-12,0.017909275022194155
2003-02-13,0.017370678341694916
2003-02-14,0.016899333399056804
2003-02-15,0.01661591562812051
2003-02-16,0.017203658635942254
2003-02-17,0.10649860613432906
2003-02-18,0.04295269397597984
2003-02-19,0.033029070247960195
2003-02-20,0.030142174569603376
2003-02-21,0.027741598987944413
2003-02-22,0.02573904101518393
2003-02-23,0.024062606930959764
2003-02-24,0.022653699578524197
2003-02-25,0.04395435443150426
2003-02-26,0.03645014106712523
2003-02-27,0.07354519460989242
2003-02-28,0.08504276384863922
2003-03-01,0.042041914426499016
2003-03-02,0.09758407415660379
2003-03-03,0.09526649975215291
2003-03-04,0.05400268038444045
2003-03-05,0.05659884289578116
2003-03-06,0.06697221949079178
2003-03-07,0.046987916710881816
2003-03-08,0.04202467921176541
2003-03-09,0.03833304572234433
2003-03-10,0.03526687093158051
2003-03-11,0.032711936053139004
2003-03-12,0.030575373331049326
2003-03-13,0.030129010274276655
2003-03-14,0.029701425096218915
2003-03-15,0.028049364361239584
2003-03-16,0.02665308508651221
2003-03-17,0.025467008217698442
2003-03-18,0.02941228560184801
2003-03-19,0.03120374161480363
2003-03-20,0.02662248751402931
2003-03-21,0.038709429937869556
2003-03-22,0.02778187290045982
2003-03-23,0.02638211131126975
2003-03-24,0.02519368917163435
2003-03-25,0.024179156556308836
2003-03-26,0.02330788749369378
2003-03-27,0.022554811380671613
2003-03-28,0.021899384963137116
2003-03-29,0.021324758338370886
2003-03-30,0.020817097624317892
2003-03-31,0.020365034278494152
2003-04-01,0.01995921691624906
2003-04-02,0.019591946175211813
2003-04-03,0.03099248957431247
2003-04-04,0.037599649726634495
2003-04-05,0.024335631320335713
2003-04-06,0.023541475178972048
2003-04-07,0.023095502038767146
2003-04-08,0.022455707500712227
2003-04-09,0.021682374439456576
2003-04-10,0.020962968921376016
2003-04-11,0.02033779223881918
2003-04-12,0.019790582998266193
2003-04-13,0.019307988440792796
2003-04-14,0.01887903378211595
2003-04-15,0.018494690245229605
2003-04-16,0.01814752307066597
2003-04-17,0.01783140440860133
2003-04-18,0.017541278902373603
2003-04-19,0.01727297210809676
2003-04-20,0.01705398820095816
2003-04-21,0.016825901435304238
2003-04-22,0.016599575676673865
2003-04-23,0.01653081385298136
2003-04-24,0.016812756366667406
2003-04-25,0.016789580591412917
2003-04-26,0.016492373651648032
2003-04-27,0.016220045388160454
2003-04-28,0.016125763255692076
2003-04-29,0.016313584951466866
2003-04-30,0.016298023251339864
2003-05-01,0.015998156480575433
2003-05-02,0.015737211982479054
2003-05-03,0.015627481033094682
2003-05-04,0.02419778829093429
2003-05-05,0.016764656830309928
2003-05-06,0.01658983419160126
2003-05-07,0.016404123007602116
2003-05-08,0.015969358223560725
2003-05-09,0.015585296731630317
2003-05-10,0.015243375277759874
2003-05-11,0.014936541200327691
2003-05-12,0.015081953120408652
2003-05-13,0.015312865185628676
2003-05-14,0.015017803157690184
2003-05-15,0.014686551042037163
2003-05-16,0.014389412739930328
2003-05-17,0.014120736550874204
2003-05-18,0.013875858731182434
2003-05-19,0.013691097038321394
2003-05-20,0.013560526748582295
2003-05-21,0.013360701779666107
2003-05-22,0.013163626879152367
2003-05-23,0.012979178148777866
2003-05-24,0.012805427801476461
2003-05-25,0.025034177625400982
2003-05-26,0.06145328956101129
2003-05-27,0.01706205796825885
2003-05-28,0.01640735453222426
2003-05-29,0.015889433104402537
2003-05-30,0.015249318573368168
2003-05-31,0.014687697035488249
2003-06-01,0.01420223536588963
2003-06-02,0.013828535759852168
2003-06-03,0.013562285706596398
2003-06-04,0.013227555648343272
2003-06-05,0.012916627981859817
2003-06-06,0.012639178906627692
2003-06-07,0.012389639110606218
2003-06-08,0.01216341281260544
2003-06-09,0.011956704198171098
2003-06-10,0.011766375371879792
2003-06-11,0.011762369443034956
2003-06-12,0.011722840734376712
2003-06-13,0.011579678100760417
2003-06-14,0.025384232235016
2003-06-15,0.012146705980995062
2003-06-16,0.011855180304299412
2003-06-17,0.011595448375165377
2003-06-18,0.011362219569370974
2003-06-19,0.011151127202591865
2003-06-20,0.010958563982820012
2003-06-21,0.010781547308699888
2003-06-22,0.010617608898993214
2003-06-23,0.010464704276707254
2003-06-24,0.010321138470506678
2003-06-25,0.010185504974841662
2003-06-26,0.010056635559964838
2003-06-27,0.009933558968686152
2003-06-28,0.009815466898398474
2003-06-29,0.009701685960724247
2003-06-30,0.009591654550056724
2003-07-01,0.009484903746743673
2003-07-02,0.009381041539108733
2003-07-03,0.009279739777721355
2003-07-04,0.009180723380801495
2003-07-05,0.00908376139582011
2003-07-06,0.009004063459808262
2003-07-07,0.008920772923405805
2003-07-08,0.00883547062691045
2003-07-09,0.008748435943780166
2003-07-10,0.008657215238346361
2003-07-11,0.008569832941115013
2003-07-12,0.008480098634306066
2003-07-13,0.008391387039351782
2003-07-14,0.014365357912947144
2003-07-15,0.06067355845041031
2003-07-16,0.0884875855384119
2003-07-17,0.01759024595483036
2003-07-18,0.01003594414112415
2003-07-19,0.009711767114566972
2003-07-20,0.1207666513255648
2003-07-21,0.05173102618796505
2003-07-22,0.016901611616236566
2003-07-23,0.015516452802953015
2003-07-24,0.01449331227715897
2003-07-25,0.013546846828854818
2003-07-26,0.01270597805009246
2003-07-27,0.011996378268627017
2003-07-28,0.011394955882721025
2003-07-29,0.010882783548977497
2003-07-30,0.01096352438717784
2003-07-31,0.021559170332656436
2003-08-01,0.01276397377045175
2003-08-02,0.010846929454263222
2003-08-03,0.010611453050617435
2003-08-04,0.013845613815697466
2003-08-05,0.010448501211143803
2003-08-06,0.010053306458452337
2003-08-07,0.009711853466010313
2003-08-08,0.009426510508471297
2003-08-09,0.009169007524605501
2003-08-10,0.008937817021476252
2003-08-11,0.008732534940896064
2003-08-12,0.008548854816131742
2003-08-13,0.008383219313203552
2003-08-14,0.008232687381368424
2003-08-15,0.008094825393361687
2003-08-16,0.007967617863046806
2003-08-17,0.007849394154935928
2003-08-18,0.007836506328985795
2003-08-19,0.007806447757796983
2003-08-20,0.007684813028498174
2003-08-21,0.0075716521117294025
2003-08-22,0.007465661760437563
2003-08-23,0.007365759528505861
2003-08-24,0.007271045548684561
2003-08-25,0.007180771042163365
2003-08-26,0.007121113592743848
2003-08-27,0.007101710676169948
2003-08-28,0.007077195178799103
2003-08-29,0.007031270770647642
2003-08-30,0.006940783875425994
2003-08-31,0.006847086725728834
2003-09-01,0.006758352754118932
2003-09-02,0.006673863022767888
2003-09-03,0.007825071711032047
2003-09-04,0.006751277201371301
2003-09-05,0.006645211150963865
2003-09-06,0.006546613145966417
2003-09-07,0.0064543350947849154
2003-09-08,0.0063674229897025016
2003-09-09,0.006285083391322363
2003-09-10,0.006206655800710126
2003-09-11,0.006139492524117073
2003-09-12,0.010019615961309158
2003-09-13,0.006908421792929636
2003-09-14,0.006128661674224426
2003-09-15,0.015336116911028123
2003-09-16,0.006159648881440862
2003-09-17,0.006086009058292149
2003-09-18,0.006018088700589445
2003-09-19,0.005917810841922051
2003-09-20,0.005824523440234584
2003-09-21,0.005737825726063388
2003-09-22,0.0056759890749744565
2003-09-23,0.016991651200057512
2003-09-24,0.011179354735281262
2003-09-25,0.005843975230351318
2003-09-26,0.0108945120462093
2003-09-27,0.005772059593154868
2003-09-28,0.0056531404585660515
2003-09-29,0.005545624387201298
2003-09-30,0.0054476723425883064
2003-10-01,0.005385832752565089
2003-10-02,0.00532464932030561
2003-10-03,0.005240593267593557
2003-10-04,0.0051624785894480935
2003-10-05,0.005089394740631195
2003-10-06,0.005020584463532299
2003-10-07,0.004955417434169853
2003-10-08,0.004895612736339079
2003-10-09,0.00483700176059988
2003-10-10,0.004793488206674958
2003-10-11,0.004748807957647813
2003-10-12,0.0046921371528157695
2003-10-13,0.004712374032159981
2003-10-14,0.004724654157518485
2003-10-15,0.007868149330327067
2003-10-16,0.01205730200302099
2003-10-17,0.009319010589071622
2003-10-18,0.020431432057133707
2003-10-19,0.0101061522494484
2003-10-20,0.010750907951423019
2003-10-21,0.03511042860052294
2003-10-22,0.01833575037448452
2003-10-23,0.013426807041688658
2003-10-24,0.011542034302087277
2003-10-25,0.01616737758946101
2003-10-26,0.007083182821523949
2003-10-27,0.005779373849150903
2003-10-28,0.00553007088022972
2003-10-29,0.005315792865631479
2003-10-30,0.005130575447301147
2003-10-31,0.05785629024479216
2003-11-01,0.01576187130181338
2003-11-02,0.014742116428522805
2003-11-03,0.027334975799512384
2003-11-04,0.008479440416426292
2003-11-05,0.007845061738510009
2003-11-06,0.013065786284730924
2003-11-07,0.025140736024325237
2003-11-08,0.014038988577011276
2003-11-09,0.018692911889162035
2003-11-10,0.008507335379856651
2003-11-11,0.013294346752805398
2003-11-12,0.04002104160049295
2003-11-13,0.022582286764407874
2003-11-14,0.010711094421380457
2003-11-15,0.009807644703857234
2003-11-16,0.009052235996680497
2003-11-17,0.008418683052228303
2003-11-18,0.007885536392492594
2003-11-19,0.0074352090250195445
2003-11-20,0.0070532673748488805
2003-11-21,0.006727854935319823
2003-11-22,0.006449223303596444
2003-11-23,0.006209350199447661
2003-11-24,0.006001628018773294
2003-11-25,0.005820609645107313
2003-11-26,0.0056618007903331885
2003-11-27,0.005521490185214024
2003-11-28,0.005396610590582911
2003-11-29,0.005284624930415589
2003-11-30,0.0051834329217283455
2003-12-01,0.005091294443783992
2003-12-02,0.005006766590802867
2003-12-03,0.0049286519205682675
2003-12-04,0.0048559558718764065
2003-12-05,0.004787851697484086
2003-12-06,0.00472365156274108
2003-12-07,0.00606276074975209
2003-12-08,0.019203454893698804
2003-12-09,0.01591685755208692
2003-12-10,0.03616005355620886
2003-12-11,0.035394270417508575
2003-12-12,0.027445962591874193
2003-12-13,0.012544561228740744
2003-12-14,0.011356250220712086
2003-12-15,0.010366450250294925
2003-12-16,0.04006416314975104
2003-12-17,0.012744913996599905
2003-12-18,0.011579175737165008
2003-12-19,0.010607322499692677
2003-12-20,0.03199717733355766
2003-12-21,0.020444349838883897
2003-12-22,0.012218833502751466
2003-12-23,0.011196194072460294
2003-12-24,0.0386264671921092
2003-12-25,0.0241241434415779
2003-12-26,0.013887058560884477
2003-12-27,0.012661790152327658
2003-12-28,0.011639630259067398
2003-12-29,0.010784398284948376
2003-12-30,0.010066503551498712
2003-12-31,0.009461721154398426
2004-01-01,0.017296070584607335
2004-01-02,0.009997121185643538
2004-01-03,0.009409529775811772
2004-01-04,0.01675498148948196
2004-01-05,0.0349450878322912
2004-01-06,0.012754473906642532
2004-01-07,0.017511416654536822
2004-01-08,0.019738249871696343
2004-01-09,0.012182884302585276
2004-01-10,0.011308071473579517
2004-01-11,0.06207617337430026
2004-01-12,0.022110305419582043
2004-01-13,0.01706695980121242
2004-01-14,0.015498735306810986
2004-01-15,0.014193010805749832
2004-01-16,0.013102752338846937
2004-01-17,0.012189542685335215
2004-01-18,0.019084589984156217
2004-01-19,0.01247072593612012
2004-01-20,0.011670524324362802
2004-01-21,0.021195262872889097
2004-01-22,0.017423580467356706
2004-01-23,0.03438447678525676
2004-01-24,0.032350085666167885
2004-01-25,0.016845525669654218
2004-01-26,0.015401117152094293
2004-01-27,0.014215446518086816
2004-01-28,0.013222694624576354
2004-01-29,0.012388571575685898
2004-01-30,0.01180533877632037
2004-01-31,0.011344807807754426
2004-02-01,0.03302787995590486
2004-02-02,0.014365950775504512
2004-02-03,0.013370036445931446
2004-02-04,0.01689982883086857
2004-02-05,0.01283166465985798
2004-02-06,0.01208449127849067
2004-02-07,0.011452298354130025
2004-02-08,0.010914931501957556
2004-02-09,0.010455860163712277
2004-02-10,0.013853269677327995
2004-02-11,0.01441276826960245
2004-02-12,0.014878908141709257
2004-02-13,0.04094775896998239
2004-02-14,0.0259897435858355
2004-02-15,0.0161541064246191
2004-02-16,0.019212019431775095
2004-02-17,0.014687688567489011
2004-02-18,0.01821418410425768
2004-02-19,0.015391022321520327
2004-02-20,0.0131189082995034
2004-02-21,0.012378678039624022
2004-02-22,0.011751623399234615
2004-02-23,0.011217921107548929
2004-02-24,0.010761310840501866
2004-02-25,0.010368442298889204
2004-02-26,0.010028344273175692
2004-02-27,0.009731992453368542
2004-02-28,0.009471957258817951
2004-02-29,0.009242116584002138
2004-03-01,0.00903742126330802
2004-03-02,0.00885370339421983
2004-03-03,0.008687519538381849
2004-03-04,0.008536022334599984
2004-03-05,0.00839685527942219
2004-03-06,0.008268066417283336
2004-03-07,0.008148037479490217
2004-03-08,0.008035425656489924
2004-03-09,0.0079291157104895
2004-03-10,0.00879412809949994
2004-03-11,0.01073613194861722
2004-03-12,0.03173547621325772
2004-03-13,0.014446395510676058
2004-03-14,0.012235402129136522
2004-03-15,0.03523073597913036
2004-03-16,0.021816733412132
2004-03-17,0.016296312758002574
2004-03-18,0.02620733799626368
2004-03-19,0.020055695403268275
2004-03-20,0.027828759080161494
2004-03-21,0.03610675967374065
2004-03-22,0.033956620086793975
2004-03-23,0.02031909319602034
2004-03-24,0.018472642715425404
2004-03-25,0.016935872734819772
2004-03-26,0.02016148578257878
2004-03-27,0.02248769291985081
2004-03-28,0.020102056138968948
2004-03-29,0.027942909694100928
2004-03-30,0.017959464216794545
2004-03-31,0.016742059735692018
2004-04-01,0.04588266501806094
2004-04-02,0.02134900948830779
2004-04-03,0.019492752586275853
2004-04-04,0.018195744006051253
2004-04-05,0.017163921910991888
2004-04-06,0.016612881514500393
2004-04-07,0.02020778409146046
2004-04-08,0.016913474630752504
2004-04-09,0.0481971369934052
2004-04-10,0.030683609318807054
2004-04-11,0.024864413302769704
2004-04-12,0.02396453497280186
2004-04-13,0.021965548834933273
2004-04-14,0.02405560051223767
2004-04-15,0.02911783679131272
2004-04-16,0.02143930091697732
2004-04-17,0.028367859265094397
2004-04-18,0.02136256106831533
2004-04-19,0.019013943405450835
2004-04-20,0.01780597500582835
2004-04-21,0.017446830508111705
2004-04-22,0.01756117384777993
2004-04-23,0.01700340224780497
2004-04-24,0.016068750982079907
2004-04-25,0.015276858324588506
2004-04-26,0.014695996030530692
2004-04-27,0.01416665649289398
2004-04-28,0.013649065867747704
2004-04-29,0.013201363139399026
2004-04-30,0.01281152824637287
2004-05-01,0.01246967787494923
2004-05-02,0.01216767818730439
2004-05-03,0.011898829082508356
2004-05-04,0.01167765839160857
2004-05-05,0.011463857586051077
2004-05-06,0.011261646022382955
2004-05-07,0.011076189110173986
2004-05-08,0.011121340474176724
2004-05-09,0.011424066210247932
2004-05-10,0.011442276055347748
2004-05-11,0.01120323409690061
2004-05-12,0.01097071751755681
2004-05-13,0.010760876831825765
2004-05-14,0.010661350190482088
2004-05-15,0.010532211723995136
2004-05-16,0.01035183896244049
2004-05-17,0.0102237783462531
2004-05-18,0.01024812845977509
2004-05-19,0.010151046224572536
2004-05-20,0.009980734032219737
2004-05-21,0.009823659134056363
2004-05-22,0.009677736578185854
2004-05-23,0.00954123813618526
2004-05-24,0.009412729976193438
2004-05-25,0.009291021419284931
2004-05-26,0.009175122772880998
2004-05-27,0.009408832236163065
2004-05-28,0.009536369652961058
2004-05-29,0.009355376124032965
2004-05-30,0.009190579615874757
2004-05-31,0.009039372950413948
2004-06-01,0.008899597437218947
2004-06-02,0.00876946415626847
2004-06-03,0.008647489304333492
2004-06-04,0.008532441046821854
2004-06-05,0.008423295790831752
2004-06-06,0.008319202179630312
2004-06-07,0.00821945142100957
2004-06-08,0.008123452815799124
2004-06-09,0.008030713559361753
2004-06-10,0.007940822057134207
2004-06-11,0.007908386619401079
2004-06-12,0.007940596308313059
2004-06-13,0.015368087159231698
2004-06-14,0.015272592488007728
2004-06-15,0.019016857183376517
2004-06-16,0.00804834377746094
2004-06-17,0.007928595283260896
2004-06-18,0.007892116918746686
2004-06-19,0.007792210447435202
2004-06-20,0.007680738317898169
2004-06-21,0.007592798628234191
2004-06-22,0.007468654868431627
2004-06-23,0.012517643045695118
2004-06-24,0.007620689950225635
2004-06-25,0.007465636121105162
2004-06-26,0.007383082131631239
2004-06-27,0.009072192632834528
2004-06-28,0.007399865555540664
2004-06-29,0.04582269542312581
2004-06-30,0.010728585487871587
2004-07-01,0.008234452211056419
2004-07-02,0.007949103592522298
2004-07-03,0.007701147244341588
2004-07-04,0.007484243992504921
2004-07-05,0.007293160823993467
2004-07-06,0.0071235832288028276
2004-07-07,0.006971947849377511
2004-07-08,0.006877111134006024
2004-07-09,0.0068063689857771155
2004-07-10,0.006684744706884461
2004-07-11,0.006568580341795256
2004-07-12,0.006514107943144308
2004-07-13,0.011280652449829199
2004-07-14,0.013766928571121093
2004-07-15,0.0085295526483338
2004-07-16,0.006613421915648347
2004-07-17,0.006470370905351051
2004-07-18,0.006341634139291185
2004-07-19,0.006224883375381809
2004-07-20,0.006118190324366905
2004-07-21,0.0060199566058079
2004-07-22,0.005928856188828939
2004-07-23,0.005893314444913437
2004-07-24,0.005843373719536135
2004-07-25,0.005825667297253069
2004-07-26,0.005788248893590726
2004-07-27,0.005753843346086535
2004-07-28,0.018853817793853138
2004-07-29,0.027313600199548458
2004-07-30,0.009843286491275206
2004-07-31,0.006142460836443705
2004-08-01,0.005976972171443599
2004-08-02,0.005830641934560308
2004-08-03,0.005700293210919974
2004-08-04,0.005583298560033772
2004-08-05,0.00547748317602072
2004-08-06,0.005381045422061226
2004-08-07,0.0053165909307154825
2004-08-08,0.005248180222365892
2004-08-09,0.005166912362737566
2004-08-10,0.005091219707459071
2004-08-11,0.005020252739867109
2004-08-12,0.004953304734438636
2004-08-13,0.004889787240159552
2004-08-14,0.004829209844965225
2004-08-15,0.004771163460849922
2004-08-16,0.0047153065066732865
2004-08-17,0.004693641189467038
2004-08-18,0.0046689012803331886
2004-08-19,0.00461695281280321
2004-08-20,0.004561966961816
2004-08-21,0.004507320000698611
2004-08-22,0.004454707504026265
2004-08-23,0.004403865632170133
2004-08-24,0.004354573550271258
2004-08-25,0.004306646206124017
2004-08-26,0.0042599283409923815
2004-08-27,0.004214289519468375
2004-08-28,0.0041696200022032955
2004-08-29,0.004125827316298409
2004-08-30,0.008546447123851596
2004-08-31,0.006101348108768016
2004-09-01,0.004045043481162671
2004-09-02,0.003998621893070407
2004-09-03,0.003953650276760365
2004-09-04,0.003909953781603827
2004-09-05,0.0038753473788334853
2004-09-06,0.003850867948200586
2004-09-07,0.0038153530373043576
2004-09-08,0.014199121773177595
2004-09-09,0.008504298642019197
2004-09-10,0.003741131686735151
2004-09-11,0.00369472776764784
2004-09-12,0.0036560102887853753
2004-09-13,0.003617290990141825
2004-09-14,0.003574741397708421
2004-09-15,0.0035336658842200146
2004-09-16,0.00349387902620473
2004-09-17,0.0034552253857129517
2004-09-18,0.003417574506235595
2004-09-19,0.0033885184301209368
2004-09-20,0.0033590326830958955
2004-09-21,0.0033243224482773456
2004-09-22,0.019369735549809204
2004-09-23,0.006798714930585501
2004-09-24,0.03279303456613477
2004-09-25,0.003925040448102822
2004-09-26,0.004672248696799927
2004-09-27,0.0032993775740383074
2004-09-28,0.0032460242694692287
2004-09-29,0.003196550973582122
2004-09-30,0.0031503644998532136
2004-10-01,0.003106970794325412
2004-10-02,0.0030659580278938436
2004-10-03,0.003048508745053117
2004-10-04,0.026208746775060885
2004-10-05,0.013701145281584387
2004-10-06,0.003187275914975782
2004-10-07,0.003120005169771922
2004-10-08,0.0030592590740158958
2004-10-09,0.003003993803929114
2004-10-10,0.0029533421619426597
2004-10-11,0.0029251557257837448
2004-10-12,0.002898329103816497
2004-10-13,0.0071630056821733665
2004-10-14,0.0029091984204072455
2004-10-15,0.011642284013948033
2004-10-16,0.010045661472065731
2004-10-17,0.018599277504975902
2004-10-18,0.054443696882315984
2004-10-19,0.022073607699020812
2004-10-20,0.033134518342804
2004-10-21,0.016901946880798546
2004-10-22,0.026013517631950245
2004-10-23,0.012728918193224824
2004-10-24,0.005276528574132004
2004-10-25,0.0359653624627194
2004-10-26,0.01645974178185094
2004-10-27,0.007128349100465045
2004-10-28,0.02072077394988758
2004-10-29,0.00625946835221412
2004-10-30,0.03510250415416276
2004-10-31,0.02551444307192106
2004-11-01,0.022122850054999782
2004-11-02,0.09466198762283022
2004-11-03,0.03624885417500136
2004-11-04,0.022358098465969697
2004-11-05,0.015369227028263995
2004-11-06,0.013588795634499521
2004-11-07,0.02627296384057809
2004-11-08,0.02965656506746923
2004-11-09,0.013548506054879275
2004-11-10,0.012174066175962311
2004-11-11,0.03602909553535122
2004-11-12,0.041777874507407435
2004-11-13,0.04874498311188299
2004-11-14,0.026448812237555356
2004-11-15,0.05281525263030142
2004-11-16,0.03953993484197697
2004-11-17,0.021981160751385374
2004-11-18,0.019524349884896784
2004-11-19,0.017491147445196486
2004-11-20,0.0158047552488702
2004-11-21,0.024694706760010232
2004-11-22,0.03100071135794504
2004-11-23,0.03824442118617663
2004-11-24,0.023116103129271686
2004-11-25,0.029735998444883883
2004-11-26,0.018001801368056715
2004-11-27,0.01638645054820099
2004-11-28,0.015040890196443066
2004-11-29,0.04482056692636541
2004-11-30,0.018384220806641368
2004-12-01,0.024364438208765226
2004-12-02,0.016802196533162304
2004-12-03,0.016945017626239883
2004-12-04,0.014621054058295275
2004-12-05,0.013646991440391998
2004-12-06,0.03501359516253948
2004-12-07,0.026265790286460148
2004-12-08,0.04188732007159484
2004-12-09,0.06801015555480854
2004-12-10,0.038545391262630076
2004-12-11,0.026315269301928453
2004-12-12,0.04472714672972317
2004-12-13,0.0317399807475868
2004-12-14,0.03275674766577609
2004-12-15,0.04055954965932945
2004-12-16,0.05531784257197011
2004-12-17,0.0681098461096241
2004-12-18,0.05960167334029876
2004-12-19,0.03537221473095767
2004-12-20,0.06686982215295832
2004-12-21,0.048504047927453185
2004-12-22,0.07852535712468466
2004-12-23,0.04036759289731687
2004-12-24,0.0769622326470929
2004-12-25,0.041134651068918296
2004-12-26,0.0743089617775969
2004-12-27,0.046887411553394875
2004-12-28,0.03817806717472153
2004-12-29,0.034465412036276365
2004-12-30,0.03138933017876189
2004-12-31,0.02883344572539355
2005-01-01,0.02670314732804048
2005-01-02,0.024921432773778108
2005-01-03,0.023425563612300263
2005-01-04,0.022614809846146236
2005-01-05,0.048480885799111216
2005-01-06,0.035987171301101475
2005-01-07,0.02632314787253875
2005-01-08,0.025747515188194015
2005-01-09,0.03337768291291047
2005-01-10,0.024200873689282126
2005-01-11,0.02284874507066363
2005-01-12,0.021705330099096972
2005-01-13,0.02073359850303563
2005-01-14,0.019903266393440294
2005-01-15,0.019189542414590244
2005-01-16,0.018572111603169624
2005-01-17,0.018034310977206435
2005-01-18,0.017562459951171054
2005-01-19,0.017145315920549367
2005-01-20,0.0167736311541404
2005-01-21,0.016439791772056084
2005-01-22,0.01613752330686521
2005-01-23,0.015861650330722687
2005-01-24,0.015607900030426529
2005-01-25,0.029892859335875283
2005-01-26,0.019052568969847014
2005-01-27,0.06582038601239608
2005-01-28,0.02686845772627279
2005-01-29,0.0467034471901086
2005-01-30,0.027742208628996918
2005-01-31,0.032214885974850525
2005-02-01,0.0286417867738549
2005-02-02,0.05742111928022611
2005-02-03,0.051369612584211806
2005-02-04,0.03679550066453838
2005-02-05,0.03669243532272834
2005-02-06,0.029150540893514057
2005-02-07,0.027017380365883113
2005-02-08,0.05227452026678751
2005-02-09,0.04238059429951351
2005-02-10,0.029870642433067793
2005-02-11,0.030035309048227276
2005-02-12,0.026405122726588504
2005-02-13,0.024765247862510848
2005-02-14,0.023384749011443603
2005-02-15,0.022217328588089016
2005-02-16,0.05092041341387359
2005-02-17,0.03980639542170985
2005-02-18,0.05650400349401888
2005-02-19,0.03196400447218487
2005-02-20,0.02949331616650282
2005-02-21,0.02743080496733467
2005-02-22,0.025702719269672412
2005-02-23,0.024248955363342622
2005-02-24,0.023020479909348777
2005-02-25,0.021977249241857982
2005-02-26,0.021086527740494573
2005-02-27,0.020321527153552652
2005-02-28,0.019660304362020386
2005-03-01,0.01908486749986998
2005-03-02,0.01858045025073256
2005-03-03,0.018134922046829746
2005-03-04,0.017738308214554868
2005-03-05,0.01738239916754822
2005-03-06,0.017060431799688285
2005-03-07,0.01676682948084746
2005-03-08,0.016679933159311093
2005-03-09,0.029030640265053823
2005-03-10,0.022137056394196882
2005-03-11,0.019933682441487344
2005-03-12,0.019144626385413373
2005-03-13,0.01846586964272264
2005-03-14,0.04199533124347479
2005-03-15,0.03692688904119511
2005-03-16,0.02452408012232352
2005-03-17,0.057207596034958265
2005-03-18,0.030546398257532015
2005-03-19,0.03230657167370819
2005-03-20,0.03915170725239415
2005-03-21,0.027627556294522876
2005-03-22,0.025700685836887806
2005-03-23,0.025003485783697668
2005-03-24,0.02436320829625525
2005-03-25,0.026831399435314086
2005-03-26,0.026334849436855257
2005-03-27,0.023594345290418775
2005-03-28,0.0224023107902982
2005-03-29,0.021851220635903276
2005-03-30,0.021294777047230207
2005-03-31,0.02045180420479817
2005-04-01,0.019707060357485016
2005-04-02,0.019004386443465523
2005-04-03,0.01839629104204137
2005-04-04,0.017866416556872343
2005-04-05,0.017401331956711653
2005-04-06,0.016989998769729234
2005-04-07,0.016623336406386798
2005-04-08,0.016293867972618507
2005-04-09,0.01599543137863138
2005-04-10,0.015722943473446372
2005-04-11,0.015472207285973719
2005-04-12,0.015239754344891531
2005-04-13,0.01518164963722827
2005-04-14,0.015098172094603651
2005-04-15,0.014867019389239447
2005-04-16,0.014651679565221972
2005-04-17,0.014449702038313158
2005-04-18,0.014341369697843267
2005-04-19,0.01420119306171786
2005-04-20,0.014011916551266658
2005-04-21,0.013832459886276613
2005-04-22,0.013661391410480268
2005-04-23,0.01349752153533485
2005-04-24,0.013387340062791126
2005-04-25,0.013254046861084563
2005-04-26,0.013097787060812478
2005-04-27,0.021745520298716972
2005-04-28,0.05192946107004232
2005-04-29,0.01690834394951504
2005-04-30,0.01616600564651016
2005-05-01,0.015530563940560205
2005-05-02,0.014983393701789582
2005-05-03,0.014749604402023093
2005-05-04,0.014615277149031913
2005-05-05,0.014416992545460175
2005-05-06,0.01413539911664626
2005-05-07,0.013792145480375275
2005-05-08,0.013582811524478175
2005-05-09,0.013303323643719523
2005-05-10,0.013003317824102729
2005-05-11,0.012734667525973643
2005-05-12,0.01249217818316375
2005-05-13,0.012279706920753147
2005-05-14,0.0123417082193955
2005-05-15,0.012489390009044673
2005-05-16,0.013557584888079094
2005-05-17,0.03075955467625267
2005-05-18,0.01326928449085546
2005-05-19,0.01286603685531379
2005-05-20,0.012513123397277582
2005-05-21,0.012201994362521616
2005-05-22,0.01192560868137367
2005-05-23,0.011678162534216397
2005-05-24,0.011454867672422757
2005-05-25,0.011251770200084046
2005-05-26,0.0110656022917509
2005-05-27,0.01089366074769013
2005-05-28,0.01073370743886732
2005-05-29,0.010583887623276375
2005-05-30,0.010442662866733213
2005-05-31,0.010328372998780156
2005-06-01,0.010333193353545543
2005-06-02,0.010268415003156199
2005-06-03,0.010123075719620312
2005-06-04,0.02331340734999961
2005-06-05,0.010535361196760058
2005-06-06,0.010319243857530719
2005-06-07,0.010131156568462222
2005-06-08,0.009954797096160572
2005-06-09,0.009790422002847661
2005-06-10,0.009638550198650715
2005-06-11,0.009497220264280527
2005-06-12,0.009364805916428515
2005-06-13,0.009239957524280642
2005-06-14,0.00912155401268471
2005-06-15,0.009008663274299684
2005-06-16,0.008900509558673619
2005-06-17,0.008796446587024932
2005-06-18,0.008704879149457587
2005-06-19,0.008611469126430623
2005-06-20,0.008515139529664534
2005-06-21,0.008421485496208851
2005-06-22,0.008330199198105724
2005-06-23,0.00824102259592717
2005-06-24,0.00815373906141019
2005-06-25,0.008068166434004157
2005-06-26,0.007984151261880163
2005-06-27,0.007901564022072375
2005-06-28,0.007820637150504009
2005-06-29,0.007740679290226138
2005-06-30,0.007661731644925744
2005-07-01,0.0075838710447688465
2005-07-02,0.0075070385855087
2005-07-03,0.007431183719352836
2005-07-04,0.026633421049541417
2005-07-05,0.011562688735534616
2005-07-06,0.007281835626269931
2005-07-07,0.007204250428843261
2005-07-08,0.007135790610325009
2005-07-09,0.007061164584512849
2005-07-10,0.0069840016245073635
2005-07-11,0.006908712439883139
2005-07-12,0.006835098512779323
2005-07-13,0.006762992968654349
2005-07-14,0.0066922552958290325
2005-07-15,0.006622766961442536
2005-07-16,0.0065544277692123855
2005-07-17,0.006488629853770495
2005-07-18,0.00642310174500335
2005-07-19,0.006357485928234616
2005-07-20,0.0062927895178882705
2005-07-21,0.010269335226725018
2005-07-22,0.02132415899161624
2005-07-23,0.0065980195649750365
2005-07-24,0.006074588026306007
2005-07-25,0.006013644014383385
2005-07-26,0.005955612477554471
2005-07-27,0.05310302074428765
2005-07-28,0.01314578451489127
2005-07-29,0.005914078829255625
2005-07-30,0.025315026608082866
2005-07-31,0.012862246295611465
2005-08-01,0.016909262155157253
2005-08-02,0.01151721946149857
2005-08-03,0.005782106302611732
2005-08-04,0.005691618240521486
2005-08-05,0.005607449652895113
2005-08-06,0.005528632910503275
2005-08-07,0.005454363440166355
2005-08-08,0.00538397165923823
2005-08-09,0.005316899823549053
2005-08-10,0.005252682913725426
2005-08-11,0.00519093284340679
2005-08-12,0.005131325402217317
2005-08-13,0.005073589451928787
2005-08-14,0.005021517120478101
2005-08-15,0.02108132540768433
2005-08-16,0.04648164921603487
2005-08-17,0.011919198124020291
2005-08-18,0.00512181704639757
2005-08-19,0.0050355870695552845
2005-08-20,0.0049711408308258515
2005-08-21,0.004900561788605508
2005-08-22,0.00483566855672565
2005-08-23,0.004769295738502952
2005-08-24,0.004702017925151716
2005-08-25,0.004638641910439789
2005-08-26,0.0045785939491575995
2005-08-27,0.004521395873631698
2005-08-28,0.004466648805679918
2005-08-29,0.00441401969090519
2005-08-30,0.00436323015804144
2005-08-31,0.00431404729519401
2005-09-01,0.004266276007691357
2005-09-02,0.004219752681901489
2005-09-03,0.004174339928212674
2005-09-04,0.004150730306073015
2005-09-05,0.014348420223041862
2005-09-06,0.028878077799592863
2005-09-07,0.004158612336878912
2005-09-08,0.029120092158493576
2005-09-09,0.008451845425979057
2005-09-10,0.015425298576103018
2005-09-11,0.013473647699607896
2005-09-12,0.004186698417966937
2005-09-13,0.05409154685284385
2005-09-14,0.04799049705563104
2005-09-15,0.005475616134987695
2005-09-16,0.005228815008910097
2005-09-17,0.0062378907953764195
2005-09-18,0.017310423037106688
2005-09-19,0.011995221845455666
2005-09-20,0.005045188783049297
2005-09-21,0.027354581313739117
2005-09-22,0.015139746812346172
2005-09-23,0.010161425645726486
2005-09-24,0.005461467357682405
2005-09-25,0.005189794672577444
2005-09-26,0.004957789199620613
2005-09-27,0.004758661849635503
2005-09-28,0.004597292285351401
2005-09-29,0.004457657978581832
2005-09-30,0.004355259821747272
2005-10-01,0.004338049634448694
2005-10-02,0.0677321793422306
2005-10-03,0.03784370205509583
2005-10-04,0.008681112903256318
2005-10-05,0.007950931986921905
2005-10-06,0.012598249437385273
2005-10-07,0.007456743784052818
2005-10-08,0.006914128194778616
2005-10-09,0.0064997456201567735
2005-10-10,0.006148250700867861
2005-10-11,0.00581099493197015
2005-10-12,0.005524265953929822
2005-10-13,0.005279361546355593
2005-10-14,0.005150039731294101
2005-10-15,0.005046006316026009
2005-10-16,0.004899463297462354
2005-10-17,0.014216462094004303
2005-10-18,0.00569777496763058
2005-10-19,0.005419346692723819
2005-10-20,0.005181416211419806
2005-10-21,0.0049770515004059
2005-10-22,0.004800539405878678
2005-10-23,0.004647167313571781
2005-10-24,0.0045130446556161585
2005-10-25,0.004394956847960855
2005-10-26,0.004290245655420034
2005-10-27,0.004196711113702927
2005-10-28,0.004112531052396509
2005-10-29,0.004036195002461733
2005-10-30,0.004985898099903792
2005-10-31,0.004635196332162272
2005-11-01,0.04035269983072431
2005-11-02,0.010196069162477709
2005-11-03,0.05354633507400045
2005-11-04,0.03178584864856252
2005-11-05,0.08391251268262863
2005-11-06,0.029839928089397297
2005-11-07,0.01718814025222427
2005-11-08,0.015219308592201585
2005-11-09,0.013589188487432043
2005-11-10,0.012236668714428071
2005-11-11,0.011111900458441558
2005-11-12,0.010174179665386847
2005-11-13,0.00939023571673882
2005-11-14,0.0087328468548601
2005-11-15,0.008179718692716092
2005-11-16,0.007797640931816944
2005-11-17,0.007912188512822363
2005-11-18,0.007815768120357072
2005-11-19,0.007406578817501214
2005-11-20,0.007058287681137016
2005-11-21,0.015300414862531031
2005-11-22,0.007970593244377279
2005-11-23,0.03483210547973276
2005-11-24,0.010366244197803489
2005-11-25,0.00957356844085271
2005-11-26,0.01319583237764285
2005-11-27,0.018581311182811405
2005-11-28,0.009601300275634522
2005-11-29,0.008956882534314857
2005-11-30,0.0084139331195011
2005-12-01,0.007954682822147683
2005-12-02,0.014999661406425663
2005-12-03,0.01711845054048566
2005-12-04,0.008984968309447379
2005-12-05,0.008446509838070501
2005-12-06,0.017743718261296493
2005-12-07,0.008870050155103773
2005-12-08,0.01880819134092392
2005-12-09,0.012162969629832127
2005-12-10,0.02060008305194006
2005-12-11,0.0187986710631155
2005-12-12,0.010526011273492536
2005-12-13,0.019672157284719074
2005-12-14,0.028649537641450663
2005-12-15,0.01930871277808617
2005-12-16,0.027131215037116903
2005-12-17,0.025558213855788492
2005-12-18,0.02065667353086304
2005-12-19,0.013954428400620436
2005-12-20,0.012778590714330787
2005-12-21,0.011796391458137824
2005-12-22,0.010973384321281884
2005-12-23,0.010281390144175223
2005-12-24,0.009697334039046534
2005-12-25,0.009202302596762012
2005-12-26,0.00878077868485058
2005-12-27,0.008420019713782674
2005-12-28,0.008109551937513218
2005-12-29,0.007840758705458284
2005-12-30,0.007606544869424168
2005-12-31,0.031919674869918924
2006-01-01,0.02026504911450176
2006-01-02,0.05400120392019959
2006-01-03,0.040812642415606726
2006-01-04,0.019825519982599227
2006-01-05,0.01781702777449307
2006-01-06,0.016150074101964774
2006-01-07,0.1160596169516977
2006-01-08,0.05100252965371563
2006-01-09,0.031885036841598956
2006-01-10,0.028147094912051373
2006-01-11,0.025062153177600216
2006-01-12,0.022510635233156644
2006-01-13,0.02039534316680794
2006-01-14,0.018637182132599194
2006-01-15,0.01717171890691457
2006-01-16,0.015946408307405204
2006-01-17,0.014918355144878848
2006-01-18,0.022890028146114627
2006-01-19,0.015406740335527608
2006-01-20,0.01447374979626523
2006-01-21,0.01368603360428692
2006-01-22,0.017350930894509828
2006-01-23,0.017125098504249925
2006-01-24,0.039854468480992764
2006-01-25,0.02073620019857996
2006-01-26,0.03926741541339634
2006-01-27,0.019710319027401717
2006-01-28,0.018153280675644968
2006-01-29,0.03918064799288896
2006-01-30,0.020140188959510003
2006-01-31,0.01855707099818255
2006-02-01,0.0196158593279283
2006-02-02,0.03552917852558427
2006-02-03,0.0192136093757057
2006-02-04,0.017818729818935276
2006-02-05,0.046095720865235744
2006-02-06,0.10467873246267966
2006-02-07,0.03634723536098415
2006-02-08,0.032330477963891636
2006-02-09,0.038270447995713656
2006-02-10,0.04633500216987784
2006-02-11,0.029447227222309493
2006-02-12,0.031759316534186725
2006-02-13,0.02558573964981954
2006-02-14,0.02351266636322182
2006-02-15,0.02178308995994123
2006-02-16,0.020335158394775645
2006-02-17,0.019118420212970225
2006-02-18,0.018091680336075718
2006-02-19,0.01722126738681583
2006-02-20,0.016479631934939672
2006-02-21,0.01671264438993492
2006-02-22,0.016870124211210546
2006-02-23,0.031803692321164014
2006-02-24,0.02636437611315741
2006-02-25,0.026535117124657327
2006-02-26,0.021662604346087185
2006-02-27,0.019548293179078382
2006-02-28,0.01782250792821672
2006-03-01,0.01697458760559506
2006-03-02,0.016251704576011137
2006-03-03,0.015631969100669624
2006-03-04,0.015097433579986769
2006-03-05,0.014633368553541831
2006-03-06,0.014227674276313038
2006-03-07,0.013870401979242162
2006-03-08,0.014692929794876138
2006-03-09,0.04806025585100593
2006-03-10,0.035841044353630086
2006-03-11,0.022355015597897248
2006-03-12,0.020751116980909024
2006-03-13,0.01972450234322575
2006-03-14,0.034756843367017114
2006-03-15,0.02164777806807267
2006-03-16,0.02018588557592691
2006-03-17,0.01895807791043226
2006-03-18,0.01792262662149201
2006-03-19,0.017045426613645193
2006-03-20,0.01629857540385874
2006-03-21,0.015659222494508716
2006-03-22,0.015269334665795385
2006-03-23,0.015199227535677817
2006-03-24,0.01485434507176057
2006-03-25,0.014397160705425906
2006-03-26,0.014039880854246678
2006-03-27,0.014558650236148316
2006-03-28,0.014776777449287674
2006-03-29,0.01429057133817494
2006-03-30,0.013867383024096227
2006-03-31,0.013496429892551549
2006-04-01,0.013168841442191978
2006-04-02,0.012877313545403217
2006-04-03,0.012615826414124821
2006-04-04,0.012397051238748506
2006-04-05,0.012191828080043321
2006-04-06,0.01199014113812283
2006-04-07,0.011803881838776427
2006-04-08,0.012301779463835883
2006-04-09,0.02140785316975641
2006-04-10,0.016117070854444804
2006-04-11,0.013742411709125596
2006-04-12,0.016866316089063253
2006-04-13,0.015927908566049084
2006-04-14,0.014301806298027542
2006-04-15,0.021073917696284045
2006-04-16,0.014358625271547118
2006-04-17,0.013752114302687066
2006-04-18,0.013231660089990797
2006-04-19,0.012782347458724209
2006-04-20,0.02049046692089906
2006-04-21,0.02552054965527867
2006-04-22,0.015670241126992845
2006-04-23,0.015811631907415396
2006-04-24,0.01545301358783547
2006-04-25,0.01470125654236161
2006-04-26,0.014031872958527916
2006-04-27,0.013444858162325846
2006-04-28,0.012940847730984069
2006-04-29,0.012505469137788513
2006-04-30,0.012374025076276706
2006-05-01,0.03118080445735813
2006-05-02,0.015027021302125555
2006-05-03,0.014505746132547773
2006-05-04,0.016655850201985765
2006-05-05,0.015090329290107571
2006-05-06,0.013649619888052916
2006-05-07,0.026489974965790804
2006-05-08,0.019737802815914973
2006-05-09,0.014441192262201216
2006-05-10,0.013768653862398214
2006-05-11,0.013180422323629967
2006-05-12,0.012668067392123235
2006-05-13,0.012226350975553172
2006-05-14,0.011843102258385299
2006-05-15,0.011508314729351854
2006-05-16,0.01121375380623744
2006-05-17,0.010952636956712933
2006-05-18,0.010735110795011346
2006-05-19,0.010727794193772138
2006-05-20,0.010829311963958393
2006-05-21,0.010689447764861679
2006-05-22,0.010454498303785741
2006-05-23,0.06063527582335849
2006-05-24,0.01500425247029309
2006-05-25,0.014108176953093394
2006-05-26,0.013351153478911157
2006-05-27,0.012708703027420559
2006-05-28,0.012224041445661525
2006-05-29,0.011771792646573569
2006-05-30,0.011354805612023289
2006-05-31,0.010993280895508939
2006-06-01,0.010677732200124438
2006-06-02,0.010400351237391437
2006-06-03,0.010154705149815434
2006-06-04,0.00994223449093219
2006-06-05,0.010052544676043882
2006-06-06,0.010057477344320774
2006-06-07,0.009848774837676546
2006-06-08,0.009828366428757604
2006-06-09,0.009810393001724985
2006-06-10,0.009620907394919253
2006-06-11,0.009535898466850283
2006-06-12,0.009437579589256758
2006-06-13,0.009242029981075109
2006-06-14,0.009065471265159079
2006-06-15,0.008904809251510928
2006-06-16,0.008757484076477142
2006-06-17,0.008621376090764717
2006-06-18,0.00849472862242252
2006-06-19,0.008376084533706309
2006-06-20,0.008264234063737793
2006-06-21,0.008213409185565812
2006-06-22,0.008150714852987443
2006-06-23,0.012294420689746668
2006-06-24,0.008275510398165485
2006-06-25,0.008131536132061806
2006-06-26,0.00799923799766921
2006-06-27,0.007876770164220491
2006-06-28,0.0077626020050877735
2006-06-29,0.007680879167708391
2006-06-30,0.007608104759913292
2006-07-01,0.007507254131223113
2006-07-02,0.007444715777849998
2006-07-03,0.01042634245788527
2006-07-04,0.00949089521539335
2006-07-05,0.10898548711977091
2006-07-06,0.012645344697634953
2006-07-07,0.012501843934679678
2006-07-08,0.009875089057116608
2006-07-09,0.009402227121437824
2006-07-10,0.0089984542665021
2006-07-11,0.008651821496993667
2006-07-12,0.008352504382680715
2006-07-13,0.008092418034150502
2006-07-14,0.007864903187369428
2006-07-15,0.007674661898865023
2006-07-16,0.022196707929379556
2006-07-17,0.008191032965163977
2006-07-18,0.007926654350540118
2006-07-19,0.0076959084622311375
2006-07-20,0.0074931159735969035
2006-07-21,0.007313591588887824
2006-07-22,0.007175199274352261
2006-07-23,0.03501202523787659
2006-07-24,0.04002859344110523
2006-07-25,0.01550648989598647
2006-07-26,0.019289878439809453
2006-07-27,0.008932727745982087
2006-07-28,0.008652433075266856
2006-07-29,0.017235911143974388
2006-07-30,0.011495755122437184
2006-07-31,0.008491950603785462
2006-08-01,0.008149970995484276
2006-08-02,0.007843735346751734
2006-08-03,0.007578864240279176
2006-08-04,0.007348312900952739
2006-08-05,0.007217131304240135
2006-08-06,0.0070822539034341644
2006-08-07,0.0069078403744297695
2006-08-08,0.006752600957591112
2006-08-09,0.006613371287382881
2006-08-10,0.006487534101886479
2006-08-11,0.00637292283075196
2006-08-12,0.006267742479066644
2006-08-13,0.0061705046475891865
2006-08-14,0.006079974117692617
2006-08-15,0.0059951249058103956
2006-08-16,0.005915104078711662
2006-08-17,0.005839201934834454
2006-08-18,0.005766827412081163
2006-08-19,0.005697487790119309
2006-08-20,0.005630771924352149
2006-08-21,0.0055663363866033065
2006-08-22,0.005503894000073441
2006-08-23,0.005443204348026435
2006-08-24,0.005384065910791334
2006-08-25,0.005326309547140231
2006-08-26,0.005269793086446182
2006-08-27,0.005214396839290207
2006-08-28,0.005160019868037875
2006-08-29,0.005106576886698939
2006-08-30,0.005053995682220819
2006-08-31,0.0050022149681471445
2006-09-01,0.004951182597028802
2006-09-02,0.004900854070705399
2006-09-03,0.00485119129806827
2006-09-04,0.004802161558571933
2006-09-05,0.004753736636906147
2006-09-06,0.00470589210014337
2006-09-07,0.004658606693556056
2006-09-08,0.02352646151527933
2006-09-09,0.005720257648782763
2006-09-10,0.006949229399427868
2006-09-11,0.004570421133310468
2006-09-12,0.004514536751403228
2006-09-13,0.004460888060279041
2006-09-14,0.004409177824325708
2006-09-15,0.004359157441283547
2006-09-16,0.00431061875651012
2006-09-17,0.004263387277834874
2006-09-18,0.004218170082326211
2006-09-19,0.004173303477236473
2006-09-20,0.004129081915412108
2006-09-21,0.0040857262955316205
2006-09-22,0.005827552498287924
2006-09-23,0.009036787392339688
2006-09-24,0.06709397171614417
2006-09-25,0.006622001593029773
2006-09-26,0.012496598477605446
2006-09-27,0.011276446166347771
2006-09-28,0.02974472306443428
2006-09-29,0.009772695297169159
2006-09-30,0.004342731301403409
2006-10-01,0.004230612241455867
2006-10-02,0.004131085654780626
2006-10-03,0.011597185370260386
2006-10-04,0.012075345201740488
2006-10-05,0.07415487501528936
2006-10-06,0.01794595484860099
2006-10-07,0.022047805188326445
2006-10-08,0.021368101887749787
2006-10-09,0.017016818456035362
2006-10-10,0.006367074647297251
2006-10-11,0.00595933686006827
2006-10-12,0.0056147501879977675
2006-10-13,0.022775215336705085
2006-10-14,0.0062350621280440445
2006-10-15,0.005901544773856946
2006-10-16,0.024327017050667903
2006-10-17,0.007646532680669103
2006-10-18,0.006013021715909656
2006-10-19,0.005674663198332347
2006-10-20,0.005476211986431789
2006-10-21,0.005311130952019568
2006-10-22,0.008253994255215625
2006-10-23,0.02115942900454632
2006-10-24,0.006586912072729017
2006-10-25,0.025422554395380895
2006-10-26,0.0066336051321053266
2006-10-27,0.006210078879976353
2006-10-28,0.005852159740625605
2006-10-29,0.005670030019744481
2006-10-30,0.005525843472605371
2006-10-31,0.005270517736079877
2006-11-01,0.00505175488110354
2006-11-02,0.00486331512140729
2006-11-03,0.004700053435692252
2006-11-04,0.004557723902818271
2006-11-05,0.004432819656006679
2006-11-06,0.004322441849762378
2006-11-07,0.0042241922818908135
2006-11-08,0.004136085321094409
2006-11-09,0.004056475605423688
2006-11-10,0.003983998636115294
2006-11-11,0.003917521925329678
2006-11-12,0.004027518051409367
2006-11-13,0.013134771554391508
2006-11-14,0.01776698508498605
2006-11-15,0.005528379242602713
2006-11-16,0.005230290573122402
2006-11-17,0.00497659972089433
2006-11-18,0.007319181443528825
2006-11-19,0.004964639601567899
2006-11-20,0.05827108109702021
2006-11-21,0.008787145976545936
2006-11-22,0.02461774242326663
2006-11-23,0.020445658835782313
2006-11-24,0.009270386542974416
2006-11-25,0.008454309899137013
2006-11-26,0.06245899900375307
2006-11-27,0.019190556722178374
2006-11-28,0.0299140675449952
2006-11-29,0.05412529915272991
2006-11-30,0.023617382818411848
2006-12-01,0.01631665015334078
2006-12-02,0.018438466881982123
2006-12-03,0.03363793530138087
2006-12-04,0.051690291164354446
2006-12-05,0.02998969784272372
2006-12-06,0.024689228051419727
2006-12-07,0.056937308948823095
2006-12-08,0.027849421286499986
2006-12-09,0.03569571140731621
2006-12-10,0.026212725154786953
2006-12-11,0.03805408862093689
2006-12-12,0.021036948924796208
2006-12-13,0.08686207890165555
2006-12-14,0.04288788790152057
2006-12-15,0.02820814202653074
2006-12-16,0.03469989746947435
2006-12-17,0.03854550387678348
2006-12-18,0.031734869958259256
2006-12-19,0.023349869762459435
2006-12-20,0.04976427685919154
2006-12-21,0.09708204903791384
2006-12-22,0.04651188015845525
2006-12-23,0.04744887143609528
2006-12-24,0.03591431964308899
2006-12-25,0.04301073103983192
2006-12-26,0.02970273747833119
2006-12-27,0.0268143381858187
2006-12-28,0.045682151109358964
2006-12-29,0.05013768639102322
2006-12-30,0.057817279234497
2006-12-31,0.03220111879754866
2007-01-01,0.02908609913491254
2007-01-02,0.026502921588966555
2007-01-03,0.02435475555913808
2007-01-04,0.022562802787429174
2007-01-05,0.021062869680359624
2007-01-06,0.021801755102087577
2007-01-07,0.03198785706169641
2007-01-08,0.025289722102657123
2007-01-09,0.02057530907194024
2007-01-10,0.019407779892634976
2007-01-11,0.03195668815362476
2007-01-12,0.023587223380897884
2007-01-13,0.05165110127354187
2007-01-14,0.028383369197357598
2007-01-15,0.03533338611556409
2007-01-16,0.03990772558472461
2007-01-17,0.074492158281836
2007-01-18,0.03387816370658968
2007-01-19,0.030726200070811404
2007-01-20,0.028110156451179136
2007-01-21,0.025932468175641762
2007-01-22,0.0241137425204444
2007-01-23,0.022589303875561514
2007-01-24,0.061079676248603686
2007-01-25,0.07527836858948662
2007-01-26,0.05199139838190358
2007-01-27,0.0361966533736399
2007-01-28,0.032878925165897806
2007-01-29,0.03012492325644334
2007-01-30,0.027831913867116993
2007-01-31,0.025916320624932918
2007-02-01,0.0362199533798808
2007-02-02,0.026260016035946746
2007-02-03,0.04341371202997973
2007-02-04,0.02710587808479344
2007-02-05,0.02534418413926375
2007-02-06,0.023863796879682205
2007-02-07,0.02261438933315034
2007-02-08,0.021554866915724044
2007-02-09,0.020651639355708386
2007-02-10,0.03401936124561208
2007-02-11,0.023037996114004228
2007-02-12,0.02188759851034768
2007-02-13,0.020909864637581363
2007-02-14,0.02007433501582453
2007-02-15,0.019356075230839057
2007-02-16,0.01873465364061067
2007-02-17,0.018193311998872187
2007-02-18,0.017718291858178022
2007-02-19,0.01729828690909306
2007-02-20,0.01692399724431615
2007-02-21,0.01658776620599873
2007-02-22,0.0644815525010934
2007-02-23,0.026272698822369902
2007-02-24,0.024485532169741902
2007-02-25,0.02298602388833028
2007-02-26,0.038412379265356636
2007-02-27,0.033394934431977774
2007-02-28,0.03754463824029922
2007-03-01,0.029143683103452542
2007-03-02,0.028899723729425928
2007-03-03,0.02413993479012284
2007-03-04,0.022737807640785132
2007-03-05,0.02504349346899602
2007-03-06,0.02776837309233666
2007-03-07,0.022356853976232608
2007-03-08,0.02122947331539941
2007-03-09,0.020271627099951284
2007-03-10,0.0194534149409246
2007-03-11,0.018750357958863238
2007-03-12,0.01814239607183416
2007-03-13,0.017613074422850178
2007-03-14,0.01714888255285843
2007-03-15,0.01673871707006714
2007-03-16,0.016373444279905714
2007-03-17,0.016058768735014273
2007-03-18,0.015765188146346323
2007-03-19,0.01549224609108756
2007-03-20,0.015241530130964728
2007-03-21,0.01500948529126858
2007-03-22,0.014793171338493791
2007-03-23,0.014590154209847135
2007-03-24,0.014398416966962724
2007-03-25,0.014216286698234742
2007-03-26,0.014042374461217734
2007-03-27,0.0138755258967982
2007-03-28,0.013714780584863867
2007-03-29,0.013559338566700227
2007-03-30,0.013408532748163941
2007-03-31,0.013261806132561374
2007-04-01,0.013118693023358448
2007-04-02,0.012978803492637699
2007-04-03,0.01284181053827682
2007-04-04,0.012707439456545191
2007-04-05,0.012575459041563675
2007-04-06,0.012445674292381545
2007-04-07,0.012348318645902835
2007-04-08,0.01243150415452541
2007-04-09,0.01274312030777376
2007-04-10,0.012860163451857616
2007-04-11,0.0126318198754052
2007-04-12,0.012408607513176321
2007-04-13,0.012218608789401508
2007-04-14,0.012280729036497023
2007-04-15,0.012251397099224806
2007-04-16,0.012030028576613496
2007-04-17,0.01182753495074798
2007-04-18,0.0116408879281965
2007-04-19,0.011467581450459627
2007-04-20,0.011305539758502901
2007-04-21,0.01115304193410538
2007-04-22,0.01100865991112364
2007-04-23,0.010879701593836971
2007-04-24,0.011131691155311138
2007-04-25,0.011413513757217135
2007-04-26,0.011241859392775735
2007-04-27,0.011078504187440733
2007-04-28,0.011101504563051215
2007-04-29,0.021021801290057585
2007-04-30,0.026688254307782867
2007-05-01,0.013216546120662346
2007-05-02,0.05162982063855479
2007-05-03,0.01609506747283238
2007-05-04,0.015106775125805322
2007-05-05,0.014272937213822834
2007-05-06,0.013566293579211125
2007-05-07,0.012964517679130483
2007-05-08,0.036579919443243264
2007-05-09,0.018685466327478178
2007-05-10,0.014880775475195228
2007-05-11,0.07260857158427407
2007-05-12,0.05583892620547687
2007-05-13,0.02619467969942067
2007-05-14,0.021862006866777778
2007-05-15,0.02007920483116459
2007-05-16,0.018572959531234553
2007-05-17,0.01789032280992285
2007-05-18,0.01726746848299809
2007-05-19,0.016212111866070033
2007-05-20,0.015321757229945271
2007-05-21,0.014917550711917471
2007-05-22,0.015035885411954705
2007-05-23,0.014598637619189772
2007-05-24,0.01394747352532305
2007-05-25,0.013390257215623242
2007-05-26,0.01291065858435665
2007-05-27,0.012495269933929729
2007-05-28,0.01213307273527999
2007-05-29,0.011815003571292768
2007-05-30,0.01153360045320864
2007-05-31,0.011282714337967806
2007-06-01,0.011057273594792088
2007-06-02,0.010853091516417815
2007-06-03,0.010666708859019802
2007-06-04,0.010495264916334594
2007-06-05,0.014231723092195994
2007-06-06,0.02020073500670557
2007-06-07,0.011400784569456817
2007-06-08,0.011273916165208049
2007-06-09,0.01113507334116535
2007-06-10,0.01084048086247714
2007-06-11,0.010579979683373668
2007-06-12,0.010382472482610245
2007-06-13,0.010230413779600265
2007-06-14,0.010076002278357145
2007-06-15,0.009895533159181052
2007-06-16,0.009721822689827476
2007-06-17,0.009562391159528585
2007-06-18,0.009712682943813599
2007-06-19,0.01583239338475269
2007-06-20,0.022551661136298366
2007-06-21,0.010286206384768544
2007-06-22,0.010000782924416094
2007-06-23,0.009749235000470242
2007-06-24,0.009560251109451377
2007-06-25,0.009654405900748604
2007-06-26,0.06572883732053912
2007-06-27,0.01809758363241779
2007-06-28,0.01866158971519829
2007-06-29,0.012377010888604783
2007-06-30,0.011744904764652833
2007-07-01,0.011207095043738437
2007-07-02,0.010747151449268194
2007-07-03,0.010351584812934663
2007-07-04,0.01000931034511115
2007-07-05,0.009711210751735441
2007-07-06,0.009523829964811109
2007-07-07,0.009700469191562722
2007-07-08,0.009711896400736813
2007-07-09,0.009429599679786394
2007-07-10,0.009234462133523332
2007-07-11,0.009074386380083054
2007-07-12,0.008868583819170878
2007-07-13,0.008678814709886835
2007-07-14,0.00850795886492362
2007-07-15,0.008428388291996198
2007-07-16,0.008453493569814147
2007-07-17,0.008434007137650445
2007-07-18,0.00830298596388764
2007-07-19,0.008144421605177277
2007-07-20,0.008000104849615568
2007-07-21,0.007867746280040977
2007-07-22,0.007760681728099164
2007-07-23,0.007650880599156543
2007-07-24,0.0075417044453864115
2007-07-25,0.007439048740780376
2007-07-26,0.007341941310316578
2007-07-27,0.007249573519767867
2007-07-28,0.007161272128196651
2007-07-29,0.007076476068507885
2007-07-30,0.006994717278327734
2007-07-31,0.006915604862565962
2007-08-01,0.01716196189852838
2007-08-02,0.022085537119572275
2007-08-03,0.0321677581806111
2007-08-04,0.007614029569186182
2007-08-05,0.007417809607564469
2007-08-06,0.007240348849055913
2007-08-07,0.007080123528669338
2007-08-08,0.010821492851112169
2007-08-09,0.01541976510444062
2007-08-10,0.0072132075533995095
2007-08-11,0.007033036575696647
2007-08-12,0.006872858127420035
2007-08-13,0.0067293674270292375
2007-08-14,0.006599831584373582
2007-08-15,0.0064819887311954654
2007-08-16,0.006373965263865301
2007-08-17,0.006274207886511305
2007-08-18,0.006181427759547067
2007-08-19,0.006094554558389782
2007-08-20,0.006012698652533221
2007-08-21,0.005935119944266022
2007-08-22,0.00586120217381604
2007-08-23,0.005790431715312855
2007-08-24,0.005722380065165726
2007-08-25,0.005656689368893113
2007-08-26,0.005593060450281825
2007-08-27,0.011035718667785204
2007-08-28,0.0076050015572372105
2007-08-29,0.005537306911704405
2007-08-30,0.005464289661257008
2007-08-31,0.0053949160351076325
2007-09-01,0.005328667863285286
2007-09-02,0.00526511294792695
2007-09-03,0.005203890442142318
2007-09-04,0.005144698757276104
2007-09-05,0.00508728555400651
2007-09-06,0.0050314394522239
2007-09-07,0.00498309074193798
2007-09-08,0.004933571442269183
2007-09-09,0.004880271256469563
2007-09-10,0.00482817102824915
2007-09-11,0.004777150744367848
2007-09-12,0.004727109266456873
2007-09-13,0.00467796120943849
2007-09-14,0.004629992477679571
2007-09-15,0.0045825089955141346
2007-09-16,0.004538194902929087
2007-09-17,0.008689100058688023
2007-09-18,0.07745621461750622
2007-09-19,0.02199590635864748
2007-09-20,0.006636266431797366
2007-09-21,0.022791036092695855
2007-09-22,0.016689803220531776
2007-09-23,0.004993730370366407
2007-09-24,0.004856020554123438
2007-09-25,0.004734404799028623
2007-09-26,0.004626220210269969
2007-09-27,0.004545067047213994
2007-09-28,0.009208661446908972
2007-09-29,0.004600723047510548
2007-09-30,0.004495577090561756
2007-10-01,0.004401339413088487
2007-10-02,0.004337788065887367
2007-10-03,0.004279464297660031
2007-10-04,0.004203049206856769
2007-10-05,0.004132960997393159
2007-10-06,0.004068206912073125
2007-10-07,0.004011028088677028
2007-10-08,0.003977595822275442
2007-10-09,0.003954316859078071
2007-10-10,0.019988415114104853
2007-10-11,0.02800242843641776
2007-10-12,0.00454213511395216
2007-10-13,0.004393113569826384
2007-10-14,0.011753704628375475
2007-10-15,0.03381575940359113
2007-10-16,0.005061557390382873
2007-10-17,0.0048306100563240756
2007-10-18,0.004632567973016137
2007-10-19,0.004461828420263609
2007-10-20,0.021538815033223236
2007-10-21,0.019102364918439065
2007-10-22,0.013206933240761734
2007-10-23,0.04159642092587484
2007-10-24,0.006704067229957352
2007-10-25,0.006232083965257067
2007-10-26,0.005834561987565116
2007-10-27,0.005634828147811318
2007-10-28,0.014672479768811156
2007-10-29,0.024319232814013242
2007-10-30,0.010690115820083846
2007-10-31,0.009217151527301426
2007-11-01,0.00608464292851914
2007-11-02,0.005696447375187097
2007-11-03,0.005397283674376041
2007-11-04,0.005142424688250925
2007-11-05,0.004924264559059504
2007-11-06,0.00473653738606507
2007-11-07,0.013463166183203134
2007-11-08,0.009071443645478619
2007-11-09,0.005412951055179892
2007-11-10,0.0051516277111504005
2007-11-11,0.004928159475295027
2007-11-12,0.03995667112651987
2007-11-13,0.007215248879787454
2007-11-14,0.06976805430985558
2007-11-15,0.041652503940906145
2007-11-16,0.0394743599912571
2007-11-17,0.015286954064730678
2007-11-18,0.0136007833107995
2007-11-19,0.012202771948432308
2007-11-20,0.011041124234897129
2007-11-21,0.03335122865673081
2007-11-22,0.012333432130468648
2007-11-23,0.011196199724624566
2007-11-24,0.010248197500375032
2007-11-25,0.009537896435227665
2007-11-26,0.008993655828981538
2007-11-27,0.008404763241760765
2007-11-28,0.007908054432968699
2007-11-29,0.007487422372360157
2007-11-30,0.008380961912255158
2007-12-01,0.00753965806661647
2007-12-02,0.007115270886059806
2007-12-03,0.006811071390048506
2007-12-04,0.00654964944567032
2007-12-05,0.006323693128557107
2007-12-06,0.006127177385042967
2007-12-07,0.0059551332638361045
2007-12-08,0.005803459303351453
2007-12-09,0.005668767227812598
2007-12-10,0.017118820567249563
2007-12-11,0.007112343411716498
2007-12-12,0.014697011147465045
2007-12-13,0.03142279570057565
2007-12-14,0.009856828344464701
2007-12-15,0.024270831572431362
2007-12-16,0.03920747295470459
2007-12-17,0.013478079677406163
2007-12-18,0.0207110931079526
2007-12-19,0.028807662896337086
2007-12-20,0.019519977504009293
2007-12-21,0.013257068865973625
2007-12-22,0.02386910453997551
2007-12-23,0.012861198848212732
2007-12-24,0.011795333790171078
2007-12-25,0.010904283870272272
2007-12-26,0.01015702319197016
2007-12-27,0.00952815776260778
2007-12-28,0.008996882969907097
2007-12-29,0.023923966446495554
2007-12-30,0.010638083220799762
2007-12-31,0.009946057778987773
2008-01-01,0.01122470857481904
2008-01-02,0.023737932975298234
2008-01-03,0.010794577647376126
2008-01-04,0.021460331669907785
2008-01-05,0.011199603984126309
2008-01-06,0.010447087500312863
2008-01-07,0.009813429177707968
2008-01-08,0.025597690114930797
2008-01-09,0.01141069499749982
2008-01-10,0.010641567574707094
2008-01-11,0.00999403606629606
2008-01-12,0.020447744707031687
2008-01-13,0.010833659277990931
2008-01-14,0.010165512024658529
2008-01-15,0.06498959346747891
2008-01-16,0.040198012111076514
2008-01-17,0.029686401774849682
2008-01-18,0.030659716487702784
2008-01-19,0.019722974232679564
2008-01-20,0.017804322164339685
2008-01-21,0.01621021571278359
2008-01-22,0.06445591569700561
2008-01-23,0.02292276359127003
2008-01-24,0.020591294053104645
2008-01-25,0.02026398169267672
2008-01-26,0.017573525566501304
2008-01-27,0.02857570875470145
2008-01-28,0.01720584625862704
2008-01-29,0.015871628111935234
2008-01-30,0.014755225030609116
2008-01-31,0.013817818369003256
2008-02-01,0.013027670447393625
2008-02-02,0.012358807075481806
2008-02-03,0.011789950127962858
2008-02-04,0.011303651749997534
2008-02-05,0.01088559133888798
2008-02-06,0.010524004087194212
2008-02-07,0.010209215979012294
2008-02-08,0.009933265018851755
2008-02-09,0.009689592389672026
2008-02-10,0.009472790379784598
2008-02-11,0.0092783964434863
2008-02-12,0.009102724791381297
2008-02-13,0.00894272854195436
2008-02-14,0.008795886784595565
2008-02-15,0.008898857975015181
2008-02-16,0.01411476878981918
2008-02-17,0.03000680347842379
2008-02-18,0.10103378350630388
2008-02-19,0.027919991652297072
2008-02-20,0.024856449315675655
2008-02-21,0.022322611996368147
2008-02-22,0.02022197401706294
2008-02-23,0.018476000887210006
2008-02-24,0.01702071351314299
2008-02-25,0.01580393517531234
2008-02-26,0.014783069976505915
2008-02-27,0.013923308022987614
2008-02-28,0.015848631392995527
2008-02-29,0.014613168767519537
2008-03-01,0.013784385746146465
2008-03-02,0.017958852494318896
2008-03-03,0.026891361017644045
2008-03-04,0.015486369574363406
2008-03-05,0.03514761850301373
2008-03-06,0.017892460546901735
2008-03-07,0.016586452268769317
2008-03-08,0.015490128420502838
2008-03-09,0.01456774061954412
2008-03-10,0.013788487042141912
2008-03-11,0.01312715555009186
2008-03-12,0.012563089161928125
2008-03-13,0.01207934680242031
2008-03-14,0.011662021728011384
2008-03-15,0.011299687413210876
2008-03-16,0.010982946589485633
2008-03-17,0.018803697368787276
2008-03-18,0.015275606091135265
2008-03-19,0.022511728646429027
2008-03-20,0.0610137785458727
2008-03-21,0.031146604437294095
2008-03-22,0.022550096530764573
2008-03-23,0.01980246812212712
2008-03-24,0.01824202165142492
2008-03-25,0.01693768860646322
2008-03-26,0.01628860607180369
2008-03-27,0.016124622051304077
2008-03-28,0.015399077497199924
2008-03-29,0.024636201889557407
2008-03-30,0.0198211614444405
2008-03-31,0.02007757302256467
2008-04-01,0.025376776416845128
2008-04-02,0.017176999395056566
2008-04-03,0.016089255347257407
2008-04-04,0.039336789881351426
2008-04-05,0.020058142396722992
2008-04-06,0.018545781248579342
2008-04-07,0.017279935415387675
2008-04-08,0.01621656438241248
2008-04-09,0.015319683480463905
2008-04-10,0.014559860668084653
2008-04-11,0.013912999477859712
2008-04-12,0.013359352539485357
2008-04-13,0.012882721111660623
2008-04-14,0.012524999303083732
2008-04-15,0.012569037960681796
2008-04-16,0.01251834047000182
2008-04-17,0.012152675107836734
2008-04-18,0.01181476339731624
2008-04-19,0.011517116878916288
2008-04-20,0.011252951314610767
2008-04-21,0.011016673733334115
2008-04-22,0.010803669157566706
2008-04-23,0.010610126224781932
2008-04-24,0.01061906706212575
2008-04-25,0.011195457672971344
2008-04-26,0.01462630149828186
2008-04-27,0.011739285130942113
2008-04-28,0.011362968227856873
2008-04-29,0.011118240333604411
2008-04-30,0.011289318237322944
2008-05-01,0.011274907874174215
2008-05-02,0.010965568170679877
2008-05-03,0.010864989890248478
2008-05-04,0.010650403657476014
2008-05-05,0.010379421729037318
2008-05-06,0.01013905458704027
2008-05-07,0.009924194294569694
2008-05-08,0.009730624506672227
2008-05-09,0.009554861797334797
2008-05-10,0.009394025745079514
2008-05-11,0.00924573246746316
2008-05-12,0.009158224706802044
2008-05-13,0.009136669464326492
2008-05-14,0.009168349968728926
2008-05-15,0.009091062329200884
2008-05-16,0.008935926453328094
2008-05-17,0.008793093035166802
2008-05-18,0.008660621391628853
2008-05-19,0.008536902489597093
2008-05-20,0.008420601081250057
2008-05-21,0.00842800747830808
2008-05-22,0.008415527131739252
2008-05-23,0.008287642471923798
2008-05-24,0.008168325465641888
2008-05-25,0.00805626652784539
2008-05-26,0.007950377875907669
2008-05-27,0.007849755131831839
2008-05-28,0.00775364568764333
2008-05-29,0.007661422621824791
2008-05-30,0.007572563175783967
2008-05-31,0.007524552287695643
2008-06-01,0.007463984248298965
2008-06-02,0.0073751112618519535
2008-06-03,0.007289491485330022
2008-06-04,0.007206702547984484
2008-06-05,0.007126391445536679
2008-06-06,0.007048262793107353
2008-06-07,0.006972069101304188
2008-06-08,0.0068976027212389705
2008-06-09,0.006824689167318967
2008-06-10,0.006757468189103502
2008-06-11,0.00668867704358313
2008-06-12,0.00662122919750337
2008-06-13,0.006553126440526182
2008-06-14,0.006485363197326941
2008-06-15,0.006418677260540657
2008-06-16,0.006352993350787982
2008-06-17,0.006288247415957667
2008-06-18,0.006224384795479367
2008-06-19,0.00616967542666457
2008-06-20,0.006113608428323404
2008-06-21,0.006050428988999741
2008-06-22,0.0059882476298689265
2008-06-23,0.005926995318157789
2008-06-24,0.005866613287534755
2008-06-25,0.005807051362041782
2008-06-26,0.005748266558998551
2008-06-27,0.005690221923739896
2008-06-28,0.0056334474802983
2008-06-29,0.005577784249175012
2008-06-30,0.0055217361936678415
2008-07-01,0.0054662068766529555
2008-07-02,0.00541131968693229
2008-07-03,0.005357054181162088
2008-07-04,0.005304267131563929
2008-07-05,0.00525338802581311
2008-07-06,0.0052013880306304725
2008-07-07,0.005151205378865455
2008-07-08,0.005101122494139332
2008-07-09,0.005049604299709399
2008-07-10,0.004998738101902392
2008-07-11,0.004948794378201722
2008-07-12,0.004902740152584582
2008-07-13,0.005629752379301782
2008-07-14,0.004807566989952437
2008-07-15,0.004758762014146922
2008-07-16,0.004710592704025813
2008-07-17,0.004663029030325083
2008-07-18,0.0046160450540066785
2008-07-19,0.004569618271404641
2008-07-20,0.004523729066707956
2008-07-21,0.004478360253928236
2008-07-22,0.004433496693512937
2008-07-23,0.004389124971261296
2008-07-24,0.00434523312927036
2008-07-25,0.004301810440356379
2008-07-26,0.004258847218823145
2008-07-27,0.03165831262568642
2008-07-28,0.028480913443444503
2008-07-29,0.00414999919240281
2008-07-30,0.004107155842618139
2008-07-31,0.004067725884512068
2008-08-01,0.004027692331352903
2008-08-02,0.00398593716156631
2008-08-03,0.0039448605853725305
2008-08-04,0.003904413954702744
2008-08-05,0.003864555861705209
2008-08-06,0.003825250962704727
2008-08-07,0.0037870012759961564
2008-08-08,0.0038409027654197608
2008-08-09,0.0037148410354741744
2008-08-10,0.00367697927643303
2008-08-11,0.0036397481771328027
2008-08-12,0.003604872155833726
2008-08-13,0.003569774343477001
2008-08-14,0.003533443065676227
2008-08-15,0.0034975988272758184
2008-08-16,0.003463344983174409
2008-08-17,0.003429974307114829
2008-08-18,0.003395432567450233
2008-08-19,0.0033610285566357608
2008-08-20,0.0033270621150641045
2008-08-21,0.0032935139308141914
2008-08-22,0.003260367261525112
2008-08-23,0.003227607526332254
2008-08-24,0.0031952219642020687
2008-08-25,0.0031631993477064025
2008-08-26,0.003131529743111854
2008-08-27,0.003100204309182569
2008-08-28,0.0030692151283599448
2008-08-29,0.003039026407553386
2008-08-30,0.003009047848028986
2008-08-31,0.002978939228298009
2008-09-01,0.002949155085136892
2008-09-02,0.002919688347992081
2008-09-03,0.0028905326168070455
2008-09-04,0.0028616820605798844
2008-09-05,0.0028331313320699592
2008-09-06,0.002804940227454972
2008-09-07,0.0027770236961578427
2008-09-08,0.0027493326590974695
2008-09-09,0.0027222410853608987
2008-09-10,0.029219739326141036
2008-09-11,0.007560390938762766
2008-09-12,0.004088473825662495
2008-09-13,0.04977526672849759
2008-09-14,0.03267633372215512
2008-09-15,0.009675387911077298
2008-09-16,0.00256531918326536
2008-09-17,0.002537020850213331
2008-09-18,0.002509442802229231
2008-09-19,0.002482589940615628
2008-09-20,0.0024598751369594445
2008-09-21,0.028824858268715888
2008-09-22,0.002434564213151391
2008-09-23,0.0024060909926948175
2008-09-24,0.0023785777143069784
2008-09-25,0.0023519055954050435
2008-09-26,0.0023283502509633346
2008-09-27,0.002305432329537835
2008-09-28,0.002280207466951895
2008-09-29,0.002255566522859154
2008-09-30,0.002231478089856315
2008-10-01,0.0022078876224987747
2008-10-02,0.002184749046029866
2008-10-03,0.002162023373400363
2008-10-04,0.002139833387951575
2008-10-05,0.002118092694501298
2008-10-06,0.002096409168177113
2008-10-07,0.002075007305185254
2008-10-08,0.002053901983465947
2008-10-09,0.002841594566269043
2008-10-10,0.00283789010697435
2008-10-11,0.04291408368950653
2008-10-12,0.002035122048592786
2008-10-13,0.028257332414196732
2008-10-14,0.006606612694952566
2008-10-15,0.022845558713936665
2008-10-16,0.03835307174142843
2008-10-17,0.0022089950806535442
2008-10-18,0.020560656053567952
2008-10-19,0.0022418485230301156
2008-10-20,0.0021749115210193144
2008-10-21,0.0021160186910713107
2008-10-22,0.005993806078204731
2008-10-23,0.009436361527591258
2008-10-24,0.0020997423954844533
2008-10-25,0.0020457112739829674
2008-10-26,0.004586800534142063
2008-10-27,0.014404180299677959
2008-10-28,0.024083493191167694
2008-10-29,0.002295556145287414
2008-10-30,0.0022084839048519505
2008-10-31,0.002132963408990077
2008-11-01,0.002067074063023784
2008-11-02,0.0020092245143104614
2008-11-03,0.001958095204717545
2008-11-04,0.001912591122267289
2008-11-05,0.0019150002761809035
2008-11-06,0.0019179575266729263
2008-11-07,0.0018735716825472525
2008-11-08,0.0018337709151682155
2008-11-09,0.0353531916390754
2008-11-10,0.010612805976775575
2008-11-11,0.011597645914423749
2008-11-12,0.0137383699010312
2008-11-13,0.009808725453638726
2008-11-14,0.0026352313422265956
2008-11-15,0.0024893709575238
2008-11-16,0.0023652235481369183
2008-11-17,0.04127824183352816
2008-11-18,0.003971635940023188
2008-11-19,0.039906241118851965
2008-11-20,0.018791989458622777
2008-11-21,0.027669703284903844
2008-11-22,0.005366817882125008
2008-11-23,0.01779478188355575
2008-11-24,0.016527128019308054
2008-11-25,0.025602006226437966
2008-11-26,0.023765471279942774
2008-11-27,0.006757840613971844
2008-11-28,0.0060780796885683795
2008-11-29,0.038692229036337844
2008-11-30,0.007627371755913538
2008-12-01,0.01096704713688218
2008-12-02,0.02726524250958254
2008-12-03,0.026325889044799003
2008-12-04,0.008647588240053558
2008-12-05,0.01065960304332396
2008-12-06,0.007306140268928021
2008-12-07,0.006651349244482169
2008-12-08,0.051105139644815924
2008-12-09,0.010146170205519677
2008-12-10,0.009091007915435625
2008-12-11,0.03604277199127959
2008-12-12,0.010562494664639233
2008-12-13,0.00948989035185069
2008-12-14,0.008597462860037907
2008-12-15,0.007853168176222792
2008-12-16,0.00723078357281767
2008-12-17,0.006708829230169375
2008-12-18,0.012237591252231797
2008-12-19,0.04822395658004779
2008-12-20,0.05211950969517059
2008-12-21,0.027303564873711186
2008-12-22,0.015106828644165784
2008-12-23,0.12329717832751853
2008-12-24,0.028957366404608303
2008-12-25,0.02520481190420508
2008-12-26,0.030983661973447717
2008-12-27,0.025880944645050485
2008-12-28,0.02661194859205505
2008-12-29,0.1423481784006003
2008-12-30,0.08115753849552233
2008-12-31,0.05459704028631341
2009-01-01,0.07880009018187478
2009-01-02,0.04186484873168712
2009-01-03,0.03661150724701145
2009-01-04,0.05549078008640105
2009-01-05,0.17166114232760613
2009-01-06,0.05836115839256221
2009-01-07,0.05073568854590043
2009-01-08,0.044475338028172336
2009-01-09,0.11312038759434467
2009-01-10,0.07383622387328082
2009-01-11,0.04979814182867726
2009-01-12,0.07005805241034982
2009-01-13,0.08067905653676356
2009-01-14,0.04782710319954517
2009-01-15,0.04262939235794024
2009-01-16,0.038339630119243205
2009-01-17,0.03479035805761634
2009-01-18,0.034314431496309895
2009-01-19,0.030533008331443054
2009-01-20,0.09726465496748497
2009-01-21,0.054734077855257635
2009-01-22,0.07803121998144728
2009-01-23,0.08183398304112494
2009-01-24,0.053264410446091155
2009-01-25,0.061317915052121204
2009-01-26,0.04784555334446064
2009-01-27,0.04083902207835946
2009-01-28,0.03736361455550997
2009-01-29,0.034473958056327976
2009-01-30,0.032063269568641015
2009-01-31,0.030044695779671355
2009-02-01,0.02834751587076066
2009-02-02,0.026914082930051274
2009-02-03,0.025697357283479758
2009-02-04,0.024658914796761484
2009-02-05,0.023767336791783434
2009-02-06,0.022996906952876855
2009-02-07,0.02232655549344867
2009-02-08,0.02173900271375224
2009-02-09,0.021220063537267343
2009-02-10,0.022091710365220858
2009-02-11,0.02232600493662169
2009-02-12,0.02930818430368941
2009-02-13,0.029112627427569815
2009-02-14,0.02659640255854656
2009-02-15,0.022851376736277667
2009-02-16,0.04726185311692633
2009-02-17,0.026162710601388712
2009-02-18,0.02484603061416915
2009-02-19,0.023727855851327338
2009-02-20,0.022773058808570706
2009-02-21,0.026693438137637655
2009-02-22,0.02303515351320119
2009-02-23,0.022153044337982788
2009-02-24,0.02139317539798478
2009-02-25,0.025387096962728003
2009-02-26,0.026672292980796982
2009-02-27,0.021972101613329468
2009-02-28,0.021189116280659236
2009-03-01,0.0205117085788392
2009-03-02,0.019921576915250195
2009-03-03,0.028767747591583997
2009-03-04,0.08233030408816168
2009-03-05,0.07330733444169675
2009-03-06,0.0696394845494849
2009-03-07,0.07464668241014971
2009-03-08,0.048113261333459896
2009-03-09,0.041798521559951035
2009-03-10,0.03804919505861432
2009-03-11,0.039508460382425746
2009-03-12,0.03478903168461992
2009-03-13,0.03450894498206536
2009-03-14,0.03303304525424627
2009-03-15,0.055620414049867534
2009-03-16,0.03888795979056883
2009-03-17,0.03960905788276547
2009-03-18,0.032178945035698285
2009-03-19,0.030126632028858943
2009-03-20,0.043403860590344644
2009-03-21,0.03327632753174159
2009-03-22,0.029915135432944842
2009-03-23,0.028237416923558342
2009-03-24,0.02681997577650586
2009-03-25,0.025616409003043253
2009-03-26,0.02519565593680316
2009-03-27,0.037045514417027504
2009-03-28,0.03200879482296828
2009-03-29,0.02743711013156493
2009-03-30,0.027507337927048247
2009-03-31,0.03960294144110767
2009-04-01,0.027855122730136756
2009-04-02,0.02644442947969583
2009-04-03,0.046451513080255614
2009-04-04,0.0385789746744554
2009-04-05,0.032153222842279824
2009-04-06,0.02886913576669452
2009-04-07,0.02730447487793956
2009-04-08,0.02598048005595206
2009-04-09,0.02485433792339202
2009-04-10,0.023891059944835567
2009-04-11,0.02306202328856193
2009-04-12,0.02234378927219619
2009-04-13,0.021717145509364256
2009-04-14,0.021166328548348236
2009-04-15,0.020795384241318087
2009-04-16,0.02046019172081354
2009-04-17,0.02003687165282748
2009-04-18,0.019655139950832772
2009-04-19,0.01930811574232238
2009-04-20,0.01899012537546014
2009-04-21,0.018696486243799135
2009-04-22,0.018423330046175603
2009-04-23,0.018167458151774205
2009-04-24,0.017926223128935537
2009-04-25,0.02409412916896451
2009-04-26,0.019822808859287288
2009-04-27,0.019281690920906397
2009-04-28,0.021485031812307223
2009-04-29,0.020068722572386524
2009-04-30,0.019445280158624113
2009-05-01,0.018901046639335995
2009-05-02,0.018422431716389735
2009-05-03,0.017998266476656654
2009-05-04,0.017796667333818506
2009-05-05,0.017776056807372702
2009-05-06,0.017791533779264294
2009-05-07,0.04352746879953535
2009-05-08,0.020332451173941612
2009-05-09,0.019529385587094075
2009-05-10,0.01883853562523338
2009-05-11,0.01824037349229189
2009-05-12,0.017718878840085186
2009-05-13,0.017260896249215712
2009-05-14,0.01685561271034597
2009-05-15,0.016567949369331283
2009-05-16,0.01684863447169515
2009-05-17,0.025545382972398955
2009-05-18,0.01997499728157762
2009-05-19,0.017167439886002278
2009-05-20,0.016689950495040556
2009-05-21,0.016269712656490486
2009-05-22,0.017429175637165242
2009-05-23,0.05027786414367621
2009-05-24,0.019312321381990138
2009-05-25,0.01845299874834203
2009-05-26,0.026530412963754958
2009-05-27,0.01989929257554709
2009-05-28,0.018391398945593603
2009-05-29,0.01834378032871369
2009-05-30,0.017603103380286072
2009-05-31,0.016963586260215723
2009-06-01,0.016410580481915443
2009-06-02,0.015929143737755322
2009-06-03,0.015507002050280216
2009-06-04,0.015134063852805768
2009-06-05,0.01480202426778153
2009-06-06,0.014504042512872422
2009-06-07,0.014234478659020807
2009-06-08,0.01581887147644951
2009-06-09,0.023036971093344575
2009-06-10,0.014959408528537799
2009-06-11,0.014609429319743206
2009-06-12,0.01427682197664701
2009-06-13,0.01396210674098986
2009-06-14,0.0137421637623013
2009-06-15,0.013515642510522721
2009-06-16,0.013270207869178591
2009-06-17,0.013457340378943583
2009-06-18,0.0135536824022042
2009-06-19,0.022718491956082654
2009-06-20,0.017000754101601342
2009-06-21,0.013788479669850306
2009-06-22,0.01342967233493872
2009-06-23,0.013112138214142607
2009-06-24,0.012828941895452048
2009-06-25,0.012574366092362023
2009-06-26,0.012446720288981701
2009-06-27,0.016626787899777565
2009-06-28,0.027882898057516606
2009-06-29,0.05666803024390082
2009-06-30,0.018028127458422742
2009-07-01,0.015051086214427451
2009-07-02,0.014658790200938347
2009-07-03,0.01438510607598093
2009-07-04,0.015248924697309702
2009-07-05,0.01385658805917067
2009-07-06,0.013366640574076577
2009-07-07,0.012942004867831163
2009-07-08,0.012571473479126604
2009-07-09,0.01224582824232485
2009-07-10,0.01195748028822864
2009-07-11,0.012090824536761247
2009-07-12,0.012193067172584478
2009-07-13,0.011885542822819381
2009-07-14,0.011608423092195987
2009-07-15,0.011360918862770117
2009-07-16,0.021699558058244996
2009-07-17,0.03384356521357312
2009-07-18,0.015230758181169014
2009-07-19,0.03285669131437348
2009-07-20,0.01537800419834856
2009-07-21,0.013325656048361759
2009-07-22,0.012815731807153034
2009-07-23,0.012340015705136305
2009-07-24,0.011928792060225783
2009-07-25,0.011570982322507249
2009-07-26,0.011257474034372016
2009-07-27,0.010980765117263412
2009-07-28,0.010734673741623138
2009-07-29,0.01051410145493476
2009-07-30,0.010314839604247757
2009-07-31,0.010133410989695004
2009-08-01,0.009966940216202274
2009-08-02,0.009813047445069884
2009-08-03,0.009669761243819268
2009-08-04,0.009609951548221436
2009-08-05,0.009534811265241359
2009-08-06,0.009397752353425397
2009-08-07,0.009269022202715136
2009-08-08,0.009147369980139925
2009-08-09,0.009039952697086365
2009-08-10,0.009035559009506275
2009-08-11,0.01658603482241766
2009-08-12,0.009112926003438982
2009-08-13,0.008961467110286522
2009-08-14,0.0088216151755309
2009-08-15,0.008691549750788863
2009-08-16,0.008569761022344377
2009-08-17,0.008454995682709627
2009-08-18,0.008346212400638901
2009-08-19,0.008268600838518042
2009-08-20,0.00818466722158526
2009-08-21,0.008083807694353351
2009-08-22,0.007987116429370894
2009-08-23,0.00789402842733338
2009-08-24,0.007804072231451707
2009-08-25,0.007716853998059092
2009-08-26,0.007632044326207677
2009-08-27,0.00755049780941931
2009-08-28,0.0074802072017866325
2009-08-29,0.007403687627437756
2009-08-30,0.007330058116456821
2009-08-31,0.007256552869048974
2009-09-01,0.007179290057674449
2009-09-02,0.007103602259794339
2009-09-03,0.007029343320712821
2009-09-04,0.00695638995060088
2009-09-05,0.0068846379330474465
2009-09-06,0.00681399897351408
2009-09-07,0.006744398077991479
2009-09-08,0.0066757713712650045
2009-09-09,0.006608064279921894
2009-09-10,0.011723998747656623
2009-09-11,0.04686299255712931
2009-09-12,0.008909171703739458
2009-09-13,0.021795637188069178
2009-09-14,0.008224123823813665
2009-09-15,0.02054252897332142
2009-09-16,0.007968768498547683
2009-09-17,0.006563277126402454
2009-09-18,0.006469088162859581
2009-09-19,0.006378822108145163
2009-09-20,0.006275674934279058
2009-09-21,0.006183459783679071
2009-09-22,0.011710514025842599
2009-09-23,0.0062185266451714296
2009-09-24,0.006111232929680595
2009-09-25,0.006019471036760687
2009-09-26,0.032116550268351286
2009-09-27,0.006345014987157653
2009-09-28,0.0062115809903905165
2009-09-29,0.006088174218593301
2009-09-30,0.01783084690683603
2009-10-01,0.006297356903205497
2009-10-02,0.006044267774493237
2009-10-03,0.005911577308509213
2009-10-04,0.005792300810628043
2009-10-05,0.005684256568579914
2009-10-06,0.005585637214868731
2009-10-07,0.005494944251981072
2009-10-08,0.00541093423218536
2009-10-09,0.00533257448009826
2009-10-10,0.005259006635856593
2009-10-11,0.015471393788173365
2009-10-12,0.023772434129828737
2009-10-13,0.005793904543720811
2009-10-14,0.030489928818728824
2009-10-15,0.007371445392211885
2009-10-16,0.028908817560823943
2009-10-17,0.006587510071564492
2009-10-18,0.006337258424955728
2009-10-19,0.025348911763753534
2009-10-20,0.011312450897222036
2009-10-21,0.027922979813373758
2009-10-22,0.04287684031943348
2009-10-23,0.009970301910683987
2009-10-24,0.008330091474343314
2009-10-25,0.007797601907271904
2009-10-26,0.0073479646012610915
2009-10-27,0.0069667385746944345
2009-10-28,0.01356853141706204
2009-10-29,0.025096677859636905
2009-10-30,0.00798792209304811
2009-10-31,0.007515091439866989
2009-11-01,0.009035098196671483
2009-11-02,0.007155271834371497
2009-11-03,0.006809182032617594
2009-11-04,0.0065135000515678014
2009-11-05,0.006259561530314091
2009-11-06,0.006040232488684204
2009-11-07,0.0058496338962793805
2009-11-08,0.005889224704380801
2009-11-09,0.005929026129578367
2009-11-10,0.029633021264976397
2009-11-11,0.01630138359331444
2009-11-12,0.02743831455532926
2009-11-13,0.019294548297390555
2009-11-14,0.009153617681381418
2009-11-15,0.03486480488747116
2009-11-16,0.061077768852784466
2009-11-17,0.01522547507614933
2009-11-18,0.013684063044737682
2009-11-19,0.01240335431517848
2009-11-20,0.013240634944965185
2009-11-21,0.011047979218551517
2009-11-22,0.010211606075573703
2009-11-23,0.02480653888659412
2009-11-24,0.02331840240958141
2009-11-25,0.011580289854369668
2009-11-26,0.05986978063609948
2009-11-27,0.02617001421188273
2009-11-28,0.02818012266450193
2009-11-29,0.01634549142566877
2009-11-30,0.02914931729980198
2009-12-01,0.01574001268750698
2009-12-02,0.014276939970004565
2009-12-03,0.014198071041578617
2009-12-04,0.01242544736281625
2009-12-05,0.011566884642791627
2009-12-06,0.010844894113605515
2009-12-07,0.010235403081660101
2009-12-08,0.009718684216758722
2009-12-09,0.009278555779685749
2009-12-10,0.008901731947302228
2009-12-11,0.008577294504326259
2009-12-12,0.023312745233914033
2009-12-13,0.02238754264649606
2009-12-14,0.052830584265388704
2009-12-15,0.037153747701909344
2009-12-16,0.018714939719925012
2009-12-17,0.016934204609202134
2009-12-18,0.015453496322472287
2009-12-19,0.014218887020201252
2009-12-20,0.013186358929184018
2009-12-21,0.041285009682998725
2009-12-22,0.016475007723615286
2009-12-23,0.015123834597920292
2009-12-24,0.013994996757009206
2009-12-25,0.01304883382171558
2009-12-26,0.012252923535768968
2009-12-27,0.01158073438297968
2009-12-28,0.011010534063215525
2009-12-29,0.010524504254437114
2009-12-30,0.010108021889184027
2009-12-31,0.009749074997493728
2010-01-01,0.03022514814122006
2010-01-02,0.05026761231993879
2010-01-03,0.03385010080136577
2010-01-04,0.019364789857947116
2010-01-05,0.017627501615929922
2010-01-06,0.01618078486836454
2010-01-07,0.014972469160610423
2010-01-08,0.013959963834116238
2010-01-09,0.013108463402657323
2010-01-10,0.012389495958121164
2010-01-11,0.011779747692519832
2010-01-12,0.012235705286476018
2010-01-13,0.02972917028415688
2010-01-14,0.04531010465590351
2010-01-15,0.02124715099185899
2010-01-16,0.022666955133178877
2010-01-17,0.035550227029714776
2010-01-18,0.01901407602249217
2010-01-19,0.017454530409073913
2010-01-20,0.01615234087332044
2010-01-21,0.015061454213842801
2010-01-22,0.01414424993615661
2010-01-23,0.013369965083179417
2010-01-24,0.012713419248046668
2010-01-25,0.03247985738236088
2010-01-26,0.03004205284112599
2010-01-27,0.038533310212152776
2010-01-28,0.019712502875724788
2010-01-29,0.018115807534510812
2010-01-30,0.016782281707585726
2010-01-31,0.018631538104424913
2010-02-01,0.01564293570071359
2010-02-02,0.024440751632290852
2010-02-03,0.017349937146748023
2010-02-04,0.022309042236020146
2010-02-05,0.02112383109924916
2010-02-06,0.015570272268377969
2010-02-07,0.029531534484773334
2010-02-08,0.027452532817236103
2010-02-09,0.03721874308129418
2010-02-10,0.020036202216518483
2010-02-11,0.019981699682025466
2010-02-12,0.026997297575384823
2010-02-13,0.01824423363247966
2010-02-14,0.017004885193934498
2010-02-15,0.05827250211492698
2010-02-16,0.035496199303391734
2010-02-17,0.023731855933022145
2010-02-18,0.021698527527241263
2010-02-19,0.020004438725260372
2010-02-20,0.04267864825504161
2010-02-21,0.0224882224211807
2010-02-22,0.021255718496877556
2010-02-23,0.04440313045815405
2010-02-24,0.03024258125715867
2010-02-25,0.022580227346736453
2010-02-26,0.03860573372068267
2010-02-27,0.023015021268167735
2010-02-28,0.021256573481425494
2010-03-01,0.019808325703415685
2010-03-02,0.018590376688252315
2010-03-03,0.017544861140764707
2010-03-04,0.01666014457686831
2010-03-05,0.015907854297592894
2010-03-06,0.015264756707578557
2010-03-07,0.01471180795544502
2010-03-08,0.01423338343002162
2010-03-09,0.013816651740965613
2010-03-10,0.013451065551089247
2010-03-11,0.022062814188129335
2010-03-12,0.016784033155193556
2010-03-13,0.015950227448116392
2010-03-14,0.015240648069479258
2010-03-15,0.014633534547023846
2010-03-16,0.014111044930954988
2010-03-17,0.01365853622417758
2010-03-18,0.013263979540861772
2010-03-19,0.012917484266943115
2010-03-20,0.013515200789114579
2010-03-21,0.013947755042341725
2010-03-22,0.013471335669347995
2010-03-23,0.0130575680653149
2010-03-24,0.012695721090098028
2010-03-25,0.012376966528511389
2010-03-26,0.01209403504602302
2010-03-27,0.011840935530655468
2010-03-28,0.011612725917727093
2010-03-29,0.011584272769036355
2010-03-30,0.011526084910804197
2010-03-31,0.012918870231262152
2010-04-01,0.03355418552147265
2010-04-02,0.01655658238582249
2010-04-03,0.014530008410956372
2010-04-04,0.01384911466487096
2010-04-05,0.01328320152128176
2010-04-06,0.012787738039123567
2010-04-07,0.012353999844323308
2010-04-08,0.011977049263766843
2010-04-09,0.011647181004104732
2010-04-10,0.011410990511206899
2010-04-11,0.011242236461734273
2010-04-12,0.010990729624258608
2010-04-13,0.010765278958415196
2010-04-14,0.010561586041861378
2010-04-15,0.010376099812454376
2010-04-16,0.010205884042933365
2010-04-17,0.010048508745574154
2010-04-18,0.009901961105692896
2010-04-19,0.009764572367540409
2010-04-20,0.00963495776333407
2010-04-21,0.00951196711656132
2010-04-22,0.009394644188818945
2010-04-23,0.00928219319504234
2010-04-24,0.009173951200869288
2010-04-25,0.009069365350818374
2010-04-26,0.0089679740672061
2010-04-27,0.008869391515553635
2010-04-28,0.008773294759323234
2010-04-29,0.00867941313057089
2010-04-30,0.00858751942787087
2010-05-01,0.008497422622192436
2010-05-02,0.008408961808153185
2010-05-03,0.008322001184560465
2010-05-04,0.00824748057679108
2010-05-05,0.008165696688228767
2010-05-06,0.008101875798835012
2010-05-07,0.008031970650414291
2010-05-08,0.00794571037715628
2010-05-09,0.007861322557871711
2010-05-10,0.007778623850084436
2010-05-11,0.007697459863941086
2010-05-12,0.0076177003404783025
2010-05-13,0.007539235147102139
2010-05-14,0.014030795228595383
2010-05-15,0.01766888232118581
2010-05-16,0.008104045188428553
2010-05-17,0.017129580871899603
2010-05-18,0.04964674996835947
2010-05-19,0.03273705609933809
2010-05-20,0.011991051148148238
2010-05-21,0.009940966375278035
2010-05-22,0.06560700117690216
2010-05-23,0.027823918629005153
2010-05-24,0.013624845338871476
2010-05-25,0.012621612273324935
2010-05-26,0.011780030319677962
2010-05-27,0.01107148686822134
2010-05-28,0.010472553699906779
2010-05-29,0.009964029065739741
2010-05-30,0.009530160271352025
2010-05-31,0.009182208245008086
2010-06-01,0.00918864194992524
2010-06-02,0.009104303827279813
2010-06-03,0.008783053299055226
2010-06-04,0.008641438795661918
2010-06-05,0.00850759617833215
2010-06-06,0.008258485182677015
2010-06-07,0.008039677341102777
2010-06-08,0.007846084296204005
2010-06-09,0.007673506146133818
2010-06-10,0.007640410376720273
2010-06-11,0.02982752779598428
2010-06-12,0.008743434476476077
2010-06-13,0.00854915856085795
2010-06-14,0.008507192996936206
2010-06-15,0.008365003254151458
2010-06-16,0.008101152929125246
2010-06-17,0.008423969515944481
2010-06-18,0.00808093808122946
2010-06-19,0.00782584106680696
2010-06-20,0.0076028712907958524
2010-06-21,0.00740661263418474
2010-06-22,0.007281324579125209
2010-06-23,0.007154240512634877
2010-06-24,0.007121260054770235
2010-06-25,0.022051087920178982
2010-06-26,0.03279394463750978
2010-06-27,0.009898668767372174
2010-06-28,0.028373309160282287
2010-06-29,0.009345987719667636
2010-06-30,0.008857467710362896
2010-07-01,0.008441861471742976
2010-07-02,0.008086526836818054
2010-07-03,0.007781072277100332
2010-07-04,0.007516948528067459
2010-07-05,0.007287115732166721
2010-07-06,0.007085771863385903
2010-07-07,0.006918625355580517
2010-07-08,0.022204506789825454
2010-07-09,0.007651697397957475
2010-07-10,0.00737785321236431
2010-07-11,0.007140299747427039
2010-07-12,0.006970740672876553
2010-07-13,0.006806217018011978
2010-07-14,0.0066369922408385075
2010-07-15,0.00648647299068885
2010-07-16,0.006351571976090442
2010-07-17,0.024684021743890935
2010-07-18,0.007009786145318629
2010-07-19,0.006784395543476346
2010-07-20,0.006587553843731656
2010-07-21,0.006414456213740808
2010-07-22,0.006261135988651213
2010-07-23,0.006204448395975677
2010-07-24,0.011358716368137975
2010-07-25,0.009017277567483674
2010-07-26,0.02076561755461644
2010-07-27,0.011834213950104899
2010-07-28,0.00913045359200987
2010-07-29,0.009480842048509986
2010-07-30,0.00778432147898592
2010-07-31,0.00637545324349915
2010-08-01,0.006187383537749845
2010-08-02,0.01810024174167948
2010-08-03,0.014589583005635192
2010-08-04,0.04260682110007594
2010-08-05,0.013883484126066046
2010-08-06,0.018970024840632014
2010-08-07,0.008265693682967425
2010-08-08,0.007795545802602155
2010-08-09,0.00748079436297906
2010-08-10,0.007185098732381382
2010-08-11,0.006875831186983335
2010-08-12,0.006610150738990592
2010-08-13,0.006380603287110807
2010-08-14,0.006181047146650746
2010-08-15,0.006006417603973264
2010-08-16,0.005852534499297279
2010-08-17,0.005715944824981993
2010-08-18,0.005593793847303627
2010-08-19,0.005483719486337086
2010-08-20,0.0053837656789402265
2010-08-21,0.005292311250377122
2010-08-22,0.0052080114678993384
2010-08-23,0.005129749974337562
2010-08-24,0.0050565992252564465
2010-08-25,0.004987787898613952
2010-08-26,0.004922674026508458
2010-08-27,0.004860722826855567
2010-08-28,0.004801488398670753
2010-08-29,0.004744598596072904
2010-08-30,0.00469457974658961
2010-08-31,0.0950497138604327
2010-09-01,0.009030540601779104
2010-09-02,0.006527449792946269
2010-09-03,0.006219207551311754
2010-09-04,0.005944617766805038
2010-09-05,0.00571520456987119
2010-09-06,0.005513029582948044
2010-09-07,0.005335318760016919
2010-09-08,0.005180050987256935
2010-09-09,0.005043466234718253
2010-09-10,0.004922457223937003
2010-09-11,0.00481445398692698
2010-09-12,0.0047173292112029025
2010-09-13,0.004629320559186229
2010-09-14,0.00454896686238286
2010-09-15,0.004475055667232106
2010-09-16,0.004406580076795355
2010-09-17,0.004342703211572479
2010-09-18,0.004291901652586006
2010-09-19,0.004281980216901006
2010-09-20,0.004244986876054044
2010-09-21,0.004184291081058502
2010-09-22,0.004173494762210369
2010-09-23,0.004160234095180291
2010-09-24,0.004109330157632319
2010-09-25,0.004086037136476605
2010-09-26,0.004070601801643526
2010-09-27,0.004021589631399396
2010-09-28,0.003960637501535665
2010-09-29,0.0039037092104848427
2010-09-30,0.0038501986542749055
2010-10-01,0.003805524390381881
2010-10-02,0.003789176359863091
2010-10-03,0.031249201869455845
2010-10-04,0.013474177607628904
2010-10-05,0.011981738737896618
2010-10-06,0.00433274820106292
2010-10-07,0.004195799900489621
2010-10-08,0.004109964647919163
2010-10-09,0.004030095425654384
2010-10-10,0.003928179000404277
2010-10-11,0.0038375528657625187
2010-10-12,0.0037563694043844325
2010-10-13,0.0036830972046203495
2010-10-14,0.003616465933754047
2010-10-15,0.0035554209903514438
2010-10-16,0.0034990861700326275
2010-10-17,0.003446732903575372
2010-10-18,0.003397754890083489
2010-10-19,0.003351647162596984
2010-10-20,0.0033079887983206214
2010-10-21,0.0032664286281347417
2010-10-22,0.00322667341630894
2010-10-23,0.003188478076281287
2010-10-24,0.003151637565971357
2010-10-25,0.0031159801695863332
2010-10-26,0.003081361924868463
2010-10-27,0.003083118138223363
2010-10-28,0.0031160129238723814
2010-10-29,0.003096287367993373
2010-10-30,0.0030507211864602307
2010-10-31,0.003008003848827255
2010-11-01,0.002967712551392143
2010-11-02,0.0029294946188335516
2010-11-03,0.0028930556187073846
2010-11-04,0.00285814952345515
2010-11-05,0.002824570561350348
2010-11-06,0.00279214646167057
2010-11-07,0.0027607328516742204
2010-11-08,0.0027302086058146042
2010-11-09,0.0027004719827735638
2010-11-10,0.0026714374147509524
2010-11-11,0.0026430328371517954
2010-11-12,0.0026151974663044964
2010-11-13,0.00262787222141624
2010-11-14,0.005935666915143307
2010-11-15,0.0027148229637516384
2010-11-16,0.014826340792635895
2010-11-17,0.026461683159022368
2010-11-18,0.02611566646655876
2010-11-19,0.0035196349537230053
2010-11-20,0.0033526432694467863
2010-11-21,0.0032095517942351826
2010-11-22,0.03764511756648873
2010-11-23,0.016326820066833173
2010-11-24,0.026232806342873685
2010-11-25,0.004829181260899494
2010-11-26,0.004478689733868289
2010-11-27,0.004183452148133459
2010-11-28,0.003933903751521317
2010-11-29,0.003722173149496462
2010-11-30,0.0035417768894523416
2010-12-01,0.0033873701707785252
2010-12-02,0.01568324891350107
2010-12-03,0.01783366813885105
2010-12-04,0.004329941753058092
2010-12-05,0.01620360647756034
2010-12-06,0.0317756866490416
2010-12-07,0.029383271673391827
2010-12-08,0.006854583023813319
2010-12-09,0.006233402185487733
2010-12-10,0.005714182597207015
2010-12-11,0.02426026938754187
2010-12-12,0.04291997644666417
2010-12-13,0.008849698460959383
2010-12-14,0.00796771841006222
2010-12-15,0.012162392770432027
2010-12-16,0.01034787899056313
2010-12-17,0.009140113362984764
2010-12-18,0.006489696171101768
2010-12-19,0.006011226558349433
2010-12-20,0.005608796167451049
2010-12-21,0.005269155161538034
2010-12-22,0.04591702989981954
2010-12-23,0.07081856316046435
2010-12-24,0.01842146756613274
2010-12-25,0.0347417679962657
2010-12-26,0.021475975825272425
2010-12-27,0.020713052930345466
2010-12-28,0.014658274715858488
2010-12-29,0.041270013248901984
2010-12-30,0.015045618000559929
2010-12-31,0.013464177354154963
