time,Qrouted
2000-01-01,8.450933826791312
2000-01-02,7.544792491930521
2000-01-03,7.855361911082551
2000-01-04,9.755878628353233
2000-01-05,8.81959155610107
2000-01-06,8.111433851800024
2000-01-07,7.504099027712584
2000-01-08,7.0376379251401815
2000-01-09,6.5463798836532225
2000-01-10,6.012847875684759
2000-01-11,5.621790450179009
2000-01-12,5.29184127147358
2000-01-13,5.012333310353401
2000-01-14,4.774506806196487
2000-01-15,4.57116156285147
2000-01-16,4.412237532505078
2000-01-17,4.37405773018057
2000-01-18,4.3574722120236835
2000-01-19,4.192599548566978
2000-01-20,4.160087301687793
2000-01-21,5.01191106671559
2000-01-22,5.876483998876576
2000-01-23,5.456101747016347
2000-01-24,4.958380150675971
2000-01-25,4.713887039277494
2000-01-26,4.505192084679182
2000-01-27,4.3261374882810975
2000-01-28,5.922296460929213
2000-01-29,7.355558017562757
2000-01-30,7.071814864341086
2000-01-31,6.327540757753763
2000-02-01,6.490255306871378
2000-02-02,6.40140606661724
2000-02-03,5.851753144421086
2000-02-04,5.577777454989964
2000-02-05,5.358184758340292
2000-02-06,5.752573693194172
2000-02-07,6.846362352323191
2000-02-08,8.736656986663716
2000-02-09,8.101844102964577
2000-02-10,9.242724942792977
2000-02-11,8.857763360232697
2000-02-12,9.071263415176658
2000-02-13,8.663164946080153
2000-02-14,8.745769329070782
2000-02-15,9.710935406741124
2000-02-16,9.623605704398345
2000-02-17,9.311533690746321
2000-02-18,10.55366746472851
2000-02-19,10.180870947603369
2000-02-20,8.99112251585449
2000-02-21,8.208779202570549
2000-02-22,7.605884095315275
2000-02-23,7.161960060979893
2000-02-24,10.8638904684326
2000-02-25,10.888257064205787
2000-02-26,9.231069683009366
2000-02-27,8.501950488897158
2000-02-28,9.371707488274792
2000-02-29,11.607641188758153
2000-03-01,11.34109170106357
2000-03-02,11.495571216711967
2000-03-03,14.274167824565849
2000-03-04,14.145349431520737
2000-03-05,12.373323339653878
2000-03-06,11.148310473757803
2000-03-07,10.450025453456005
2000-03-08,11.544777998239505
2000-03-09,11.068299252820708
2000-03-10,9.941122959779532
2000-03-11,9.24355928290088
2000-03-12,8.650750720142968
2000-03-13,8.15034193781303
2000-03-14,7.803679904726305
2000-03-15,7.557280605091239
2000-03-16,7.230530735806126
2000-03-17,6.941448040154985
2000-03-18,6.748864893216908
2000-03-19,6.637121039144202
2000-03-20,6.433732607970625
2000-03-21,6.248123461171919
2000-03-22,6.08494378150397
2000-03-23,5.9417595976246735
2000-03-24,5.925978194962737
2000-03-25,6.080600821124771
2000-03-26,6.258917267395517
2000-03-27,6.453085764905698
2000-03-28,6.67889581765352
2000-03-29,6.636321413910236
2000-03-30,6.273603225219282
2000-03-31,6.073439538266794
2000-04-01,5.91681552137636
2000-04-02,5.768824422822532
2000-04-03,5.626204418989947
2000-04-04,5.552784543096489
2000-04-05,5.515039862539216
2000-04-06,5.4025816384881225
2000-04-07,5.2924511290502405
2000-04-08,5.192838914522468
2000-04-09,5.102040856394384
2000-04-10,5.01864567996987
2000-04-11,4.975764445481317
2000-04-12,5.115339667166145
2000-04-13,5.51564628749989
2000-04-14,5.753332987444973
2000-04-15,5.4634738190597405
2000-04-16,5.421266880899709
2000-04-17,5.474735285073081
2000-04-18,5.358046225901475
2000-04-19,5.203960277878872
2000-04-20,5.065961330810982
2000-04-21,4.943842266561357
2000-04-22,7.776638303559363
2000-04-23,8.740230705552053
2000-04-24,7.245980026387667
2000-04-25,6.748340658633185
2000-04-26,6.37856446934378
2000-04-27,6.0652993192703955
2000-04-28,5.796114314803764
2000-04-29,5.5743389957939415
2000-04-30,5.399522352277786
2000-05-01,5.225460044675233
2000-05-02,5.070298039760298
2000-05-03,4.934373344153954
2000-05-04,4.814619899920803
2000-05-05,4.7072996003720595
2000-05-06,4.610911396541786
2000-05-07,4.523740591903086
2000-05-08,4.6051436909363135
2000-05-09,4.875373341012041
2000-05-10,4.7077886274998715
2000-05-11,4.741482624970769
2000-05-12,4.604459845161402
2000-05-13,4.493608748045899
2000-05-14,4.395972646330994
2000-05-15,4.308135527003474
2000-05-16,5.873442069610349
2000-05-17,5.926371565720097
2000-05-18,4.94751573152688
2000-05-19,5.6833034362985755
2000-05-20,5.4369391811676175
2000-05-21,6.379804076464816
2000-05-22,5.974257139618815
2000-05-23,5.322060398882386
2000-05-24,6.96927471579539
2000-05-25,6.74206215370581
2000-05-26,5.820863278119557
2000-05-27,6.188519607230565
2000-05-28,6.969744713140911
2000-05-29,6.364012767310833
2000-05-30,5.756947995598011
2000-05-31,5.48126390340784
2000-06-01,5.224365214063345
2000-06-02,5.0043303693485806
2000-06-03,8.474866390837187
2000-06-04,8.365599765109144
2000-06-05,10.366916040599643
2000-06-06,10.214161021821123
2000-06-07,8.327582262816822
2000-06-08,7.663622211166639
2000-06-09,7.1068140949811465
2000-06-10,6.639098020917895
2000-06-11,6.244799746498262
2000-06-12,5.911067253702394
2000-06-13,5.627352576532856
2000-06-14,5.386104029814374
2000-06-15,5.179140747233368
2000-06-16,4.99905247659117
2000-06-17,4.842552859523388
2000-06-18,4.705651070844172
2000-06-19,4.58505427465065
2000-06-20,4.478043271396653
2000-06-21,4.40301201749836
2000-06-22,4.34089679799718
2000-06-23,4.290679410816579
2000-06-24,4.54471422162748
2000-06-25,4.68755473657419
2000-06-26,4.294213878003618
2000-06-27,4.201301971735372
2000-06-28,4.117560464224689
2000-06-29,4.041614198145976
2000-06-30,3.972212656678055
2000-07-01,4.001877286609277
2000-07-02,5.196350091662608
2000-07-03,5.0038412677038675
2000-07-04,6.41589190963239
2000-07-05,5.904810812412927
2000-07-06,4.741998168101282
2000-07-07,4.693110282669765
2000-07-08,4.905128522006074
2000-07-09,5.131058268143286
2000-07-10,5.813476599504877
2000-07-11,6.825506342663666
2000-07-12,6.091149854255499
2000-07-13,5.426231465971395
2000-07-14,7.301051983026432
2000-07-15,7.670011990682673
2000-07-16,6.565557287263906
2000-07-17,5.826007222805461
2000-07-18,5.478609655205634
2000-07-19,5.184376148106527
2000-07-20,4.934241250320539
2000-07-21,4.720573476724309
2000-07-22,4.537096401248987
2000-07-23,4.378643456063416
2000-07-24,10.677705766733268
2000-07-25,9.955963279838748
2000-07-26,7.40060594767245
2000-07-27,9.055230875320397
2000-07-28,8.624980276794417
2000-07-29,7.755672270559907
2000-07-30,8.183964945942398
2000-07-31,7.358455408979336
2000-08-01,6.728719728425781
2000-08-02,6.2971774612529074
2000-08-03,5.947790993644689
2000-08-04,5.651816113201086
2000-08-05,5.378757014165488
2000-08-06,5.145153719401043
2000-08-07,4.944595856693229
2000-08-08,4.771426100178661
2000-08-09,4.620983743335582
2000-08-10,4.489425834766375
2000-08-11,4.3735810190819855
2000-08-12,4.270829986451767
2000-08-13,4.179007593663234
2000-08-14,4.096322653787085
2000-08-15,4.021292145383264
2000-08-16,3.9844843361215916
2000-08-17,3.9662110406269684
2000-08-18,3.9119944387441556
2000-08-19,4.37876782457643
2000-08-20,5.256019782926445
2000-08-21,4.967517994198327
2000-08-22,4.411469348233376
2000-08-23,4.154354195725761
2000-08-24,4.0401524650030955
2000-08-25,3.9393139708886444
2000-08-26,3.859961438256486
2000-08-27,3.821090996599579
2000-08-28,3.7700322567916325
2000-08-29,3.6952858259519776
2000-08-30,3.6263079591573746
2000-08-31,3.5633474301067474
2000-09-01,4.5843646436542755
2000-09-02,5.396206019155141
2000-09-03,4.319649382553699
2000-09-04,3.9641255560270334
2000-09-05,3.8435879003157662
2000-09-06,3.7795950275431145
2000-09-07,3.733010376213852
2000-09-08,3.638336857098827
2000-09-09,3.5506259125531585
2000-09-10,3.4723772960701296
2000-09-11,3.4020426791961627
2000-09-12,3.3383392078032195
2000-09-13,3.2802031522520534
2000-09-14,3.2267517881541408
2000-09-15,3.301094319840217
2000-09-16,7.7964756637194474
2000-09-17,6.587007260498553
2000-09-18,4.872355025177304
2000-09-19,4.413527434191415
2000-09-20,4.199214246954372
2000-09-21,4.015132478579237
2000-09-22,3.849557221440335
2000-09-23,3.7063226563900464
2000-09-24,3.5822668510067786
2000-09-25,3.474146386680696
2000-09-26,3.39536442176075
2000-09-27,3.3625693285978606
2000-09-28,3.30529788288573
2000-09-29,3.229095300670293
2000-09-30,3.220219033280032
2000-10-01,4.453690745842544
2000-10-02,4.313160429712174
2000-10-03,3.6431091866767815
2000-10-04,3.4546931771639606
2000-10-05,3.3835631452095316
2000-10-06,3.743607414485098
2000-10-07,3.536501157539025
2000-10-08,3.559958783438379
2000-10-09,4.558257910932102
2000-10-10,6.1055745315008805
2000-10-11,5.557917699485972
2000-10-12,4.599583491161474
2000-10-13,4.191843993650543
2000-10-14,3.9679299603830973
2000-10-15,3.7786556903749364
2000-10-16,3.941720877467507
2000-10-17,4.097246673420773
2000-10-18,5.5905315348511735
2000-10-19,5.145151797207958
2000-10-20,4.3063369822059
2000-10-21,4.067513900209529
2000-10-22,3.8646090819916132
2000-10-23,3.708136164376161
2000-10-24,3.590738734254059
2000-10-25,3.4771355095044707
2000-10-26,3.4632669930392566
2000-10-27,5.202259392505159
2000-10-28,5.446815510642633
2000-10-29,5.176597990876534
2000-10-30,6.617822787866232
2000-10-31,6.063477012765692
2000-11-01,7.059718433451461
2000-11-02,7.527049801449607
2000-11-03,6.476244137782494
2000-11-04,5.716772061138546
2000-11-05,6.113794092026542
2000-11-06,6.158655268657572
2000-11-07,6.312514834455108
2000-11-08,6.4606165114838605
2000-11-09,5.79769864968108
2000-11-10,5.253868870613262
2000-11-11,4.923165321963926
2000-11-12,6.864185044463685
2000-11-13,6.831981974560105
2000-11-14,5.81616242207977
2000-11-15,5.449312108049873
2000-11-16,6.015289895201121
2000-11-17,6.43626464682885
2000-11-18,6.238624361285511
2000-11-19,6.98191758050578
2000-11-20,6.417587438860216
2000-11-21,6.339850564641125
2000-11-22,6.591977513205792
2000-11-23,7.8495599586740115
2000-11-24,7.275975043849578
2000-11-25,8.438923374248827
2000-11-26,8.369084954354808
2000-11-27,9.472015190049625
2000-11-28,8.781752176823069
2000-11-29,7.65149217741257
2000-11-30,7.043233053566957
2000-12-01,6.719777086679208
2000-12-02,7.4771729100606
2000-12-03,6.8771281188648885
2000-12-04,6.430887515249583
2000-12-05,6.088367669674191
2000-12-06,6.881644499422742
2000-12-07,7.1539840753315325
2000-12-08,6.514157863046408
2000-12-09,6.547666490911958
2000-12-10,7.8057397209924995
2000-12-11,9.094059875231316
2000-12-12,9.446754543733922
2000-12-13,9.458870185641592
2000-12-14,9.5483098799688
2000-12-15,9.558162157182785
2000-12-16,8.760910257296006
2000-12-17,7.929514234234509
2000-12-18,7.628325077789902
2000-12-19,7.242464859212352
2000-12-20,6.72528732970668
2000-12-21,6.350869249707107
2000-12-22,6.033220058800466
2000-12-23,5.762463400645577
2000-12-24,5.61858140025561
2000-12-25,5.4749706935514135
2000-12-26,5.272496325708556
2000-12-27,5.105225304587868
2000-12-28,5.576531415319863
2000-12-29,6.065925537138365
2000-12-30,6.413049424316796
2000-12-31,7.592778858323048
2001-01-01,8.880038164060345
2001-01-02,8.692002825166073
2001-01-03,8.788257317877306
2001-01-04,10.268461714624202
2001-01-05,13.692713391914856
2001-01-06,12.880792054209058
2001-01-07,11.024230543667448
2001-01-08,10.046374753128074
2001-01-09,9.252922935926923
2001-01-10,10.606781273050164
2001-01-11,10.324917736278596
2001-01-12,9.146944047508478
2001-01-13,8.48632627579589
2001-01-14,7.9317796425737725
2001-01-15,7.464547257674362
2001-01-16,7.069268879154876
2001-01-17,6.73335328752142
2001-01-18,6.446469063149375
2001-01-19,6.200130942273883
2001-01-20,6.0044825577782355
2001-01-21,8.241337375836538
2001-01-22,10.630775134825793
2001-01-23,10.295146981497538
2001-01-24,9.747290805610927
2001-01-25,9.305128465879521
2001-01-26,10.741777553637506
2001-01-27,11.778367085058221
2001-01-28,10.826862026872751
2001-01-29,9.723088211080897
2001-01-30,9.022708945073624
2001-01-31,8.434814916568385
2001-02-01,7.9547197064333135
2001-02-02,9.822135631982631
2001-02-03,13.155539366220717
2001-02-04,15.620322637137315
2001-02-05,15.592320672633328
2001-02-06,14.677799871123241
2001-02-07,14.767215790362764
2001-02-08,14.309462830688764
2001-02-09,12.94793491958766
2001-02-10,11.765171429632238
2001-02-11,10.88159920457195
2001-02-12,11.989371291546924
2001-02-13,11.782495882597415
2001-02-14,10.598196724073183
2001-02-15,9.906494864282182
2001-02-16,9.542555840699997
2001-02-17,9.501586519043467
2001-02-18,8.870925232982133
2001-02-19,8.448433685047219
2001-02-20,8.087936119074175
2001-02-21,8.104596627637733
2001-02-22,9.44602142570526
2001-02-23,9.938505325075825
2001-02-24,9.335841616489137
2001-02-25,9.294892979843931
2001-02-26,9.032838543683807
2001-02-27,8.508772954620751
2001-02-28,8.146742805377878
2001-03-01,7.843085164886193
2001-03-02,7.560337924477863
2001-03-03,7.313202213150412
2001-03-04,7.097729466320515
2001-03-05,6.909630302747971
2001-03-06,6.891796254224709
2001-03-07,6.969898461936892
2001-03-08,6.9337549390304
2001-03-09,7.190934407433332
2001-03-10,8.100708676522707
2001-03-11,8.57699168319079
2001-03-12,8.613804575753873
2001-03-13,10.178876920977041
2001-03-14,10.103270424626142
2001-03-15,9.15775858002005
2001-03-16,8.667457700312413
2001-03-17,9.191089496018922
2001-03-18,13.362449535844332
2001-03-19,12.98005837483595
2001-03-20,11.32227400733597
2001-03-21,12.528462279223923
2001-03-22,12.781862219132266
2001-03-23,13.857662240977355
2001-03-24,14.228836035849293
2001-03-25,12.955142825923312
2001-03-26,11.802005655011905
2001-03-27,10.954467677240643
2001-03-28,11.570568809182367
2001-03-29,13.684397286731793
2001-03-30,12.839306007822799
2001-03-31,11.568955847588756
2001-04-01,10.7873926104014
2001-04-02,10.130300256891312
2001-04-03,9.575627836457624
2001-04-04,9.388005123590473
2001-04-05,9.967654100704987
2001-04-06,10.278541653841954
2001-04-07,9.617117995376939
2001-04-08,9.195824866858404
2001-04-09,8.798613565721713
2001-04-10,9.020395479559488
2001-04-11,9.401192152439123
2001-04-12,8.792161603892504
2001-04-13,8.428760525254077
2001-04-14,10.415041985460185
2001-04-15,12.039207068477936
2001-04-16,11.4126806800042
2001-04-17,10.99165147415922
2001-04-18,10.456057121004608
2001-04-19,10.53318395495736
2001-04-20,10.433598276825949
2001-04-21,9.70936695068628
2001-04-22,9.226765350522525
2001-04-23,8.806751510571413
2001-04-24,8.698614448896906
2001-04-25,8.88883180630931
2001-04-26,9.240186426616885
2001-04-27,10.044633564473237
2001-04-28,9.776062639944504
2001-04-29,9.235207596664578
2001-04-30,8.816627399378364
2001-05-01,8.444903382637373
2001-05-02,8.31890960915718
2001-05-03,8.447347925057358
2001-05-04,8.159124458572665
2001-05-05,7.873894569842238
2001-05-06,7.624489114942055
2001-05-07,7.406689152110727
2001-05-08,7.215139261315968
2001-05-09,7.045424913086621
2001-05-10,6.893904004389076
2001-05-11,6.757569123326886
2001-05-12,6.633934828775946
2001-05-13,6.520945314922142
2001-05-14,6.447468257364327
2001-05-15,6.443712439391608
2001-05-16,6.454986588870837
2001-05-17,6.448975317846415
2001-05-18,6.387552540047451
2001-05-19,6.303058244646752
2001-05-20,6.1927569528984066
2001-05-21,6.089022864724808
2001-05-22,5.99332082275857
2001-05-23,5.9043897650914445
2001-05-24,5.821183603259001
2001-05-25,5.742833825561877
2001-05-26,5.668618717433419
2001-05-27,5.597938007524513
2001-05-28,5.530291966535537
2001-05-29,5.4652641634171735
2001-05-30,5.402507228142285
2001-05-31,5.341731088073364
2001-06-01,5.330394929131431
2001-06-02,6.5265265885291015
2001-06-03,6.188826136461759
2001-06-04,5.525132103198648
2001-06-05,5.4182721881545595
2001-06-06,5.321699535875123
2001-06-07,5.249006546868977
2001-06-08,5.179397143699959
2001-06-09,5.099544906430404
2001-06-10,5.044085993064974
2001-06-11,4.995239893596371
2001-06-12,4.924696378596969
2001-06-13,4.857055820290061
2001-06-14,4.793147576542722
2001-06-15,4.732425105902405
2001-06-16,4.713889247776868
2001-06-17,6.626230048423346
2001-06-18,5.666829092008604
2001-06-19,4.9249425280254675
2001-06-20,4.8207977152557495
2001-06-21,4.726901008498024
2001-06-22,4.641587986816369
2001-06-23,4.563479986467287
2001-06-24,4.491434117878282
2001-06-25,4.424502174531282
2001-06-26,4.361896824298659
2001-06-27,4.302963770313114
2001-06-28,4.247158809348195
2001-06-29,4.194028911579001
2001-06-30,4.143208597449142
2001-07-01,4.094380609669293
2001-07-02,4.047249713723011
2001-07-03,4.001616520989825
2001-07-04,3.9573005523668523
2001-07-05,3.9141477965813922
2001-07-06,3.879328246554739
2001-07-07,3.9784399008255096
2001-07-08,4.160836334990161
2001-07-09,3.917201819751886
2001-07-10,3.7728459629278412
2001-07-11,3.7612292705753627
2001-07-12,3.6995441137218847
2001-07-13,3.6552329852722303
2001-07-14,4.115273355804338
2001-07-15,4.185788521550724
2001-07-16,3.6110564265327785
2001-07-17,3.6499762645290237
2001-07-18,5.597940915266451
2001-07-19,4.908064972394817
2001-07-20,4.356551166577479
2001-07-21,3.8740085355699336
2001-07-22,7.086678486373617
2001-07-23,5.67542322181422
2001-07-24,4.260350968456391
2001-07-25,4.062773134882051
2001-07-26,3.9239674023077953
2001-07-27,4.214241695441205
2001-07-28,4.248459243409806
2001-07-29,3.829180398324793
2001-07-30,3.7160931654373637
2001-07-31,3.6167115007519137
2001-08-01,3.5287562750416637
2001-08-02,3.49766638123995
2001-08-03,3.5636979578115384
2001-08-04,3.4419382349252117
2001-08-05,3.381177823737614
2001-08-06,3.3180270745079508
2001-08-07,3.982823412640071
2001-08-08,4.319118025757509
2001-08-09,3.6566323622268793
2001-08-10,3.3591296979341294
2001-08-11,3.279148792598645
2001-08-12,3.207711693271531
2001-08-13,3.14343849608815
2001-08-14,3.0851688485935327
2001-08-15,3.031940590843094
2001-08-16,2.983458647588238
2001-08-17,2.940062059508694
2001-08-18,2.904261898855306
2001-08-19,2.86853152255005
2001-08-20,2.8292469288192077
2001-08-21,2.7920516861358693
2001-08-22,2.756697517338662
2001-08-23,2.7229234968473395
2001-08-24,2.690511875022521
2001-08-25,2.6592807607820803
2001-08-26,2.634133580910048
2001-08-27,2.61054220708767
2001-08-28,2.581143643970857
2001-08-29,2.552149998888467
2001-08-30,2.5240209690147535
2001-08-31,2.5098861327395494
2001-09-01,2.502462857588304
2001-09-02,2.5259495298558683
2001-09-03,5.412006438185736
2001-09-04,6.012182579752089
2001-09-05,4.350328353229885
2001-09-06,3.996958359664188
2001-09-07,3.8890263239153664
2001-09-08,4.558502603718675
2001-09-09,5.9213016086464725
2001-09-10,4.495918554811028
2001-09-11,3.813088427324183
2001-09-12,4.136378732426535
2001-09-13,4.073447468900457
2001-09-14,3.591105902816144
2001-09-15,4.734104164979059
2001-09-16,5.405720245233554
2001-09-17,8.262769665383919
2001-09-18,6.397794945099004
2001-09-19,9.624613573211013
2001-09-20,8.844393510154456
2001-09-21,6.88613822344236
2001-09-22,6.110500371661366
2001-09-23,5.596473329754409
2001-09-24,5.151223325362112
2001-09-25,4.777463111595495
2001-09-26,5.42243730808212
2001-09-27,5.854504345891823
2001-09-28,4.896360359657813
2001-09-29,4.649085907900042
2001-09-30,4.710963351872354
2001-10-01,6.813675931462575
2001-10-02,7.639954324130151
2001-10-03,6.4438040602686675
2001-10-04,5.542473995142238
2001-10-05,5.143526500398802
2001-10-06,7.227924957282731
2001-10-07,7.348294105608622
2001-10-08,6.016057533296151
2001-10-09,5.5631351627265495
2001-10-10,5.182496907403804
2001-10-11,4.861946754130183
2001-10-12,4.590967820545171
2001-10-13,4.36092801120338
2001-10-14,4.164735574108819
2001-10-15,3.9965588756232595
2001-10-16,3.8515981699773243
2001-10-17,3.725899516916682
2001-10-18,3.7008958283550033
2001-10-19,3.7570167136212103
2001-10-20,3.6464023337695814
2001-10-21,3.542311686024286
2001-10-22,3.4578399112974
2001-10-23,4.566331522125042
2001-10-24,5.194553443964729
2001-10-25,4.362913202509365
2001-10-26,4.184259374375009
2001-10-27,4.868833680128233
2001-10-28,5.4743840808219995
2001-10-29,4.911642851400775
2001-10-30,4.388749945279868
2001-10-31,4.5071410021847385
2001-11-01,4.659618573514701
2001-11-02,4.200345356790227
2001-11-03,4.008991557787051
2001-11-04,3.845007058008305
2001-11-05,3.7042075675568813
2001-11-06,3.6402633118768737
2001-11-07,6.975767994380515
2001-11-08,9.798769336562795
2001-11-09,8.189507331321133
2001-11-10,6.80353168438263
2001-11-11,6.234406292554044
2001-11-12,6.216111071344856
2001-11-13,6.060877039272154
2001-11-14,5.46858159617268
2001-11-15,5.120420397668399
2001-11-16,4.826438389304234
2001-11-17,4.577184940550921
2001-11-18,4.3648984505822375
2001-11-19,4.183198543557395
2001-11-20,4.026835486981729
2001-11-21,5.042485280242016
2001-11-22,7.212451120151367
2001-11-23,6.92326716322733
2001-11-24,6.6888139544056
2001-11-25,8.561392615608048
2001-11-26,8.229226894350951
2001-11-27,7.671503049970588
2001-11-28,7.015339639292094
2001-11-29,10.171252218852999
2001-11-30,12.04969160740481
2001-12-01,10.830911155545186
2001-12-02,9.919291400587085
2001-12-03,9.075645948192712
2001-12-04,9.120355698762982
2001-12-05,8.715896586218735
2001-12-06,7.85483059897632
2001-12-07,7.218685125863086
2001-12-08,6.724285240912788
2001-12-09,6.30821753979901
2001-12-10,5.9567165470991155
2001-12-11,5.658494567323982
2001-12-12,5.4042867079717105
2001-12-13,5.186481175528665
2001-12-14,4.998818517971988
2001-12-15,4.83614668339498
2001-12-16,4.694221320131592
2001-12-17,4.569542790616862
2001-12-18,4.494446769904367
2001-12-19,4.69628687858186
2001-12-20,4.765342678315041
2001-12-21,10.03421829910103
2001-12-22,11.087715209632899
2001-12-23,9.321019604482826
2001-12-24,9.19406509040103
2001-12-25,12.947203194385958
2001-12-26,15.080312614845157
2001-12-27,15.622559784877089
2001-12-28,14.198868988011817
2001-12-29,12.98371234240125
2001-12-30,12.086535391439375
2001-12-31,10.87830104195904
2002-01-01,9.93021442116733
2002-01-02,9.150897308704002
2002-01-03,8.49854387648116
2002-01-04,7.950618637827939
2002-01-05,7.488680202005839
2002-01-06,7.097622202825362
2002-01-07,6.906594494545387
2002-01-08,6.660892189771669
2002-01-09,6.390425148537344
2002-01-10,6.157911604447705
2002-01-11,5.9794581696306865
2002-01-12,5.876739992838645
2002-01-13,5.714678381724542
2002-01-14,5.566206552669232
2002-01-15,7.508329083875448
2002-01-16,7.854480069779137
2002-01-17,7.4018456384002915
2002-01-18,7.5180235923262595
2002-01-19,7.386947451953019
2002-01-20,9.693061412254492
2002-01-21,9.687212374272713
2002-01-22,9.506298960881848
2002-01-23,10.51557341425114
2002-01-24,10.850806415402614
2002-01-25,10.240785734062404
2002-01-26,17.0076499567931
2002-01-27,18.64675119934521
2002-01-28,17.159167340189935
2002-01-29,15.48112763210864
2002-01-30,13.982044213180226
2002-01-31,13.030126701227417
2002-02-01,11.9081286826856
2002-02-02,10.935719460777255
2002-02-03,10.15281205968357
2002-02-04,10.160318722653127
2002-02-05,12.929873463590267
2002-02-06,12.648066237362654
2002-02-07,12.71427948403433
2002-02-08,12.166695920156215
2002-02-09,12.438919322248843
2002-02-10,12.37968141847063
2002-02-11,13.721552919341413
2002-02-12,15.61755493356071
2002-02-13,15.719964022093002
2002-02-14,14.234079754020883
2002-02-15,12.870467489525987
2002-02-16,11.898944170782675
2002-02-17,11.085627455460424
2002-02-18,10.44724783247921
2002-02-19,16.211633192063704
2002-02-20,20.066740910774417
2002-02-21,19.065903236657174
2002-02-22,20.105028645356033
2002-02-23,21.03377465122588
2002-02-24,22.187231737585602
2002-02-25,26.01904980413229
2002-02-26,26.793561474316224
2002-02-27,24.312713702159854
2002-02-28,24.01222366422016
2002-03-01,22.44535017945847
2002-03-02,19.940952665129824
2002-03-03,18.177007159899237
2002-03-04,16.704669547411388
2002-03-05,15.476006305917116
2002-03-06,14.521328479004909
2002-03-07,13.784229752864938
2002-03-08,13.039958471168182
2002-03-09,12.398549393308793
2002-03-10,11.84790657548807
2002-03-11,11.37677441283577
2002-03-12,11.241366001048457
2002-03-13,11.94738591115982
2002-03-14,13.260350588357051
2002-03-15,12.66745974517373
2002-03-16,11.860972658978477
2002-03-17,11.374107193408227
2002-03-18,12.430647426171682
2002-03-19,14.08626685606932
2002-03-20,16.07103892007675
2002-03-21,15.68928089924409
2002-03-22,14.139081713014598
2002-03-23,13.293972142511686
2002-03-24,12.578859788401934
2002-03-25,11.972739316702977
2002-03-26,11.456389082555397
2002-03-27,11.014070027248458
2002-03-28,10.632881730908313
2002-03-29,10.302240029834893
2002-03-30,10.013452749429051
2002-03-31,9.759428295577392
2002-04-01,9.53427253097556
2002-04-02,9.33300586919101
2002-04-03,9.151725892875104
2002-04-04,8.987154225042092
2002-04-05,8.836571334623248
2002-04-06,8.697729489251882
2002-04-07,8.568769241408043
2002-04-08,8.4481509678344
2002-04-09,8.334598697903393
2002-04-10,8.22705398410759
2002-04-11,8.124637986515063
2002-04-12,8.02662028214309
2002-04-13,7.9323931851826766
2002-04-14,7.845261121125275
2002-04-15,8.268645202520506
2002-04-16,9.531725004224308
2002-04-17,8.81192561545337
2002-04-18,8.488728458230804
2002-04-19,8.415666133946287
2002-04-20,8.23763975489265
2002-04-21,8.050408227897814
2002-04-22,7.88246063634698
2002-04-23,7.730961316088998
2002-04-24,7.593221377685025
2002-04-25,7.467017296668316
2002-04-26,7.416085941702579
2002-04-27,7.5039290109162
2002-04-28,7.626690788420929
2002-04-29,7.776870748548684
2002-04-30,7.943354895201245
2002-05-01,7.609230329853442
2002-05-02,7.669230094555645
2002-05-03,7.4581076077587225
2002-05-04,8.140420605947872
2002-05-05,10.831050877067115
2002-05-06,9.738260699826407
2002-05-07,8.684878624863346
2002-05-08,8.318431957842611
2002-05-09,8.02087077184963
2002-05-10,7.7628135214800364
2002-05-11,7.522096219941567
2002-05-12,7.311561786255673
2002-05-13,7.126774218983059
2002-05-14,7.019399460175585
2002-05-15,6.936617524471067
2002-05-16,6.7929662435780225
2002-05-17,6.657540260905698
2002-05-18,6.534831556620368
2002-05-19,6.422777965032846
2002-05-20,6.319672724331664
2002-05-21,6.224144067529267
2002-05-22,6.175959941510417
2002-05-23,6.152670870045804
2002-05-24,6.098282754605898
2002-05-25,6.093619333674732
2002-05-26,6.044783420353219
2002-05-27,5.974378468068024
2002-05-28,5.882019125358437
2002-05-29,5.797524427185206
2002-05-30,5.716544801620466
2002-05-31,5.638851417312909
2002-06-01,5.56534943206001
2002-06-02,5.495427518636784
2002-06-03,5.437540514983842
2002-06-04,5.418951484707251
2002-06-05,5.406631037660206
2002-06-06,5.353632573726048
2002-06-07,5.283270659904034
2002-06-08,5.214445455754248
2002-06-09,5.164957678315202
2002-06-10,5.165235339414278
2002-06-11,5.752955096622326
2002-06-12,6.308659604444007
2002-06-13,5.702622135774707
2002-06-14,6.062831586392343
2002-06-15,5.878065809320005
2002-06-16,5.284453101574729
2002-06-17,5.1685199329569675
2002-06-18,5.063379909702308
2002-06-19,6.659700018505448
2002-06-20,7.059996155891927
2002-06-21,5.7733886384821895
2002-06-22,5.423509399747186
2002-06-23,5.2625130822950466
2002-06-24,5.121232130688946
2002-06-25,4.996355441579493
2002-06-26,4.885149497932161
2002-06-27,4.78535573859548
2002-06-28,4.6951064925207415
2002-06-29,4.612856057420368
2002-06-30,4.565888323819942
2002-07-01,5.596191132891538
2002-07-02,7.150760770254042
2002-07-03,8.40666354975821
2002-07-04,6.585785133217716
2002-07-05,5.571562357971729
2002-07-06,5.33948096660736
2002-07-07,5.139858108929881
2002-07-08,4.967139292491905
2002-07-09,4.866519941707009
2002-07-10,5.30120257467991
2002-07-11,5.363025119294402
2002-07-12,4.818521386900632
2002-07-13,4.682916119243443
2002-07-14,4.569912753700571
2002-07-15,4.460113145482893
2002-07-16,4.3604932758690405
2002-07-17,4.2710953787665575
2002-07-18,4.190251554648605
2002-07-19,4.116580472257391
2002-07-20,5.8099532937376
2002-07-21,5.748017192974754
2002-07-22,4.509114819163704
2002-07-23,4.382705244651322
2002-07-24,4.2983578134648335
2002-07-25,4.212153127420685
2002-07-26,4.114030464113706
2002-07-27,4.024647941877308
2002-07-28,3.944233250733759
2002-07-29,3.8713295758842654
2002-07-30,4.900051882855096
2002-07-31,10.03772225194238
2002-08-01,7.748223138983955
2002-08-02,6.255269770426538
2002-08-03,5.887822524993926
2002-08-04,5.487939272107011
2002-08-05,5.546533503338412
2002-08-06,6.36378814941385
2002-08-07,5.499194037722275
2002-08-08,5.077511358782124
2002-08-09,4.910403769008145
2002-08-10,4.848389397197837
2002-08-11,4.643826980140814
2002-08-12,4.4651868784219415
2002-08-13,4.310115727373907
2002-08-14,4.1753106467654435
2002-08-15,4.0573503316713895
2002-08-16,3.953410491639909
2002-08-17,3.8611577515948525
2002-08-18,3.786619258376554
2002-08-19,3.7517586583291873
2002-08-20,8.213564814070715
2002-08-21,7.993168031077755
2002-08-22,5.879286667793763
2002-08-23,7.417036260234581
2002-08-24,9.85515940832797
2002-08-25,7.91698259143883
2002-08-26,6.690703803469731
2002-08-27,6.197930741883563
2002-08-28,5.784194865131233
2002-08-29,5.435580818823877
2002-08-30,5.1406807304947435
2002-08-31,4.890133390939791
2002-09-01,4.676249848696994
2002-09-02,4.4927088716905415
2002-09-03,4.3343089673490125
2002-09-04,4.196831021532208
2002-09-05,4.076739627851483
2002-09-06,3.9709294138069784
2002-09-07,3.877234906660112
2002-09-08,3.934278625214731
2002-09-09,4.06299162587892
2002-09-10,3.8950175893509087
2002-09-11,3.867503759908249
2002-09-12,3.7982720183574075
2002-09-13,3.711155431951568
2002-09-14,3.6323713033598946
2002-09-15,3.561354958424334
2002-09-16,3.4968457632851497
2002-09-17,3.437799360253385
2002-09-18,3.3833498522358583
2002-09-19,3.332778714793712
2002-09-20,3.285489217479807
2002-09-21,3.2429941432596237
2002-09-22,3.2751904594102723
2002-09-23,3.33031687070028
2002-09-24,3.2974590993807826
2002-09-25,4.138000506144757
2002-09-26,4.171854296478778
2002-09-27,3.626259502028445
2002-09-28,3.4022637824089856
2002-09-29,3.3169976086314406
2002-09-30,3.2412007377271674
2002-10-01,3.1733105748849666
2002-10-02,3.1120342769708103
2002-10-03,3.1030814254162107
2002-10-04,3.1203478364100152
2002-10-05,3.8068824694664705
2002-10-06,3.8287010483813604
2002-10-07,3.2504226990548353
2002-10-08,3.162568344088331
2002-10-09,3.0848679575034876
2002-10-10,3.0156499563586787
2002-10-11,2.9535247328262364
2002-10-12,2.9188606570979285
2002-10-13,2.9139010106076495
2002-10-14,2.906739030856825
2002-10-15,2.9028758786150832
2002-10-16,3.5755443117241548
2002-10-17,3.645503256468236
2002-10-18,4.245226879465844
2002-10-19,3.825206491577355
2002-10-20,3.4444769660107206
2002-10-21,3.3448360523908427
2002-10-22,3.873963024373774
2002-10-23,4.241064022467761
2002-10-24,3.642971621216694
2002-10-25,4.94387594888568
2002-10-26,6.349689972626048
2002-10-27,6.162947481738299
2002-10-28,5.082807352427449
2002-10-29,4.429657509829815
2002-10-30,4.348424809565296
2002-10-31,4.283890984016712
2002-11-01,4.93663670955234
2002-11-02,8.170633114485392
2002-11-03,7.522732660696945
2002-11-04,7.219688895642108
2002-11-05,6.428882055595619
2002-11-06,9.784957977821104
2002-11-07,10.410987591927482
2002-11-08,14.105204574148987
2002-11-09,13.10299730289743
2002-11-10,13.449056647518143
2002-11-11,12.19330546040696
2002-11-12,11.00750188588709
2002-11-13,10.593307273809014
2002-11-14,9.444344450089416
2002-11-15,8.480591600431428
2002-11-16,7.756080999144689
2002-11-17,7.151224388796559
2002-11-18,6.644374640013523
2002-11-19,6.218340568628612
2002-11-20,5.902998134641282
2002-11-21,5.688773443171307
2002-11-22,5.414061777474294
2002-11-23,5.336216735066554
2002-11-24,5.38550559234864
2002-11-25,6.313826087272969
2002-11-26,6.125425331474394
2002-11-27,5.558580208944039
2002-11-28,5.397429282711239
2002-11-29,5.265263772642494
2002-11-30,5.018811283175059
2002-12-01,6.457839123825143
2002-12-02,6.650793232999596
2002-12-03,5.944846121486318
2002-12-04,5.65084785134324
2002-12-05,5.3937665818632246
2002-12-06,5.142913446985029
2002-12-07,4.936613060789066
2002-12-08,4.758848812795338
2002-12-09,4.604738200543797
2002-12-10,4.470260030766021
2002-12-11,4.352099543735079
2002-12-12,4.247521924657311
2002-12-13,4.154268894981164
2002-12-14,4.116802129916553
2002-12-15,6.641026882499013
2002-12-16,7.364158786819366
2002-12-17,6.48874474499221
2002-12-18,5.9049003158648565
2002-12-19,5.563761779006871
2002-12-20,5.325955881749298
2002-12-21,7.191141954144634
2002-12-22,10.905930712588722
2002-12-23,10.422728465309246
2002-12-24,9.03318272038236
2002-12-25,8.401553008267529
2002-12-26,10.056616077745172
2002-12-27,11.194812834990366
2002-12-28,10.342081192761496
2002-12-29,17.7386919601136
2002-12-30,24.005247175490286
2002-12-31,21.495775603320777
2003-01-01,22.671780216153195
2003-01-02,25.511569505864795
2003-01-03,24.64591181206554
2003-01-04,21.475720536122562
2003-01-05,18.765556116168174
2003-01-06,16.75665486992695
2003-01-07,15.093855916083989
2003-01-08,13.714176447241337
2003-01-09,12.566359396532036
2003-01-10,11.608642152166183
2003-01-11,10.806959634132674
2003-01-12,10.13349513933002
2003-01-13,9.898588784261653
2003-01-14,9.378953644135681
2003-01-15,9.992008228212043
2003-01-16,9.889696269563894
2003-01-17,9.166098391798156
2003-01-18,8.743661147582452
2003-01-19,8.522690994420978
2003-01-20,9.14966056336451
2003-01-21,9.052086705030009
2003-01-22,9.762712199246542
2003-01-23,9.414770239125973
2003-01-24,8.769207157829994
2003-01-25,8.510242549142223
2003-01-26,9.035372518816656
2003-01-27,9.917770739447741
2003-01-28,11.928092705024397
2003-01-29,13.439013950628427
2003-01-30,13.67439803099825
2003-01-31,12.51445512757335
2003-02-01,11.444875004733317
2003-02-02,12.444194411919613
2003-02-03,14.462649180562694
2003-02-04,14.20267374134491
2003-02-05,14.190091838258377
2003-02-06,13.174119960135322
2003-02-07,12.287440072284491
2003-02-08,11.645713318980434
2003-02-09,10.869211171573857
2003-02-10,10.229567316794933
2003-02-11,9.7063946259321
2003-02-12,9.261631809569991
2003-02-13,8.881550455093477
2003-02-14,8.554892419450859
2003-02-15,8.272416335484882
2003-02-16,8.026529085521458
2003-02-17,7.810985981746529
2003-02-18,7.620646574081792
2003-02-19,7.4512755506372805
2003-02-20,7.299380233938996
2003-02-21,7.162077811119573
2003-02-22,7.036986749714374
2003-02-23,6.922137907302623
2003-02-24,6.815901694332227
2003-02-25,6.716928335918034
2003-02-26,6.6272783491939755
2003-02-27,6.545369082149162
2003-02-28,6.748251287586261
2003-03-01,8.32627585648213
2003-03-02,10.665006967462736
2003-03-03,10.197274476276553
2003-03-04,9.181828985995777
2003-03-05,8.705031327258345
2003-03-06,8.33649580854233
2003-03-07,8.136986701903087
2003-03-08,7.840909522521425
2003-03-09,7.550250594719505
2003-03-10,7.36653711053291
2003-03-11,9.997915329376097
2003-03-12,10.717462605732853
2003-03-13,9.380559064899346
2003-03-14,8.851032163521712
2003-03-15,8.402453636919944
2003-03-16,8.020651689840898
2003-03-17,7.694000529699626
2003-03-18,7.412953842316319
2003-03-19,7.169665495431531
2003-03-20,6.9576808145360864
2003-03-21,6.771685026158934
2003-03-22,6.607298065295569
2003-03-23,6.460907028864161
2003-03-24,6.329529230849715
2003-03-25,6.21070016020061
2003-03-26,6.102381725464085
2003-03-27,6.0028870429406815
2003-03-28,5.910818729470722
2003-03-29,5.825018230055384
2003-03-30,5.744524170881149
2003-03-31,5.668538101164844
2003-04-01,6.826486553442198
2003-04-02,8.173714586208868
2003-04-03,7.219068888196733
2003-04-04,6.7707862322492565
2003-04-05,6.526016621678676
2003-04-06,6.313917913859259
2003-04-07,6.128925748676278
2003-04-08,5.966454786810611
2003-04-09,5.822723187941438
2003-04-10,5.694609149270639
2003-04-11,5.5795335342913015
2003-04-12,5.47536375586461
2003-04-13,5.380334991853533
2003-04-14,5.292985549371196
2003-04-15,5.212103789890274
2003-04-16,5.136684509780989
2003-04-17,5.065893061496856
2003-04-18,4.999035817386302
2003-04-19,4.935535835232318
2003-04-20,4.874912793560918
2003-04-21,4.832738126552332
2003-04-22,4.796294495646399
2003-04-23,4.739576235825335
2003-04-24,4.6829395934838
2003-04-25,4.63127817797331
2003-04-26,6.085304782997674
2003-04-27,6.179682384685326
2003-04-28,5.229504069257072
2003-04-29,5.119492169113742
2003-04-30,5.230813218775763
2003-05-01,5.742748106617331
2003-05-02,5.970658991983053
2003-05-03,5.709583252423158
2003-05-04,5.220066419939898
2003-05-05,6.127448610275252
2003-05-06,6.2270724584873065
2003-05-07,5.4569228446974405
2003-05-08,5.250615667630609
2003-05-09,5.072308676787302
2003-05-10,4.916834175971306
2003-05-11,4.80753828328651
2003-05-12,4.759098982414532
2003-05-13,4.807735203736205
2003-05-14,4.857722538006473
2003-05-15,4.674375623076828
2003-05-16,4.5698642438048855
2003-05-17,4.494447422538348
2003-05-18,4.68291308096423
2003-05-19,7.115575459370805
2003-05-20,6.433832253278376
2003-05-21,5.907204435492513
2003-05-22,5.561869268801792
2003-05-23,6.0693250833311305
2003-05-24,7.400005937678149
2003-05-25,6.478619948421134
2003-05-26,5.709675083421639
2003-05-27,5.4235091714407275
2003-05-28,5.179469062581779
2003-05-29,4.970294743616709
2003-05-30,4.79001092859653
2003-05-31,4.633695417364004
2003-06-01,4.497290018442494
2003-06-02,4.426404426057667
2003-06-03,4.380199238749743
2003-06-04,4.276601574728937
2003-06-05,4.181675352943292
2003-06-06,4.094534926942972
2003-06-07,4.014528303309868
2003-06-08,5.771268777915527
2003-06-09,5.545625851659254
2003-06-10,4.485830377105226
2003-06-11,4.342302854106136
2003-06-12,4.212694668094978
2003-06-13,4.098911848409402
2003-06-14,4.034194521715824
2003-06-15,3.9876174646446363
2003-06-16,3.899137926855513
2003-06-17,3.81696736926693
2003-06-18,3.7428305583800143
2003-06-19,3.675428864031088
2003-06-20,3.613685612927954
2003-06-21,3.5567074429475265
2003-06-22,3.5040785361061944
2003-06-23,3.4546317202775896
2003-06-24,3.40792063542395
2003-06-25,3.363685882445321
2003-06-26,3.3215701986645705
2003-06-27,3.2812756670271974
2003-06-28,3.242553627844057
2003-06-29,3.2051963329283146
2003-06-30,3.5355520187601486
2003-07-01,5.722336220148481
2003-07-02,5.352126229407162
2003-07-03,4.29476178427225
2003-07-04,3.7665918025333833
2003-07-05,3.4167267936276553
2003-07-06,3.3343888624130025
2003-07-07,3.260449469598058
2003-07-08,3.1940122076773654
2003-07-09,3.1338626371514646
2003-07-10,3.07899332873693
2003-07-11,3.028567939055682
2003-07-12,2.981891623554842
2003-07-13,2.9383866498324482
2003-07-14,2.897572282023278
2003-07-15,2.8590481758360244
2003-07-16,2.8224806615183966
2003-07-17,2.7876667612104398
2003-07-18,2.7542464898018593
2003-07-19,2.72204226104915
2003-07-20,2.690929307283632
2003-07-21,2.6607712787128333
2003-07-22,2.631453882558603
2003-07-23,2.604082608459851
2003-07-24,2.5796850432390674
2003-07-25,2.5547799435126444
2003-07-26,3.9314158970697246
2003-07-27,3.4377087220132583
2003-07-28,2.5578848402688483
2003-07-29,2.5188981177894534
2003-07-30,2.5371784424356942
2003-07-31,2.625181070135612
2003-08-01,2.44609464202074
2003-08-02,2.41371855975521
2003-08-03,2.3829669547984094
2003-08-04,2.353609769867889
2003-08-05,2.325454847609587
2003-08-06,2.2983415401747327
2003-08-07,2.272135412822277
2003-08-08,2.24672385138675
2003-08-09,2.222012417024051
2003-08-10,2.1979218191973633
2003-08-11,2.1743854004907437
2003-08-12,2.1513470454333676
2003-08-13,2.1287594408123702
2003-08-14,2.106582627541981
2003-08-15,2.084782794527148
2003-08-16,2.0633312735085716
2003-08-17,2.0422044201497593
2003-08-18,2.021489100890284
2003-08-19,2.001028043692415
2003-08-20,1.980738324497162
2003-08-21,1.9607081524701504
2003-08-22,1.9409267396755245
2003-08-23,1.921383840999872
2003-08-24,1.9020705479642637
2003-08-25,1.8829790769762473
2003-08-26,1.8641025919684449
2003-08-27,1.8454350557648553
2003-08-28,5.408378748961932
2003-08-29,4.477498228240681
2003-08-30,2.493374183928516
2003-08-31,2.06727203716691
2003-09-01,1.903679275739168
2003-09-02,1.7776595547061624
2003-09-03,1.7559525478537763
2003-09-04,1.7350939777939969
2003-09-05,1.7149855329465005
2003-09-06,1.6959620003559668
2003-09-07,1.6774735763231712
2003-09-08,1.6590155922246874
2003-09-09,1.641006917619327
2003-09-10,2.2477895727768065
2003-09-11,2.2284271945080802
2003-09-12,1.6111192812562376
2003-09-13,1.5919311906549727
2003-09-14,1.5734391236340999
2003-09-15,1.5555543237193123
2003-09-16,1.5382023056903662
2003-09-17,1.5213205348171932
2003-09-18,1.5048564475139827
2003-09-19,1.4887658047834949
2003-09-20,1.4730113216846297
2003-09-21,1.4575615258846557
2003-09-22,1.4571929274149211
2003-09-23,1.7311346786707087
2003-09-24,1.4804284883298875
2003-09-25,1.4072648929120353
2003-09-26,1.392004213366597
2003-09-27,1.3770943774586442
2003-09-28,1.3640288212230345
2003-09-29,1.3519341618723875
2003-09-30,1.3370547841699538
2003-10-01,1.4460212126138627
2003-10-02,1.656293689185321
2003-10-03,3.1376224727370534
2003-10-04,2.320488593569401
2003-10-05,1.4470396090926823
2003-10-06,3.556029451083574
2003-10-07,4.4339821475510695
2003-10-08,3.9933713235677293
2003-10-09,2.138910438612569
2003-10-10,1.637571013067687
2003-10-11,1.6339045037462618
2003-10-12,1.393480479550524
2003-10-13,1.3575676927098792
2003-10-14,1.3256425435187518
2003-10-15,1.297058901085882
2003-10-16,1.2712799115788982
2003-10-17,1.247859191959562
2003-10-18,1.2264253141073884
2003-10-19,1.2066689937122899
2003-10-20,1.188332504413287
2003-10-21,1.1712009241769634
2003-10-22,1.1550948915297297
2003-10-23,1.1398646069585059
2003-10-24,1.1271039125900293
2003-10-25,1.4750429780880132
2003-10-26,1.6654898764642307
2003-10-27,1.193384216522008
2003-10-28,1.1410098458071258
2003-10-29,1.1208997164643772
2003-10-30,1.1099060705772859
2003-10-31,1.654403400372847
2003-11-01,1.573333827159807
2003-11-02,2.153620890452363
2003-11-03,2.6797724525432844
2003-11-04,1.6375740529537468
2003-11-05,1.227550903688926
2003-11-06,1.188844916561834
2003-11-07,1.1548989808983092
2003-11-08,1.124932573121444
2003-11-09,1.0982976995219522
2003-11-10,1.0744560028522194
2003-11-11,1.052959890514022
2003-11-12,1.0371015873609415
2003-11-13,1.0275835401289817
2003-11-14,1.0100908262844857
2003-11-15,0.9934521156989494
2003-11-16,1.9957916976411807
2003-11-17,2.5321244333411843
2003-11-18,1.6546275962827395
2003-11-19,1.265551960872697
2003-11-20,1.1473336412548074
2003-11-21,1.2715440404978535
2003-11-22,1.2753154603233006
2003-11-23,1.3402177671946773
2003-11-24,1.223712274286557
2003-11-25,1.0658488724456368
2003-11-26,1.0989509555513424
2003-11-27,1.1158499032283973
2003-11-28,1.010511095373251
2003-11-29,1.0918906847653107
2003-11-30,1.9436813137557698
2003-12-01,1.4080498138494972
2003-12-02,1.0742364933006137
2003-12-03,1.039108657525787
2003-12-04,1.0083651983673756
2003-12-05,0.9812863958068173
2003-12-06,0.9572747540946142
2003-12-07,0.9358338817443315
2003-12-08,0.9165510838189048
2003-12-09,0.8990830023142168
2003-12-10,0.8831437614979437
2003-12-11,1.2608920215038908
2003-12-12,3.5179301101353277
2003-12-13,6.934440526809248
2003-12-14,4.74773723382926
2003-12-15,3.0942021706004765
2003-12-16,2.506073272852097
2003-12-17,2.2108157860672875
2003-12-18,2.0210925818415135
2003-12-19,1.8618990755309708
2003-12-20,2.421001142132451
2003-12-21,3.664422813842098
2003-12-22,2.9753051082544477
2003-12-23,3.5979142343603354
2003-12-24,2.9045438224040043
2003-12-25,2.3441714020666207
2003-12-26,3.445613094674208
2003-12-27,5.009546495335878
2003-12-28,4.699970933910716
2003-12-29,3.6104053386619364
2003-12-30,3.0505421563926745
2003-12-31,2.777674720989889
2004-01-01,2.549252379117221
2004-01-02,2.357523454669449
2004-01-03,2.196117883785714
2004-01-04,2.059909454940157
2004-01-05,3.1473751222618342
2004-01-06,2.873218461073568
2004-01-07,2.4697155234880337
2004-01-08,2.846256707562364
2004-01-09,3.0960992956624147
2004-01-10,2.871181781686881
2004-01-11,4.375733867964191
2004-01-12,8.57112131076273
2004-01-13,7.5054816973684995
2004-01-14,7.826256778543794
2004-01-15,8.20782703240877
2004-01-16,8.000583814445866
2004-01-17,7.140926882620202
2004-01-18,6.5247749942525255
2004-01-19,10.945131953177507
2004-01-20,9.792679223806564
2004-01-21,7.7700006565872
2004-01-22,7.113724280863572
2004-01-23,6.6241948557870565
2004-01-24,6.274226066834423
2004-01-25,5.685520045773124
2004-01-26,5.1326903031826925
2004-01-27,4.740505036357994
2004-01-28,5.644054479796366
2004-01-29,5.744887751454851
2004-01-30,5.1854576012576326
2004-01-31,5.716822893544877
2004-02-01,7.112740267162878
2004-02-02,10.273943606412823
2004-02-03,9.277473547178182
2004-02-04,7.629555040827498
2004-02-05,6.905644128092508
2004-02-06,7.079141192109668
2004-02-07,7.685676177990994
2004-02-08,8.518140899273108
2004-02-09,8.006812473418007
2004-02-10,8.552590977457296
2004-02-11,7.888144164635798
2004-02-12,6.928241727376357
2004-02-13,6.378117156975644
2004-02-14,5.91725431556837
2004-02-15,5.5299055492034235
2004-02-16,5.20316622678308
2004-02-17,4.92645095654833
2004-02-18,4.850757396576121
2004-02-19,4.945238140616799
2004-02-20,4.713891542122503
2004-02-21,4.509017907833521
2004-02-22,4.333093146284088
2004-02-23,4.181167391875776
2004-02-24,4.439086624042633
2004-02-25,5.829180975626653
2004-02-26,5.933334601492359
2004-02-27,5.844368194709687
2004-02-28,5.433747260274738
2004-02-29,5.114677107694042
2004-03-01,5.169091816436012
2004-03-02,5.3411492533158915
2004-03-03,5.10379754665512
2004-03-04,4.850560928896004
2004-03-05,4.753432544387148
2004-03-06,4.885560136502196
2004-03-07,5.107562466246495
2004-03-08,4.949846581984037
2004-03-09,4.652223129736046
2004-03-10,4.472584231204762
2004-03-11,4.341740531144886
2004-03-12,4.497890583988388
2004-03-13,4.898963741836398
2004-03-14,4.490033010352148
2004-03-15,4.308559518557961
2004-03-16,4.152108948952704
2004-03-17,4.016426600449439
2004-03-18,3.8980031777342883
2004-03-19,4.100103030748659
2004-03-20,4.893805842531613
2004-03-21,5.43125696717193
2004-03-22,5.464561416464708
2004-03-23,4.935519077946297
2004-03-24,4.669694251547497
2004-03-25,4.451353018997708
2004-03-26,4.266743197152148
2004-03-27,4.108502904424561
2004-03-28,3.96876403997042
2004-03-29,3.847041633899743
2004-03-30,3.7403652891887336
2004-03-31,3.6462203861052203
2004-04-01,3.5625283354930026
2004-04-02,3.487569562435904
2004-04-03,3.4405872235301262
2004-04-04,3.4689384699176267
2004-04-05,4.612165404256181
2004-04-06,5.677065651946363
2004-04-07,5.331762072335248
2004-04-08,5.108277334196933
2004-04-09,4.682628228185895
2004-04-10,4.431596505254876
2004-04-11,4.222499280243708
2004-04-12,4.042890647591352
2004-04-13,3.8884285554616205
2004-04-14,3.7548498072263548
2004-04-15,3.6386163256562205
2004-04-16,3.5368083333785747
2004-04-17,3.4470142844141183
2004-04-18,3.383248522348964
2004-04-19,3.3234358739482737
2004-04-20,3.2556597989437104
2004-04-21,3.1964897458453323
2004-04-22,3.188815887577259
2004-04-23,3.1814345321685704
2004-04-24,3.125143480261531
2004-04-25,3.069398797570324
2004-04-26,3.0182715538213074
2004-04-27,2.9710363254215646
2004-04-28,2.9487308599797877
2004-04-29,2.9316800664687004
2004-04-30,2.9740064543367595
2004-05-01,3.043063544718788
2004-05-02,2.9847833365580456
2004-05-03,2.9400406980126648
2004-05-04,2.9191811621096697
2004-05-05,2.8745463888936924
2004-05-06,2.8217845186356563
2004-05-07,4.8889939429597975
2004-05-08,5.1985278011727525
2004-05-09,3.959800949659698
2004-05-10,3.633454415463021
2004-05-11,3.466552021208505
2004-05-12,3.323501157268939
2004-05-13,3.200236424982472
2004-05-14,3.0934045347527097
2004-05-15,3.0002372795551313
2004-05-16,2.918447585472258
2004-05-17,2.846144366962639
2004-05-18,2.7817627210685103
2004-05-19,2.7240066459300345
2004-05-20,2.6758164327132317
2004-05-21,2.6490830205572116
2004-05-22,2.6180633878047073
2004-05-23,2.573795720645529
2004-05-24,2.532002814882921
2004-05-25,2.4932771730249637
2004-05-26,2.457147649929731
2004-05-27,2.4232220950119254
2004-05-28,2.391173842198708
2004-05-29,2.3607305480341596
2004-05-30,2.8960241883398496
2004-05-31,3.0482198842037342
2004-06-01,2.5484794235610004
2004-06-02,2.4479313054014695
2004-06-03,2.515839135710718
2004-06-04,2.479239814874808
2004-06-05,2.4394490689477517
2004-06-06,2.3654243385426725
2004-06-07,2.3186937611060223
2004-06-08,2.2762501110749795
2004-06-09,2.237411831968762
2004-06-10,2.2220575183981763
2004-06-11,2.2410206809725155
2004-06-12,2.2224548910794204
2004-06-13,2.2290724228457406
2004-06-14,2.1475270023726494
2004-06-15,2.1131653874752803
2004-06-16,2.081265388257955
2004-06-17,2.0514519049530304
2004-06-18,2.0265278521865238
2004-06-19,2.0123910643442744
2004-06-20,2.0076035470398224
2004-06-21,2.0573193927978193
2004-06-22,1.9862050839937535
2004-06-23,1.9638119854086291
2004-06-24,1.9475785072636598
2004-06-25,1.9213386514882862
2004-06-26,1.893950868983661
2004-06-27,1.8681849835640243
2004-06-28,1.843795989566036
2004-06-29,1.8205726299494194
2004-06-30,1.7983641913201982
2004-07-01,1.7787138223795924
2004-07-02,1.7655503962577856
2004-07-03,1.7524055443243354
2004-07-04,1.7357416152920055
2004-07-05,1.7589985264843238
2004-07-06,1.7576898430721297
2004-07-07,3.9618601717759536
2004-07-08,3.515329937645277
2004-07-09,4.676526925037003
2004-07-10,3.1199956621773013
2004-07-11,2.1603815441215746
2004-07-12,2.0423628567186767
2004-07-13,1.9736631801229374
2004-07-14,1.9123040835676781
2004-07-15,1.8593582358807286
2004-07-16,1.8098105016605415
2004-07-17,1.8199400340820422
2004-07-18,2.046236392436781
2004-07-19,1.8484879331150716
2004-07-20,2.129671684120822
2004-07-21,2.531476355603853
2004-07-22,2.834153924088454
2004-07-23,3.2617077034692383
2004-07-24,2.3127436007241093
2004-07-25,1.985588326165268
2004-07-26,1.9142861105210403
2004-07-27,1.8493543090382785
2004-07-28,1.7911446829788193
2004-07-29,1.7401208002891952
2004-07-30,1.6950985445325226
2004-07-31,1.655095840277049
2004-08-01,1.6192975874529567
2004-08-02,1.587026782979997
2004-08-03,1.557720719188188
2004-08-04,1.5309113513915316
2004-08-05,1.506209092086877
2004-08-06,1.4888770228407837
2004-08-07,1.6342230932425987
2004-08-08,1.613630247494119
2004-08-09,1.4867781791812167
2004-08-10,2.2019359752015757
2004-08-11,1.8031760255054807
2004-08-12,1.5140980973726854
2004-08-13,3.9496785065786066
2004-08-14,3.1418545839087404
2004-08-15,2.1250955923328765
2004-08-16,1.7472305786121327
2004-08-17,1.6800491634626844
2004-08-18,3.3705178334058155
2004-08-19,3.199771742253837
2004-08-20,2.2463018547569535
2004-08-21,1.9261278316380366
2004-08-22,1.8099626305491447
2004-08-23,1.7326262498476612
2004-08-24,1.6763811351394968
2004-08-25,1.9122727523990868
2004-08-26,2.758767485213396
2004-08-27,4.038079182347298
2004-08-28,2.87661965456093
2004-08-29,2.1089831531980665
2004-08-30,2.2623096403647023
2004-08-31,2.2881766129699
2004-09-01,1.9618269458484712
2004-09-02,1.864738841833268
2004-09-03,1.7817137833227452
2004-09-04,1.7103644598262495
2004-09-05,1.6487195044087324
2004-09-06,1.5951497042597762
2004-09-07,1.5483075418866605
2004-09-08,1.5070776130186374
2004-09-09,1.4705359278586556
2004-09-10,1.4463520627650757
2004-09-11,2.0199307393359027
2004-09-12,2.061808059431153
2004-09-13,1.8515246234043723
2004-09-14,1.8786081394152851
2004-09-15,1.6168913683091428
2004-09-16,1.6676802264004065
2004-09-17,1.5333788018864756
2004-09-18,1.494801322984016
2004-09-19,1.463231502900219
2004-09-20,1.42526082289406
2004-09-21,1.3930689426344403
2004-09-22,2.2251038320567624
2004-09-23,4.989856859016334
2004-09-24,3.8637696504732886
2004-09-25,2.6294150320909067
2004-09-26,2.136891424989671
2004-09-27,2.002577726894456
2004-09-28,1.8906126460210924
2004-09-29,1.804445377086522
2004-09-30,1.7264192801354694
2004-10-01,1.654441614108712
2004-10-02,1.5920957098317763
2004-10-03,1.537105293840823
2004-10-04,1.4891731177797984
2004-10-05,1.495786095359103
2004-10-06,1.6434027253639751
2004-10-07,1.4929192918495628
2004-10-08,1.4481155218498982
2004-10-09,1.4087242671175408
2004-10-10,1.3738556241557323
2004-10-11,1.3427714805757682
2004-10-12,1.3148591684519326
2004-10-13,1.2896097684663674
2004-10-14,1.2675414504608884
2004-10-15,1.2698381977687947
2004-10-16,1.280322789420637
2004-10-17,1.4684780480424668
2004-10-18,1.4936456052583402
2004-10-19,1.3601411276007311
2004-10-20,4.417991153454973
2004-10-21,3.838475110788458
2004-10-22,2.435564421501573
2004-10-23,2.0992498255800247
2004-10-24,1.9587163591274048
2004-10-25,1.8399808607709962
2004-10-26,1.7392892040588779
2004-10-27,1.7103277715867486
2004-10-28,2.0925888798777414
2004-10-29,2.1896070307319806
2004-10-30,1.951286297225618
2004-10-31,1.7308073191826265
2004-11-01,1.733161826730185
2004-11-02,2.3730685004908403
2004-11-03,2.2283702973155237
2004-11-04,1.820593380394019
2004-11-05,1.6904000058679287
2004-11-06,2.3627787549756465
2004-11-07,2.1619113292985115
2004-11-08,1.7460997151223563
2004-11-09,1.6645730044544387
2004-11-10,2.42866558867925
2004-11-11,2.199764799031901
2004-11-12,1.9842921584741227
2004-11-13,2.0170083588383605
2004-11-14,1.787368269054581
2004-11-15,1.67172680140235
2004-11-16,1.6005318161894528
2004-11-17,1.8689864974487973
2004-11-18,10.241176152949956
2004-11-19,10.780764149965627
2004-11-20,8.068633046846674
2004-11-21,6.893593549226356
2004-11-22,6.092366948907125
2004-11-23,5.585601147196566
2004-11-24,4.973341239140355
2004-11-25,4.422365682956154
2004-11-26,5.5553377201133065
2004-11-27,5.072667249141225
2004-11-28,5.260498405863314
2004-11-29,4.8073636250219005
2004-11-30,4.162832519265479
2004-12-01,4.154416932729505
2004-12-02,3.8565310481590847
2004-12-03,3.4759244951456836
2004-12-04,3.253595682460325
2004-12-05,3.065608135962888
2004-12-06,2.9060266716389584
2004-12-07,2.7699665837427223
2004-12-08,2.6534041427347232
2004-12-09,2.553021952971449
2004-12-10,2.4660826258335233
2004-12-11,2.3903254788469117
2004-12-12,2.3238819802344004
2004-12-13,2.2652064705729416
2004-12-14,2.2130193480293063
2004-12-15,2.16626043220367
2004-12-16,2.214574708373417
2004-12-17,8.350586286102878
2004-12-18,7.644666381868394
2004-12-19,5.759260397737812
2004-12-20,5.138445140800029
2004-12-21,4.679356213512404
2004-12-22,5.273773556918035
2004-12-23,5.1146400625808015
2004-12-24,6.761745849514363
2004-12-25,8.467071882373086
2004-12-26,7.246632498796518
2004-12-27,6.114628638399906
2004-12-28,7.928364160262368
2004-12-29,7.562066422072778
2004-12-30,6.416274912512435
2004-12-31,6.222866068732356
2005-01-01,6.083530695479002
2005-01-02,5.504853165463963
2005-01-03,5.0344598997937196
2005-01-04,4.688163885050598
2005-01-05,4.4638568808700985
2005-01-06,4.502898694794264
2005-01-07,4.234066157648084
2005-01-08,3.9901587384469237
2005-01-09,3.8053134220378104
2005-01-10,3.9087988131875497
2005-01-11,4.2990037003232
2005-01-12,4.271448610512972
2005-01-13,3.9900644568215484
2005-01-14,3.7570689314754655
2005-01-15,3.6033443888969043
2005-01-16,3.470885788326344
2005-01-17,4.174847658779864
2005-01-18,7.426534374076533
2005-01-19,6.7865018074906365
2005-01-20,8.374986142287495
2005-01-21,8.259725260850775
2005-01-22,7.260303485594611
2005-01-23,7.529853689969713
2005-01-24,7.383155781711513
2005-01-25,6.513016139949246
2005-01-26,5.978977671836495
2005-01-27,5.548616208122515
2005-01-28,5.230813020475912
2005-01-29,4.958344071578114
2005-01-30,4.716302324515223
2005-01-31,5.535774908114683
2005-02-01,5.59283516827902
2005-02-02,5.844724577231978
2005-02-03,5.477128262887423
2005-02-04,5.00720496359513
2005-02-05,4.736742645774524
2005-02-06,4.506805561887254
2005-02-07,4.3103904517744445
2005-02-08,4.141735943843206
2005-02-09,3.9960980710748344
2005-02-10,7.951022798024233
2005-02-11,10.26821301761135
2005-02-12,11.676882222026002
2005-02-13,12.762002507370935
2005-02-14,12.878894105514881
2005-02-15,11.391538233044406
2005-02-16,9.976184610226758
2005-02-17,9.026967839021
2005-02-18,8.723846831544144
2005-02-19,9.306989782622049
2005-02-20,9.533365688388596
2005-02-21,8.760167131978934
2005-02-22,7.914612884544376
2005-02-23,7.338859410137144
2005-02-24,6.861818423491912
2005-02-25,6.480106634994244
2005-02-26,6.137981427637932
2005-02-27,5.853589924566581
2005-02-28,5.595312795881508
2005-03-01,5.373820920102367
2005-03-02,5.265993066829538
2005-03-03,5.28437524327289
2005-03-04,5.155587300421706
2005-03-05,5.0581807040894295
2005-03-06,5.045150054810236
2005-03-07,5.446469217490869
2005-03-08,5.3836179449157235
2005-03-09,5.262028491603472
2005-03-10,5.069031747822687
2005-03-11,5.356100655257176
2005-03-12,5.931611631742226
2005-03-13,5.458688317095606
2005-03-14,5.228560511500968
2005-03-15,5.030363173126818
2005-03-16,4.858977017311739
2005-03-17,4.709844240000023
2005-03-18,4.579206520195444
2005-03-19,4.463962133839462
2005-03-20,4.361549085859711
2005-03-21,4.26984943014125
2005-03-22,4.21907625435869
2005-03-23,4.1802158620698044
2005-03-24,4.258844577947786
2005-03-25,4.433503259827147
2005-03-26,4.343091553430192
2005-03-27,4.288240840426646
2005-03-28,4.340477455299276
2005-03-29,4.648945449884132
2005-03-30,5.266442460144744
2005-03-31,4.968172173845516
2005-04-01,4.69898877376725
2005-04-02,4.5229936082398945
2005-04-03,4.370666172991181
2005-04-04,4.369856458662757
2005-04-05,4.457071167606699
2005-04-06,4.375011750708323
2005-04-07,4.39595240221641
2005-04-08,4.4111442912211976
2005-04-09,4.233163576626758
2005-04-10,4.127383860216977
2005-04-11,4.019992850077672
2005-04-12,3.918268422864692
2005-04-13,3.841557683399497
2005-04-14,3.777928322703664
2005-04-15,3.7014632717013356
2005-04-16,3.742382401237936
2005-04-17,3.8619211461194634
2005-04-18,3.7689145952389285
2005-04-19,3.726754861980693
2005-04-20,3.7800320043230378
2005-04-21,3.6864999206028144
2005-04-22,3.6006542851915966
2005-04-23,3.523853874820839
2005-04-24,3.454623422375207
2005-04-25,3.5937902688840766
2005-04-26,4.099675438348778
2005-04-27,3.7580921416217543
2005-04-28,3.8316323078862844
2005-04-29,5.332255570353189
2005-04-30,5.127007981978108
2005-05-01,4.395200557523377
2005-05-02,4.190663301688987
2005-05-03,4.427875262026375
2005-05-04,5.064401633429889
2005-05-05,4.784013483428838
2005-05-06,4.8926781411615385
2005-05-07,6.7332948212650825
2005-05-08,6.1259787552045175
2005-05-09,5.298557162667864
2005-05-10,4.934343474602348
2005-05-11,4.665595874794631
2005-05-12,4.424581836604967
2005-05-13,4.219233699188969
2005-05-14,4.043444869306339
2005-05-15,3.892148771648353
2005-05-16,3.761171543712132
2005-05-17,3.6470717739091367
2005-05-18,3.547009557205266
2005-05-19,3.4594261633090775
2005-05-20,3.4935823579303524
2005-05-21,3.7339907505047685
2005-05-22,3.5742830708353885
2005-05-23,3.461780457625794
2005-05-24,3.3728052852842603
2005-05-25,3.2938557849861563
2005-05-26,3.2232757910137604
2005-05-27,3.159695010220929
2005-05-28,3.1019787484650068
2005-05-29,3.0491866363875118
2005-05-30,3.058658548601045
2005-05-31,3.1423996175879636
2005-06-01,3.0680526607781236
2005-06-02,3.008173338134681
2005-06-03,2.9548075739133597
2005-06-04,2.9206072208059575
2005-06-05,2.897088696363537
2005-06-06,2.8562266944409487
2005-06-07,2.811263651664474
2005-06-08,2.769209196862454
2005-06-09,2.7298721515619335
2005-06-10,2.6928449053331627
2005-06-11,2.657787806649415
2005-06-12,2.6244175962356806
2005-06-13,2.5924978402604912
2005-06-14,2.5618310120529393
2005-06-15,2.5322519337645675
2005-06-16,2.503622340739374
2005-06-17,2.4758263734099866
2005-06-18,2.4487668360137524
2005-06-19,2.422362089708228
2005-06-20,2.396543470891521
2005-06-21,2.3712531446194487
2005-06-22,2.346442318708455
2005-06-23,2.322069757032526
2005-06-24,2.298100541163431
2005-06-25,2.2745050382748175
2005-06-26,2.2512580404656157
2005-06-27,2.228338046630428
2005-06-28,2.2359123237130896
2005-06-29,4.463417546767495
2005-06-30,4.0964643967566445
2005-07-01,4.104586172255481
2005-07-02,2.908740672582263
2005-07-03,2.345016985724461
2005-07-04,3.6811453989077267
2005-07-05,3.603404963383358
2005-07-06,3.815071653270906
2005-07-07,3.285050121177555
2005-07-08,2.8521137777669647
2005-07-09,2.557674266324264
2005-07-10,2.436487276014359
2005-07-11,2.3636439138589007
2005-07-12,2.299622614916529
2005-07-13,2.2429662619790993
2005-07-14,2.1924674178251147
2005-07-15,2.1471247938411966
2005-07-16,2.106107436256533
2005-07-17,2.0687252379995074
2005-07-18,2.0344046397453783
2005-07-19,2.002668591500318
2005-07-20,1.9731200151638186
2005-07-21,1.945428146263777
2005-07-22,1.9193172453840042
2005-07-23,1.8945572614816324
2005-07-24,1.8733547896195297
2005-07-25,2.231035463232305
2005-07-26,2.4328962808507293
2005-07-27,2.291080417135103
2005-07-28,2.191199961687337
2005-07-29,2.247230577883817
2005-07-30,2.3809246906062436
2005-07-31,2.2162630897821747
2005-08-01,2.086187801938442
2005-08-02,1.9039000994108555
2005-08-03,1.8719838507845434
2005-08-04,1.849785410416889
2005-08-05,1.813549397744322
2005-08-06,1.7824413004827535
2005-08-07,1.7732039892525695
2005-08-08,1.8415952344474054
2005-08-09,1.744518363382302
2005-08-10,1.7127029855501423
2005-08-11,1.690443182940231
2005-08-12,1.6789042144862192
2005-08-13,1.6896049360095684
2005-08-14,3.3798837696910096
2005-08-15,2.4819414089912715
2005-08-16,1.7463563013003214
2005-08-17,1.7036929523888886
2005-08-18,1.6656239975509612
2005-08-19,1.6414089993442558
2005-08-20,1.62375877164577
2005-08-21,1.592008376784947
2005-08-22,1.5635211557201174
2005-08-23,1.5373939672564931
2005-08-24,1.5169768060035838
2005-08-25,2.244579477682544
2005-08-26,2.148928544663526
2005-08-27,1.5720133728744052
2005-08-28,1.5376303467929544
2005-08-29,1.5066649314341423
2005-08-30,1.4785713732084325
2005-08-31,1.4528957339903743
2005-09-01,1.4292601757151477
2005-09-02,1.4073499772032252
2005-09-03,1.3869028005356245
2005-09-04,1.3676998109888447
2005-09-05,1.3495583253908772
2005-09-06,1.3323257217206363
2005-09-07,1.315874390228952
2005-09-08,1.300097545246551
2005-09-09,1.2921779976498473
2005-09-10,10.182503850820332
2005-09-11,4.935706264683
2005-09-12,1.9345246352371464
2005-09-13,1.828935463710273
2005-09-14,1.7389095306656805
2005-09-15,2.3475395408499753
2005-09-16,3.2421712472548463
2005-09-17,2.193794242828552
2005-09-18,1.812937039190593
2005-09-19,1.726424827861903
2005-09-20,1.6522392107008343
2005-09-21,1.5883082963010262
2005-09-22,1.5329174625328505
2005-09-23,1.48464669459399
2005-09-24,1.4423191028057911
2005-09-25,1.4049585899425272
2005-09-26,1.3717550133819125
2005-09-27,1.3481077287246885
2005-09-28,1.3582110695437806
2005-09-29,1.8817824450484195
2005-09-30,1.923460474240185
2005-10-01,1.9524474229250526
2005-10-02,1.6089774018126706
2005-10-03,1.4100662836572015
2005-10-04,1.3692134044110527
2005-10-05,1.3331902134375502
2005-10-06,1.3012087921663673
2005-10-07,1.2726146640306952
2005-10-08,1.2468638124310882
2005-10-09,1.223503720959859
2005-10-10,1.2021577201449394
2005-10-11,1.1825120545375818
2005-10-12,1.1643051896604377
2005-10-13,1.1473189646312059
2005-10-14,1.131371266805666
2005-10-15,1.1163099624759687
2005-10-16,1.1020078648934397
2005-10-17,1.0883585595890561
2005-10-18,1.0752729387062199
2005-10-19,1.067905959146548
2005-10-20,1.0721636450694676
2005-10-21,1.519802046929584
2005-10-22,3.1004057660905517
2005-10-23,2.1270389884942844
2005-10-24,3.512361856735868
2005-10-25,3.624201620932143
2005-10-26,2.199202554911575
2005-10-27,1.675448135422478
2005-10-28,1.5771651941761704
2005-10-29,1.4935737236488558
2005-10-30,1.4221871229375056
2005-10-31,1.3609494964247295
2005-11-01,1.3234491607041265
2005-11-02,1.5935627225275395
2005-11-03,1.8307659842782587
2005-11-04,1.4361824466954927
2005-11-05,1.332045140266583
2005-11-06,1.2918427676733482
2005-11-07,1.6802149503845207
2005-11-08,1.5469540794537526
2005-11-09,1.3054199016085208
2005-11-10,1.262981117213157
2005-11-11,1.2363213394471224
2005-11-12,1.2003633681899781
2005-11-13,1.1680850951422375
2005-11-14,1.1374924433453357
2005-11-15,1.4251942580108752
2005-11-16,2.0522929055624624
2005-11-17,2.9714030691770312
2005-11-18,1.982307717200543
2005-11-19,1.5243633550030689
2005-11-20,1.4432855788130885
2005-11-21,1.3740509612875975
2005-11-22,1.3146649824594596
2005-11-23,1.2634772616832424
2005-11-24,3.107119138012594
2005-11-25,5.366769205841972
2005-11-26,4.623223180483012
2005-11-27,3.562811589822194
2005-11-28,2.9667850609643946
2005-11-29,2.6437645042980726
2005-11-30,2.4184281010607105
2005-12-01,2.228599488408029
2005-12-02,2.06889113248345
2005-12-03,1.9530272923778875
2005-12-04,2.8258546424916475
2005-12-05,2.495748700232735
2005-12-06,2.0905943869034593
2005-12-07,2.0720218107590607
2005-12-08,1.8930932195573746
2005-12-09,1.7723701918634733
2005-12-10,1.687267220443128
2005-12-11,1.6143161867870661
2005-12-12,1.5514723054566142
2005-12-13,1.497043870184629
2005-12-14,1.4506064743639044
2005-12-15,1.630138790340901
2005-12-16,3.3873549388362107
2005-12-17,3.585775991798229
2005-12-18,3.0878266711645925
2005-12-19,2.9826458982840496
2005-12-20,2.5956483784112616
2005-12-21,2.3818687383636976
2005-12-22,2.6913172428857894
2005-12-23,2.431313466395015
2005-12-24,2.1632951509132905
2005-12-25,2.087899366117336
2005-12-26,2.308470094632265
2005-12-27,2.083119394599034
2005-12-28,1.905434876381256
2005-12-29,1.8159404233542054
2005-12-30,1.739168824344248
2005-12-31,5.799656395723165
2006-01-01,3.499349865126737
2006-01-02,2.9794529547980333
2006-01-03,2.7403492035963244
2006-01-04,2.5394737975348463
2006-01-05,2.3702052225821233
2006-01-06,2.227093955244259
2006-01-07,2.1056510757408753
2006-01-08,2.0021757580316892
2006-01-09,1.9136143398750238
2006-01-10,1.8374450750412816
2006-01-11,2.113376424130703
2006-01-12,2.2972620964337365
2006-01-13,2.0022578559684314
2006-01-14,1.9126025723419806
2006-01-15,1.835537249782537
2006-01-16,1.7701945774216472
2006-01-17,3.0162421257752636
2006-01-18,2.7884786405721016
2006-01-19,2.2954505986887175
2006-01-20,2.730823548365084
2006-01-21,2.873994587117052
2006-01-22,2.48350801555173
2006-01-23,2.2510906874875745
2006-01-24,2.1296883134398192
2006-01-25,2.0262195870638062
2006-01-26,1.9414871726166398
2006-01-27,1.8762054035639535
2006-01-28,1.8082564705554196
2006-01-29,1.7491727516941318
2006-01-30,1.7004576187259717
2006-01-31,1.6594285684668533
2006-02-01,1.618130136460823
2006-02-02,1.5813311041794904
2006-02-03,1.5483030285328703
2006-02-04,1.518440117654136
2006-02-05,1.5180936445708288
2006-02-06,1.5563195000071628
2006-02-07,1.6988831620625355
2006-02-08,3.9582999265465624
2006-02-09,4.0137185124119155
2006-02-10,3.1203615160015
2006-02-11,2.7447414607022314
2006-02-12,3.3683449918802366
2006-02-13,3.1910824262246233
2006-02-14,2.912528756350394
2006-02-15,5.340305862146875
2006-02-16,6.764189621333725
2006-02-17,8.475347201831424
2006-02-18,7.725634732620214
2006-02-19,7.152051608488044
2006-02-20,9.298523522883578
2006-02-21,8.832737552690547
2006-02-22,7.31101301599201
2006-02-23,6.437086220741967
2006-02-24,5.785302319540278
2006-02-25,5.242628911111161
2006-02-26,4.789729417159646
2006-02-27,4.484508562743771
2006-02-28,6.018006897918284
2006-03-01,6.22431954047707
2006-03-02,5.474876129272623
2006-03-03,4.967430473980613
2006-03-04,4.586821794351247
2006-03-05,4.3184679952524565
2006-03-06,4.250046641523647
2006-03-07,4.248503175299388
2006-03-08,6.507099616953945
2006-03-09,6.926338676357829
2006-03-10,7.600160533005721
2006-03-11,7.255816738088942
2006-03-12,6.291532585714751
2006-03-13,5.719588882946941
2006-03-14,5.2744061484926466
2006-03-15,4.9008806475000135
2006-03-16,4.586450569060957
2006-03-17,4.320806609151834
2006-03-18,4.095480059688762
2006-03-19,3.903507765263344
2006-03-20,3.7391592963817835
2006-03-21,3.5977145430069934
2006-03-22,3.4752822178327105
2006-03-23,3.368651591326427
2006-03-24,3.3000594955141054
2006-03-25,3.4709212535154053
2006-03-26,3.889104527726607
2006-03-27,4.247443161190756
2006-03-28,4.3174305820622765
2006-03-29,4.265426532929875
2006-03-30,6.816302846347502
2006-03-31,6.8015797730118654
2006-04-01,6.014750974546257
2006-04-02,5.8709497100056245
2006-04-03,5.495969462501708
2006-04-04,5.264426134377996
2006-04-05,4.869686584499446
2006-04-06,4.576872679972926
2006-04-07,4.328959302345642
2006-04-08,4.1802924996152315
2006-04-09,4.10301432581048
2006-04-10,3.932755683214913
2006-04-11,3.795002026372991
2006-04-12,3.7110987862839795
2006-04-13,3.673616392729848
2006-04-14,3.6789524709777157
2006-04-15,3.6333901100202097
2006-04-16,3.653656895773114
2006-04-17,3.590480607282041
2006-04-18,3.478329139167686
2006-04-19,3.376295207289522
2006-04-20,3.28656872677853
2006-04-21,3.207112639781931
2006-04-22,3.1362338836349046
2006-04-23,3.0725304657432004
2006-04-24,3.0148405064228663
2006-04-25,2.9706762940460205
2006-04-26,2.9457269461245232
2006-04-27,2.907409115982348
2006-04-28,2.8607344112432607
2006-04-29,2.8242032699033626
2006-04-30,2.8525121086378973
2006-05-01,2.920429136295773
2006-05-02,2.883432487309886
2006-05-03,2.826259477606514
2006-05-04,2.773871746474699
2006-05-05,2.912217663933822
2006-05-06,3.166766322440592
2006-05-07,2.9312701295253105
2006-05-08,2.8547709699442674
2006-05-09,2.792298619377702
2006-05-10,2.7362489395587968
2006-05-11,2.680425188036651
2006-05-12,2.629769145255849
2006-05-13,2.589588454973726
2006-05-14,2.5547738282868755
2006-05-15,2.5144401069182862
2006-05-16,2.4907216023760923
2006-05-17,2.5044943298389053
2006-05-18,2.626658639514837
2006-05-19,2.950288036651878
2006-05-20,5.043486602304539
2006-05-21,4.812684614499681
2006-05-22,3.800128374811434
2006-05-23,3.223486696722016
2006-05-24,3.918076020440484
2006-05-25,5.030813491456848
2006-05-26,6.79724596373518
2006-05-27,6.968366534766904
2006-05-28,5.561165230000577
2006-05-29,4.853147647926444
2006-05-30,4.9441493713772395
2006-05-31,4.423328904119493
2006-06-01,4.117100472234194
2006-06-02,3.8651520158577615
2006-06-03,3.648835211467881
2006-06-04,3.4649403693421745
2006-06-05,3.3079355394882106
2006-06-06,3.1732280547248863
2006-06-07,3.0570302104324885
2006-06-08,2.9562155845856566
2006-06-09,2.8682014808863645
2006-06-10,2.790852653708757
2006-06-11,2.7224023887830278
2006-06-12,2.6613877521390763
2006-06-13,2.6065964166264375
2006-06-14,4.308173472490981
2006-06-15,4.082498612858694
2006-06-16,2.9813169889950912
2006-06-17,2.8742070261206085
2006-06-18,2.78133256951995
2006-06-19,2.7057659104271927
2006-06-20,2.6399309637428643
2006-06-21,2.5754701451577704
2006-06-22,2.517531458238158
2006-06-23,2.4655250530551327
2006-06-24,2.418490813347354
2006-06-25,2.4510198536556156
2006-06-26,2.481600940833232
2006-06-27,2.3590530905664364
2006-06-28,2.317598264693671
2006-06-29,2.2795063233556156
2006-06-30,2.2442527749912147
2006-07-01,2.2114012787339754
2006-07-02,2.1805885442349884
2006-07-03,2.1515118601894074
2006-07-04,2.12391878634691
2006-07-05,2.104182346248043
2006-07-06,2.107328620250892
2006-07-07,2.192559654673875
2006-07-08,2.0702891664626493
2006-07-09,2.0403205269581144
2006-07-10,2.0136884392305388
2006-07-11,1.9883452596984441
2006-07-12,1.9641102885442976
2006-07-13,1.940832528459313
2006-07-14,1.918385683782443
2006-07-15,1.8966640147374416
2006-07-16,1.875578898277464
2006-07-17,1.8550559732460024
2006-07-18,1.8350327690635104
2006-07-19,1.8154567348078878
2006-07-20,1.7962836000718958
2006-07-21,1.7774760109206378
2006-07-22,1.7624586212857656
2006-07-23,1.7486239693632653
2006-07-24,1.7284464856700492
2006-07-25,1.710190612946733
2006-07-26,1.6922831387418196
2006-07-27,1.6746970498968887
2006-07-28,1.6709158672503064
2006-07-29,1.7201152616801003
2006-07-30,1.8830648578011642
2006-07-31,1.86004593005768
2006-08-01,1.749077686445496
2006-08-02,2.9979622269934434
2006-08-03,2.8253937236734123
2006-08-04,3.127751562507362
2006-08-05,2.2759709969641464
2006-08-06,1.5924323658064097
2006-08-07,1.567123642166971
2006-08-08,1.5443603484505444
2006-08-09,1.5230983867418493
2006-08-10,1.5051820240777392
2006-08-11,1.741190090856492
2006-08-12,1.757697558080723
2006-08-13,1.478702506288986
2006-08-14,4.933074566005869
2006-08-15,3.42640487045211
2006-08-16,1.7826981579551513
2006-08-17,1.619607515416649
2006-08-18,1.5760784370565153
2006-08-19,1.6025653740011203
2006-08-20,3.1494272542460404
2006-08-21,4.296914778907632
2006-08-22,2.4592494488470753
2006-08-23,1.770853284296149
2006-08-24,1.720710931343583
2006-08-25,2.613090754013302
2006-08-26,2.19045628788491
2006-08-27,2.6615114682774297
2006-08-28,4.1605341840974
2006-08-29,4.3907223628614505
2006-08-30,2.9413137035347607
2006-08-31,2.266350725197713
2006-09-01,2.1271736021842726
2006-09-02,2.0092278488087145
2006-09-03,1.9156493769474678
2006-09-04,1.8374618262455682
2006-09-05,1.7626831216701522
2006-09-06,1.6972942503263317
2006-09-07,1.6405657880536995
2006-09-08,1.5910495663663144
2006-09-09,1.5475472506159695
2006-09-10,1.5090664582133042
2006-09-11,1.474784723037313
2006-09-12,1.444019876993283
2006-09-13,1.4162056849706877
2006-09-14,1.3908717845127123
2006-09-15,1.3676271560446998
2006-09-16,1.3461464913110843
2006-09-17,1.32615894300128
2006-09-18,1.3105181117659863
2006-09-19,1.3014461891503044
2006-09-20,1.2847083121686382
2006-09-21,1.2673470322277605
2006-09-22,1.250894916146441
2006-09-23,1.2352228971353352
2006-09-24,1.2202230168352162
2006-09-25,1.2060233651470156
2006-09-26,1.2067487003954318
2006-09-27,1.2082885661849392
2006-09-28,1.1900865216819143
2006-09-29,1.1743280861511014
2006-09-30,1.159359012774744
2006-10-01,1.1836786097262533
2006-10-02,1.2882065956102062
2006-10-03,1.1641416191299312
2006-10-04,1.3883252639006682
2006-10-05,1.8855238621392083
2006-10-06,3.29808380594388
2006-10-07,2.0022304527460375
2006-10-08,1.3087806911474316
2006-10-09,1.2690165819589627
2006-10-10,1.541368488155272
2006-10-11,1.47019948070081
2006-10-12,1.2559060012366512
2006-10-13,1.2184898861419053
2006-10-14,1.185571220993732
2006-10-15,1.1564121504334015
2006-10-16,1.1304004383019703
2006-10-17,1.107027704056723
2006-10-18,1.088773705977243
2006-10-19,1.075380397085503
2006-10-20,1.0582621168339899
2006-10-21,1.04077779311143
2006-10-22,1.0483108790872375
2006-10-23,1.9642805127788396
2006-10-24,2.497251917210674
2006-10-25,1.532745740538178
2006-10-26,1.2271248467315221
2006-10-27,1.1824162977404113
2006-10-28,1.143555053776917
2006-10-29,1.1095718656442006
2006-10-30,1.079655190483097
2006-10-31,1.0566895077552212
2006-11-01,1.0540582295611973
2006-11-02,1.054560818404399
2006-11-03,1.0427774286393459
2006-11-04,1.0126573527779994
2006-11-05,0.9914128892638324
2006-11-06,0.9722078944845576
2006-11-07,0.9547185353475398
2006-11-08,0.9403470706556122
2006-11-09,0.9415830158481794
2006-11-10,1.0337404160441528
2006-11-11,2.4576346983692408
2006-11-12,1.86221363393542
2006-11-13,1.72762444223705
2006-11-14,2.1942598965063542
2006-11-15,1.5477505437059091
2006-11-16,1.4751266218818977
2006-11-17,2.143682210199981
2006-11-18,1.9458819813619426
2006-11-19,2.81591298201498
2006-11-20,3.603708245962642
2006-11-21,3.052123049854506
2006-11-22,3.693758461260997
2006-11-23,4.610148845059261
2006-11-24,3.423456302291795
2006-11-25,2.5903094025515547
2006-11-26,2.311507751827362
2006-11-27,2.1197196251142283
2006-11-28,1.990433823753458
2006-11-29,1.969296404266754
2006-11-30,1.7966640604049555
2006-12-01,1.6873815043737734
2006-12-02,1.5946162638521175
2006-12-03,1.9483738824906185
2006-12-04,3.8030321619209446
2006-12-05,3.6943674241539206
2006-12-06,2.733142109984129
2006-12-07,4.75299455223188
2006-12-08,6.473889365097218
2006-12-09,4.843375044472765
2006-12-10,3.7823772341907262
2006-12-11,5.964678332182747
2006-12-12,5.901705662452461
2006-12-13,4.663191839308136
2006-12-14,4.019746832421746
2006-12-15,3.639165060143132
2006-12-16,4.374994948637718
2006-12-17,4.325985895339135
2006-12-18,3.669438312738943
2006-12-19,3.2953659968703732
2006-12-20,3.0461592372676027
2006-12-21,2.83656965928949
2006-12-22,2.65971897241505
2006-12-23,2.509950103695015
2006-12-24,2.382606189794854
2006-12-25,2.273850360746992
2006-12-26,2.180518630626207
2006-12-27,2.107318553661431
2006-12-28,2.25381615252241
2006-12-29,2.2667406215729775
2006-12-30,3.747691343421012
2006-12-31,3.7255555298529175
2007-01-01,5.112278707882903
2007-01-02,5.709348660558143
2007-01-03,4.696679469736224
2007-01-04,4.303178699013931
2007-01-05,4.564469612293935
2007-01-06,6.8796130255834065
2007-01-07,6.122260167158983
2007-01-08,5.744611623080839
2007-01-09,5.19888947503335
2007-01-10,6.829911875950267
2007-01-11,8.782506362112938
2007-01-12,7.670511879404611
2007-01-13,6.843626493991905
2007-01-14,6.1674116604068105
2007-01-15,5.51387491633137
2007-01-16,5.296823605199429
2007-01-17,7.253197125936318
2007-01-18,11.010412568499037
2007-01-19,12.10978734936977
2007-01-20,10.516849877791282
2007-01-21,9.776157846449879
2007-01-22,8.799755908905418
2007-01-23,7.803600524082565
2007-01-24,7.075839002791334
2007-01-25,6.4700196482101395
2007-01-26,5.96361618431284
2007-01-27,6.281518740208015
2007-01-28,6.259498463048335
2007-01-29,5.826430791899753
2007-01-30,5.343767943168214
2007-01-31,5.025942185864195
2007-02-01,4.760603902990668
2007-02-02,4.544164387823575
2007-02-03,4.348215212912044
2007-02-04,4.177878891015121
2007-02-05,4.030786086952326
2007-02-06,4.274541069276584
2007-02-07,4.53512151396669
2007-02-08,5.438004714035178
2007-02-09,5.438339097909098
2007-02-10,5.12219628264195
2007-02-11,6.743611250246474
2007-02-12,8.23768039482775
2007-02-13,7.609241878722673
2007-02-14,9.400485148292777
2007-02-15,8.838815790233804
2007-02-16,7.576167029404689
2007-02-17,6.951801841323863
2007-02-18,6.429422424804025
2007-02-19,5.990997359686127
2007-02-20,5.621756472906192
2007-02-21,5.483687157597978
2007-02-22,5.5112820444470545
2007-02-23,5.282412062080009
2007-02-24,5.919873465493585
2007-02-25,8.462209328804787
2007-02-26,8.158936849705372
2007-02-27,9.348672427726788
2007-02-28,9.83595575675288
2007-03-01,9.995677518853169
2007-03-02,9.94521612512281
2007-03-03,10.772994587163895
2007-03-04,10.251708803627073
2007-03-05,10.08235346007856
2007-03-06,11.940328159800524
2007-03-07,11.587938241045421
2007-03-08,10.307203628378849
2007-03-09,10.488399547759874
2007-03-10,10.317293754645037
2007-03-11,9.143947759547531
2007-03-12,8.442448844772606
2007-03-13,7.854627546831192
2007-03-14,7.360360240865145
2007-03-15,6.943169707074976
2007-03-16,6.589550902357132
2007-03-17,6.289080766409065
2007-03-18,6.442111975930124
2007-03-19,7.269827912590486
2007-03-20,7.099375466962518
2007-03-21,7.142464603893971
2007-03-22,6.893151192702313
2007-03-23,6.463182612290236
2007-03-24,6.177981452765292
2007-03-25,5.933431574353247
2007-03-26,5.722545115445601
2007-03-27,5.539570267408716
2007-03-28,5.382976186259068
2007-03-29,5.247994965279582
2007-03-30,5.124821299781632
2007-03-31,5.013406476286712
2007-04-01,4.912170048063538
2007-04-02,4.820504088059853
2007-04-03,4.736863459181147
2007-04-04,4.659967811445537
2007-04-05,4.588755330614748
2007-04-06,4.522344706284973
2007-04-07,4.460003832630865
2007-04-08,4.401124028894505
2007-04-09,4.345198789210513
2007-04-10,4.291806252271955
2007-04-11,4.240594728593336
2007-04-12,4.191270743100243
2007-04-13,4.143589148619205
2007-04-14,4.097344945714414
2007-04-15,4.052366509581553
2007-04-16,4.008509978084388
2007-04-17,3.9656545987113248
2007-04-18,3.923698868025261
2007-04-19,3.882557326532592
2007-04-20,3.8421578959862726
2007-04-21,3.80243966592354
2007-04-22,3.763351052503115
2007-04-23,3.724848266086654
2007-04-24,3.686894035025114
2007-04-25,3.649456542186907
2007-04-26,3.6125085382484827
2007-04-27,3.5760266019432176
2007-04-28,3.539990522563498
2007-04-29,3.504382784224451
2007-04-30,3.469188134881767
2007-05-01,3.4343932259790075
2007-05-02,3.399986310986819
2007-05-03,3.3659569930742452
2007-05-04,3.3322960137920568
2007-05-05,3.2989950760083206
2007-05-06,3.266402915301845
2007-05-07,3.5610097238197835
2007-05-08,3.634772493735561
2007-05-09,3.579501036877726
2007-05-10,3.584850241212252
2007-05-11,3.439383051611047
2007-05-12,3.8809198188652427
2007-05-13,3.986786172475639
2007-05-14,3.649852312517769
2007-05-15,4.009820989559709
2007-05-16,5.892466542494592
2007-05-17,5.009033024384821
2007-05-18,4.662886484364861
2007-05-19,4.314200315687391
2007-05-20,4.039359530740142
2007-05-21,3.7461059080748664
2007-05-22,3.5653431078178532
2007-05-23,3.450264521091915
2007-05-24,3.3496966145309224
2007-05-25,3.2781447682839526
2007-05-26,3.236897133877891
2007-05-27,3.179926370318461
2007-05-28,3.1095826814923817
2007-05-29,3.044819838398581
2007-05-30,2.9862897226579723
2007-05-31,2.9345386499179544
2007-06-01,2.9027053118517556
2007-06-02,2.8691742838431478
2007-06-03,2.8232211063156822
2007-06-04,2.780467322264339
2007-06-05,2.7405409253440856
2007-06-06,2.7030146475562464
2007-06-07,2.6675327717267385
2007-06-08,2.6561728583796573
2007-06-09,3.8042380667847637
2007-06-10,3.689317468297395
2007-06-11,3.3904069777364647
2007-06-12,3.0871563023296518
2007-06-13,2.7667158536106142
2007-06-14,2.724018808567854
2007-06-15,2.6969513851136444
2007-06-16,2.667538081594427
2007-06-17,2.7598341942244073
2007-06-18,2.977166424844072
2007-06-19,2.8099068907896823
2007-06-20,2.639322086016288
2007-06-21,2.6069445507222975
2007-06-22,2.665990783347189
2007-06-23,2.7892360061339523
2007-06-24,2.7300504114953505
2007-06-25,3.517641474199476
2007-06-26,3.3480596529081557
2007-06-27,2.7616472047451297
2007-06-28,2.6194368588206354
2007-06-29,2.550128877920063
2007-06-30,2.4882962482934814
2007-07-01,2.454759916172537
2007-07-02,2.4629986634328103
2007-07-03,3.790197643574207
2007-07-04,6.36728338098066
2007-07-05,5.016764607278457
2007-07-06,3.651217917824321
2007-07-07,3.3145182801716317
2007-07-08,3.1360026724062
2007-07-09,2.989836190091589
2007-07-10,2.9012708429656247
2007-07-11,2.8263661752647313
2007-07-12,2.7217564068660245
2007-07-13,2.6274459284955562
2007-07-14,2.545342555416303
2007-07-15,2.4734067019515154
2007-07-16,2.420454570274366
2007-07-17,2.400092160800797
2007-07-18,2.3659628570600506
2007-07-19,2.313115387440289
2007-07-20,2.358936091843279
2007-07-21,2.633383224654947
2007-07-22,2.3482527521917786
2007-07-23,2.5358203525017315
2007-07-24,3.593288700212753
2007-07-25,2.8620767021846167
2007-07-26,2.590253498973372
2007-07-27,3.064334624333451
2007-07-28,5.420845857184266
2007-07-29,6.78229988310675
2007-07-30,4.706882806457126
2007-07-31,3.7038866168858906
2007-08-01,3.449650156110671
2007-08-02,3.4311987700516995
2007-08-03,3.5069929010735774
2007-08-04,3.0675817955896973
2007-08-05,2.9123499334476306
2007-08-06,2.7797859881786704
2007-08-07,2.6660286060779206
2007-08-08,2.6182455724015106
2007-08-09,8.265477939293993
2007-08-10,6.071446092930224
2007-08-11,4.108731636380631
2007-08-12,3.882445448521983
2007-08-13,3.737022043240009
2007-08-14,3.4965760177772256
2007-08-15,3.322398098950144
2007-08-16,3.1995208518993707
2007-08-17,3.052030705295333
2007-08-18,2.9130437031474927
2007-08-19,2.928248446522159
2007-08-20,4.011519326131021
2007-08-21,4.109952417055109
2007-08-22,4.587876486874283
2007-08-23,3.8258633057636153
2007-08-24,3.326399047568135
2007-08-25,3.1491549174789775
2007-08-26,2.9981536008300487
2007-08-27,2.8689416047914027
2007-08-28,2.757806353206698
2007-08-29,2.6616849297176874
2007-08-30,2.578048299930464
2007-08-31,2.5056896078769015
2007-09-01,2.442665506046269
2007-09-02,2.392767042552793
2007-09-03,2.3789080018692315
2007-09-04,2.374359308356728
2007-09-05,2.3389151942085804
2007-09-06,2.293153209652068
2007-09-07,2.246661123694001
2007-09-08,2.2045296492584145
2007-09-09,2.166067050004094
2007-09-10,2.152986350633259
2007-09-11,2.1576237980443778
2007-09-12,2.1223661452262927
2007-09-13,2.086678490203027
2007-09-14,2.053726928734638
2007-09-15,2.0230896701446754
2007-09-16,1.9944154534043885
2007-09-17,2.060958738922514
2007-09-18,2.8884976715658284
2007-09-19,2.382142150433055
2007-09-20,2.1287531098579366
2007-09-21,2.0766972408487994
2007-09-22,2.030268521805827
2007-09-23,1.988552982842848
2007-09-24,1.9553195597332376
2007-09-25,1.9389415255101463
2007-09-26,3.08697912460145
2007-09-27,3.829940404157915
2007-09-28,3.912963128984012
2007-09-29,3.792152920518785
2007-09-30,2.9687623045469524
2007-10-01,5.02816417030283
2007-10-02,4.174414608612229
2007-10-03,3.812133322968648
2007-10-04,3.5116453794141442
2007-10-05,3.033973782976629
2007-10-06,2.849429176892389
2007-10-07,2.693018569873018
2007-10-08,2.5599064297571124
2007-10-09,2.729956774581743
2007-10-10,3.106179587249194
2007-10-11,2.653415607658295
2007-10-12,2.5214419793899974
2007-10-13,2.413475066672934
2007-10-14,2.320550966113021
2007-10-15,2.2401277434093516
2007-10-16,2.170105349981901
2007-10-17,2.168327017475668
2007-10-18,2.2141578190953717
2007-10-19,2.148667452911691
2007-10-20,2.086713557607139
2007-10-21,2.0322092823465914
2007-10-22,1.9839225085458427
2007-10-23,1.9406313016025993
2007-10-24,1.9016493514085815
2007-10-25,1.8662926180744377
2007-10-26,1.8339844819264082
2007-10-27,1.8042456912263944
2007-10-28,1.7862267804207468
2007-10-29,5.758572193147947
2007-10-30,5.030920356594251
2007-10-31,3.2893734922569915
2007-11-01,3.033345215023067
2007-11-02,2.835938609204833
2007-11-03,2.676235973442434
2007-11-04,2.532582329109179
2007-11-05,2.41846177360982
2007-11-06,2.4493192869934064
2007-11-07,2.7953384329599142
2007-11-08,3.974732288268052
2007-11-09,6.362612485004785
2007-11-10,7.7453202958503935
2007-11-11,7.885759492046553
2007-11-12,6.295912071073363
2007-11-13,6.525548350281707
2007-11-14,5.884077823165717
2007-11-15,5.056208438921485
2007-11-16,4.605870407808715
2007-11-17,4.229539881570105
2007-11-18,3.914174122367499
2007-11-19,3.693524784635752
2007-11-20,3.9062202367647685
2007-11-21,3.9334907196940354
2007-11-22,3.5603533345799963
2007-11-23,3.327551463048993
2007-11-24,3.159242940319062
2007-11-25,3.550040429630243
2007-11-26,3.567759546553122
2007-11-27,3.2009682230166288
2007-11-28,3.0493618119191535
2007-11-29,3.3820852121421137
2007-11-30,4.772833215618724
2007-12-01,6.127680706484497
2007-12-02,7.347903637479772
2007-12-03,8.241414868873333
2007-12-04,7.3792493107728845
2007-12-05,6.894521221624003
2007-12-06,10.002924566915913
2007-12-07,10.848077375653268
2007-12-08,10.80949291278486
2007-12-09,10.218452307246602
2007-12-10,10.293754766374922
2007-12-11,9.20933563631308
2007-12-12,8.071914106612057
2007-12-13,7.316289530508867
2007-12-14,6.686603429589042
2007-12-15,6.160445653926382
2007-12-16,5.719483472916288
2007-12-17,5.348704337783004
2007-12-18,5.035802294536813
2007-12-19,4.770680185744111
2007-12-20,4.54504530982167
2007-12-21,4.352080612325033
2007-12-22,4.186176999408503
2007-12-23,4.0427151736025815
2007-12-24,3.91788764142871
2007-12-25,3.8118512792909605
2007-12-26,3.7631618528473147
2007-12-27,3.73684366157546
2007-12-28,3.646683808648308
2007-12-29,3.6421684187495393
2007-12-30,4.246664463381032
2007-12-31,4.38034142234814
2008-01-01,4.099356806329593
2008-01-02,3.8909582167687318
2008-01-03,4.157198955393672
2008-01-04,4.705398135962903
2008-01-05,6.8628316313325195
2008-01-06,6.46980088043978
2008-01-07,6.303563788870434
2008-01-08,5.911434237513809
2008-01-09,6.216083097344309
2008-01-10,5.946463766435379
2008-01-11,5.966428099480729
2008-01-12,5.808000086819784
2008-01-13,5.310923287421688
2008-01-14,4.96761197877925
2008-01-15,5.247568593031967
2008-01-16,5.281725283962623
2008-01-17,5.059146367468441
2008-01-18,5.367884756760972
2008-01-19,6.762168309501102
2008-01-20,6.383492816595516
2008-01-21,6.497668707298852
2008-01-22,6.4053462933450644
2008-01-23,5.791176298490019
2008-01-24,6.061446944636644
2008-01-25,5.841627583634286
2008-01-26,5.3457017898869585
2008-01-27,5.050291782236871
2008-01-28,4.799370533320702
2008-01-29,4.585245352338372
2008-01-30,4.978410872376716
2008-01-31,5.783518420386444
2008-02-01,6.735190882412447
2008-02-02,7.914276084446282
2008-02-03,7.213651299595444
2008-02-04,7.393100141582168
2008-02-05,8.234744710949526
2008-02-06,8.548114867787726
2008-02-07,7.80221704829912
2008-02-08,6.994160866859392
2008-02-09,6.490278910214535
2008-02-10,6.066734236042577
2008-02-11,5.709428385857137
2008-02-12,5.406795408983466
2008-02-13,5.14933789846999
2008-02-14,4.929249769776029
2008-02-15,4.740109217753155
2008-02-16,4.576628521339378
2008-02-17,4.434449953158277
2008-02-18,4.309979125119473
2008-02-19,4.200248765643557
2008-02-20,4.1028072619921625
2008-02-21,4.015627377960395
2008-02-22,3.9370314249860314
2008-02-23,3.865629865007065
2008-02-24,3.807825245079831
2008-02-25,3.8098950858888077
2008-02-26,4.035300795730093
2008-02-27,4.382742016966152
2008-02-28,4.2481473044525915
2008-02-29,5.540193938074478
2008-03-01,6.377422050846543
2008-03-02,5.777233430322451
2008-03-03,5.266702258106157
2008-03-04,5.245014885356324
2008-03-05,5.156007741206481
2008-03-06,4.8205269345218875
2008-03-07,4.603252423675442
2008-03-08,4.417030282319744
2008-03-09,4.311366476855801
2008-03-10,4.765960872535386
2008-03-11,7.437120691166072
2008-03-12,6.994450858292733
2008-03-13,6.279291460077516
2008-03-14,6.2458567706995325
2008-03-15,6.7110216081893475
2008-03-16,11.218173827084653
2008-03-17,10.90987420526581
2008-03-18,8.946599973325934
2008-03-19,8.146323953738227
2008-03-20,10.11436270368081
2008-03-21,12.681773972356494
2008-03-22,11.854923286136163
2008-03-23,10.627930524407807
2008-03-24,10.812095840438785
2008-03-25,10.879679672175252
2008-03-26,10.484611423945063
2008-03-27,10.590510501611698
2008-03-28,10.483904847309061
2008-03-29,9.648208942506528
2008-03-30,9.411106548428274
2008-03-31,9.518521142169602
2008-04-01,8.563820040899524
2008-04-02,7.980189923293152
2008-04-03,7.47983903446863
2008-04-04,7.1090912597864255
2008-04-05,7.390853774525508
2008-04-06,7.968694337334866
2008-04-07,7.263407853901685
2008-04-08,6.877022121628315
2008-04-09,6.548598325774139
2008-04-10,6.268073368398961
2008-04-11,6.027177454900326
2008-04-12,5.819121826217681
2008-04-13,5.640681352485168
2008-04-14,5.624588894491439
2008-04-15,5.753878786360854
2008-04-16,5.6479808344882265
2008-04-17,5.480142939815643
2008-04-18,5.330391985916807
2008-04-19,5.198201557216749
2008-04-20,5.080640673959152
2008-04-21,4.975288241461657
2008-04-22,4.880142654505804
2008-04-23,5.398925423013579
2008-04-24,5.848967040108783
2008-04-25,5.4382490366182035
2008-04-26,5.260786381134403
2008-04-27,5.139775641442994
2008-04-28,5.753330621939127
2008-04-29,6.756386894302007
2008-04-30,5.940026931256187
2008-05-01,5.676966455646873
2008-05-02,5.472483911833266
2008-05-03,5.276098308623921
2008-05-04,5.104477482788748
2008-05-05,4.954758312192319
2008-05-06,4.823243281348783
2008-05-07,4.706881473943665
2008-05-08,4.603153368672182
2008-05-09,4.509976540262189
2008-05-10,4.425628399858373
2008-05-11,4.348682837896429
2008-05-12,4.27795822130201
2008-05-13,4.212474672856957
2008-05-14,4.151423425434361
2008-05-15,4.224656262557001
2008-05-16,5.277826059086236
2008-05-17,9.071788683246305
2008-05-18,6.961395559148961
2008-05-19,5.604211551105738
2008-05-20,5.326089669100374
2008-05-21,5.088785889238193
2008-05-22,4.885273240391581
2008-05-23,4.709766841302374
2008-05-24,4.557944466899161
2008-05-25,4.434853251505023
2008-05-26,4.3253478066712345
2008-05-27,4.222005763722831
2008-05-28,4.12844535530892
2008-05-29,6.0141507689827876
2008-05-30,6.229528905452038
2008-05-31,4.93276996066273
2008-06-01,4.6370615741946635
2008-06-02,9.423607830486985
2008-06-03,8.329226710981718
2008-06-04,6.297700443383973
2008-06-05,8.357748815615336
2008-06-06,8.60991701334343
2008-06-07,7.829295861518141
2008-06-08,7.110676475427362
2008-06-09,6.397102954839959
2008-06-10,5.992696672754298
2008-06-11,5.651462035555036
2008-06-12,8.847199312390705
2008-06-13,8.566661780890078
2008-06-14,6.922867153451406
2008-06-15,7.327634130234277
2008-06-16,6.859803807073324
2008-06-17,6.271728825262822
2008-06-18,5.910280271761021
2008-06-19,5.79079215306576
2008-06-20,5.960779634501848
2008-06-21,5.4751358571411695
2008-06-22,5.232844149964252
2008-06-23,5.025065813538832
2008-06-24,4.845876219441178
2008-06-25,4.690649794352714
2008-06-26,4.555242505925457
2008-06-27,4.448441725869992
2008-06-28,4.353876245436241
2008-06-29,4.256741588830276
2008-06-30,4.168961185496451
2008-07-01,4.089621511062429
2008-07-02,4.0498840743993725
2008-07-03,4.516428882886393
2008-07-04,4.546060320425574
2008-07-05,4.117107684729969
2008-07-06,4.026156685376473
2008-07-07,3.958959618343821
2008-07-08,3.93729898921457
2008-07-09,4.44086088692758
2008-07-10,6.0210084030972295
2008-07-11,5.403403151476678
2008-07-12,4.551371642672551
2008-07-13,4.243152967656196
2008-07-14,4.110359336930692
2008-07-15,3.9941450726700594
2008-07-16,3.907440176081432
2008-07-17,3.8629767305873877
2008-07-18,3.7919107750079424
2008-07-19,3.8402650925710993
2008-07-20,4.574348476137608
2008-07-21,5.7767225194625
2008-07-22,4.726882951434839
2008-07-23,4.1125230391339365
2008-07-24,3.9719176382115413
2008-07-25,3.849530467275026
2008-07-26,3.7861206488416403
2008-07-27,4.240837673576662
2008-07-28,6.249862174337402
2008-07-29,5.091477387028857
2008-07-30,4.219381911749951
2008-07-31,4.049639694346479
2008-08-01,3.9032743826674694
2008-08-02,3.7763103027355434
2008-08-03,7.214263282618748
2008-08-04,7.288292174867156
2008-08-05,5.294703551641269
2008-08-06,4.8031226747102345
2008-08-07,5.197979912077932
2008-08-08,6.923297408019536
2008-08-09,5.856385357261416
2008-08-10,5.031813147694924
2008-08-11,4.757599476202596
2008-08-12,4.949161996961085
2008-08-13,5.588186474726459
2008-08-14,4.737876867923999
2008-08-15,4.497262926763555
2008-08-16,4.292293887719456
2008-08-17,4.121055739682528
2008-08-18,3.985351172294179
2008-08-19,3.8781856175668508
2008-08-20,3.775240735308657
2008-08-21,3.669148102932329
2008-08-22,3.627739727735868
2008-08-23,4.433827505495589
2008-08-24,4.261592622519423
2008-08-25,3.7883252768806988
2008-08-26,3.667206629747643
2008-08-27,3.5613253985129014
2008-08-28,3.4681321893996944
2008-08-29,3.385519487602922
2008-08-30,3.3117436576922206
2008-08-31,3.2453609610940393
2008-09-01,3.1851750244839043
2008-09-02,3.4166870605629907
2008-09-03,3.6284586480699583
2008-09-04,3.300388594427554
2008-09-05,3.2331372589728957
2008-09-06,3.176915865338575
2008-09-07,3.128132020519169
2008-09-08,3.096059259331668
2008-09-09,3.0360932916776293
2008-09-10,2.980205604021713
2008-09-11,2.9291073376103647
2008-09-12,2.9729975367369765
2008-09-13,3.2542123758853077
2008-09-14,2.9942243867568252
2008-09-15,2.9301648499363186
2008-09-16,2.872414170278955
2008-09-17,2.8199570799264997
2008-09-18,2.771950824985225
2008-09-19,2.727695309749766
2008-09-20,2.6866084999607636
2008-09-21,2.6482061366947858
2008-09-22,2.612084992697145
2008-09-23,2.5998969449434637
2008-09-24,2.6125115918545188
2008-09-25,2.5756688604316227
2008-09-26,2.5380830022777436
2008-09-27,2.5028177190303333
2008-09-28,2.4695286464073485
2008-09-29,2.437928621758044
2008-09-30,3.067197377609659
2008-10-01,5.153516503025947
2008-10-02,4.053317348305698
2008-10-03,3.402320676913319
2008-10-04,3.0984532895019226
2008-10-05,5.914446671192937
2008-10-06,5.304015574441691
2008-10-07,3.960479525756765
2008-10-08,3.6444227931808606
2008-10-09,3.6054318405251298
2008-10-10,3.2983047506839362
2008-10-11,3.14339555998455
2008-10-12,3.010702376611692
2008-10-13,2.896446013555089
2008-10-14,2.7975076750838643
2008-10-15,2.7555338245414753
2008-10-16,2.793194266253357
2008-10-17,2.7331016150180134
2008-10-18,2.653390272604272
2008-10-19,2.5815292124242095
2008-10-20,2.517984519850289
2008-10-21,2.631864356562096
2008-10-22,2.9627147823387046
2008-10-23,2.6267235164469422
2008-10-24,2.5519379586211257
2008-10-25,2.4914038103916094
2008-10-26,3.566729501657864
2008-10-27,4.449253575329147
2008-10-28,3.581105014369944
2008-10-29,3.076010527062786
2008-10-30,2.926664342937075
2008-10-31,2.80206344891705
2008-11-01,4.077938459145948
2008-11-02,3.79053737030331
2008-11-03,3.138663113426215
2008-11-04,2.9829729702412617
2008-11-05,2.849907865606319
2008-11-06,2.7356155378590823
2008-11-07,2.6369169066275697
2008-11-08,2.552186267815636
2008-11-09,2.8373658926983083
2008-11-10,3.727705341144493
2008-11-11,5.357556676439091
2008-11-12,4.3873285772907025
2008-11-13,3.58983118974283
2008-11-14,3.366654014358971
2008-11-15,3.1777139401197503
2008-11-16,3.0606555167094456
2008-11-17,3.0074646331073587
2008-11-18,2.887117635470219
2008-11-19,2.8076785306425673
2008-11-20,2.6887777485635187
2008-11-21,3.5760426635769487
2008-11-22,4.839977415586351
2008-11-23,6.223382799367634
2008-11-24,6.389208571430545
2008-11-25,5.336909801626827
2008-11-26,4.6928988363066795
2008-11-27,4.328546165014802
2008-11-28,4.047432199330071
2008-11-29,3.781531317347323
2008-11-30,4.560806852177074
2008-12-01,4.3664765170223285
2008-12-02,4.75852383276535
2008-12-03,4.7133572007918305
2008-12-04,5.230073789687158
2008-12-05,5.662224157240682
2008-12-06,5.263091785262027
2008-12-07,4.642977142670806
2008-12-08,4.26834635316192
2008-12-09,4.368074331307438
2008-12-10,4.1624290898247835
2008-12-11,3.8678677233765275
2008-12-12,3.64450421495496
2008-12-13,3.4604737667407606
2008-12-14,3.31029927604485
2008-12-15,3.1812319147748434
2008-12-16,3.069683031825015
2008-12-17,2.9876137592249044
2008-12-18,2.9812163094603217
2008-12-19,3.168537512197302
2008-12-20,5.508723699065784
2008-12-21,5.059697342909761
2008-12-22,4.259871630183544
2008-12-23,3.958148543578234
2008-12-24,3.7312718269592833
2008-12-25,3.538718207715984
2008-12-26,3.3745675218774913
2008-12-27,3.2339465991384153
2008-12-28,3.1128405279535145
2008-12-29,3.007938614125001
2008-12-30,2.916508524258559
2008-12-31,2.836293352726168
2009-01-01,2.7654273536602076
2009-01-02,2.7023668870170354
2009-01-03,2.645833778824796
2009-01-04,2.598837171706914
2009-01-05,2.5650304913041615
2009-01-06,2.520330514818123
2009-01-07,2.479071450758111
2009-01-08,2.4408734267885213
2009-01-09,2.4052655762410398
2009-01-10,2.371855985373195
2009-01-11,2.340318188850217
2009-01-12,3.7121540044649293
2009-01-13,6.807747235213948
2009-01-14,6.097827730576198
2009-01-15,4.95948733985775
2009-01-16,4.555358801306189
2009-01-17,4.489038537767104
2009-01-18,6.000669780245385
2009-01-19,6.437817207346281
2009-01-20,5.625037121838314
2009-01-21,4.997193617297099
2009-01-22,5.107438050185155
2009-01-23,10.478257482015279
2009-01-24,9.713210551368155
2009-01-25,7.779763665518613
2009-01-26,7.00728582087019
2009-01-27,6.364543939528854
2009-01-28,5.828407985130236
2009-01-29,5.379963787009159
2009-01-30,5.003728513715756
2009-01-31,4.687015319550544
2009-02-01,4.419418153439554
2009-02-02,4.232570047013197
2009-02-03,5.15692145317766
2009-02-04,5.237499058858616
2009-02-05,4.982489784748449
2009-02-06,4.761545106907958
2009-02-07,4.481191021288473
2009-02-08,4.342438601366358
2009-02-09,7.416976342383283
2009-02-10,10.256512646326104
2009-02-11,9.859998544285663
2009-02-12,8.485442278410376
2009-02-13,7.564986784521498
2009-02-14,6.969720731506147
2009-02-15,6.773168092977207
2009-02-16,7.428732806490577
2009-02-17,9.019966482960314
2009-02-18,8.349152723346448
2009-02-19,7.267570033456395
2009-02-20,6.733032105139444
2009-02-21,6.251624213543814
2009-02-22,5.8989393047180885
2009-02-23,5.654660121046529
2009-02-24,5.34564175230513
2009-02-25,5.080151100432226
2009-02-26,4.853621917834783
2009-02-27,4.688010332510364
2009-02-28,4.583194138740802
2009-03-01,4.430148677130283
2009-03-02,4.291813006078823
2009-03-03,4.170756283034451
2009-03-04,4.066288458666226
2009-03-05,3.978568310770609
2009-03-06,3.919149907956543
2009-03-07,3.8874012144391696
2009-03-08,3.8684886864564394
2009-03-09,4.030260377267611
2009-03-10,5.480392307854653
2009-03-11,5.711055873763629
2009-03-12,5.448931710557086
2009-03-13,5.628461572011008
2009-03-14,5.1267462388821725
2009-03-15,4.865250323932872
2009-03-16,4.638927774181562
2009-03-17,4.445131927371709
2009-03-18,4.278359923810105
2009-03-19,4.134006132127493
2009-03-20,4.008273190049776
2009-03-21,3.8980274889929194
2009-03-22,3.8006809851553522
2009-03-23,4.23855527537573
2009-03-24,5.3914711082902675
2009-03-25,7.227372076177006
2009-03-26,8.532987012137559
2009-03-27,7.8399950239387275
2009-03-28,8.731077471935599
2009-03-29,8.362793762855702
2009-03-30,7.283724977268386
2009-03-31,6.710349464557514
2009-04-01,6.229892090589526
2009-04-02,5.825981010678023
2009-04-03,5.485180645074002
2009-04-04,5.196469433782736
2009-04-05,4.950797481574014
2009-04-06,4.740726918575545
2009-04-07,4.560139180530756
2009-04-08,4.4216132082390125
2009-04-09,4.309323658975033
2009-04-10,4.18685862475221
2009-04-11,4.076831235112664
2009-04-12,3.9793615916716525
2009-04-13,3.892372531868857
2009-04-14,3.814145478988026
2009-04-15,3.743257384014218
2009-04-16,3.692423074099333
2009-04-17,3.768804953502405
2009-04-18,4.001622905454836
2009-04-19,3.847189215476114
2009-04-20,3.754486211069779
2009-04-21,3.671796490826886
2009-04-22,3.5974783341791388
2009-04-23,3.5301721553814676
2009-04-24,3.4687511109086073
2009-04-25,3.4122805077556264
2009-04-26,3.391273268699701
2009-04-27,3.602505409304225
2009-04-28,3.77108903452998
2009-04-29,3.5520191907043706
2009-04-30,3.469808483934806
2009-05-01,3.39395031183023
2009-05-02,3.3257401116378946
2009-05-03,3.2639344520101674
2009-05-04,3.207503122420592
2009-05-05,3.1555942058389355
2009-05-06,3.107498179877767
2009-05-07,3.0626196750374155
2009-05-08,3.0204822444704056
2009-05-09,2.98067510374864
2009-05-10,2.9428398733569634
2009-05-11,2.9078799016531955
2009-05-12,2.8761911396121254
2009-05-13,2.8431975117586394
2009-05-14,4.695493824819108
2009-05-15,4.706168758333879
2009-05-16,3.4552441109223664
2009-05-17,3.455012488388444
2009-05-18,3.6176967221623872
2009-05-19,3.2502965272601685
2009-05-20,3.14959539714253
2009-05-21,3.061381431906625
2009-05-22,2.983570338013902
2009-05-23,2.9144385430645396
2009-05-24,2.8525596292826187
2009-05-25,2.7967521672053017
2009-05-26,3.0807447063046216
2009-05-27,3.0724853691654186
2009-05-28,2.8163701656233844
2009-05-29,2.7555641156700688
2009-05-30,2.700810920963576
2009-05-31,2.651131345057676
2009-06-01,2.605713355186443
2009-06-02,2.563883040120692
2009-06-03,2.525080672368287
2009-06-04,2.4888409888829894
2009-06-05,2.4547769340556456
2009-06-06,2.422566246727864
2009-06-07,2.405387203368064
2009-06-08,2.438461290517045
2009-06-09,2.507162894817435
2009-06-10,4.4120437723094525
2009-06-11,6.66945414664639
2009-06-12,4.164592432762335
2009-06-13,2.9612055417322645
2009-06-14,2.857628146301615
2009-06-15,2.785753738335577
2009-06-16,2.6981141993446833
2009-06-17,2.613312115854887
2009-06-18,2.5389503108841667
2009-06-19,2.4733827456163673
2009-06-20,2.4151602740362463
2009-06-21,2.368913755985101
2009-06-22,2.3281515845856298
2009-06-23,2.2843878240533897
2009-06-24,2.244011261402235
2009-06-25,2.2069283495935497
2009-06-26,2.172625697544286
2009-06-27,2.140676064766057
2009-06-28,2.1107236308537165
2009-06-29,2.0824718239849425
2009-06-30,2.055673256606602
2009-07-01,2.0301213976039163
2009-07-02,2.0056436765515118
2009-07-03,1.9820957698861355
2009-07-04,1.9593568632523057
2009-07-05,1.9391040587328885
2009-07-06,1.9223117358835902
2009-07-07,2.1754801119724307
2009-07-08,3.664590323324223
2009-07-09,2.806409969530631
2009-07-10,2.089705183003242
2009-07-11,2.0481972743113688
2009-07-12,2.2604890563293334
2009-07-13,1.9778526320794547
2009-07-14,1.8865900191191394
2009-07-15,1.854648792438628
2009-07-16,1.8251749473535472
2009-07-17,1.7979520339578903
2009-07-18,1.7752483671669663
2009-07-19,1.8654789829708636
2009-07-20,2.059048210619259
2009-07-21,2.747811660677629
2009-07-22,2.753690885962623
2009-07-23,3.5700943089094674
2009-07-24,2.956285002929775
2009-07-25,2.032315187491844
2009-07-26,1.8676677211122341
2009-07-27,1.818903929735371
2009-07-28,1.7756102508936094
2009-07-29,1.7411679608032495
2009-07-30,1.710172349699973
2009-07-31,1.6776025932807401
2009-08-01,1.6477541384758119
2009-08-02,1.8938913899615037
2009-08-03,2.0936584023730553
2009-08-04,1.6529558156221915
2009-08-05,1.6204364861537692
2009-08-06,1.5908717394270677
2009-08-07,1.5637954811760002
2009-08-08,1.5388197829997647
2009-08-09,1.5156215384363192
2009-08-10,1.4939314328647546
2009-08-11,1.4737705952222016
2009-08-12,1.5639639812074517
2009-08-13,1.8787561306267377
2009-08-14,1.4560359576383217
2009-08-15,1.4344870288458884
2009-08-16,1.414294941620516
2009-08-17,1.3952589970155673
2009-08-18,1.3772114810187412
2009-08-19,1.360012239426359
2009-08-20,1.3493312234863006
2009-08-21,1.3403558964885327
2009-08-22,1.3239498863641066
2009-08-23,1.307756178874156
2009-08-24,1.2922064821360093
2009-08-25,1.2787615834092987
2009-08-26,1.266334722005504
2009-08-27,1.2518705162013661
2009-08-28,1.2377906523192639
2009-08-29,1.2241084489423009
2009-08-30,1.2107785543842982
2009-08-31,1.1977628041237025
2009-09-01,1.1855616014149437
2009-09-02,1.1738320130648503
2009-09-03,1.18092266610917
2009-09-04,1.4515589688324704
2009-09-05,1.154921154200786
2009-09-06,1.1374820475257406
2009-09-07,1.1245696680946122
2009-09-08,1.1120384765677789
2009-09-09,1.0998441106288623
2009-09-10,1.087949242155798
2009-09-11,1.0763224221495091
2009-09-12,1.0649371181309384
2009-09-13,1.053770911488471
2009-09-14,1.0525275615440213
2009-09-15,1.4074260493562836
2009-09-16,1.0647484380088197
2009-09-17,1.0204174472126544
2009-09-18,1.0090502516258235
2009-09-19,0.9979878256861009
2009-09-20,0.9871964888746185
2009-09-21,0.9766478552623896
2009-09-22,0.9663179682511451
2009-09-23,0.9561887975082562
2009-09-24,0.9466429372738859
2009-09-25,0.9373841805086176
2009-09-26,0.9276972387788147
2009-09-27,0.9181143285335677
2009-09-28,0.9086813847528955
2009-09-29,0.8993883198023749
2009-09-30,0.8902265141396307
2009-10-01,0.881188581590305
2009-10-02,0.8722681728087852
2009-10-03,0.8634598106321109
2009-10-04,0.8548085517967374
2009-10-05,1.65582594876149
2009-10-06,2.5275576904763253
2009-10-07,8.236110674711691
2009-10-08,4.8948352144732645
2009-10-09,3.9372092149613613
2009-10-10,3.1468490038660946
2009-10-11,2.518462215147597
2009-10-12,1.5652750212078124
2009-10-13,1.2317121467400163
2009-10-14,1.1696019088457437
2009-10-15,1.1164479997626924
2009-10-16,1.0730428819709277
2009-10-17,1.0372258369236225
2009-10-18,1.0025461923341952
2009-10-19,0.9717955344020294
2009-10-20,0.9447754668766715
2009-10-21,0.9246448834157435
2009-10-22,0.908950293677197
2009-10-23,0.8889524592654462
2009-10-24,0.8774179618076928
2009-10-25,0.8750011181095413
2009-10-26,0.8581541883394358
2009-10-27,0.8418169410794177
2009-10-28,0.8269074244803036
2009-10-29,0.8132033524962116
2009-10-30,0.8005193651959869
2009-10-31,0.7887007823930731
2009-11-01,2.6147328267345675
2009-11-02,1.9372005981237272
2009-11-03,2.7422000547412875
2009-11-04,2.173087539314173
2009-11-05,2.047048344617946
2009-11-06,1.5188199682367705
2009-11-07,1.882867938409149
2009-11-08,1.465123914272337
2009-11-09,1.1803258768762035
2009-11-10,1.1229560224169675
2009-11-11,1.084378970765868
2009-11-12,1.0705638533601924
2009-11-13,1.31084414905078
2009-11-14,1.289218782008274
2009-11-15,1.546497748766414
2009-11-16,1.2097314092914815
2009-11-17,1.1419621303890672
2009-11-18,1.1272278195154364
2009-11-19,0.9897851640288443
2009-11-20,0.9538971514394166
2009-11-21,0.9538496790354386
2009-11-22,1.8498509024020706
2009-11-23,7.058695014057522
2009-11-24,4.8813635645039914
2009-11-25,2.8698398256563546
2009-11-26,4.076088206934532
2009-11-27,4.078481522238033
2009-11-28,5.473265525204386
2009-11-29,4.111824592206434
2009-11-30,3.1725035410161255
2009-12-01,2.8529894673775478
2009-12-02,2.6478277492774143
2009-12-03,3.732705472582064
2009-12-04,4.047227220294164
2009-12-05,5.760206958451608
2009-12-06,5.013738529394778
2009-12-07,3.9082443206752164
2009-12-08,4.3831988202054
2009-12-09,4.185767998297426
2009-12-10,5.7747162905726634
2009-12-11,4.8654531674468275
2009-12-12,3.9292611750942377
2009-12-13,3.5617064604700417
2009-12-14,3.2546552730848983
2009-12-15,2.997486869513935
2009-12-16,2.781485942296421
2009-12-17,2.599493802765886
2009-12-18,2.445624777974744
2009-12-19,2.3150353567899145
2009-12-20,2.2037360588732393
2009-12-21,2.1084379499473687
2009-12-22,2.980960226219654
2009-12-23,2.8358915624383143
2009-12-24,2.4965267272628755
2009-12-25,8.864349271138265
2009-12-26,7.219091465077284
2009-12-27,5.796325296432159
2009-12-28,5.221896056339424
2009-12-29,6.603763412101713
2009-12-30,8.291737050844773
2009-12-31,7.169181359617919
2010-01-01,5.961733931978016
2010-01-02,5.354218748434138
2010-01-03,4.864625960556132
2010-01-04,4.455828443596702
2010-01-05,4.113564602420841
2010-01-06,3.826146834223725
2010-01-07,3.583987357122186
2010-01-08,3.3792132704789744
2010-01-09,3.2053536751762963
2010-01-10,3.05708506517909
2010-01-11,2.9300239016276204
2010-01-12,2.8205574389974757
2010-01-13,2.7257056010103593
2010-01-14,3.4060734055128172
2010-01-15,3.409469634938326
2010-01-16,5.9213082690745145
2010-01-17,5.932859000023335
2010-01-18,5.0060616652208045
2010-01-19,4.621608792716645
2010-01-20,4.293071144645796
2010-01-21,3.9625319212264216
2010-01-22,3.7169732064911405
2010-01-23,3.705108944565275
2010-01-24,3.6233503916643204
2010-01-25,3.4242150959581985
2010-01-26,3.256994888483396
2010-01-27,3.1177474016824367
2010-01-28,3.7001460189915947
2010-01-29,5.482060734558432
2010-01-30,5.989403037188212
2010-01-31,5.158119656950948
2010-02-01,5.301691004252502
2010-02-02,7.933004506164038
2010-02-03,7.768913801416041
2010-02-04,6.567476226370224
2010-02-05,6.023637175293673
2010-02-06,5.660632785997708
2010-02-07,5.154918096237451
2010-02-08,4.785029930939717
2010-02-09,4.473815112860835
2010-02-10,4.211032684345781
2010-02-11,3.988266647551503
2010-02-12,3.798598812241923
2010-02-13,3.63633701842226
2010-02-14,3.4967936640067987
2010-02-15,3.3761050309594425
2010-02-16,3.2976837657173577
2010-02-17,3.286569794869333
2010-02-18,3.6140354604966345
2010-02-19,3.4421448660830514
2010-02-20,3.3202375778676743
2010-02-21,3.2148038054230494
2010-02-22,4.997716247277177
2010-02-23,6.512481203373297
2010-02-24,5.861919917379442
2010-02-25,6.740661841379839
2010-02-26,7.583641755138757
2010-02-27,6.974088893746711
2010-02-28,10.952502642280608
2010-03-01,10.454714080470792
2010-03-02,8.570694808920274
2010-03-03,7.733001244559284
2010-03-04,7.03268991819932
2010-03-05,6.690208538614932
2010-03-06,7.046340641872253
2010-03-07,6.528305908185736
2010-03-08,6.048347516843767
2010-03-09,5.6366890918995916
2010-03-10,5.289931716101214
2010-03-11,4.996721156922301
2010-03-12,4.747737905942066
2010-03-13,4.535324835146359
2010-03-14,4.3540982160947665
2010-03-15,4.241600614243106
2010-03-16,4.196594445677566
2010-03-17,4.076314571455467
2010-03-18,3.9538578346500124
2010-03-19,3.852135540406961
2010-03-20,3.8591884569616224
2010-03-21,5.977639977427099
2010-03-22,6.432639754411352
2010-03-23,5.426163984738252
2010-03-24,5.098921643621526
2010-03-25,5.04370889019697
2010-03-26,5.099673848283808
2010-03-27,4.842539064055202
2010-03-28,4.7292490580804625
2010-03-29,6.490908797882507
2010-03-30,7.329652173564809
2010-03-31,6.744820875783341
2010-04-01,6.04946342504801
2010-04-02,5.6605995479095315
2010-04-03,5.564911252637558
2010-04-04,6.0626401416617535
2010-04-05,5.56562097202239
2010-04-06,5.203417511047751
2010-04-07,4.9340887673495155
2010-04-08,4.75056484675655
2010-04-09,4.62494348055155
2010-04-10,4.445200308417937
2010-04-11,4.284370203123356
2010-04-12,4.144897748516702
2010-04-13,4.023167071605271
2010-04-14,3.9161946947005912
2010-04-15,3.821516832163254
2010-04-16,3.7370971525575065
2010-04-17,3.6612512169621994
2010-04-18,3.592584520125007
2010-04-19,3.529941638938856
2010-04-20,3.472364459611341
2010-04-21,3.419057832638957
2010-04-22,3.3693613106754405
2010-04-23,3.3227258725184576
2010-04-24,3.278694737892112
2010-04-25,3.237324308290635
2010-04-26,3.1980038681619702
2010-04-27,3.1596234193303174
2010-04-28,3.122676876065087
2010-04-29,3.087851770514069
2010-04-30,3.054223820635363
2010-05-01,3.0223324972134122
2010-05-02,4.473660918881451
2010-05-03,4.427925633868601
2010-05-04,3.527850348632995
2010-05-05,3.417274716255554
2010-05-06,3.3202713852677443
2010-05-07,3.2352894276411157
2010-05-08,3.1605294739379723
2010-05-09,3.092629649622539
2010-05-10,3.031277507400555
2010-05-11,3.9361294166893632
2010-05-12,4.442094857587215
2010-05-13,3.5272294202061367
2010-05-14,3.3538955143602096
2010-05-15,3.2458937485557846
2010-05-16,3.1514795353179674
2010-05-17,3.0863970534469964
2010-05-18,3.038290652935317
2010-05-19,2.9690473653934144
2010-05-20,2.9046140225422827
2010-05-21,2.8465964442389105
2010-05-22,2.793961045800756
2010-05-23,2.7458498516587624
2010-05-24,2.701550117649574
2010-05-25,2.6604692949323105
2010-05-26,4.092502936344006
2010-05-27,3.844779505753387
2010-05-28,2.9644907064783634
2010-05-29,2.8795016619487694
2010-05-30,2.847981821552508
2010-05-31,2.863207950070987
2010-06-01,2.7781921710697515
2010-06-02,2.710021655752438
2010-06-03,2.649253743272776
2010-06-04,2.594682586207489
2010-06-05,2.5453078886117826
2010-06-06,2.5078438291440803
2010-06-07,2.4749429589375818
2010-06-08,2.437671421672593
2010-06-09,2.40923918028835
2010-06-10,2.3795483546003866
2010-06-11,2.3454229776553746
2010-06-12,2.3125461752515295
2010-06-13,2.2815450946630844
2010-06-14,2.2521462382041357
2010-06-15,2.224121349842262
2010-06-16,2.197279767077022
2010-06-17,2.1714620858316294
2010-06-18,2.146534909417879
2010-06-19,2.122432048182737
2010-06-20,2.098986103954426
2010-06-21,2.0761213305798782
2010-06-22,2.053798047879656
2010-06-23,2.031960386115271
2010-06-24,2.010561249661509
2010-06-25,1.9895608743204496
2010-06-26,1.9689256255815601
2010-06-27,1.9486269970107324
2010-06-28,1.9286407749673637
2010-06-29,1.908946341640496
2010-06-30,1.889526093179561
2010-07-01,1.8703649536504197
2010-07-02,1.8514499688189627
2010-07-03,1.8330972935564371
2010-07-04,1.8149606905150568
2010-07-05,1.7966657118505955
2010-07-06,1.7785729809344126
2010-07-07,1.7606931511505364
2010-07-08,1.74301896633121
2010-07-09,1.7255440545227587
2010-07-10,1.7256527776656663
2010-07-11,2.0258027291392606
2010-07-12,1.8013814398252057
2010-07-13,1.8212081600279462
2010-07-14,4.692884108456782
2010-07-15,2.9144073613304067
2010-07-16,1.6616743600980797
2010-07-17,1.6392912680061116
2010-07-18,1.6180708825376608
2010-07-19,1.5978524105286915
2010-07-20,1.578497471164547
2010-07-21,1.5598895206510148
2010-07-22,1.5419310047021633
2010-07-23,1.5257939544920676
2010-07-24,1.5103190337878045
2010-07-25,1.4935622085931108
2010-07-26,1.4776352092000478
2010-07-27,1.4621049460389006
2010-07-28,1.4485067319656924
2010-07-29,2.387295041503706
2010-07-30,1.8314964706152634
2010-07-31,1.415988351932256
2010-08-01,1.3997430065428655
2010-08-02,1.3850514370331999
2010-08-03,1.371317562124414
2010-08-04,1.3566727819016393
2010-08-05,1.3435560073465134
2010-08-06,1.3298023320124999
2010-08-07,1.315353019336393
2010-08-08,1.30125729627893
2010-08-09,1.2874356168456784
2010-08-10,1.2748473569280312
2010-08-11,1.2634287606672296
2010-08-12,1.2504925694545934
2010-08-13,1.2375971387764029
2010-08-14,1.2250228907236267
2010-08-15,4.439378970966388
2010-08-16,5.035302339523802
2010-08-17,2.2434183304492907
2010-08-18,1.3484157338150615
2010-08-19,1.2510374453612696
2010-08-20,1.2288025988276678
2010-08-21,1.208382629603489
2010-08-22,1.2126104047748203
2010-08-23,3.6370887614007685
2010-08-24,2.1706712144864717
2010-08-25,1.2808178610204357
2010-08-26,3.934132233865116
2010-08-27,3.4438865360554254
2010-08-28,2.5963791982935507
2010-08-29,3.379262830920844
2010-08-30,2.478474151769055
2010-08-31,1.652513926014592
2010-09-01,1.515014661014962
2010-09-02,1.4482678847639645
2010-09-03,1.3908262177810116
2010-09-04,1.3411293511835922
2010-09-05,1.297885910179035
2010-09-06,1.282267847927041
2010-09-07,3.5568738643371076
2010-09-08,3.321680081821047
2010-09-09,2.548966204522664
2010-09-10,1.9024527154609088
2010-09-11,1.5605767067471261
2010-09-12,2.3557788775727455
2010-09-13,2.2597136135929095
2010-09-14,1.700534809313752
2010-09-15,2.4302232575516727
2010-09-16,2.9181449966088393
2010-09-17,2.169363903273051
2010-09-18,1.7318352666753052
2010-09-19,1.6365874474063986
2010-09-20,1.5554128680352857
2010-09-21,1.4859389172910686
2010-09-22,1.4261912674614552
2010-09-23,1.9242810663620586
2010-09-24,2.0987411012628936
2010-09-25,2.273173371528551
2010-09-26,2.307538273593107
2010-09-27,2.263621428080562
2010-09-28,1.9199211524419078
2010-09-29,1.6587547458476806
2010-09-30,1.5774237361007195
2010-10-01,1.9100180091713088
2010-10-02,3.078427632688881
2010-10-03,2.260823109118532
2010-10-04,1.7828216137117374
2010-10-05,1.6847889330117518
2010-10-06,1.6012749980336667
2010-10-07,1.529813518838884
2010-10-08,1.4683676280205786
2010-10-09,1.4152537358918493
2010-10-10,1.369079140661599
2010-10-11,1.3286908604116434
2010-10-12,1.2931336296778417
2010-10-13,1.2616153881013479
2010-10-14,1.233478899860047
2010-10-15,1.589237229396085
2010-10-16,2.0440429835577594
2010-10-17,1.47479401335419
2010-10-18,1.4076667456012766
2010-10-19,2.6137345729442965
2010-10-20,4.675186005365298
2010-10-21,3.005685020675371
2010-10-22,2.1619095261373835
2010-10-23,2.4136394291872993
2010-10-24,2.875797187256108
2010-10-25,2.3136862898164527
2010-10-26,2.1244663019526415
2010-10-27,3.2535240737347966
2010-10-28,2.732374397512347
2010-10-29,2.159354465706785
2010-10-30,2.120487604890096
2010-10-31,2.34274762723811
2010-11-01,2.110105779143946
2010-11-02,1.911055383574789
2010-11-03,1.80847106235954
2010-11-04,1.7210159692016334
2010-11-05,1.698627438870395
2010-11-06,3.8152848861599993
2010-11-07,3.175227755142666
2010-11-08,2.703321497658538
2010-11-09,4.430981154536542
2010-11-10,5.107306685417921
2010-11-11,7.4678974472321995
2010-11-12,9.729422311393284
2010-11-13,20.35456681062011
2010-11-14,19.982671376844475
2010-11-15,15.092298841787063
2010-11-16,12.636884721742055
2010-11-17,11.023390111139813
2010-11-18,9.691573665747551
2010-11-19,8.590213738884835
2010-11-20,7.677642809833654
2010-11-21,6.919895433369679
2010-11-22,6.289253124153121
2010-11-23,5.799284434385112
2010-11-24,6.051453371676016
2010-11-25,6.612362654786512
2010-11-26,5.921245404377711
2010-11-27,5.33640103854767
2010-11-28,4.978717198546081
2010-11-29,4.677215484503075
2010-11-30,4.42208154064422
2010-12-01,4.205257170233702
2010-12-02,4.020119808641122
2010-12-03,3.861221701679622
2010-12-04,3.724077428989446
2010-12-05,8.014435678286908
2010-12-06,7.422631621936319
2010-12-07,6.144823840085526
2010-12-08,5.6628024585037195
2010-12-09,6.490930823139199
2010-12-10,8.11367640325158
2010-12-11,7.575157025471625
2010-12-12,6.836153841224782
2010-12-13,6.22049097005945
2010-12-14,5.763500266085882
2010-12-15,5.387051048674646
2010-12-16,6.113370864187899
2010-12-17,5.507702635104226
2010-12-18,5.162848903980301
2010-12-19,4.881722643936106
2010-12-20,4.643009934011038
2010-12-21,4.439335183625267
2010-12-22,4.359271661388958
2010-12-23,4.1800828473795475
2010-12-24,4.030494263054087
2010-12-25,3.9096432798562226
2010-12-26,3.8460734423650282
2010-12-27,3.742486474159886
2010-12-28,3.814824693925789
2010-12-29,4.4240096257721
2010-12-30,4.808748195977133
2010-12-31,4.453721448496371
2011-01-01,6.448867158413265
2011-01-02,6.497735675251428
2011-01-03,6.176596209039135
2011-01-04,5.672642891345287
2011-01-05,5.509666447859446
2011-01-06,15.872603331878425
2011-01-07,15.3324779258947
2011-01-08,13.950986467818646
2011-01-09,12.656061279021857
2011-01-10,11.171891397997742
2011-01-11,10.265540017002015
2011-01-12,13.400666723528628
2011-01-13,16.26476112703385
2011-01-14,15.384634507888386
2011-01-15,13.332560325448794
2011-01-16,11.852879736415526
2011-01-17,10.730666601805199
2011-01-18,11.296530212653566
2011-01-19,11.695150183820973
2011-01-20,10.552812992772047
2011-01-21,9.548112619286986
2011-01-22,8.873905082048873
2011-01-23,8.544102127122798
2011-01-24,8.214662352617017
2011-01-25,8.608995571877543
2011-01-26,8.204366888480884
2011-01-27,7.591117441076025
2011-01-28,7.196223456748883
2011-01-29,6.860422618570447
2011-01-30,6.573429258205093
2011-01-31,6.326796442814302
2011-02-01,6.113580775784232
2011-02-02,6.02882989826299
2011-02-03,6.254929133756026
2011-02-04,6.227904888469926
2011-02-05,5.9342369959008
2011-02-06,5.760339218308509
2011-02-07,5.60761954000692
2011-02-08,5.47251994689334
2011-02-09,5.352103823917084
2011-02-10,6.056407824611512
2011-02-11,9.021579725172417
2011-02-12,9.055040864592945
2011-02-13,8.106912014428016
2011-02-14,7.750574000599843
2011-02-15,7.51360770617465
2011-02-16,7.009508081721383
2011-02-17,6.6622391513601125
2011-02-18,6.366136588707118
2011-02-19,6.112349356422279
2011-02-20,5.962840533922925
2011-02-21,5.905884964575466
2011-02-22,5.717192844892999
2011-02-23,5.80636091905406
2011-02-24,6.868180597826985
2011-02-25,6.534487580570335
2011-02-26,6.954394164230063
2011-02-27,8.677373753437232
2011-02-28,8.914892337012374
2011-03-01,8.054307162842644
2011-03-02,7.4569986757132485
2011-03-03,7.028734472643102
2011-03-04,6.665875829476675
2011-03-05,6.357027366562723
2011-03-06,6.092829776220735
2011-03-07,5.865588939329687
2011-03-08,5.668973943446314
2011-03-09,5.497770937789572
2011-03-10,5.347682290879608
2011-03-11,5.215162545998411
2011-03-12,5.097284299477857
2011-03-13,5.03919294282143
2011-03-14,5.097018255926187
2011-03-15,5.094022374504207
2011-03-16,4.982843197781325
2011-03-17,4.875755004919462
2011-03-18,5.690593260472004
2011-03-19,6.584515869241788
2011-03-20,5.842383058163882
2011-03-21,5.599200479333155
2011-03-22,5.389985148037248
2011-03-23,5.2089458755831055
2011-03-24,5.051293010770177
2011-03-25,4.913077240233805
2011-03-26,4.791039379452042
2011-03-27,4.68248751569192
2011-03-28,4.585196425803697
2011-03-29,4.497325153125926
2011-03-30,4.494835003746412
2011-03-31,4.720343598975762
2011-04-01,4.928867187375208
2011-04-02,4.755756865108154
2011-04-03,4.750768641402506
2011-04-04,4.911426014052338
2011-04-05,4.7374475532241025
2011-04-06,4.606212492696309
2011-04-07,4.484999330348942
2011-04-08,4.377008390923711
2011-04-09,4.280707222304893
2011-04-10,4.194173239026253
2011-04-11,4.115898007512974
2011-04-12,4.052717077273729
2011-04-13,3.9925207454612077
2011-04-14,3.9299755368655576
2011-04-15,3.8716319317333423
2011-04-16,3.8170278792917376
2011-04-17,3.765599920061755
2011-04-18,3.716879177247731
2011-04-19,3.670475137413709
2011-04-20,3.626062258518447
2011-04-21,3.5833689041586556
2011-04-22,3.5421681932411637
2011-04-23,3.5022704280876265
2011-04-24,3.4635168242710215
2011-04-25,3.4257743148020965
2011-04-26,3.3889312416602215
2011-04-27,3.3535114877606014
2011-04-28,3.325748645668267
2011-04-29,3.3080878234506446
2011-04-30,3.2798168265203493
2011-05-01,3.2429910653735146
2011-05-02,3.2067703630870312
2011-05-03,3.1715425538006374
2011-05-04,3.137195154666809
2011-05-05,3.1036336624180607
2011-05-06,3.0707785664969314
2011-05-07,3.0385628661203885
2011-05-08,3.006930005012856
2011-05-09,2.97795997533191
2011-05-10,2.9501143803077317
2011-05-11,2.919625463889039
2011-05-12,2.8893830841738217
2011-05-13,2.859628844498225
2011-05-14,2.8308248625339503
2011-05-15,2.805582880163255
2011-05-16,2.780239893577649
2011-05-17,2.7515974010716318
2011-05-18,2.72307309251516
2011-05-19,2.6950128477530124
2011-05-20,2.6673832456558597
2011-05-21,2.640155856396079
2011-05-22,2.6136615047241327
2011-05-23,2.587455486227777
2011-05-24,2.5612381739814176
2011-05-25,2.535345528892831
2011-05-26,2.5097734080379452
2011-05-27,2.4850631866476807
2011-05-28,2.460744184032671
2011-05-29,2.435967596759417
2011-05-30,2.411440205463968
2011-05-31,2.753882646678258
2011-06-01,2.8337429465150983
2011-06-02,2.366854436277878
2011-06-03,2.340161931425369
2011-06-04,2.3142395554797073
2011-06-05,2.288997413867535
2011-06-06,2.9418775480225285
2011-06-07,4.213285421162292
2011-06-08,2.7932502250484696
2011-06-09,2.2607725091667272
2011-06-10,2.2309334222833517
2011-06-11,2.205149536329781
2011-06-12,2.178696969865619
2011-06-13,2.1515706074128813
2011-06-14,2.125559462086616
2011-06-15,2.1003475758226955
2011-06-16,2.1350188494834303
2011-06-17,2.38920762959809
2011-06-18,2.056518124434573
2011-06-19,2.0655361202281037
2011-06-20,2.0873598266669773
2011-06-21,2.002576293253587
2011-06-22,2.0168593249852083
2011-06-23,2.291318198998654
2011-06-24,2.4058980718706455
2011-06-25,2.2430484265400006
2011-06-26,1.9435627967153721
2011-06-27,1.9044888952477483
2011-06-28,2.4791030161773353
2011-06-29,2.5984888305124745
2011-06-30,1.920496441136818
2011-07-01,1.887632514029608
2011-07-02,1.8572834016877986
2011-07-03,1.8291285673512705
2011-07-04,1.802832214204564
2011-07-05,1.7781147383144686
2011-07-06,1.7570756660307465
2011-07-07,1.737447324879292
2011-07-08,1.715687765122808
2011-07-09,1.6947734576613087
2011-07-10,1.6746837979105382
2011-07-11,1.655310780083331
2011-07-12,1.6386072311023947
2011-07-13,1.6263068368272113
2011-07-14,3.568560579888095
2011-07-15,2.3422394836362863
2011-07-16,2.4756619401851707
2011-07-17,2.607350911681697
2011-07-18,1.7940612491166783
2011-07-19,1.6337857977856654
2011-07-20,1.60985278428254
2011-07-21,1.5826561090532625
2011-07-22,1.5572251505810453
2011-07-23,1.5336402270745255
2011-07-24,1.5141550498954583
2011-07-25,1.4996977330512526
2011-07-26,1.483031990105031
2011-07-27,1.4650979950318161
2011-07-28,1.4664090139342087
2011-07-29,1.5171090104025706
2011-07-30,1.427687311099782
2011-07-31,1.408651393194803
2011-08-01,1.3905821012824442
2011-08-02,1.373343111591919
2011-08-03,1.3574833578073224
2011-08-04,1.3513200888643955
2011-08-05,1.3463076234949394
2011-08-06,1.4564807801155952
2011-08-07,1.4099467822879863
2011-08-08,1.6954027069135613
2011-08-09,2.8095830648737987
2011-08-10,1.7533580824489343
2011-08-11,1.335790532327476
2011-08-12,1.3128805791009286
2011-08-13,1.301053022769624
2011-08-14,5.742450710928785
2011-08-15,3.122260991375797
2011-08-16,1.5651945389415298
2011-08-17,1.5048431004951022
2011-08-18,6.323968011908573
2011-08-19,3.9558720052256047
2011-08-20,2.1246891261758734
2011-08-21,1.9857202478871738
2011-08-22,1.8955588197121622
2011-08-23,7.551999108202743
2011-08-24,5.1553473429358165
2011-08-25,3.085797491953212
2011-08-26,3.0631994168740646
2011-08-27,3.33647430988767
2011-08-28,2.943839211199805
2011-08-29,2.601302852946698
2011-08-30,2.403915848840786
2011-08-31,2.249733580799844
2011-09-01,2.1192519149588938
2011-09-02,2.0084001015903237
2011-09-03,2.061351263383775
2011-09-04,3.4624733776290584
2011-09-05,3.2393831313451535
2011-09-06,3.816035207610803
2011-09-07,3.6594619922574503
2011-09-08,3.8793104994746597
2011-09-09,3.1889384891477177
2011-09-10,2.6796439723562053
2011-09-11,2.576745631219064
2011-09-12,2.5457554584223314
2011-09-13,2.386244177559095
2011-09-14,2.254014937799973
2011-09-15,2.1414974924008456
2011-09-16,2.0453250243136973
2011-09-17,1.9941570697831936
2011-09-18,2.0258487598316037
2011-09-19,2.077306500829565
2011-09-20,1.9483451786032775
2011-09-21,1.8778443888085885
2011-09-22,1.8165901799457205
2011-09-23,1.7630398676053343
2011-09-24,1.7159163766161702
2011-09-25,1.6741616988776897
2011-09-26,1.636898649385145
2011-09-27,1.603399414222731
2011-09-28,1.5730596627904851
2011-09-29,1.5453772225422782
2011-09-30,1.5199344981295815
2011-10-01,1.4963839661756866
2011-10-02,1.4744361984734526
2011-10-03,1.4538499654656538
2011-10-04,1.4344240526740437
2011-10-05,1.4159904887191612
2011-10-06,1.4587583652450906
2011-10-07,3.8176474346750897
2011-10-08,3.5478978543700115
2011-10-09,2.703096221703635
2011-10-10,2.2045201587855234
2011-10-11,1.9780505610619235
2011-10-12,2.4406956785980074
2011-10-13,2.4379656262223235
2011-10-14,1.978512213965237
2011-10-15,1.882898562547415
2011-10-16,1.8009938139302957
2011-10-17,1.7304843939056476
2011-10-18,1.7377790457218925
2011-10-19,1.9787256186695694
2011-10-20,1.8589156550062442
2011-10-21,1.7240626252959421
2011-10-22,1.6622896450546698
2011-10-23,1.608565677720453
2011-10-24,1.5615530725680193
2011-10-25,1.60209642431672
2011-10-26,1.754908653146358
2011-10-27,1.5991300588318111
2011-10-28,1.5500157352285282
2011-10-29,1.5069065140142313
2011-10-30,1.4688122409931326
2011-10-31,1.4349120157850022
2011-11-01,1.8947387980102588
2011-11-02,2.132838880843934
2011-11-03,1.6716202777022662
2011-11-04,1.6065910303251953
2011-11-05,1.5512115936241162
2011-11-06,1.5035060459150342
2011-11-07,1.460360732237927
2011-11-08,1.4221854484113907
2011-11-09,1.388291448107321
2011-11-10,1.3579829627775473
2011-11-11,1.3306821651932583
2011-11-12,1.305908826454207
2011-11-13,1.2832635400150212
2011-11-14,1.262413876598802
2011-11-15,1.2430829493113291
2011-11-16,1.2250399623821744
2011-11-17,1.2080923937563615
2011-11-18,1.1920795244864777
2011-11-19,1.1768670791554212
2011-11-20,1.1623427835204625
2011-11-21,1.1484126799340004
2011-11-22,1.134998069264481
2011-11-23,1.1220329711493178
2011-11-24,1.1094620133847772
2011-11-25,1.0972386768483275
2011-11-26,1.0853238351701264
2011-11-27,1.0770715148671697
2011-11-28,1.0789476954738704
2011-11-29,1.0666867986946134
2011-11-30,1.053875762948642
2011-12-01,1.1352871147714785
2011-12-02,2.137139516590509
2011-12-03,4.041850253228446
2011-12-04,2.8029273588631605
2011-12-05,2.9468324925824607
2011-12-06,3.339794153786182
2011-12-07,3.4701073694973688
2011-12-08,2.716313192498981
2011-12-09,3.6167764730485374
2011-12-10,2.9626061923663793
2011-12-11,2.4192434496273036
2011-12-12,2.4538027927982147
2011-12-13,5.9545368966098415
2011-12-14,7.990990007571878
2011-12-15,6.716450895185608
2011-12-16,13.409566443662465
2011-12-17,12.275469324741733
2011-12-18,10.382146547026004
2011-12-19,9.778938817050381
2011-12-20,10.166270572954875
2011-12-21,9.258804581788093
2011-12-22,7.991849841682915
2011-12-23,7.891027539516713
2011-12-24,8.553171826094017
2011-12-25,7.582257762060691
2011-12-26,6.855830264018763
2011-12-27,6.23089866467524
2011-12-28,5.605834604809341
2011-12-29,7.424622154860837
2011-12-30,8.390639966678297
2011-12-31,8.324159380419362
2012-01-01,9.23006514202383
2012-01-02,9.83116482489434
2012-01-03,10.308996076870564
2012-01-04,10.12828620680237
2012-01-05,13.36545142436389
2012-01-06,12.682652046138221
2012-01-07,11.585505257604751
2012-01-08,10.448535040912843
2012-01-09,9.468705077868504
2012-01-10,8.663774297226697
2012-01-11,7.855116133539517
2012-01-12,7.326936987725993
2012-01-13,6.916335166921339
2012-01-14,6.402215248638046
2012-01-15,6.0132212436951065
2012-01-16,5.684306927197354
2012-01-17,5.404988738297842
2012-01-18,5.376420508866489
2012-01-19,9.86450932476397
2012-01-20,11.209523211985875
2012-01-21,10.865887763986855
2012-01-22,9.815151297686254
2012-01-23,9.779411166708128
2012-01-24,9.155632262108524
2012-01-25,8.22423832310645
2012-01-26,7.976505299425021
2012-01-27,7.6010022761049525
2012-01-28,7.033144645016988
2012-01-29,6.629637809572203
2012-01-30,6.275664516560529
2012-01-31,5.975176568306015
2012-02-01,5.718566303523999
2012-02-02,5.4982515848303
2012-02-03,5.3079971986214005
2012-02-04,5.14267091067059
2012-02-05,4.998044576795412
2012-02-06,4.870631816248613
2012-02-07,4.757555390382477
2012-02-08,4.656438742301346
2012-02-09,4.565317209427232
2012-02-10,4.482565271579779
2012-02-11,4.406836883202223
2012-02-12,4.337016492314972
2012-02-13,5.061132981208811
2012-02-14,7.024843310828754
2012-02-15,8.72219046411543
2012-02-16,8.137939208125827
2012-02-17,7.547682528409116
2012-02-18,8.598311635803624
2012-02-19,8.232700418614106
2012-02-20,7.4442929438539025
2012-02-21,6.9020815661095725
2012-02-22,6.48191437714264
2012-02-23,6.147281492482034
2012-02-24,5.9112096174044195
2012-02-25,5.683311155105848
2012-02-26,5.449801340942119
2012-02-27,5.245491210325544
2012-02-28,5.0687484561154585
2012-02-29,4.9148817106438
2012-03-01,4.7800237183129015
2012-03-02,4.6609838098638505
2012-03-03,4.555127286829573
2012-03-04,4.660754146105035
2012-03-05,5.856770986767271
2012-03-06,5.961909247512765
2012-03-07,6.99031106550219
2012-03-08,7.0908914811600425
2012-03-09,6.278428763316491
2012-03-10,5.926590817052972
2012-03-11,5.628130126292998
2012-03-12,5.373767096492937
2012-03-13,5.155877224732639
2012-03-14,4.968190113774964
2012-03-15,4.805544315911596
2012-03-16,4.663687435655455
2012-03-17,4.539112965089602
2012-03-18,4.4315265115933515
2012-03-19,4.335166646609186
2012-03-20,4.246394031237684
2012-03-21,4.166099184001674
2012-03-22,4.092924146031799
2012-03-23,4.0257317810796645
2012-03-24,3.9635789955364387
2012-03-25,3.9056829764626024
2012-03-26,3.8513934058684582
2012-03-27,3.800169574533965
2012-03-28,3.7515615162166043
2012-03-29,3.705194443716962
2012-03-30,3.6607558989959075
2012-03-31,3.6179851360370825
2012-04-01,3.5766643419989865
2012-04-02,3.5366113730958273
2012-04-03,3.4976737395715918
2012-04-04,3.459723621503764
2012-04-05,3.422653735949622
2012-04-06,3.386373907716529
2012-04-07,3.355159449935258
2012-04-08,3.3364286486098815
2012-04-09,4.312868197575157
2012-04-10,7.242399654566182
2012-04-11,7.615089456144143
2012-04-12,6.33200605432894
2012-04-13,5.456352596308107
2012-04-14,5.132245083539041
2012-04-15,4.840110624028301
2012-04-16,4.592044294504871
2012-04-17,4.398744816336344
2012-04-18,4.297434698375284
2012-04-19,4.199930576897155
2012-04-20,4.139564871043721
2012-04-21,4.225249468194477
2012-04-22,4.334738190293757
2012-04-23,4.177125858149531
2012-04-24,4.0929542781906685
2012-04-25,4.043687963894868
2012-04-26,4.124556048463751
2012-04-27,4.120925998083569
2012-04-28,4.0344367384996085
2012-04-29,3.984636375312396
2012-04-30,3.9065251094866547
2012-05-01,3.877402516494387
2012-05-02,3.970461644792634
2012-05-03,4.007250262560237
2012-05-04,3.851303179027095
2012-05-05,3.8351041534629413
2012-05-06,3.982272608268381
2012-05-07,3.781240663761597
2012-05-08,3.6566242861021077
2012-05-09,3.585406216972546
2012-05-10,3.5477714021128244
2012-05-11,3.4637752243665303
2012-05-12,3.375980071415276
2012-05-13,3.297684001724523
2012-05-14,3.2276144882033115
2012-05-15,3.273170592573026
2012-05-16,3.420696986566537
2012-05-17,3.3139290289520953
2012-05-18,3.2310193458763443
2012-05-19,3.1583019513899537
2012-05-20,3.1962536228580354
2012-05-21,3.398305822235304
2012-05-22,3.1579594120748546
2012-05-23,3.0856237051272237
2012-05-24,3.0215650308063213
2012-05-25,2.9619253634510403
2012-05-26,2.9075972848546456
2012-05-27,2.8579016572543714
2012-05-28,2.8121091228098245
2012-05-29,2.769613361659012
2012-05-30,2.7299099460679117
2012-05-31,2.7031722594776135
2012-06-01,2.6804179351663264
2012-06-02,2.644954105627122
2012-06-03,4.117260431885888
2012-06-04,5.530175950451958
2012-06-05,3.8230861612873954
2012-06-06,4.514115351252841
2012-06-07,6.378903836250132
2012-06-08,4.8392783320938735
2012-06-09,3.9209998592308746
2012-06-10,3.7003913775950044
2012-06-11,4.694401178512701
2012-06-12,4.789850263431245
2012-06-13,3.8805413551206183
2012-06-14,3.6687439585741006
2012-06-15,4.980792610543305
2012-06-16,5.709683554189307
2012-06-17,4.479489127140639
2012-06-18,5.455579433994909
2012-06-19,5.220266550785184
2012-06-20,4.353348085891171
2012-06-21,4.479605322048754
2012-06-22,4.398055092012207
2012-06-23,3.9885273012750297
2012-06-24,4.007117294118122
2012-06-25,4.268402761417378
2012-06-26,3.8192563923021363
2012-06-27,3.6344922011233383
2012-06-28,3.4765195068790056
2012-06-29,3.3407589023171336
2012-06-30,3.2234348202386567
2012-07-01,3.1214318238286847
2012-07-02,3.0321770682527327
2012-07-03,2.9535440754884594
2012-07-04,2.883773884128211
2012-07-05,2.8303096902792717
2012-07-06,2.795016134078452
2012-07-07,2.7566867974907017
2012-07-08,3.034541604922731
2012-07-09,3.6382901619969235
2012-07-10,2.987625801976026
2012-07-11,4.028815461154515
2012-07-12,3.967950195408162
2012-07-13,4.520739063898977
2012-07-14,5.424482951978439
2012-07-15,5.395819628089698
2012-07-16,5.1708244461918556
2012-07-17,5.04368021861955
2012-07-18,4.346835491391194
2012-07-19,3.9949677573804805
2012-07-20,4.4729178663543925
2012-07-21,4.1817015523973184
2012-07-22,3.769363203543984
2012-07-23,3.5744344185505033
2012-07-24,3.40825020721149
2012-07-25,3.265884867720789
2012-07-26,3.143278617187189
2012-07-27,3.900035577381489
2012-07-28,4.654498511545849
2012-07-29,4.245307868298449
2012-07-30,3.5558817575027697
2012-07-31,3.4041621254668804
2012-08-01,3.272536721582341
2012-08-02,3.1580275307253785
2012-08-03,3.046810875527663
2012-08-04,2.9496914895952493
2012-08-05,2.864742474366247
2012-08-06,2.8080604707101906
2012-08-07,2.759722486697013
2012-08-08,2.6969833508899117
2012-08-09,2.6395788717434026
2012-08-10,2.5875320352169946
2012-08-11,2.540260929008917
2012-08-12,2.497004470032291
2012-08-13,2.4571305674215123
2012-08-14,2.4201138477082917
2012-08-15,2.3855172910841405
2012-08-16,2.3529770801870753
2012-08-17,2.3221900898441428
2012-08-18,2.292903549684247
2012-08-19,2.264906495942785
2012-08-20,2.238022697692901
2012-08-21,2.21210479905433
2012-08-22,2.187029464994547
2012-08-23,2.1626933560485178
2012-08-24,2.1409050431390946
2012-08-25,2.120979290071118
2012-08-26,4.190227232519676
2012-08-27,3.2796499963804506
2012-08-28,2.2481220891884326
2012-08-29,2.201593100857346
2012-08-30,2.1647735272201567
2012-08-31,2.1912525553353306
2012-09-01,2.174710697237104
2012-09-02,2.1091966880656634
2012-09-03,2.0717309276522458
2012-09-04,2.0373415657805385
2012-09-05,2.0055481219898645
2012-09-06,1.9759508514244495
2012-09-07,1.9482169216381544
2012-09-08,1.9220689941069722
2012-09-09,1.8972757852798294
2012-09-10,1.8736442584358122
2012-09-11,1.8684386217653486
2012-09-12,2.1797884208877294
2012-09-13,2.706009307226859
2012-09-14,2.199892234198732
2012-09-15,1.8725597056782055
2012-09-16,1.8405561366608507
2012-09-17,1.811060664122582
2012-09-18,1.7836811207970147
2012-09-19,1.7582189057001212
2012-09-20,1.7342931328104054
2012-09-21,1.7115065264905134
2012-09-22,1.6898323455587436
2012-09-23,1.6742170059577957
2012-09-24,3.44440348025363
2012-09-25,2.7256194524708293
2012-09-26,1.9996021728342666
2012-09-27,2.8244930443376526
2012-09-28,2.1384349722089095
2012-09-29,1.8045130401866254
2012-09-30,1.758409457014731
2012-10-01,1.7174201877790718
2012-10-02,1.685824661654267
2012-10-03,3.7618675788348828
2012-10-04,6.469124453722736
2012-10-05,4.78777960868202
2012-10-06,3.8144134342212443
2012-10-07,3.0049634281414774
2012-10-08,2.5777828035593715
2012-10-09,2.430716566718197
2012-10-10,2.297083882138308
2012-10-11,2.2186470802094846
2012-10-12,3.881356276409838
2012-10-13,4.814631012396141
2012-10-14,3.4681823924375466
2012-10-15,2.7979300095334416
2012-10-16,2.7134644193828534
2012-10-17,2.8821630182590283
2012-10-18,2.548032969730788
2012-10-19,2.36967592751733
2012-10-20,2.255041950062367
2012-10-21,2.1569112064039344
2012-10-22,2.0724860437897146
2012-10-23,1.9994556035841262
2012-10-24,1.9359096015099508
2012-10-25,1.881683761091974
2012-10-26,2.1804802415949287
2012-10-27,2.3759004116369042
2012-10-28,2.0187118973283034
2012-10-29,1.9991025163017886
2012-10-30,2.8782083233109277
2012-10-31,2.491854205225073
2012-11-01,2.411107488255602
2012-11-02,3.338022092685104
2012-11-03,3.607224318668892
2012-11-04,3.5566934702322075
2012-11-05,3.0381594781554484
2012-11-06,2.767215402745433
2012-11-07,2.873936477746897
2012-11-08,2.6010591481285354
2012-11-09,2.4525532824130734
2012-11-10,2.3750824279697387
2012-11-11,2.239115731143312
2012-11-12,2.1341346714204574
2012-11-13,2.058199647952731
2012-11-14,2.0068391471279843
2012-11-15,1.9424435047822028
2012-11-16,1.885270405686373
2012-11-17,1.8350078171442776
2012-11-18,2.305216509412188
2012-11-19,2.4245114371593353
2012-11-20,2.062968454124773
2012-11-21,1.9857150706067814
2012-11-22,1.928486778283186
2012-11-23,2.625965844552408
2012-11-24,2.6325336213249737
2012-11-25,2.208527574875002
2012-11-26,2.098861198777871
2012-11-27,2.121158348054356
2012-11-28,2.006205143635395
2012-11-29,1.9093137045137387
2012-11-30,1.8478993090388764
2012-12-01,2.4499335789861045
2012-12-02,4.238593163268274
2012-12-03,4.9090674280858275
2012-12-04,4.762069588632782
2012-12-05,5.52045881065498
2012-12-06,4.652580364653878
2012-12-07,5.488690731172859
2012-12-08,4.586408750840216
2012-12-09,6.50078354723383
2012-12-10,6.553049988074623
2012-12-11,5.412437709258267
2012-12-12,4.705642416068888
2012-12-13,4.286503345745428
2012-12-14,6.296782642518527
2012-12-15,6.027005750233783
2012-12-16,5.398268541293718
2012-12-17,5.3849479206829605
2012-12-18,5.051620262691762
2012-12-19,4.53788567205741
2012-12-20,6.718794693225793
2012-12-21,6.382346410320154
2012-12-22,9.849346982830923
2012-12-23,13.073632035157361
2012-12-24,12.522362873788504
2012-12-25,12.46235809992627
2012-12-26,14.772128293052113
2012-12-27,15.287937760286226
2012-12-28,13.755012661060562
2012-12-29,12.111577267164293
2012-12-30,11.132174883062197
2012-12-31,10.618068248770944
2013-01-01,12.248267252282554
2013-01-02,11.2758641304827
2013-01-03,10.622065185736497
2013-01-04,9.784101719405156
2013-01-05,8.775410994462797
2013-01-06,8.072068481233172
2013-01-07,7.446501781879661
2013-01-08,6.935184924554451
2013-01-09,7.374312098329484
2013-01-10,7.170227028947963
2013-01-11,6.613000008082413
2013-01-12,6.2701444715824275
2013-01-13,5.94966956220675
2013-01-14,5.674637327480943
2013-01-15,5.439367503685095
2013-01-16,5.23698014073408
2013-01-17,5.061842550736718
2013-01-18,4.909316089936991
2013-01-19,4.77557736566722
2013-01-20,4.657472220807663
2013-01-21,4.55448012428698
2013-01-22,4.462236958161491
2013-01-23,4.3765727689201555
2013-01-24,4.2986276377011885
2013-01-25,4.22716449863841
2013-01-26,4.161157769485587
2013-01-27,8.739736731839686
2013-01-28,7.72657446258873
2013-01-29,10.099631742962567
2013-01-30,10.667887949755155
2013-01-31,9.820210421954057
2013-02-01,12.246347270802241
2013-02-02,11.782923314681694
2013-02-03,10.349660984482115
2013-02-04,10.363189368596311
2013-02-05,11.099425309270805
2013-02-06,11.441348955138709
2013-02-07,12.35197120916425
2013-02-08,11.824890436733538
2013-02-09,10.467076454249293
2013-02-10,9.75256154037213
2013-02-11,9.00452340753151
2013-02-12,8.377793912249548
2013-02-13,7.848219050267897
2013-02-14,7.4106838210919035
2013-02-15,8.063867844534608
2013-02-16,7.447164758811131
2013-02-17,7.056013321317998
2013-02-18,6.723481061189378
2013-02-19,6.439353761055101
2013-02-20,6.195262313279745
2013-02-21,5.98432548425161
2013-02-22,5.800880241454588
2013-02-23,5.640261922161223
2013-02-24,5.669656608858925
2013-02-25,6.604962659740945
2013-02-26,6.5235692620527885
2013-02-27,6.13656376811403
2013-02-28,5.910653006193653
2013-03-01,5.715070896386853
2013-03-02,5.54465220950204
2013-03-03,5.395140143536623
2013-03-04,5.263023511925877
2013-03-05,5.145403664417686
2013-03-06,5.039885604173841
2013-03-07,4.957639108130997
2013-03-08,4.947836727139923
2013-03-09,5.445220095782723
2013-03-10,6.600195251705215
2013-03-11,5.954992632155463
2013-03-12,5.702347183737266
2013-03-13,5.491473470807477
2013-03-14,5.404722102842953
2013-03-15,5.543660333500362
2013-03-16,6.548067273528569
2013-03-17,6.004107963061845
2013-03-18,5.780963663021667
2013-03-19,5.729704358505935
2013-03-20,7.753032796595311
2013-03-21,7.58797888270835
2013-03-22,6.913156805916631
2013-03-23,6.520865341471143
2013-03-24,6.242461100659114
2013-03-25,6.019918280434481
2013-03-26,5.766160930908273
2013-03-27,5.534162155411068
2013-03-28,5.335262350096702
2013-03-29,5.162851164398494
2013-03-30,5.011599601906915
2013-03-31,4.878632627267438
2013-04-01,4.760990939689733
2013-04-02,4.656124659960798
2013-04-03,4.5619266321794445
2013-04-04,4.476654094766618
2013-04-05,4.398864462158358
2013-04-06,4.327362627467413
2013-04-07,4.261157680912128
2013-04-08,4.19942733085845
2013-04-09,4.227443212886688
2013-04-10,4.381441856211664
2013-04-11,4.619901742572311
2013-04-12,5.511458203539917
2013-04-13,5.129899746075989
2013-04-14,4.851738010636938
2013-04-15,4.684777431292434
2013-04-16,4.539567534496089
2013-04-17,4.410334151293208
2013-04-18,4.296536491487501
2013-04-19,4.238000557937392
2013-04-20,4.209035349859811
2013-04-21,4.11811011811259
2013-04-22,4.031834621669158
2013-04-23,3.9539650605792453
2013-04-24,3.8831409836330706
2013-04-25,3.8182349125224495
2013-04-26,3.8770258594652636
2013-04-27,4.0193777403710405
2013-04-28,3.9346623116754262
2013-04-29,3.8480608241226513
2013-04-30,3.770224106258389
2013-05-01,3.6997286620093344
2013-05-02,3.6353946647203905
2013-05-03,3.576243468940795
2013-05-04,3.5214626576583523
2013-05-05,3.4703772650433784
2013-05-06,3.4224260646457165
2013-05-07,3.3856764648508304
2013-05-08,3.8575482149786477
2013-05-09,4.078746035251375
2013-05-10,3.5879649846032993
2013-05-11,3.545828909720352
2013-05-12,3.618746136552007
2013-05-13,3.765127235477818
2013-05-14,3.53868123764113
2013-05-15,3.4507450092603285
2013-05-16,5.792173104342343
2013-05-17,6.706095090776877
2013-05-18,5.253198402087134
2013-05-19,4.57835090628305
2013-05-20,4.339251602626001
2013-05-21,4.64353815470863
2013-05-22,5.239975734071348
2013-05-23,7.821672651586546
2013-05-24,7.124852067132175
2013-05-25,5.8082733718892285
2013-05-26,5.483533677674842
2013-05-27,5.314371402690978
2013-05-28,5.03535843557474
2013-05-29,5.619356087372727
2013-05-30,5.563430569516757
2013-05-31,4.9265441142162825
2013-06-01,4.6571414782016065
2013-06-02,4.4281774933470945
2013-06-03,4.232670458082257
2013-06-04,4.064874947250121
2013-06-05,3.9200587574259718
2013-06-06,3.7943208737714618
2013-06-07,3.6844427591131255
2013-06-08,3.587766746108567
2013-06-09,3.5020964975605775
2013-06-10,3.425615453937296
2013-06-11,3.356819956670671
2013-06-12,3.294464357270492
2013-06-13,3.2557254776649245
2013-06-14,3.228439926655982
2013-06-15,3.176898348086499
2013-06-16,3.1263773007711957
2013-06-17,3.0794616541675808
2013-06-18,3.035599131776779
2013-06-19,3.0082475146809107
2013-06-20,3.019462207236371
2013-06-21,3.015717097948272
2013-06-22,2.992206352327788
2013-06-23,2.933193007024712
2013-06-24,2.8910286526468116
2013-06-25,2.8505131245137925
2013-06-26,2.8176229687456424
2013-06-27,3.116340854870442
2013-06-28,4.214090414672688
2013-06-29,3.7786492091012813
2013-06-30,3.0935852441975658
2013-07-01,2.970723547261425
2013-07-02,2.900316611719164
2013-07-03,2.8762027023751275
2013-07-04,2.933672771427352
2013-07-05,2.8195416871629564
2013-07-06,2.7606142145646473
2013-07-07,2.7073846898372502
2013-07-08,2.658937552958322
2013-07-09,2.6145128752630664
2013-07-10,2.5734794155679093
2013-07-11,2.535312418799807
2013-07-12,2.4995753081062198
2013-07-13,2.4659045760964178
2013-07-14,2.433997306850475
2013-07-15,2.403600863048781
2013-07-16,2.3745043563989827
2013-07-17,2.346531588007151
2013-07-18,2.319535201318624
2013-07-19,2.293391836060961
2013-07-20,2.2679981091373986
2013-07-21,2.2432672791710404
2013-07-22,2.2191264766283516
2013-07-23,2.1955144021642723
2013-07-24,2.172703252721337
2013-07-25,2.702845607506685
2013-07-26,2.610676232093431
2013-07-27,6.9232095090248436
2013-07-28,3.9761665265443553
2013-07-29,2.4017940329658782
2013-07-30,2.357219159696067
2013-07-31,2.304457572570805
2013-08-01,2.2500770749590893
2013-08-02,2.2012423795657012
2013-08-03,2.1572729508784865
2013-08-04,2.1173844502882253
2013-08-05,2.08092590726628
2013-08-06,2.0473566275603976
2013-08-07,2.17138299206039
2013-08-08,2.3213001189291758
2013-08-09,2.0182779643113964
2013-08-10,1.9850247449337572
2013-08-11,1.9552881926650547
2013-08-12,1.9279842945905978
2013-08-13,1.900931683969963
2013-08-14,1.8752965525354044
2013-08-15,1.851004700935845
2013-08-16,1.8278641573087213
2013-08-17,1.8057145799374166
2013-08-18,1.7879892578095908
2013-08-19,1.7745643628370986
2013-08-20,1.7929824453687908
2013-08-21,1.7370515614854198
2013-08-22,1.7167657946058272
2013-08-23,1.6971614997917044
2013-08-24,1.6788330326492507
2013-08-25,1.662410846840036
2013-08-26,1.6455733680557
2013-08-27,1.6276080051302049
2013-08-28,1.6099733510892136
2013-08-29,1.5927416612153174
2013-08-30,1.5758724971087563
2013-08-31,1.5593317267166757
2013-09-01,1.5430904926643711
2013-09-02,1.52712435195847
2013-09-03,1.5114125582023885
2013-09-04,1.4959374623931596
2013-09-05,1.4806840124435565
2013-09-06,1.4657517035372305
2013-09-07,1.4511523821124062
2013-09-08,1.5487674130171702
2013-09-09,3.5722162414876517
2013-09-10,4.549054927807691
2013-09-11,2.669238863732519
2013-09-12,1.9820877127986432
2013-09-13,1.729395424546378
2013-09-14,2.759855064592648
2013-09-15,2.4692366475197898
2013-09-16,1.8956101624952713
2013-09-17,2.030180882180551
2013-09-18,2.1143684816714443
2013-09-19,1.785932625364764
2013-09-20,1.4654783189207228
2013-09-21,1.4248649682914334
2013-09-22,1.3956512464860038
2013-09-23,1.3691883060906547
2013-09-24,1.34504066718917
2013-09-25,1.3228458626648032
2013-09-26,1.302301979673335
2013-09-27,1.2831573605409374
2013-09-28,1.2652020827337456
2013-09-29,1.2482609056599399
2013-09-30,1.2321874277710458
2013-10-01,1.2168592430274703
2013-10-02,1.2021739231500579
2013-10-03,1.192704938211434
2013-10-04,1.2142445392024632
2013-10-05,1.3812034298226454
2013-10-06,1.186884072774957
2013-10-07,1.1697314253630278
2013-10-08,1.1536098187337724
2013-10-09,1.1934018791172998
2013-10-10,1.389448126674185
2013-10-11,1.8824314057750995
2013-10-12,1.7291201580943631
2013-10-13,5.332863069174398
2013-10-14,3.878770586257124
2013-10-15,2.248758005069905
2013-10-16,1.8016066078378425
2013-10-17,2.39973041505072
2013-10-18,1.9360042547134215
2013-10-19,1.5123362778003315
2013-10-20,1.443598435050011
2013-10-21,1.384514168130659
2013-10-22,2.784809680365017
2013-10-23,2.6926294410235916
2013-10-24,1.7392476705373097
2013-10-25,1.5541443077810175
2013-10-26,1.484072317231516
2013-10-27,1.6561511350776212
2013-10-28,3.4177854138288226
2013-10-29,2.328402770185561
2013-10-30,1.6971494902093047
2013-10-31,1.6042255952336444
2013-11-01,1.5454027681004376
2013-11-02,4.483258346107569
2013-11-03,3.9969262169662314
2013-11-04,4.834128962843212
2013-11-05,5.187757934229277
2013-11-06,5.303633221767545
2013-11-07,7.890470029808124
2013-11-08,8.450026989436314
2013-11-09,6.870994623424384
2013-11-10,6.539801393688843
2013-11-11,5.596816595503242
2013-11-12,4.839515650616238
2013-11-13,4.453054512802127
2013-11-14,5.03733653705796
2013-11-15,4.619276687719627
2013-11-16,3.9344277710117446
2013-11-17,3.6061014590844707
2013-11-18,3.3338340338704615
2013-11-19,3.104849161743783
2013-11-20,3.361838366919533
2013-11-21,3.5992734993926097
2013-11-22,3.151944402321304
2013-11-23,2.9179081045808624
2013-11-24,2.7578662498247866
2013-11-25,2.6220098420264804
2013-11-26,2.5056559053648866
2013-11-27,2.4095901570593976
2013-11-28,2.3589861611619605
2013-11-29,3.2110547825773033
2013-11-30,3.6903358918437554
2013-12-01,3.18025591634253
2013-12-02,2.831005738587015
2013-12-03,2.683460550711685
2013-12-04,2.5680218052880295
2013-12-05,2.641067823182619
2013-12-06,2.5401863813478873
2013-12-07,2.4812136299877645
2013-12-08,2.4346524873911126
2013-12-09,2.3053439951159445
2013-12-10,2.2305738958828623
2013-12-11,2.165202448762541
2013-12-12,2.1076685363586787
2013-12-13,2.0566794808410735
2013-12-14,2.521103358196075
2013-12-15,2.5700487505462144
2013-12-16,2.285581952859427
2013-12-17,2.2048179975947613
2013-12-18,2.1345692271492687
2013-12-19,3.5456432575838472
2013-12-20,3.2932738938372115
2013-12-21,2.975839875712024
2013-12-22,3.6236453075399173
2013-12-23,3.310344899839342
2013-12-24,7.315796415289495
2013-12-25,8.468739412634532
2013-12-26,6.7984074543724935
2013-12-27,7.213600909218521
2013-12-28,9.859124392147757
2013-12-29,8.92152970667503
2013-12-30,7.370606800909848
2013-12-31,6.564381045992877
2014-01-01,6.202272952100629
2014-01-02,5.9914599652969605
2014-01-03,6.812224032837544
2014-01-04,6.151074124762261
2014-01-05,5.388652920875515
2014-01-06,5.6763048232134174
2014-01-07,5.34483570902263
2014-01-08,5.02049400987437
2014-01-09,5.404999607215707
2014-01-10,4.9790198294849395
2014-01-11,4.523236033478927
2014-01-12,4.250360518567185
2014-01-13,4.019280145395509
2014-01-14,3.8512125086167734
2014-01-15,4.554190914957122
2014-01-16,4.6530745004294225
2014-01-17,4.8188655579787705
2014-01-18,4.512531667691318
2014-01-19,4.1585042858763686
2014-01-20,5.3118852941818995
2014-01-21,5.120560720461948
2014-01-22,4.56447381739725
2014-01-23,5.449499802067677
2014-01-24,5.228666047748223
2014-01-25,6.025557136859775
2014-01-26,7.425460609497681
2014-01-27,6.681363478730432
2014-01-28,5.839425465335673
2014-01-29,5.401719625324071
2014-01-30,5.0341533393162345
2014-01-31,4.72442288951824
2014-02-01,5.76589572419818
2014-02-02,5.747890576523607
2014-02-03,5.082439326087612
2014-02-04,4.772978619519484
2014-02-05,4.543113211646319
2014-02-06,6.187810845447633
2014-02-07,7.298946695192902
2014-02-08,7.4558296530247565
2014-02-09,6.748165564970609
2014-02-10,6.095834460427742
2014-02-11,6.057208187319673
2014-02-12,6.199476291926781
2014-02-13,7.006491883673731
2014-02-14,8.940868779510941
2014-02-15,8.253307470871102
2014-02-16,7.132074484383089
2014-02-17,6.583359959353872
2014-02-18,6.119532355496815
2014-02-19,5.745077153764167
2014-02-20,5.4915963322444865
2014-02-21,5.592907889354712
2014-02-22,5.39553309734132
2014-02-23,5.07412022686326
2014-02-24,4.8355579133617494
2014-02-25,4.638665095062
2014-02-26,4.470872667361125
2014-02-27,4.445708071486995
2014-02-28,5.129521658747241
2014-03-01,4.978390128117831
2014-03-02,4.634694069024647
2014-03-03,4.45280179579622
2014-03-04,4.295595643635814
2014-03-05,4.15803382996346
2014-03-06,4.037839306304971
2014-03-07,3.93210178453921
2014-03-08,3.8384104946180915
2014-03-09,3.754772666420161
2014-03-10,3.6795396903881774
2014-03-11,3.6113465598619814
2014-03-12,3.549062160982406
2014-03-13,3.4917484308770015
2014-03-14,3.438626772959218
2014-03-15,3.389069219567696
2014-03-16,3.3425286825246343
2014-03-17,3.2985140151910457
2014-03-18,3.2576288319029008
2014-03-19,3.2187594012231195
2014-03-20,3.1802336569896066
2014-03-21,3.3188741999242097
2014-03-22,3.6762538926148953
2014-03-23,3.6435046532417767
2014-03-24,3.627349947751085
2014-03-25,3.5076377144791295
2014-03-26,3.4124420861905627
2014-03-27,3.3282821091075774
2014-03-28,3.2533336136664484
2014-03-29,3.186086645879788
2014-03-30,3.1252903442973987
2014-03-31,3.06990765846311
2014-04-01,3.0190781196572742
2014-04-02,2.97208720616143
2014-04-03,2.928341114124669
2014-04-04,2.887345963414928
2014-04-05,2.848690645293557
2014-04-06,2.8120326631522716
2014-04-07,2.881747625693931
2014-04-08,3.0608265243265538
2014-04-09,2.990189795704319
2014-04-10,2.923587786453305
2014-04-11,2.8631097738252325
2014-04-12,2.8084197856820006
2014-04-13,2.7585907911197105
2014-04-14,2.7128529419609504
2014-04-15,2.6705664333098156
2014-04-16,2.6311991272066653
2014-04-17,2.5943080893188504
2014-04-18,2.559524342956357
2014-04-19,2.526540270524135
2014-04-20,2.495099195186327
2014-04-21,2.472342442265169
2014-04-22,2.4507810385094464
2014-04-23,2.422326422500848
2014-04-24,2.622105994045631
2014-04-25,2.829307477874344
2014-04-26,2.4967805868180855
2014-04-27,2.45038616703745
2014-04-28,2.408012773429966
2014-04-29,2.3726563568372847
2014-04-30,2.34112262497048
2014-05-01,2.315097862529362
2014-05-02,2.2916383425487132
2014-05-03,2.259153671860259
2014-05-04,2.2280625298453534
2014-05-05,2.198682129652281
2014-05-06,2.2875489992117957
2014-05-07,2.644750393150816
2014-05-08,2.909369695964433
2014-05-09,2.703907861124078
2014-05-10,3.3807698150596686
2014-05-11,3.1006111153683906
2014-05-12,4.008054466138161
2014-05-13,4.245550800849164
2014-05-14,3.7435033762820997
2014-05-15,3.1291776167117704
2014-05-16,2.825288533255584
2014-05-17,2.6984702794245123
2014-05-18,2.58954266239773
2014-05-19,2.4954821541767394
2014-05-20,2.614056354590088
2014-05-21,2.701927320941594
2014-05-22,2.453811564715297
2014-05-23,2.3799539226507815
2014-05-24,2.3101331074684066
2014-05-25,2.2484955321770648
2014-05-26,2.199976825751269
2014-05-27,3.714376525558777
2014-05-28,3.3706876039291376
2014-05-29,2.556746459277577
2014-05-30,2.454417340138907
2014-05-31,2.3660134875948766
2014-06-01,2.2891961144070034
2014-06-02,2.2220308155850588
2014-06-03,2.165470015436096
2014-06-04,2.5239103699396916
2014-06-05,2.8202194340259368
2014-06-06,2.271720287550219
2014-06-07,2.2004927033138775
2014-06-08,2.1380740482175065
2014-06-09,2.116524291624267
2014-06-10,3.2266677825002303
2014-06-11,2.8953336788338224
2014-06-12,2.260466824756358
2014-06-13,2.183773087122679
2014-06-14,2.116738025966995
2014-06-15,2.0579281071523954
2014-06-16,2.005981332104653
2014-06-17,1.9597695321416293
2014-06-18,1.9183575104944033
2014-06-19,1.8809694466258728
2014-06-20,1.8469612491010403
2014-06-21,1.8157977852673641
2014-06-22,1.7870341125891835
2014-06-23,1.7602999963360368
2014-06-24,1.7352871284444251
2014-06-25,1.7117385683919977
2014-06-26,1.6894400133894327
2014-06-27,1.6725626616752802
2014-06-28,1.6633009627730546
2014-06-29,2.3032794807567165
2014-06-30,2.10822231630526
2014-07-01,1.6690798991917417
2014-07-02,1.6417977454949924
2014-07-03,1.6165269136547378
2014-07-04,1.5929598900161788
2014-07-05,1.5824577921474459
2014-07-06,1.9216623678276903
2014-07-07,1.7551813600470514
2014-07-08,6.185925898778898
2014-07-09,10.401282213306642
2014-07-10,5.65299851865723
2014-07-11,3.1799165275071863
2014-07-12,2.9144024613481783
2014-07-13,3.3264706387470446
2014-07-14,3.3385225144854176
2014-07-15,2.7116904884050683
2014-07-16,2.5386226627372266
2014-07-17,2.392119637220928
2014-07-18,2.267622871494897
2014-07-19,2.161374200222808
2014-07-20,2.3048859216009228
2014-07-21,2.5490510585794834
2014-07-22,2.47003914637201
2014-07-23,2.149359240304146
2014-07-24,2.059441342039961
2014-07-25,1.981917138950508
2014-07-26,1.9147039743759517
2014-07-27,1.8659502235671057
2014-07-28,2.5497943505769562
2014-07-29,6.1514277249077205
2014-07-30,4.296972692878543
2014-07-31,2.539544559197857
2014-08-01,2.3903746760757105
2014-08-02,2.2637159231428226
2014-08-03,2.792234341865715
2014-08-04,2.9655008357315427
2014-08-05,2.3166667182293437
2014-08-06,2.23623998559389
2014-08-07,2.217309953915589
2014-08-08,6.523496008245569
2014-08-09,5.009125926944382
2014-08-10,3.456513621607032
2014-08-11,3.256805150853884
2014-08-12,2.9251853860094332
2014-08-13,2.7563792435262555
2014-08-14,2.63431451040321
2014-08-15,3.234539702508398
2014-08-16,3.3514529332819447
2014-08-17,3.759739447623737
2014-08-18,3.361827034054102
2014-08-19,2.825581987553033
2014-08-20,2.6843354855530386
2014-08-21,2.5564354101880595
2014-08-22,2.498892746357527
2014-08-23,2.65856782975801
2014-08-24,2.4424355087202434
2014-08-25,4.548812087724584
2014-08-26,13.181433203617752
2014-08-27,9.809542592816536
2014-08-28,6.922333045570599
2014-08-29,6.342930287580086
2014-08-30,5.921853729580576
2014-08-31,6.253058783364549
2014-09-01,5.4801681161324085
2014-09-02,4.8958900080576555
2014-09-03,4.4938331613512075
2014-09-04,4.156925854955239
2014-09-05,3.873747935851972
2014-09-06,3.634925973300699
2014-09-07,3.4327592057682637
2014-09-08,3.2609152416804084
2014-09-09,3.1141822300296265
2014-09-10,2.988266802703327
2014-09-11,2.879629161235575
2014-09-12,2.785348341580034
2014-09-13,2.7030120245260636
2014-09-14,2.6306263323568877
2014-09-15,2.5665419165250456
2014-09-16,2.509393338037298
2014-09-17,2.4580493049830294
2014-09-18,2.7079942701349595
2014-09-19,2.972033762065227
2014-09-20,2.568953109836229
2014-09-21,2.7340231471094003
2014-09-22,2.820773101901597
2014-09-23,2.610917447440521
2014-09-24,2.557741062091299
2014-09-25,2.544382096388084
2014-09-26,2.455208560555613
2014-09-27,2.3943868986208607
2014-09-28,2.3402055004284725
2014-09-29,2.2916441579736033
2014-09-30,2.247770325504933
2014-10-01,2.207712391687208
2014-10-02,2.170954942022427
2014-10-03,2.1369823199052003
2014-10-04,2.110389063637813
2014-10-05,2.0990463059737543
2014-10-06,2.1140231777190053
2014-10-07,2.2987713173408086
2014-10-08,3.1390511527144564
2014-10-09,2.6834510827871187
2014-10-10,2.31641734112079
2014-10-11,2.520320659850447
2014-10-12,3.201919342606907
2014-10-13,2.854173771679322
2014-10-14,2.423120042071713
2014-10-15,2.3361768316669687
2014-10-16,2.579870538609988
2014-10-17,2.8611924322441045
2014-10-18,2.4222323268519017
2014-10-19,2.3210024525185053
2014-10-20,2.2434387247252956
2014-10-21,3.505461372972921
2014-10-22,4.656024007556741
2014-10-23,3.597691380257927
2014-10-24,3.166463939301568
2014-10-25,3.1996576361474904
2014-10-26,2.9025952370422026
2014-10-27,2.707874309621538
2014-10-28,2.5786912327878078
2014-10-29,2.525352183252874
2014-10-30,2.5738057194528485
2014-10-31,2.444403421819328
2014-11-01,2.3517072305836946
2014-11-02,2.374641975689968
2014-11-03,5.116848317535868
2014-11-04,4.3479549621823175
2014-11-05,3.394643617812225
2014-11-06,3.1022658260613767
2014-11-07,2.9206484588940906
2014-11-08,2.7748965929306944
2014-11-09,2.661411790718215
2014-11-10,2.6661571829574786
2014-11-11,2.5926745775649644
2014-11-12,2.4668227357931447
2014-11-13,2.405062663431416
2014-11-14,3.086730013399503
2014-11-15,4.754526534495517
2014-11-16,4.672357238715787
2014-11-17,3.8533944738125006
2014-11-18,3.391513305876209
2014-11-19,3.1952681643804226
2014-11-20,2.9977465005679904
2014-11-21,2.836974389482504
2014-11-22,2.7000369447985264
2014-11-23,2.582859731892871
2014-11-24,2.5055208388477905
2014-11-25,2.4777418891778527
2014-11-26,2.394003133185954
2014-11-27,2.3417410392682956
2014-11-28,2.3664799729097323
2014-11-29,2.2765461934441613
2014-11-30,3.098018597495955
2014-12-01,2.9993820291970583
2014-12-02,2.559407965397714
2014-12-03,2.4531493201776757
2014-12-04,2.361588830746203
2014-12-05,2.433873504266404
2014-12-06,2.4011148302472276
2014-12-07,3.0253185795927755
2014-12-08,3.212934766556014
2014-12-09,3.145971233969929
2014-12-10,3.703618136010508
2014-12-11,4.237983689878733
2014-12-12,5.754021784859549
2014-12-13,5.007236209085433
2014-12-14,4.179750904917241
2014-12-15,4.044022036779544
2014-12-16,4.217945605747681
2014-12-17,4.8888076078308655
2014-12-18,4.9469706521218475
2014-12-19,7.666873210167304
2014-12-20,6.784272449560883
2014-12-21,5.694972410134034
2014-12-22,5.216135204835802
2014-12-23,4.725310010172916
2014-12-24,5.065476141571627
2014-12-25,5.983467836266274
2014-12-26,5.370592120669429
2014-12-27,11.21843481556651
2014-12-28,9.857465767016818
2014-12-29,8.214518911391227
2014-12-30,8.377223089040315
2014-12-31,8.772742050151917
2015-01-01,7.741094484888227
2015-01-02,7.686711171065826
2015-01-03,10.200343821428767
2015-01-04,9.35981407259847
2015-01-05,7.938205235867001
2015-01-06,7.206162204305375
2015-01-07,6.595833801803091
2015-01-08,14.238108711383271
2015-01-09,17.429059133233896
2015-01-10,15.739604006858237
2015-01-11,13.607767992583796
2015-01-12,11.92529211729776
2015-01-13,12.193037084409951
2015-01-14,13.48397877340757
2015-01-15,13.29395535334983
2015-01-16,12.041864982475701
2015-01-17,10.747650278014712
2015-01-18,10.71975914680278
2015-01-19,10.718962826173694
2015-01-20,9.75800489559006
2015-01-21,8.922048027249877
2015-01-22,8.276322114052265
2015-01-23,7.734230955436136
2015-01-24,9.928989360870506
2015-01-25,10.003688239647788
2015-01-26,9.533918249269409
2015-01-27,8.908997958438775
2015-01-28,9.832103846838814
2015-01-29,9.875634413881674
2015-01-30,9.853889266655154
2015-01-31,9.250771023977169
2015-02-01,9.27006363762752
2015-02-02,9.63953529829809
2015-02-03,8.999178741026043
2015-02-04,8.33919160852418
2015-02-05,7.859151953941988
2015-02-06,7.443735719414722
2015-02-07,7.097069427493128
2015-02-08,6.791759148834188
2015-02-09,6.529493638430928
2015-02-10,6.3031321891504115
2015-02-11,6.10667324926579
2015-02-12,5.93478450957393
2015-02-13,5.783370135608308
2015-02-14,5.670231344036895
2015-02-15,5.585067515157244
2015-02-16,5.47095224261403
2015-02-17,5.365944710702741
2015-02-18,5.270425240956365
2015-02-19,5.182867749726917
2015-02-20,7.2141667315012485
2015-02-21,9.681356508205543
2015-02-22,8.823512468430787
2015-02-23,10.227860320864897
2015-02-24,11.061806229495808
2015-02-25,10.153322340184479
2015-02-26,10.545053244014058
2015-02-27,10.035321846306834
2015-02-28,9.051319166587225
2015-03-01,8.54724421837621
2015-03-02,9.437247232850174
2015-03-03,11.101967636297312
2015-03-04,10.41290819382966
2015-03-05,9.299017283940763
2015-03-06,8.668244034150192
2015-03-07,8.137635367793402
2015-03-08,7.689515514054089
2015-03-09,7.309404664851336
2015-03-10,6.985429330789898
2015-03-11,6.707843765872284
2015-03-12,6.468641082086485
2015-03-13,6.2612368839270784
2015-03-14,6.080211613477605
2015-03-15,5.921100484142311
2015-03-16,5.780222033576226
2015-03-17,5.654538052874141
2015-03-18,5.541539035908122
2015-03-19,5.439150408218377
2015-03-20,5.345655693341521
2015-03-21,5.260091719034022
2015-03-22,5.180999592029402
2015-03-23,5.106451332573861
2015-03-24,5.104193923759909
2015-03-25,7.314942716700805
2015-03-26,8.486539090916315
2015-03-27,7.4128016801638426
2015-03-28,6.984534584751028
2015-03-29,9.392920358832308
2015-03-30,9.403289365067415
2015-03-31,9.458731005398052
2015-04-01,9.329525627377786
2015-04-02,9.388079442347877
2015-04-03,9.148760440186242
2015-04-04,8.343195361910384
2015-04-05,7.965029459142123
2015-04-06,7.509409531490032
2015-04-07,7.111944550430373
2015-04-08,6.774055247402674
2015-04-09,6.485395993506177
2015-04-10,6.237465367189564
2015-04-11,6.0279189513807125
2015-04-12,5.845528322077503
2015-04-13,5.681430380270886
2015-04-14,5.536774509089153
2015-04-15,5.408385150902068
2015-04-16,5.293566053824574
2015-04-17,5.19008816214452
2015-04-18,5.096107131952871
2015-04-19,5.010095671635339
2015-04-20,4.930787993243557
2015-04-21,4.857134167181415
2015-04-22,4.788262582678698
2015-04-23,4.723449048902131
2015-04-24,4.662091341280722
2015-04-25,4.611846141104265
2015-04-26,4.6351221547720405
2015-04-27,4.669969101463464
2015-04-28,4.606116625683374
2015-04-29,4.5351460838015045
2015-04-30,4.47031807947923
2015-05-01,4.410599786149414
2015-05-02,4.351702233203546
2015-05-03,4.4137815882750715
2015-05-04,6.0483056623732745
2015-05-05,6.135380217594938
2015-05-06,5.330274937546254
2015-05-07,4.9350784665840495
2015-05-08,4.780594310368577
2015-05-09,4.644035141661971
2015-05-10,4.523821297130643
2015-05-11,4.417226084487392
2015-05-12,4.321995909684902
2015-05-13,4.2362666600634595
2015-05-14,4.1656491735654715
2015-05-15,4.1000535196812224
2015-05-16,4.032935443291064
2015-05-17,3.9707880485187843
2015-05-18,3.912868906851687
2015-05-19,3.8765822491653807
2015-05-20,3.8497272988970743
2015-05-21,3.797311710736572
2015-05-22,3.745990361761173
2015-05-23,3.697385842463501
2015-05-24,3.6511065581166275
2015-05-25,3.609566175245875
2015-05-26,3.569212423861772
2015-05-27,3.5275770735201415
2015-05-28,3.4877545567008252
2015-05-29,3.4630680454709246
2015-05-30,3.4459557870439834
2015-05-31,3.4326873824331634
2015-06-01,3.426282107963893
2015-06-02,3.3819253130562097
2015-06-03,3.3375201435354636
2015-06-04,3.2953033671436867
2015-06-05,3.294177749145884
2015-06-06,3.41751062068549
2015-06-07,3.261036846837488
2015-06-08,3.2145941944764274
2015-06-09,3.170895629006097
2015-06-10,3.1295366309238486
2015-06-11,3.0901799328400004
2015-06-12,3.052544943768275
2015-06-13,3.0163969652354434
2015-06-14,2.981537191366993
2015-06-15,2.947800865434042
2015-06-16,2.9150517281394603
2015-06-17,2.8831742451934805
2015-06-18,2.857172722803655
2015-06-19,2.835085867083599
2015-06-20,2.804432135427269
2015-06-21,2.7743667552547673
2015-06-22,3.7544460938452944
2015-06-23,3.5985348036181315
2015-06-24,2.789593427597677
2015-06-25,2.7483904663211796
2015-06-26,2.709793990469779
2015-06-27,2.673414237811237
2015-06-28,2.6389264509545733
2015-06-29,2.6060598044481176
2015-06-30,2.57458825173383
2015-07-01,2.544322949744696
2015-07-02,2.515105984952775
2015-07-03,2.486805173806833
2015-07-04,2.459309750745366
2015-07-05,2.4328413368514274
2015-07-06,2.4069900457977407
2015-07-07,2.3813423822041226
2015-07-08,2.356355986950037
2015-07-09,2.3319111728974473
2015-07-10,2.3076750208535937
2015-07-11,2.2838184868410827
2015-07-12,2.2603395770612096
2015-07-13,2.2383466454125824
2015-07-14,2.2187348257619663
2015-07-15,2.1962166834734265
2015-07-16,2.1735452036700487
2015-07-17,2.1512051131766454
2015-07-18,2.1291987135787873
2015-07-19,2.11656753041578
2015-07-20,2.267021275519394
2015-07-21,2.071163579067417
2015-07-22,2.049594442712761
2015-07-23,2.0283826565421927
2015-07-24,2.0075103324850287
2015-07-25,2.9828271654302765
2015-07-26,2.891336936009619
2015-07-27,1.9639375394579301
2015-07-28,1.9430168781804433
2015-07-29,1.922191341525384
2015-07-30,1.9025844087067663
2015-07-31,1.882805566503757
2015-08-01,1.862673222058594
2015-08-02,1.8429392870844976
2015-08-03,1.8235911120312875
2015-08-04,1.8046537752841358
2015-08-05,1.7860129083109886
2015-08-06,1.7676265606671528
2015-08-07,1.7499438933854483
2015-08-08,1.7572647097233778
2015-08-09,1.7153429124101622
2015-08-10,1.6978258408491378
2015-08-11,1.6805529510822146
2015-08-12,1.6635107473436797
2015-08-13,6.73307448568952
2015-08-14,3.94443028933091
2015-08-15,4.598458333264655
2015-08-16,2.5543820898492196
2015-08-17,1.7739357406904084
2015-08-18,1.768006095729555
2015-08-19,1.6368272383234563
2015-08-20,1.611547412271855
2015-08-21,1.5879823641123247
2015-08-22,1.5658736185540771
2015-08-23,4.472390208534196
2015-08-24,3.2655157770944956
2015-08-25,1.9288927634271247
2015-08-26,1.736405947624582
2015-08-27,3.2263119361980515
2015-08-28,2.4258538407897725
2015-08-29,1.6537606063958472
2015-08-30,1.6118365221060538
2015-08-31,1.5864590542026555
2015-09-01,1.5709361767851904
2015-09-02,1.5434610555930004
2015-09-03,1.55034813058651
2015-09-04,1.5115558123715187
2015-09-05,2.0832989516102507
2015-09-06,1.8207740812995628
2015-09-07,1.491430845443314
2015-09-08,1.4605464616479729
2015-09-09,1.432596841856718
2015-09-10,1.4071163779993405
2015-09-11,1.3837176549575503
2015-09-12,1.4443249278273056
2015-09-13,1.5243745348181108
2015-09-14,1.579631185097005
2015-09-15,1.5367354283314516
2015-09-16,2.679745823953695
2015-09-17,3.9020641315123927
2015-09-18,2.357785275678623
2015-09-19,1.5968573784841975
2015-09-20,1.5190616248169342
2015-09-21,1.4710011678875847
2015-09-22,1.9646491052350061
2015-09-23,4.262478106483143
2015-09-24,2.5458036936151225
2015-09-25,1.7434901617287524
2015-09-26,1.6612639541144862
2015-09-27,1.5907311815811205
2015-09-28,1.5299236115059853
2015-09-29,1.4772131857970754
2015-09-30,1.431252167816706
2015-10-01,1.3909240141063781
2015-10-02,1.355303011008127
2015-10-03,1.3236210831197723
2015-10-04,1.295240475744482
2015-10-05,1.325025125689491
2015-10-06,2.2156750314880553
2015-10-07,1.7775606775665125
2015-10-08,1.4471495115779816
2015-10-09,1.364910260598683
2015-10-10,1.3216664072331568
2015-10-11,1.2878407689798774
2015-10-12,1.2577521313620854
2015-10-13,1.2307958861805366
2015-10-14,1.2417767721933952
2015-10-15,2.2570062822190535
2015-10-16,3.046070056998684
2015-10-17,1.9950613854906338
2015-10-18,1.5010346260953626
2015-10-19,1.4369259694141807
2015-10-20,1.381657992057131
2015-10-21,1.3391449510413054
2015-10-22,1.3224582164733263
2015-10-23,1.3011868663219963
2015-10-24,1.2639968618416477
2015-10-25,1.2299414629199754
2015-10-26,1.1997589503117136
2015-10-27,1.1728208327581302
2015-10-28,1.1486048574333723
2015-10-29,1.1266767372064415
2015-10-30,1.1066750733400066
2015-10-31,1.088298905136949
2015-11-01,1.0712974210070596
2015-11-02,1.0554614493905832
2015-11-03,1.0406164165157399
2015-11-04,1.026616513971583
2015-11-05,1.02314440918311
2015-11-06,1.0358951971236834
2015-11-07,1.024943804900939
2015-11-08,1.0090049093025342
2015-11-09,0.9939461043362559
2015-11-10,0.9799142142537834
2015-11-11,0.966646626041609
2015-11-12,0.9540487165242747
2015-11-13,0.9538186713558726
2015-11-14,1.2963981031696217
2015-11-15,1.4955668643482987
2015-11-16,1.2734817685007653
2015-11-17,3.355173536565309
2015-11-18,2.2294362139868684
2015-11-19,4.830928393699448
2015-11-20,3.0449631386760347
2015-11-21,2.4064553844089467
2015-11-22,2.0772224934741907
2015-11-23,1.803929799186813
2015-11-24,2.9941525669221263
2015-11-25,3.071310502894183
2015-11-26,2.2373761581339786
2015-11-27,1.9213526537898262
2015-11-28,2.444956973964415
2015-11-29,4.775061143085847
2015-11-30,8.670583262038713
2015-12-01,8.274085674198604
2015-12-02,5.908842678749288
2015-12-03,4.798898641670206
2015-12-04,5.070652631941139
2015-12-05,4.510951587589311
2015-12-06,3.867878489028925
2015-12-07,3.5055800306129754
2015-12-08,3.6163088084480326
2015-12-09,3.3788398187235305
2015-12-10,2.9852528264106777
2015-12-11,6.219080958344335
2015-12-12,5.295841144340169
2015-12-13,5.07172525869623
2015-12-14,4.5363422603119625
2015-12-15,4.0787137472553905
2015-12-16,5.942172914041664
2015-12-17,5.172741210316319
2015-12-18,4.274615226565182
2015-12-19,3.910484617427119
2015-12-20,3.6055495267195834
2015-12-21,4.015242827138436
2015-12-22,4.5775351287655335
2015-12-23,3.9844873384888877
2015-12-24,3.9457488157128044
2015-12-25,3.934646649824181
2015-12-26,3.564627874031334
2015-12-27,3.2809352799812417
2015-12-28,3.090817320735029
2015-12-29,2.929421126029266
2015-12-30,2.7918120079718136
2015-12-31,2.722336703285974
2016-01-01,2.999871409899125
2016-01-02,4.177669677455871
2016-01-03,6.90046507676215
2016-01-04,6.782778676048156
2016-01-05,5.588172488413047
2016-01-06,4.918458934583491
2016-01-07,7.329499299669371
2016-01-08,6.746990179792246
2016-01-09,5.594762329191442
2016-01-10,5.1795426336513515
2016-01-11,5.857744191180891
2016-01-12,6.636615544921778
2016-01-13,8.036131237562632
2016-01-14,8.92408955204815
2016-01-15,9.671812321268028
2016-01-16,8.942754040493119
2016-01-17,7.865303305969866
2016-01-18,7.041537269038408
2016-01-19,6.408648032853602
2016-01-20,5.880540429657916
2016-01-21,5.438616867164456
2016-01-22,6.150545596405046
2016-01-23,6.306525911044641
2016-01-24,5.850174555575659
2016-01-25,5.479612037643753
2016-01-26,5.082824787837466
2016-01-27,6.902020428387253
2016-01-28,6.957544039089726
2016-01-29,6.093002596995465
2016-01-30,12.913878444871798
2016-01-31,13.444521965470663
2016-02-01,11.20475190884804
2016-02-02,12.443088002758564
2016-02-03,12.025304994733183
2016-02-04,11.69863627740579
2016-02-05,10.800381052838146
2016-02-06,9.535420833579023
2016-02-07,8.899316604749474
2016-02-08,11.51526508378592
2016-02-09,16.440319560201953
2016-02-10,17.791601865999983
2016-02-11,15.427566840778468
2016-02-12,13.377659773709007
2016-02-13,12.285631610947071
2016-02-14,12.773645903047337
2016-02-15,12.395752293160436
2016-02-16,11.243284466984576
2016-02-17,10.17251028406998
2016-02-18,9.394425263254307
2016-02-19,8.786307757630833
2016-02-20,11.446378930066567
2016-02-21,11.629733120040582
2016-02-22,14.479935607980453
2016-02-23,14.174303898493863
2016-02-24,12.247147650563853
2016-02-25,11.223111458546022
2016-02-26,10.445845986819888
2016-02-27,9.702930790226551
2016-02-28,9.081295973376276
2016-02-29,8.557343189300967
2016-03-01,8.601739680326327
2016-03-02,11.541816720326878
2016-03-03,11.724942186886274
2016-03-04,13.670540312005356
2016-03-05,13.049618315226235
2016-03-06,12.302983525274326
2016-03-07,12.147167860572075
2016-03-08,11.137379376874508
2016-03-09,10.362126670927433
2016-03-10,9.696340954987221
2016-03-11,9.14021640740526
2016-03-12,8.669493280973146
2016-03-13,8.269192627420294
2016-03-14,7.927031354700813
2016-03-15,7.632927277985292
2016-03-16,7.378596910009836
2016-03-17,7.157228242129527
2016-03-18,6.963214239968491
2016-03-19,6.791935554888919
2016-03-20,6.639583177182655
2016-03-21,6.503437615227838
2016-03-22,6.380241406631629
2016-03-23,6.267813021007469
2016-03-24,6.1647157459971735
2016-03-25,6.5048942916603165
2016-03-26,7.348060511322423
2016-03-27,7.484519999675581
2016-03-28,8.923848653257709
2016-03-29,8.720633302775553
2016-03-30,8.10064316274222
2016-03-31,7.750208069732846
2016-04-01,7.460348329175667
2016-04-02,7.1604854282865285
2016-04-03,6.898654739341791
2016-04-04,6.673435364467966
2016-04-05,6.5213425811977395
2016-04-06,6.402572624266395
2016-04-07,6.377430727604993
2016-04-08,6.425256322732161
2016-04-09,6.2587159005219135
2016-04-10,6.098293852251939
2016-04-11,5.95602472347601
2016-04-12,5.845779193305822
2016-04-13,5.751700084060886
2016-04-14,5.666419996168965
2016-04-15,7.558892358766106
2016-04-16,8.204278143833944
2016-04-17,7.139000760145335
2016-04-18,6.841859001441809
2016-04-19,6.5609508401184335
2016-04-20,6.318196840709767
2016-04-21,6.1081236833137025
2016-04-22,5.925158217722167
2016-04-23,5.765024132751338
2016-04-24,5.738908771613161
2016-04-25,6.81015848893174
2016-04-26,8.661102611353227
2016-04-27,11.32965954633014
2016-04-28,10.411922656987645
2016-04-29,9.075247123909561
2016-04-30,8.719956354732712
2016-05-01,8.071067456270077
2016-05-02,7.595903694986347
2016-05-03,7.269559358836136
2016-05-04,7.026001715940123
2016-05-05,6.716746710834343
2016-05-06,6.444208214303889
2016-05-07,6.209636834065129
2016-05-08,6.006508075095458
2016-05-09,5.829453340579927
2016-05-10,5.79517921714336
2016-05-11,5.767908518983812
2016-05-12,5.612718616753842
2016-05-13,5.475584249176721
2016-05-14,5.35341106106769
2016-05-15,5.243828360027085
2016-05-16,5.1447868952373375
2016-05-17,5.054570409023632
2016-05-18,4.982259292525406
2016-05-19,4.917420270733781
2016-05-20,4.845509763813346
2016-05-21,4.7758327569833465
2016-05-22,4.757686026445932
2016-05-23,7.997000563421714
2016-05-24,6.902975957210001
2016-05-25,5.681465602350937
2016-05-26,5.471992449824758
2016-05-27,5.308563346945208
2016-05-28,5.254439375493616
2016-05-29,5.2502660158097205
2016-05-30,15.354635362762918
2016-05-31,13.063727533970436
2016-06-01,14.487295084936171
2016-06-02,16.218031764506467
2016-06-03,13.530285097180162
2016-06-04,11.93276857680735
2016-06-05,11.410143399943065
2016-06-06,10.498793176134898
2016-06-07,11.590962318869751
2016-06-08,11.915751991970346
2016-06-09,10.509261930015912
2016-06-10,9.678808793072031
2016-06-11,9.101269044771398
2016-06-12,9.801000918383282
2016-06-13,15.384857468145958
2016-06-14,13.980005110450369
2016-06-15,12.346080691537814
2016-06-16,12.376909205108165
2016-06-17,11.787274074393855
2016-06-18,12.001526616286853
2016-06-19,11.18793763579607
2016-06-20,11.99720505789132
2016-06-21,12.518462600201984
2016-06-22,11.004831647219389
2016-06-23,14.65943473129984
2016-06-24,15.004287406912463
2016-06-25,13.343252661224065
2016-06-26,13.568656784050907
2016-06-27,12.519387881699897
2016-06-28,11.633784211342737
2016-06-29,11.210269572470942
2016-06-30,10.6865176670586
2016-07-01,12.795644926361211
2016-07-02,12.752838612928487
2016-07-03,11.500293384812764
2016-07-04,10.597287798193545
2016-07-05,9.95950419679208
2016-07-06,9.420874106459364
2016-07-07,8.963935795209235
2016-07-08,8.574381545002732
2016-07-09,8.240476478295237
2016-07-10,7.952586683264047
2016-07-11,7.702795637871333
2016-07-12,7.489652050887659
2016-07-13,7.3634064987709165
2016-07-14,7.2668112385181445
2016-07-15,7.096479987671807
2016-07-16,6.94225219183842
2016-07-17,6.803651747546303
2016-07-18,6.678109577414028
2016-07-19,6.563502370210912
2016-07-20,6.458073810926224
2016-07-21,6.360369881139797
2016-07-22,6.272567541688122
2016-07-23,6.512056949563138
2016-07-24,6.599007452298147
2016-07-25,6.195807759929045
2016-07-26,6.099747615913537
2016-07-27,6.010369901745064
2016-07-28,5.937406997073133
2016-07-29,5.881729578324394
2016-07-30,5.808391086076296
2016-07-31,5.732658849563677
2016-08-01,5.6613274903914546
2016-08-02,7.815426898417428
2016-08-03,10.876950279511897
2016-08-04,8.233552265986255
2016-08-05,6.996949056438556
2016-08-06,6.731237312794556
2016-08-07,6.490828558241996
2016-08-08,6.282246485031165
2016-08-09,6.116106834465548
2016-08-10,6.074999250970097
2016-08-11,6.170870244136064
2016-08-12,5.977959117356405
2016-08-13,5.809301397202947
2016-08-14,5.673118647331993
2016-08-15,5.551458649549935
2016-08-16,5.4419298588491465
2016-08-17,5.342554244789638
2016-08-18,5.251694437116517
2016-08-19,5.168838552277507
2016-08-20,5.09606659487849
2016-08-21,5.263713056594153
2016-08-22,5.6792697959137355
2016-08-23,5.142237039152622
2016-08-24,5.047017759839439
2016-08-25,4.960062627378988
2016-08-26,4.880056071000342
2016-08-27,4.805908995337756
2016-08-28,4.736714688665488
2016-08-29,4.6757246139473345
2016-08-30,4.6182535479539
2016-08-31,4.559024311668016
2016-09-01,4.502362120085428
2016-09-02,4.448100207700893
2016-09-03,4.395912009098133
2016-09-04,4.358969223739237
2016-09-05,4.357366988747582
2016-09-06,4.2878012182004275
2016-09-07,4.236738393420436
2016-09-08,4.187544108247049
2016-09-09,4.139976325557046
2016-09-10,4.093832618013509
2016-09-11,4.0489434921502
2016-09-12,4.0051668552765625
2016-09-13,3.962383426575229
2016-09-14,3.9204929288291006
2016-09-15,3.969751811583157
2016-09-16,4.029455757333819
2016-09-17,3.8581043848739043
2016-09-18,3.8117349679208314
2016-09-19,3.767122407285695
2016-09-20,3.7240359994356607
2016-09-21,3.6822829130931165
2016-09-22,3.641701791645561
2016-09-23,3.6021574531953022
2016-09-24,3.563536497041577
2016-09-25,3.5258457135449075
2016-09-26,3.4888401912807403
2016-09-27,3.452458762223293
2016-09-28,3.4167033663593482
2016-09-29,3.3815633028499197
2016-09-30,3.3469599450952714
2016-10-01,3.3277542701173135
2016-10-02,3.375839067270569
2016-10-03,3.3234969343120384
2016-10-04,3.2425590362090904
2016-10-05,3.2067160847139142
2016-10-06,3.1718030747745973
2016-10-07,3.137717644875569
2016-10-08,3.104373769614906
2016-10-09,3.071699043311229
2016-10-10,3.0396324223835163
2016-10-11,3.0081223478942523
2016-10-12,2.977125183316589
2016-10-13,2.9466039138426594
2016-10-14,2.924215148293858
2016-10-15,4.118874485429957
2016-10-16,3.402796561875402
2016-10-17,2.9026344317702364
2016-10-18,2.9954779493469723
2016-10-19,4.852107313459762
2016-10-20,3.7428925153174366
2016-10-21,2.9454031814550454
2016-10-22,2.864331857653717
2016-10-23,2.817168534843848
2016-10-24,2.7735392573799866
2016-10-25,2.732908936697069
2016-10-26,2.694791634993997
2016-10-27,2.6588255977518935
2016-10-28,2.624701473571551
2016-10-29,2.5921570473310975
2016-10-30,2.560973340671054
2016-10-31,2.5309673177720007
2016-11-01,2.501985840461012
2016-11-02,2.476523005347552
2016-11-03,2.4555834459308916
2016-11-04,2.4282909511202946
2016-11-05,2.4031719786785755
2016-11-06,2.8924142363284613
2016-11-07,3.525921726478858
2016-11-08,2.7492551256057673
2016-11-09,4.526690486467289
2016-11-10,4.5949930954128835
2016-11-11,3.1703832720960285
2016-11-12,2.8177918009979366
2016-11-13,3.4029663643750694
2016-11-14,3.2575289163102568
2016-11-15,3.480115556434937
2016-11-16,6.696771473159942
2016-11-17,5.8562909943448025
2016-11-18,8.762088904497046
2016-11-19,6.584661859861435
2016-11-20,6.037139981548806
2016-11-21,5.934764685718079
2016-11-22,5.089429645981523
2016-11-23,4.543367856575431
2016-11-24,4.2174284678942096
2016-11-25,3.942986289167798
2016-11-26,3.7110924585202607
2016-11-27,3.5143885067210037
2016-11-28,3.346818381085537
2016-11-29,3.203393621675753
2016-11-30,3.0800016827428043
2016-12-01,2.9732493155683426
2016-12-02,2.900573106355291
2016-12-03,2.8744621853432846
2016-12-04,2.7954710557217712
2016-12-05,2.722589046395506
2016-12-06,2.6579250666674574
2016-12-07,2.6001329528693513
2016-12-08,2.548096611773788
2016-12-09,2.5008899999112253
2016-12-10,2.461253609064968
2016-12-11,2.5570934859151344
2016-12-12,2.697853242728373
2016-12-13,2.822566177781052
2016-12-14,2.7297390328976445
2016-12-15,2.574930434215617
2016-12-16,2.509578128262289
2016-12-17,2.451471402903049
2016-12-18,2.3994270092852035
2016-12-19,2.3524635817071484
2016-12-20,2.3097665763433293
2016-12-21,2.77972046055848
2016-12-22,4.880980039643895
2016-12-23,3.9122078369642637
2016-12-24,3.53246981206197
2016-12-25,3.434655752422739
2016-12-26,3.9521838192722236
2016-12-27,3.5399992517185273
2016-12-28,3.170216574517587
2016-12-29,3.009908849849735
2016-12-30,2.8730236758471825
2016-12-31,2.7555673239906597
2017-01-01,2.6542448014048357
2017-01-02,3.447120912444134
2017-01-03,3.1443614556507424
2017-01-04,3.5900538001226354
2017-01-05,3.292196309597174
2017-01-06,2.958000905870269
2017-01-07,2.824913692209588
2017-01-08,3.7342972844207605
2017-01-09,3.580319166179315
2017-01-10,4.3291804439471475
2017-01-11,3.9880442054045897
2017-01-12,6.668254310642957
2017-01-13,9.122024254531626
2017-01-14,8.36680518058243
2017-01-15,6.943220789298569
2017-01-16,6.1263195882265755
2017-01-17,5.560244315633461
2017-01-18,5.0878325639127375
2017-01-19,4.692478534081311
2017-01-20,4.360636669231821
2017-01-21,4.0811955161118485
2017-01-22,3.845031654361047
2017-01-23,3.6446470451902084
2017-01-24,3.473873866771603
2017-01-25,3.327634014279363
2017-01-26,3.2017429317955
2017-01-27,3.0927494383218885
2017-01-28,2.9978048113709863
2017-01-29,3.0907722325457354
2017-01-30,4.585133465274172
2017-01-31,4.247925415956211
2017-02-01,3.7375144187213
2017-02-02,3.5461388774815235
2017-02-03,3.382736296497681
2017-02-04,3.91188320312876
2017-02-05,3.99328243156309
2017-02-06,3.5631950060193254
2017-02-07,3.72528100844759
2017-02-08,4.3310504674834025
2017-02-09,3.9221482473533626
2017-02-10,3.5925709008173086
2017-02-11,4.038282508151276
2017-02-12,3.994280260078373
2017-02-13,3.609001246128159
2017-02-14,3.4372241176658718
2017-02-15,3.2902327609188124
2017-02-16,3.163795912901078
2017-02-17,3.0544850720258876
2017-02-18,2.9594651889055306
2017-02-19,2.876081071998095
2017-02-20,2.847526031672514
2017-02-21,3.479299648641066
2017-02-22,7.551382979977787
2017-02-23,7.7773779213545255
2017-02-24,6.840126720817094
2017-02-25,6.03577095823987
2017-02-26,5.431726849641076
2017-02-27,6.0337713632294845
2017-02-28,7.994634754061075
2017-03-01,8.501220244366149
2017-03-02,7.626347838650502
2017-03-03,6.603883402870385
2017-03-04,6.853249295457729
2017-03-05,8.067667679935065
2017-03-06,9.193854459945703
2017-03-07,8.31590220234128
2017-03-08,10.494640293529796
2017-03-09,10.270882651755496
2017-03-10,8.581447957369084
2017-03-11,7.781510589147277
2017-03-12,7.114968979935157
2017-03-13,6.558058023847965
2017-03-14,6.091342520952989
2017-03-15,5.69891176165503
2017-03-16,5.3677271898757795
2017-03-17,5.127842304472919
2017-03-18,7.781007884517528
2017-03-19,8.346856012765103
2017-03-20,6.94707034286051
2017-03-21,6.454457569569232
2017-03-22,6.043280298398979
2017-03-23,5.682564719520044
2017-03-24,5.375707482866379
2017-03-25,5.114903604995033
2017-03-26,4.8921797839919146
2017-03-27,4.700979277296793
2017-03-28,4.535905359440558
2017-03-29,4.392512155964287
2017-03-30,4.2671339252642975
2017-03-31,4.156745578513944
2017-04-01,4.21159516050097
2017-04-02,4.4020387768377605
2017-04-03,4.205858324782069
2017-04-04,4.092008031157756
2017-04-05,3.9913935635765423
2017-04-06,3.901816324567856
2017-04-07,3.8214584318346785
2017-04-08,3.7488155522951505
2017-04-09,3.6826417998092347
2017-04-10,3.6219044893542045
2017-04-11,3.5657469520761134
2017-04-12,3.513457948992079
2017-04-13,3.464446491357652
2017-04-14,3.4182210950363014
2017-04-15,3.3813793878491403
2017-04-16,3.369193914849159
2017-04-17,3.469339153757128
2017-04-18,3.83829033881668
2017-04-19,3.5775229425610324
2017-04-20,3.4946444521508107
2017-04-21,3.4203688756785717
2017-04-22,3.3533884061187123
2017-04-23,3.2925260994547796
2017-04-24,3.2368056383675756
2017-04-25,3.1941821376214747
2017-04-26,3.1600007757044284
2017-04-27,3.113779208928936
2017-04-28,3.078375632873625
2017-04-29,3.0451891010994347
2017-04-30,3.0032751849549206
2017-05-01,2.9634889302075123
2017-05-02,3.034706276383922
2017-05-03,3.543801990178164
2017-05-04,3.343821612945384
2017-05-05,3.10702058737329
2017-05-06,3.03857067230622
2017-05-07,2.9770180095779786
2017-05-08,2.921251695863692
2017-05-09,2.8703470088702496
2017-05-10,2.823535943187466
2017-05-11,3.326165480460435
2017-05-12,3.7409306629641255
2017-05-13,3.106579187311213
2017-05-14,2.9881686378364303
2017-05-15,2.9130447172198033
2017-05-16,2.846022190320836
2017-05-17,2.7859884893458102
2017-05-18,2.7597862517755907
2017-05-19,2.7724869051786953
2017-05-20,2.7287130803604254
2017-05-21,2.67550962917899
2017-05-22,2.6266966617315908
2017-05-23,2.5820240336567912
2017-05-24,2.5408399356344735
2017-05-25,2.5026025936836134
2017-05-26,2.466861339878731
2017-05-27,2.4332409927735905
2017-05-28,2.4131144936042412
2017-05-29,2.396850543861177
2017-05-30,2.3657462707898906
2017-05-31,2.33503423303234
2017-06-01,2.3057881278646772
2017-06-02,2.277803090547751
2017-06-03,2.250954684799708
2017-06-04,2.2250673206848854
2017-06-05,2.1999328212729345
2017-06-06,2.1853833193124204
2017-06-07,2.2265941695059293
2017-06-08,2.156877606731103
2017-06-09,3.031620179706087
2017-06-10,2.8518877170123123
2017-06-11,2.1731512856259303
2017-06-12,2.138113305606431
2017-06-13,2.105613065261577
2017-06-14,2.0752631755384243
2017-06-15,2.0467408541095966
2017-06-16,2.01977694134528
2017-06-17,1.9941468125864017
2017-06-18,1.96966285420538
2017-06-19,1.946168230185951
2017-06-20,1.923531714468359
2017-06-21,1.9016434040670687
2017-06-22,1.8804111605809404
2017-06-23,1.8597576544869652
2017-06-24,1.839617908601712
2017-06-25,1.8199372551762263
2017-06-26,1.800669635967136
2017-06-27,1.7818078528205021
2017-06-28,1.8399138167072813
2017-06-29,2.3908546161206066
2017-06-30,1.9270386012085579
2017-07-01,4.041368582827559
2017-07-02,2.794617742181386
2017-07-03,1.7630678442763046
2017-07-04,1.7353854329172504
2017-07-05,1.709628740081569
2017-07-06,1.6855063658036746
2017-07-07,1.6627753490455783
2017-07-08,1.6412329527203438
2017-07-09,1.6207098683964922
2017-07-10,1.60106458638415
2017-07-11,1.5830864663382245
2017-07-12,4.804755231385564
2017-07-13,2.894555328756678
2017-07-14,1.6210937285609248
2017-07-15,1.5974669454337234
2017-07-16,1.5713330501995262
2017-07-17,1.549025856827001
2017-07-18,1.5300312244954473
2017-07-19,1.5087244050246145
2017-07-20,1.6190741674696232
2017-07-21,1.611380904120515
2017-07-22,1.4709487232176688
2017-07-23,1.4565200064926171
2017-07-24,1.5175174263941935
2017-07-25,1.7576280613126023
2017-07-26,1.45399794180833
2017-07-27,1.4001119506093394
2017-07-28,1.3811975397239502
2017-07-29,1.3632734730497227
2017-07-30,1.3461992143856618
2017-07-31,1.3298570695277905
2017-08-01,1.3141485197076992
2017-08-02,1.299095950432847
2017-08-03,1.2850266318904808
2017-08-04,1.2710822458967976
2017-08-05,2.9134026281431296
2017-08-06,2.24790162034282
2017-08-07,1.2727415004066185
2017-08-08,1.2577791112273837
2017-08-09,1.2462323459245976
2017-08-10,1.2303012952379635
2017-08-11,1.2161207048431264
2017-08-12,1.2034232411379844
2017-08-13,1.1942101051355996
2017-08-14,1.1783590415742815
2017-08-15,1.1643708938983088
2017-08-16,1.1511584418756933
2017-08-17,1.1372476632471735
2017-08-18,1.4085888059958416
2017-08-19,1.6696624336029513
2017-08-20,1.191309425450525
2017-08-21,1.1099737020327165
2017-08-22,1.0952870766866523
2017-08-23,1.0813312818596281
2017-08-24,1.068003953496559
2017-08-25,1.0552194166971505
2017-08-26,1.042905901383382
2017-08-27,1.0310032294674765
2017-08-28,1.019460892475996
2017-08-29,1.0082364527321703
2017-08-30,2.1853844770092077
2017-08-31,2.1655954277400653
2017-09-01,1.109368215125856
2017-09-02,1.0016563878744533
2017-09-03,0.9873506208605703
2017-09-04,0.9738862722347839
2017-09-05,0.9611408626828216
2017-09-06,0.9491291745648903
2017-09-07,0.9377152523326503
2017-09-08,0.9285408070948239
2017-09-09,1.0507249832532064
2017-09-10,1.1091601799057587
2017-09-11,0.914341991361383
2017-09-12,1.7517507367468543
2017-09-13,1.9661230478439131
2017-09-14,6.262160689725101
2017-09-15,3.4519764888790423
2017-09-16,1.3911892014234322
2017-09-17,1.0787979262712077
2017-09-18,1.8601570669793086
2017-09-19,1.610869858136187
2017-09-20,1.0616930292802575
2017-09-21,1.025173237120544
2017-09-22,0.9933033401703333
2017-09-23,0.9653187532377009
2017-09-24,0.9405847244831466
2017-09-25,0.918573911281258
2017-09-26,0.898847894301657
2017-09-27,0.881041926063696
2017-09-28,0.8662696704531477
2017-09-29,0.9531860938183451
2017-09-30,1.6495417404596722
2017-10-01,1.358026934567497
2017-10-02,0.9047003527667049
2017-10-03,0.8894362492192959
2017-10-04,0.8730533988796904
2017-10-05,1.133813301469152
2017-10-06,1.3522716548034868
2017-10-07,2.5427276039812794
2017-10-08,2.148913988516743
2017-10-09,1.2902305457814995
2017-10-10,0.9981898337250588
2017-10-11,0.9610751836892765
2017-10-12,0.9272506940543894
2017-10-13,0.8975725054772802
2017-10-14,0.8715539445888151
2017-10-15,0.848597171708451
2017-10-16,0.8282054006585433
2017-10-17,0.8099655277531245
2017-10-18,0.7935337962609671
2017-10-19,0.7786239568113099
2017-10-20,0.7707513194389826
2017-10-21,0.7782057293320505
2017-10-22,1.674947912137864
2017-10-23,1.3896965965305395
2017-10-24,0.8846177925755713
2017-10-25,0.8388906345224405
2017-10-26,0.8267559096765486
2017-10-27,0.8499117208149527
2017-10-28,0.7851296112886109
2017-10-29,1.2536796123962988
2017-10-30,1.041206996808553
2017-10-31,0.8025198354624051
2017-11-01,0.7800583624841648
2017-11-02,0.7601876862799474
2017-11-03,0.742489477176728
2017-11-04,0.7355109757726247
2017-11-05,1.7198083717476802
2017-11-06,1.2104592676538688
2017-11-07,0.826710208992004
2017-11-08,0.7985413881696636
2017-11-09,0.7755158135674797
2017-11-10,0.7567251745960144
2017-11-11,0.9063889993786836
2017-11-12,1.535784633373373
2017-11-13,0.9903065431554468
2017-11-14,0.7940235576321908
2017-11-15,0.8586412296562577
2017-11-16,0.9015849449113725
2017-11-17,0.7620658582615008
2017-11-18,0.9614683296258427
2017-11-19,1.1645036285247903
2017-11-20,2.4427053037415907
2017-11-21,2.2592126568742033
2017-11-22,1.3087507599979824
2017-11-23,1.2105896727839183
2017-11-24,4.419384997238494
2017-11-25,3.1953986883316685
2017-11-26,1.9548675902254098
2017-11-27,4.743238100993797
2017-11-28,3.3144541049485405
2017-11-29,2.2291356763004146
2017-11-30,2.5886548549071193
2017-12-01,2.2182438419462778
2017-12-02,1.8420678462753617
2017-12-03,2.23930966989442
2017-12-04,1.9277226244616916
2017-12-05,1.6318697176534778
2017-12-06,1.5167182940649326
2017-12-07,2.9383261197235555
2017-12-08,2.6132695225552878
2017-12-09,1.9443743375680322
2017-12-10,5.356494188404398
2017-12-11,7.853878296732181
2017-12-12,5.6766831598661085
2017-12-13,10.419933433989415
2017-12-14,9.582608172709884
2017-12-15,7.552471265572073
2017-12-16,6.897049973457896
2017-12-17,6.686839977636937
2017-12-18,6.627181275048244
2017-12-19,5.735815617921357
2017-12-20,5.099110822160541
2017-12-21,5.050622727426762
2017-12-22,4.882171647939732
2017-12-23,4.347985590691541
2017-12-24,3.9014295553578964
2017-12-25,3.5965287666797487
2017-12-26,3.565958679419962
2017-12-27,4.0015570441064705
2017-12-28,4.656379791149829
2017-12-29,5.050239545524708
2017-12-30,5.240134126062151
2017-12-31,8.68541978555334
2018-01-01,9.213510191627623
2018-01-02,9.248335442623551
2018-01-03,11.49057512052741
2018-01-04,10.87737834473882
2018-01-05,9.89282025351679
2018-01-06,8.798497327777374
2018-01-07,7.723113366698198
2018-01-08,6.9582246937468915
2018-01-09,6.327559381537132
2018-01-10,6.251317322334064
2018-01-11,5.9305157680275835
2018-01-12,5.369792409214301
2018-01-13,5.003870260047919
2018-01-14,4.695537989305305
2018-01-15,6.871183769870526
2018-01-16,7.441536923610683
2018-01-17,7.667171215073611
2018-01-18,9.457669324215553
2018-01-19,8.94057147116115
2018-01-20,9.471766661157451
2018-01-21,9.513281920229419
2018-01-22,8.678735679156494
2018-01-23,7.785891814270902
2018-01-24,7.098463955309531
2018-01-25,6.609488519733881
2018-01-26,6.145636163472333
2018-01-27,5.75747571675537
2018-01-28,5.482086675175483
2018-01-29,5.820961289088388
2018-01-30,5.576651680824848
2018-01-31,8.105495981526305
2018-02-01,8.180462146425402
2018-02-02,9.440313532635079
2018-02-03,9.390329881855072
2018-02-04,8.247787890220494
2018-02-05,7.497074046257413
2018-02-06,6.941420062163364
2018-02-07,6.475080910997506
2018-02-08,6.08230599278134
2018-02-09,5.804529881796395
2018-02-10,5.796752896394733
2018-02-11,7.11065625659771
2018-02-12,6.7881048636946195
2018-02-13,6.106976036415712
2018-02-14,5.775377517939241
2018-02-15,6.633819958526672
2018-02-16,6.704009659503381
2018-02-17,6.028318584481087
2018-02-18,5.711332745532569
2018-02-19,5.441707991646509
2018-02-20,5.211235309142347
2018-02-21,5.013166638106117
2018-02-22,4.841949757028966
2018-02-23,4.693012240721933
2018-02-24,4.562585218598228
2018-02-25,4.447559450691441
2018-02-26,4.34536767558702
2018-02-27,4.253888339222264
2018-02-28,4.171366742899794
2018-03-01,4.096350397852892
2018-03-02,4.027635978095883
2018-03-03,4.09200018089486
2018-03-04,4.36869420317207
2018-03-05,4.397986544771943
2018-03-06,4.278525752893189
2018-03-07,4.42858641159434
2018-03-08,5.493442185934384
2018-03-09,6.037752568181491
2018-03-10,5.793398311614928
2018-03-11,5.493610591763736
2018-03-12,5.725836421892223
2018-03-13,8.147998787631328
2018-03-14,7.682507157276079
2018-03-15,8.081479176533298
2018-03-16,8.401793819782963
2018-03-17,7.37675195072423
2018-03-18,6.8586995198382175
2018-03-19,6.437740409482667
2018-03-20,6.042019748835606
2018-03-21,5.702136236370529
2018-03-22,5.642944933221848
2018-03-23,5.761190844819878
2018-03-24,5.480077281851579
2018-03-25,5.225161197261346
2018-03-26,5.007092854553001
2018-03-27,4.960922110374874
2018-03-28,6.879140941172898
2018-03-29,7.191457001796448
2018-03-30,6.426386148236264
2018-03-31,6.639686450905022
2018-04-01,6.297807445067561
2018-04-02,6.00445083431858
2018-04-03,5.687691912142376
2018-04-04,5.508276764603779
2018-04-05,5.4357970871992345
2018-04-06,5.271923072375279
2018-04-07,5.05832696357444
2018-04-08,4.868511591514456
2018-04-09,4.704298464206332
2018-04-10,4.960330760125708
2018-04-11,5.884242745895068
2018-04-12,5.259586733960317
2018-04-13,5.035468253087145
2018-04-14,5.179347658910688
2018-04-15,5.573078862821004
2018-04-16,5.154699556994718
2018-04-17,4.937840580257213
2018-04-18,4.751331883845693
2018-04-19,4.589990448878382
2018-04-20,4.449544696776018
2018-04-21,4.326471168732965
2018-04-22,4.219350036255823
2018-04-23,4.124340120602199
2018-04-24,4.037454560105274
2018-04-25,3.9594414047585764
2018-04-26,3.8885570703361076
2018-04-27,3.823171530688572
2018-04-28,3.762831045338391
2018-04-29,7.5475090693020235
2018-04-30,11.577038536268626
2018-05-01,9.50620464763461
2018-05-02,7.717146030898621
2018-05-03,7.054540281941506
2018-05-04,6.533384471758342
2018-05-05,6.095716796618223
2018-05-06,5.726866334593183
2018-05-07,5.414800280117866
2018-05-08,5.149640183571521
2018-05-09,4.923359600566001
2018-05-10,4.745819122517703
2018-05-11,4.606185009856845
2018-05-12,4.457970585973803
2018-05-13,4.326005424195843
2018-05-14,4.210939066404484
2018-05-15,4.1076185255685855
2018-05-16,4.01537278668046
2018-05-17,3.9326119461751077
2018-05-18,3.857791085182546
2018-05-19,3.7896301704235964
2018-05-20,3.735034784354866
2018-05-21,3.693485022403602
2018-05-22,3.7037589371776267
2018-05-23,3.8051637126401445
2018-05-24,4.023231745177056
2018-05-25,3.9407491512913313
2018-05-26,3.6958929416728616
2018-05-27,3.6304844063496127
2018-05-28,3.572223006603109
2018-05-29,3.5156443324277316
2018-05-30,3.464751768387945
2018-05-31,3.533529734431307
2018-06-01,6.611881316549865
2018-06-02,5.149862396966905
2018-06-03,4.156712783452391
2018-06-04,3.9906402778878207
2018-06-05,3.8475480810497924
2018-06-06,3.723498533170414
2018-06-07,3.649900191075164
2018-06-08,3.633942026332919
2018-06-09,3.5626999873131227
2018-06-10,3.4694620237498506
2018-06-11,3.3874354873645323
2018-06-12,3.3142154890737228
2018-06-13,3.2483490044135497
2018-06-14,3.188634632475042
2018-06-15,3.134078193666672
2018-06-16,3.0838563016387286
2018-06-17,3.0372864513827142
2018-06-18,2.9938024370312193
2018-06-19,2.9529341328791774
2018-06-20,2.914290849588301
2018-06-21,2.877547622421542
2018-06-22,2.8424339061125408
2018-06-23,2.8087242467803275
2018-06-24,2.776230579320146
2018-06-25,2.7447958622992057
2018-06-26,2.7142888142761663
2018-06-27,2.6845995578392277
2018-06-28,2.655636012295479
2018-06-29,2.6273209042817283
2018-06-30,2.5995892887703396
2018-07-01,2.572386491959193
2018-07-02,2.5456664031314244
2018-07-03,2.5193900553734667
2018-07-04,2.493524445557884
2018-07-05,2.4680415526452295
2018-07-06,2.4429175204747673
2018-07-07,2.418131977073179
2018-07-08,2.3936674673389535
2018-07-09,2.3695089799420592
2018-07-10,2.3456435525647774
2018-07-11,2.3220599423234725
2018-07-12,2.298748350454049
2018-07-13,2.2757001921987428
2018-07-14,2.2529079043669507
2018-07-15,2.230364784314036
2018-07-16,2.2080648551354414
2018-07-17,2.186002752746896
2018-07-18,2.164173631246251
2018-07-19,2.1425730835541543
2018-07-20,2.121197074830614
2018-07-21,2.1000418865800046
2018-07-22,2.079104069702619
2018-07-23,2.0583804050384695
2018-07-24,2.037867870188492
2018-07-25,2.0175636115978497
2018-07-26,1.9974649210522968
2018-07-27,1.9775692158773455
2018-07-28,1.9578874163909112
2018-07-29,1.9383989422250727
2018-07-30,1.9190956619079176
2018-07-31,1.8999860927965466
2018-08-01,1.8810682656985593
2018-08-02,1.8623400345089667
2018-08-03,1.8437993110423543
2018-08-04,1.825444058787607
2018-08-05,1.807272287612122
2018-08-06,1.7892820492657517
2018-08-07,1.7714811742619927
2018-08-08,2.1180805782337733
2018-08-09,2.765906960393174
2018-08-10,2.006180702652698
2018-08-11,1.702670476250871
2018-08-12,1.6856808053588885
2018-08-13,2.3804181037957663
2018-08-14,2.235157508328636
2018-08-15,1.6366381944386086
2018-08-16,1.6202249165200084
2018-08-17,4.071091240455499
2018-08-18,2.655263989059764
2018-08-19,1.5757027553100376
2018-08-20,1.5595854702999665
2018-08-21,1.5436969168991845
2018-08-22,1.5280239783598066
2018-08-23,1.5125607233775835
2018-08-24,1.4972929501706875
2018-08-25,1.4868710218851675
2018-08-26,1.5714471094645799
2018-08-27,1.453511450703256
2018-08-28,1.4389262886723655
2018-08-29,1.5545025335672735
2018-08-30,1.55549692842461
2018-08-31,1.3967131338759062
2018-09-01,1.3826204289335886
2018-09-02,1.3686977330147732
2018-09-03,1.354938796116401
2018-09-04,1.3413380426792543
2018-09-05,2.832421026233083
2018-09-06,2.2955824784027588
2018-09-07,1.3644275720037757
2018-09-08,1.2923623168196725
2018-09-09,1.2790669999305617
2018-09-10,1.2659705707037263
2018-09-11,1.253061959244936
2018-09-12,1.240330189810538
2018-09-13,1.2277727455455267
2018-09-14,1.215377224943915
2018-09-15,1.2031233799211611
2018-09-16,1.1910153971387676
2018-09-17,1.1790487001433372
2018-09-18,1.1672186322730498
2018-09-19,1.1555210971449588
2018-09-20,1.14395247086043
2018-09-21,1.1325446873703948
2018-09-22,1.1362006378374279
2018-09-23,3.897850403924165
2018-09-24,2.1296418543396882
2018-09-25,1.0933755957235964
2018-09-26,1.0819212557166888
2018-09-27,1.070665738019886
2018-09-28,1.0595989366614889
2018-09-29,1.048706776597725
2018-09-30,1.0379772872363968
2018-10-01,1.0274970473425407
2018-10-02,1.0173016387814018
2018-10-03,1.0070299110281338
2018-10-04,0.996824227177863
2018-10-05,0.9867470841916397
2018-10-06,0.9767944933629081
2018-10-07,0.966961418454035
2018-10-08,0.9572434716083472
2018-10-09,0.9476368059893123
2018-10-10,0.9381380523580627
2018-10-11,0.9287448617576556
2018-10-12,0.9194646367624569
2018-10-13,0.9102825778836867
2018-10-14,0.9011865950601945
2018-10-15,0.8921865234007771
2018-10-16,0.8832807891962453
2018-10-17,0.8744677206870431
2018-10-18,0.8657457764852946
2018-10-19,0.8571135264453839
2018-10-20,0.8485696355521087
2018-10-21,0.8401128503427144
2018-10-22,0.8317419874576856
2018-10-23,0.8234559239807618
2018-10-24,0.815253589283504
2018-10-25,0.8071339581355944
2018-10-26,0.7991605834026908
2018-10-27,0.8482522962712148
2018-10-28,0.8280346824091941
2018-10-29,0.7762146727860543
2018-10-30,5.663227571068641
2018-10-31,2.49974180086229
2018-11-01,1.0091667156988002
2018-11-02,0.9006632457813978
2018-11-03,0.7486376376829597
2018-11-04,0.7401299469078338
2018-11-05,0.7318747577117906
2018-11-06,0.7238425681397515
2018-11-07,0.7161407794560527
2018-11-08,0.708852471946339
2018-11-09,0.7013214011495283
2018-11-10,1.0012437744634326
2018-11-11,1.8605352522170542
2018-11-12,2.318183468083379
2018-11-13,1.0825425392112678
2018-11-14,0.6834652640145236
2018-11-15,0.6746005657031486
2018-11-16,0.6661545102929093
2018-11-17,0.6580692778636036
2018-11-18,0.6502964646171189
2018-11-19,0.6427955094651837
2018-11-20,0.6355323881053923
2018-11-21,0.6284785282984217
2018-11-22,0.6216099082206901
2018-11-23,0.6149063064601398
2018-11-24,0.6097188263030655
2018-11-25,0.6353748184427964
2018-11-26,1.0840607968931206
2018-11-27,0.8106658254922317
2018-11-28,1.2964936668306006
2018-11-29,1.4087840047433076
2018-11-30,0.7596410845690676
2018-12-01,0.7980531774772867
2018-12-02,2.839371006535083
2018-12-03,2.6311483697979643
2018-12-04,1.2403460862709974
2018-12-05,0.7001284056500955
2018-12-06,0.7818599053394985
2018-12-07,3.646048388355736
2018-12-08,2.915524390249466
2018-12-09,4.271291653274791
2018-12-10,2.319359108987577
2018-12-11,1.1232963977150427
2018-12-12,0.9242009075740052
2018-12-13,0.8685410718816232
2018-12-14,0.8212603321880908
2018-12-15,0.8625293181072647
2018-12-16,1.9410350538800738
2018-12-17,1.2729879999752531
2018-12-18,0.8754262071992468
2018-12-19,0.790527724240372
2018-12-20,0.8954229202490347
2018-12-21,4.161594849537953
2018-12-22,3.23250017397109
2018-12-23,4.07121928349233
2018-12-24,2.419624089503831
2018-12-25,1.5911380975438811
2018-12-26,1.4434470943733215
2018-12-27,1.324395496583355
2018-12-28,1.224394019813212
2018-12-29,1.1401625376608415
2018-12-30,1.0759885563500602
2018-12-31,1.2048624144096396
2019-01-01,1.378571104205327
2019-01-02,1.1128709016011866
2019-01-03,0.9843000442928721
2019-01-04,0.9556905036994431
2019-01-05,1.0667926678622834
2019-01-06,1.003867044598343
2019-01-07,1.4009341255542997
2019-01-08,1.8364815145447633
2019-01-09,1.3004867822420276
2019-01-10,1.0321820610133825
2019-01-11,1.4287147095998494
2019-01-12,2.0653306338887143
2019-01-13,3.7188053865729818
2019-01-14,2.699122762617502
2019-01-15,1.8262216776906
2019-01-16,1.6472696824531787
2019-01-17,3.1388530970716286
2019-01-18,2.3550089722900944
2019-01-19,1.7701308811732943
2019-01-20,1.625431970547922
2019-01-21,1.5038884892416187
2019-01-22,1.401491956638014
2019-01-23,1.3149437354270663
2019-01-24,1.2415267470388325
2019-01-25,1.6823266643713328
2019-01-26,2.0413191102206385
2019-01-27,3.589551670210419
2019-01-28,6.184095770222718
2019-01-29,4.227064493263089
2019-01-30,3.6225120556941275
2019-01-31,2.997672788279449
2019-02-01,3.428773773513027
2019-02-02,5.670115122871581
2019-02-03,4.533104022609899
2019-02-04,3.5140205917883267
2019-02-05,3.16212741436771
2019-02-06,3.264478820400697
2019-02-07,3.982555439053929
2019-02-08,4.234558686032178
2019-02-09,4.041999495368034
2019-02-10,7.8450302421995355
2019-02-11,6.445764275922648
2019-02-12,4.851054639384982
2019-02-13,4.341487610713176
2019-02-14,3.917665495956097
2019-02-15,3.5643517797559823
2019-02-16,3.2690785298894665
2019-02-17,3.021632411177722
2019-02-18,2.8136382915220715
2019-02-19,2.6382214654698704
2019-02-20,2.4897333033205897
2019-02-21,2.3635281421376413
2019-02-22,2.255781632103941
2019-02-23,2.16334266508562
2019-02-24,2.083612542257442
2019-02-25,2.0144462630522155
2019-02-26,1.9540718007148328
2019-02-27,1.9010240195187977
2019-02-28,1.8605683268199946
2019-03-01,1.9925135841869317
2019-03-02,2.38683008144784
2019-03-03,2.4557502824692223
2019-03-04,3.289606529120294
2019-03-05,3.0535820961512177
2019-03-06,2.592807694131829
2019-03-07,4.02675623486821
2019-03-08,4.310623093088336
2019-03-09,3.7467821521017832
2019-03-10,5.3396928439979625
2019-03-11,5.538580132850998
2019-03-12,4.775245863957074
2019-03-13,5.6050193368847046
2019-03-14,7.600889599363213
2019-03-15,10.665883980569108
2019-03-16,10.79388032057391
2019-03-17,9.887227002633194
2019-03-18,8.565892809665824
2019-03-19,7.394709475108338
2019-03-20,6.627076399791311
2019-03-21,5.989150803025857
2019-03-22,5.457752021101974
2019-03-23,5.013936491004245
2019-03-24,4.642206358832112
2019-03-25,4.334085432745394
2019-03-26,4.075707909310545
2019-03-27,3.8518532971947272
2019-03-28,3.6612195670780596
2019-03-29,3.498453758550354
2019-03-30,3.3587737136264355
2019-03-31,3.238240381559839
2019-04-01,3.1336062854222733
2019-04-02,3.1079594409158102
2019-04-03,3.1402749754899606
2019-04-04,3.054495048671677
2019-04-05,2.9688340273521967
2019-04-06,2.8932757305996977
2019-04-07,2.8261466825497497
2019-04-08,2.7660741235019475
2019-04-09,2.7151802869516675
2019-04-10,2.6677609313071144
2019-04-11,2.622004370308162
2019-04-12,2.5798492079836306
2019-04-13,2.540747394247206
2019-04-14,2.5042304004315072
2019-04-15,2.469908351396254
2019-04-16,2.4374565490087154
2019-04-17,2.4066043436425
2019-04-18,2.3771259375228238
2019-04-19,2.3488327788354364
2019-04-20,2.3215672668046876
2019-04-21,2.2951975380192535
2019-04-22,2.26961314523322
2019-04-23,2.2447214733892777
2019-04-24,2.267953990791567
2019-04-25,2.3312081403934655
2019-04-26,2.3053929082804108
2019-04-27,2.292897920638857
2019-04-28,2.338908289646267
2019-04-29,2.3330012271985425
2019-04-30,2.2788214400278757
2019-05-01,2.234719878008115
2019-05-02,2.2048861233447306
2019-05-03,2.1974802622998877
2019-05-04,2.619295935627132
2019-05-05,2.7349394413872123
2019-05-06,2.301031069466257
2019-05-07,2.2423042571700282
2019-05-08,2.1952896747267387
2019-05-09,2.1678905522808813
2019-05-10,2.586857089091552
2019-05-11,2.7198904592689304
2019-05-12,2.267455053267198
2019-05-13,2.2036248992007454
2019-05-14,2.147308801423917
2019-05-15,2.0972675696268603
2019-05-16,2.0524746428248677
2019-05-17,2.012078934994545
2019-05-18,1.9753742893285962
2019-05-19,2.4206776187085093
2019-05-20,2.7166601420331506
2019-05-21,2.127619274785434
2019-05-22,2.068531363489407
2019-05-23,2.0163287378476875
2019-05-24,1.9698813278186782
2019-05-25,1.9282520540142227
2019-05-26,1.8906632845393254
2019-05-27,1.8666202889546817
2019-05-28,1.9419674444597232
2019-05-29,1.9916415249899992
2019-05-30,1.8609758488227766
2019-05-31,1.8240815588566646
2019-06-01,1.7905713682064641
2019-06-02,1.7599354760114085
2019-06-03,1.7317254071742199
2019-06-04,1.7170066730564864
2019-06-05,2.746350470897698
2019-06-06,3.2947137181424897
2019-06-07,2.260625876225286
2019-06-08,1.8843646763389028
2019-06-09,1.8321717262267068
2019-06-10,2.0359694264961345
2019-06-11,2.245745670491974
2019-06-12,4.768073898081217
2019-06-13,4.291892926059576
2019-06-14,2.7006758780902764
2019-06-15,3.0932395170867353
2019-06-16,2.827829137446008
2019-06-17,2.314307053748214
2019-06-18,2.197702610517307
2019-06-19,2.128899254874575
2019-06-20,2.1551857230236577
2019-06-21,2.0090357662590463
2019-06-22,1.9353048671122037
2019-06-23,1.871275283419935
2019-06-24,1.81533108198873
2019-06-25,1.766133970187786
2019-06-26,1.7225747521953634
2019-06-27,1.6837334211228876
2019-06-28,1.6488463228660055
2019-06-29,1.6172791161666717
2019-06-30,1.5885044877021015
2019-07-01,1.562083771468833
2019-07-02,1.5376517766840776
2019-07-03,1.5149042546285802
2019-07-04,1.4935875377439636
2019-07-05,1.473489968261836
2019-07-06,1.4544348022282856
2019-07-07,1.4362743308645498
2019-07-08,1.4188850070960106
2019-07-09,1.4021634026708563
2019-07-10,1.3860228521055544
2019-07-11,1.3703906649788316
2019-07-12,1.365265052112286
2019-07-13,1.4368357771623759
2019-07-14,1.3391673016844656
2019-07-15,1.323557046858353
2019-07-16,1.3083754762634066
2019-07-17,1.2936643344103607
2019-07-18,1.2793675927716242
2019-07-19,1.2654381385925575
2019-07-20,1.2530027601491074
2019-07-21,1.241051833778699
2019-07-22,1.2277891384101716
2019-07-23,1.2147255095024008
2019-07-24,1.201924650392219
2019-07-25,1.1893628476859262
2019-07-26,1.317672927883604
2019-07-27,2.364873625883017
2019-07-28,4.658100285483721
2019-07-29,2.14936745653057
2019-07-30,1.185716990284299
2019-07-31,1.1675032966919152
2019-08-01,1.1505078118019842
2019-08-02,1.1658782685360487
2019-08-03,1.3992873826023626
2019-08-04,1.1233231217439024
2019-08-05,1.1074240453526165
2019-08-06,1.0924424880385257
2019-08-07,1.0782456216462448
2019-08-08,1.0647223595811806
2019-08-09,1.053057520649925
2019-08-10,1.0424619153644803
2019-08-11,1.0302417277388654
2019-08-12,1.0204241758736454
2019-08-13,1.9415436184015133
2019-08-14,1.5594851037870212
2019-08-15,1.124414664641708
2019-08-16,1.1123805182868005
2019-08-17,0.9903222816194083
2019-08-18,2.587693683339739
2019-08-19,1.611089771433637
2019-08-20,0.9881913559115807
2019-08-21,0.9723093533531122
2019-08-22,0.957562067632333
2019-08-23,0.9437784212513236
2019-08-24,0.9308155394747891
2019-08-25,0.918554011329952
2019-08-26,0.9068939591066602
2019-08-27,0.8957517762644945
2019-08-28,0.8856259427205702
2019-08-29,1.1705711088657542
2019-08-30,1.1379519394802424
2019-08-31,0.867354817108609
2019-09-01,0.8565003499581113
2019-09-02,0.8461081376172932
2019-09-03,0.8361164377635668
2019-09-04,0.8282447061934345
2019-09-05,0.8227755155907421
2019-09-06,0.813256916289773
2019-09-07,0.8040694643647718
2019-09-08,0.7952092555188206
2019-09-09,0.786296133100789
2019-09-10,0.7776125528855151
2019-09-11,0.7691510800658513
2019-09-12,0.7608871574458801
2019-09-13,0.7528007911005722
2019-09-14,0.7448753463211455
2019-09-15,0.7370964946041293
2019-09-16,0.7294520864008315
2019-09-17,0.7219317996850606
2019-09-18,0.7145268460917312
2019-09-19,0.7072297250684345
2019-09-20,0.7000340180908021
2019-09-21,0.6929342163265669
2019-09-22,0.6861984816685532
2019-09-23,0.6798843836023968
2019-09-24,1.0583589611171336
2019-09-25,1.2562791155321946
2019-09-26,2.0628132660746163
2019-09-27,1.3205244606367832
2019-09-28,1.6108275351056678
2019-09-29,2.5098611785354534
2019-09-30,1.3374852601964131
2019-10-01,3.9619350786767176
2019-10-02,2.1826409932795428
2019-10-03,0.9826741361995631
2019-10-04,2.3972988756764173
2019-10-05,1.3841854427668683
2019-10-06,2.6758385934146887
2019-10-07,1.6893717715704104
2019-10-08,1.966423705563815
2019-10-09,1.6933446240051486
2019-10-10,1.0158229145867466
2019-10-11,0.8220699114453934
2019-10-12,0.7886201342163176
2019-10-13,0.7597176578110082
2019-10-14,0.7346025881044881
2019-10-15,0.7145179314828938
2019-10-16,1.9956210859469403
2019-10-17,1.694259272070292
2019-10-18,1.364105223451307
2019-10-19,1.2527036139578642
2019-10-20,2.1018876819704686
2019-10-21,1.804632805499658
2019-10-22,1.1049952224622341
2019-10-23,0.9027796173268944
2019-10-24,0.8580799771059769
2019-10-25,0.819766838057979
2019-10-26,0.7867792400498989
2019-10-27,0.784827126867644
2019-10-28,0.852001273090575
2019-10-29,0.7782191008419012
2019-10-30,0.7503734017149654
2019-10-31,0.7261165961970456
2019-11-01,1.6208348200462028
2019-11-02,1.8163319374995919
2019-11-03,2.0541749592017413
2019-11-04,1.488088671126209
2019-11-05,1.2457027869178137
2019-11-06,1.382436286742106
2019-11-07,2.239832095971012
2019-11-08,1.4529327830775405
2019-11-09,1.0612603728232035
2019-11-10,0.9969863434334602
2019-11-11,1.076497900599395
2019-11-12,1.155345325097286
2019-11-13,1.326298925031837
2019-11-14,1.0728653699180803
2019-11-15,0.923719802339984
2019-11-16,0.8808415863179234
2019-11-17,0.8510921938169836
2019-11-18,2.1944584149965256
2019-11-19,1.5752459334881606
2019-11-20,1.0547895708102788
2019-11-21,0.9944349499383343
2019-11-22,0.9430263671968458
2019-11-23,0.8990552705980669
2019-11-24,0.8612737071171126
2019-11-25,0.8286484755875252
2019-11-26,0.8018453289634055
2019-11-27,2.310057182236409
2019-11-28,3.5942141333373954
2019-11-29,2.240517110025103
2019-11-30,1.5653276967482537
2019-12-01,1.4039596272596457
2019-12-02,1.2998769764930351
2019-12-03,1.2120783426292803
2019-12-04,1.1377774466987793
2019-12-05,1.0746754947672226
2019-12-06,2.8251065730459253
2019-12-07,2.106257075257598
2019-12-08,2.48780345126135
2019-12-09,4.9177009654976915
2019-12-10,3.3150750113569707
2019-12-11,3.284090930877996
2019-12-12,2.9543884825829747
2019-12-13,4.387421158676276
2019-12-14,5.314358445976216
2019-12-15,4.854511076810618
2019-12-16,3.888122930114284
2019-12-17,3.918772757017439
2019-12-18,3.4085720928100485
2019-12-19,2.915458496829352
2019-12-20,2.6702776414674685
2019-12-21,2.7358707116480887
2019-12-22,5.956773301334042
2019-12-23,5.088847246963601
2019-12-24,4.194773994191601
2019-12-25,4.4288574723428695
2019-12-26,4.35017790273222
2019-12-27,4.2962541023467375
2019-12-28,3.7144963457290263
2019-12-29,3.2746878486490076
2019-12-30,3.005629593553202
2019-12-31,2.7799522770796514
2020-01-01,2.5900914220746434
2020-01-02,2.429831521700369
2020-01-03,2.8275987745191737
2020-01-04,2.7925634164065603
2020-01-05,2.4442440146316584
2020-01-06,2.3446672497763
2020-01-07,2.3826644013629745
2020-01-08,3.288826271777182
2020-01-09,3.6126259665015863
2020-01-10,4.375563561256849
2020-01-11,3.7309437635445692
2020-01-12,3.1706550812593988
2020-01-13,2.9424069073521566
2020-01-14,2.9220980462461514
2020-01-15,3.1742370437137013
2020-01-16,2.8744422755252796
2020-01-17,2.6263288106077876
2020-01-18,2.4833988038088113
2020-01-19,2.361588965370705
2020-01-20,2.2573859640421867
2020-01-21,2.1678214045338886
2020-01-22,2.0904195775529475
2020-01-23,2.02313545014229
2020-01-24,1.9642783420643557
2020-01-25,1.9124493843062866
2020-01-26,1.8664902218154247
2020-01-27,2.3450842658516216
2020-01-28,4.132213914800136
2020-01-29,3.4242909810832365
2020-01-30,3.023096353276245
2020-01-31,2.875143777044297
2020-02-01,5.316870857357382
2020-02-02,5.43369534937817
2020-02-03,7.136648187535066
2020-02-04,7.593175920612501
2020-02-05,6.238179225852729
2020-02-06,5.335292441754851
2020-02-07,4.823298508082208
2020-02-08,4.432433157326572
2020-02-09,5.566300461450228
2020-02-10,6.4492992907393045
2020-02-11,5.623107508049665
2020-02-12,4.858646053456385
2020-02-13,5.758535191051682
2020-02-14,5.465340746271662
2020-02-15,4.714602763481483
2020-02-16,7.402868194143312
2020-02-17,7.339863383409175
2020-02-18,6.020815079634338
2020-02-19,5.9443056045616425
2020-02-20,7.057153521364363
2020-02-21,6.353346867743354
2020-02-22,5.676128129531673
2020-02-23,8.009394875693546
2020-02-24,8.46423987770937
2020-02-25,9.556849287449513
2020-02-26,11.780262041321565
2020-02-27,14.201938572890755
2020-02-28,13.622881921995754
2020-02-29,11.823614613612056
2020-03-01,10.35652325861681
2020-03-02,10.425252291451605
2020-03-03,10.022749168564685
2020-03-04,8.831202548958366
2020-03-05,12.637608328194668
2020-03-06,13.648533809876193
2020-03-07,11.74942091248043
2020-03-08,10.765249392335457
2020-03-09,10.390939960166119
2020-03-10,13.606801956823473
2020-03-11,16.657475277032262
2020-03-12,15.119671628868531
2020-03-13,12.985594526727342
2020-03-14,11.68935354627285
2020-03-15,10.621969427547665
2020-03-16,9.733202295476756
2020-03-17,8.99102302271321
2020-03-18,8.36927981661818
2020-03-19,7.846596549468511
2020-03-20,7.487892168769672
2020-03-21,7.267275313841437
2020-03-22,6.923665983968495
2020-03-23,6.621245485103835
2020-03-24,6.361905914324985
2020-03-25,6.138223189862537
2020-03-26,5.944090444759497
2020-03-27,5.774479751167246
2020-03-28,5.625247797529418
2020-03-29,5.492977244774381
2020-03-30,5.37484707837601
2020-03-31,5.268526551254001
2020-04-01,5.172088340830843
2020-04-02,5.083937372059248
2020-04-03,5.002752426586672
2020-04-04,4.927438198065846
2020-04-05,4.857085890194706
2020-04-06,4.7909408075492905
2020-04-07,4.728375675804689
2020-04-08,4.668868660463093
2020-04-09,4.611985242109967
2020-04-10,4.5573632598469365
2020-04-11,4.504700559619325
2020-04-12,4.453744786079609
2020-04-13,4.404284939770807
2020-04-14,4.356144389302156
2020-04-15,4.309175083674244
2020-04-16,4.263252755300044
2020-04-17,4.21827294143258
2020-04-18,4.181207631780765
2020-04-19,4.144602328271788
2020-04-20,4.10032761846422
2020-04-21,4.056887754324116
2020-04-22,4.014302912633238
2020-04-23,3.972495848078143
2020-04-24,3.9314014119858065
2020-04-25,3.890964538617325
2020-04-26,3.85113857263138
2020-04-27,3.8118838790174947
2020-04-28,3.8136432154196283
2020-04-29,3.860059735323242
2020-04-30,3.839182819877111
2020-05-01,4.751749437842247
2020-05-02,4.466132512239965
2020-05-03,3.92216824373581
2020-05-04,3.8438408696317876
2020-05-05,3.7732012739214498
2020-05-06,3.7086178345162764
2020-05-07,3.649132746127485
2020-05-08,3.593950472822596
2020-05-09,3.542409736495777
2020-05-10,3.4954971219307818
2020-05-11,3.4505689813342024
2020-05-12,3.406707509289539
2020-05-13,3.3648083052031605
2020-05-14,3.3246204641505988
2020-05-15,3.28591466940489
2020-05-16,3.2484991785729953
2020-05-17,3.212213498498483
2020-05-18,3.176923141549587
2020-05-19,3.142515275557892
2020-05-20,3.108895112782647
2020-05-21,3.075982910450577
2020-05-22,3.043711477742655
2020-05-23,3.0120241024488794
2020-05-24,2.9808728256080745
2020-05-25,2.950217004878406
2020-05-26,2.920022117624565
2020-05-27,2.8902587631508925
2020-05-28,2.86090183047647
2020-05-29,2.8319298038005325
2020-05-30,2.803324182559592
2020-05-31,2.7750689969075
2020-06-01,2.7471504027012315
2020-06-02,2.719556342767101
2020-06-03,2.692276263452356
2020-06-04,2.6658097327089525
2020-06-05,3.8503853546938296
2020-06-06,3.4149588618854274
2020-06-07,2.6277295278937918
2020-06-08,2.614922065638716
2020-06-09,2.730022336211821
2020-06-10,2.5481250893747016
2020-06-11,2.5188705773007913
2020-06-12,2.9621645989076613
2020-06-13,3.345177404621974
2020-06-14,2.4863555521990555
2020-06-15,2.4544017387548442
2020-06-16,2.4799863390066803
2020-06-17,4.405364902728789
2020-06-18,3.3526933963682133
2020-06-19,2.428013444657575
2020-06-20,2.3901986818298013
2020-06-21,2.3620686821439487
2020-06-22,2.3384475540575616
2020-06-23,2.3060511862519326
2020-06-24,2.2746009087025674
2020-06-25,2.2448443516440855
2020-06-26,2.217533991556011
2020-06-27,2.1925158061057517
2020-06-28,2.166810664945808
2020-06-29,2.141368020182886
2020-06-30,2.117325410143922
2020-07-01,4.617242748141769
2020-07-02,3.3644764211447726
2020-07-03,2.1478023357169644
2020-07-04,2.1131834800092357
2020-07-05,2.081034313705214
2020-07-06,2.051017770801841
2020-07-07,2.0228115001414086
2020-07-08,2.472442640606983
2020-07-09,2.550538844622426
2020-07-10,1.994464801512657
2020-07-11,1.9656329008447067
2020-07-12,1.9385622849956485
2020-07-13,1.9125945028046958
2020-07-14,1.90113989636237
2020-07-15,1.979918889944006
2020-07-16,1.8689894139826546
2020-07-17,1.844494788008771
2020-07-18,1.8207551583905695
2020-07-19,1.7980812797560513
2020-07-20,1.7763652739134477
2020-07-21,1.755478378447548
2020-07-22,1.7353127844722327
2020-07-23,1.7157781372531726
2020-07-24,1.6967986301320834
2020-07-25,1.6783105896491497
2020-07-26,1.660335823175279
2020-07-27,1.6427265192838558
2020-07-28,1.625409142965516
2020-07-29,1.6084167681925374
2020-07-30,1.5917218344339006
2020-07-31,1.5753009776524085
2020-08-01,1.5591343482596347
2020-08-02,1.5432050417463081
2020-08-03,1.5274986231183363
2020-08-04,1.5120027294719007
2020-08-05,1.496706737694134
2020-08-06,1.481601486473182
2020-08-07,1.4666790436224242
2020-08-08,1.4519325112337367
2020-08-09,1.4373817152572206
2020-08-10,1.42299716312316
2020-08-11,1.4089408854909866
2020-08-12,1.3951409890353055
2020-08-13,1.4675419580909976
2020-08-14,1.4845301775472934
2020-08-15,1.3548669087961323
2020-08-16,1.3717334938506103
2020-08-17,1.3960869005855032
2020-08-18,1.315206854311085
2020-08-19,1.3019270949706532
2020-08-20,1.2887899647864627
2020-08-21,1.2758522110765251
2020-08-22,1.263070593800547
2020-08-23,1.2503844648316835
2020-08-24,1.2378400314008822
2020-08-25,1.2254358273791874
2020-08-26,1.2131681508729677
2020-08-27,1.2010501908051203
2020-08-28,1.1940002534133456
2020-08-29,1.1805969881049394
2020-08-30,1.2943037456002442
2020-08-31,1.472957159980372
2020-09-01,1.1441921679861187
2020-09-02,1.1325964405993627
2020-09-03,1.1211673459476768
2020-09-04,1.1099438592616448
2020-09-05,1.0989963306440378
2020-09-06,1.108022258302433
2020-09-07,1.077103698379965
2020-09-08,1.0662694501562036
2020-09-09,1.0555607542687782
2020-09-10,1.0449735945421506
2020-09-11,1.0345044309698619
2020-09-12,1.0241501254522156
2020-09-13,1.013907879481778
2020-09-14,1.0037751818288396
2020-09-15,0.9937497646005489
2020-09-16,0.9838295663152428
2020-09-17,0.9740127008566057
2020-09-18,0.9642974313583242
2020-09-19,0.9546821482250287
2020-09-20,0.945165350624816
2020-09-21,0.9357456308967306
2020-09-22,0.926421661406907
2020-09-23,0.9172283794358883
2020-09-24,0.908230277547505
2020-09-25,2.8050902947744594
2020-09-26,4.532605868253454
2020-09-27,3.8814044083705013
2020-09-28,2.8368143137662525
2020-09-29,1.3552742537798448
2020-09-30,0.8705026893128242
2020-10-01,1.6526993385418898
2020-10-02,1.3906818497154987
2020-10-03,1.6993997112667125
2020-10-04,1.310777360705506
2020-10-05,1.1929816744507764
2020-10-06,1.3276644773217119
2020-10-07,1.2656472126135416
2020-10-08,1.3810821670801996
2020-10-09,1.0070278255579546
2020-10-10,1.1460879913541848
2020-10-11,1.0572018047331655
2020-10-12,0.7901157387269003
2020-10-13,0.7796606707571674
2020-10-14,0.7697209878477401
2020-10-15,0.7602293329042316
2020-10-16,0.7511245994221739
2020-10-17,0.7423556133320224
2020-10-18,0.7338794757729938
2020-10-19,0.7256601870656847
2020-10-20,0.71774932228341
2020-10-21,0.7132928483789297
2020-10-22,0.7364759170363363
2020-10-23,0.7134915400981217
2020-10-24,0.6949611470526365
2020-10-25,1.3013978667816002
2020-10-26,1.1215298601337498
2020-10-27,0.7098234534362114
2020-10-28,3.0634008113023783
2020-10-29,2.2867668567353854
2020-10-30,1.0368238370553498
2020-10-31,0.7263129703292569
2020-11-01,0.8635680933521744
2020-11-02,1.5925789228996974
2020-11-03,0.9762008322383932
2020-11-04,0.703602018190009
2020-11-05,0.6879889183770681
2020-11-06,0.6739352749651278
2020-11-07,0.6611932639774413
2020-11-08,0.6495565624245799
2020-11-09,0.6388532675859319
2020-11-10,0.6289531609622255
2020-11-11,0.6197416004340596
2020-11-12,0.6112992808995904
2020-11-13,0.6051072110223943
2020-11-14,0.5990151088299488
2020-11-15,1.0366802393616383
2020-11-16,0.9820280175066362
2020-11-17,0.6220627166420855
2020-11-18,0.6067919385383603
2020-11-19,0.6059099554797481
2020-11-20,0.6051208228372986
2020-11-21,0.5834488595523432
2020-11-22,0.5791953379974714
2020-11-23,0.5817906195348796
2020-11-24,0.5593952043415644
2020-11-25,0.5512967506026912
2020-11-26,0.5436850755623981
2020-11-27,0.5364892718710773
2020-11-28,0.5296500387778782
2020-11-29,0.5231177400185774
2020-11-30,0.7402903868809182
2020-12-01,2.4920078816289926
2020-12-02,1.0662676366788666
2020-12-03,0.832895512168514
2020-12-04,0.6727407166394669
2020-12-05,0.5806941466859475
2020-12-06,0.5647938593223086
2020-12-07,0.5607436304219171
2020-12-08,0.5655693616288736
2020-12-09,0.5316261803913386
2020-12-10,0.5208107255184228
2020-12-11,1.2002154501367122
2020-12-12,1.4351921399127472
2020-12-13,1.0182191621792194
2020-12-14,2.054710780461778
2020-12-15,2.638409205090465
2020-12-16,1.266899837885191
2020-12-17,1.0079387703895009
2020-12-18,0.8409130889260443
2020-12-19,0.7110635402618696
2020-12-20,0.6758063930601339
2020-12-21,1.8286793088211943
2020-12-22,1.8537988374283294
2020-12-23,3.4965927762299054
2020-12-24,2.8170065521396945
2020-12-25,1.5151069897117069
2020-12-26,1.1472804015342517
2020-12-27,2.6576606827697122
2020-12-28,2.049226247249146
2020-12-29,1.358703898336459
2020-12-30,1.4999697129581435
2020-12-31,2.3363107311847306
2021-01-01,1.6430311322183229
2021-01-02,1.2216574865292855
2021-01-03,1.1302501213154463
2021-01-04,1.0782264816772744
2021-01-05,1.0338826073695493
2021-01-06,0.9694821974730582
2021-01-07,1.5213894785146376
2021-01-08,1.9465420790166614
2021-01-09,1.3666153565320294
2021-01-10,1.0884660600818894
2021-01-11,1.0574866304676505
2021-01-12,5.408400134791097
2021-01-13,3.326111122060919
2021-01-14,2.744377851941305
2021-01-15,2.2805885621430098
2021-01-16,2.5147151922831363
2021-01-17,2.9391206332237103
2021-01-18,2.215660719920373
2021-01-19,3.5909553612138496
2021-01-20,2.8255248739729644
2021-01-21,4.169753668952921
2021-01-22,4.000260729696666
2021-01-23,5.354530698477359
2021-01-24,5.084987472954762
2021-01-25,4.167506602778928
2021-01-26,3.4833056890640166
2021-01-27,3.215205428743909
2021-01-28,8.321005285834383
2021-01-29,9.578856323180817
2021-01-30,8.545781204287644
2021-01-31,7.206508977133741
2021-02-01,6.2993041138590415
2021-02-02,8.343146432720884
2021-02-03,12.464080712872745
2021-02-04,10.507278009904402
2021-02-05,8.31044828127379
2021-02-06,9.852839460330829
2021-02-07,9.126240029001975
2021-02-08,7.5577125414459525
2021-02-09,6.751510433711208
2021-02-10,6.082007537024306
2021-02-11,5.524748931041448
2021-02-12,5.059753499270678
2021-02-13,4.670677661837288
2021-02-14,4.4081103115377
2021-02-15,7.705800567316662
2021-02-16,6.395432637562909
2021-02-17,5.700610884527801
2021-02-18,6.225559782926727
2021-02-19,5.9155338570872145
2021-02-20,5.197463207551118
2021-02-21,4.82523666029626
2021-02-22,4.512143267960421
2021-02-23,4.2478343976151
2021-02-24,4.023815779742621
2021-02-25,3.93969538176513
2021-02-26,3.960930012753929
2021-02-27,3.762481070605737
2021-02-28,3.609671656893868
2021-03-01,3.477144256252864
2021-03-02,3.362263005888812
2021-03-03,3.262047345546879
2021-03-04,4.059426138940626
2021-03-05,4.629157038734492
2021-03-06,3.9635636771579006
2021-03-07,3.7715712493973528
2021-03-08,3.607559914574221
2021-03-09,3.506463505493892
2021-03-10,3.491320557552283
2021-03-11,3.420707618416141
2021-03-12,3.383491899053214
2021-03-13,5.4842850582216025
2021-03-14,5.765094259904573
2021-03-15,5.75291325630358
2021-03-16,6.675353357214065
2021-03-17,6.041615303433218
2021-03-18,5.286119167778127
2021-03-19,4.9136794147478895
2021-03-20,4.5955496476450355
2021-03-21,4.326865033912594
2021-03-22,4.099117893060886
2021-03-23,3.905218787266172
2021-03-24,3.7393371713069214
2021-03-25,3.596673464669728
2021-03-26,3.4777081151188636
2021-03-27,3.388443448046496
2021-03-28,3.3027654560636335
2021-03-29,3.2163217190778717
2021-03-30,3.138915810866688
2021-03-31,3.0698485687385584
2021-04-01,3.0077557429251107
2021-04-02,2.9515070894626194
2021-04-03,2.9001654752686608
2021-04-04,2.852953257063318
2021-04-05,2.88398847245746
2021-04-06,4.963957123656861
2021-04-07,5.3278859902498
2021-04-08,4.476315324557415
2021-04-09,4.06116520941157
2021-04-10,6.189000228059847
2021-04-11,6.424241923477239
2021-04-12,5.303370467784913
2021-04-13,4.902649348054671
2021-04-14,4.57556418628591
2021-04-15,4.29475308312629
2021-04-16,4.057153127399978
2021-04-17,3.8552696403643267
2021-04-18,3.6829400869140003
2021-04-19,3.5350926638971014
2021-04-20,3.4075495144556913
2021-04-21,3.296866146605799
2021-04-22,3.200200258298567
2021-04-23,3.115204474925118
2021-04-24,3.039938553320738
2021-04-25,2.9727974500816825
2021-04-26,2.9124523321795746
2021-04-27,2.8578021568727245
2021-04-28,2.8079338916202183
2021-04-29,2.7620898037410946
2021-04-30,2.7196405404294324
2021-05-01,2.680062955650973
2021-05-02,2.642921832005135
2021-05-03,2.611007105865592
2021-05-04,2.6759812207128992
2021-05-05,2.8895450282334934
2021-05-06,2.906846361104195
2021-05-07,2.7923277125370642
2021-05-08,2.6983255526778147
2021-05-09,2.6410140252870327
2021-05-10,2.5893107181694623
2021-05-11,2.542314317417609
2021-05-12,2.5088429070987392
2021-05-13,3.354114304035464
2021-05-14,3.049211350307693
2021-05-15,2.730852912170475
2021-05-16,2.7267924878634857
2021-05-17,2.733746255727411
2021-05-18,2.8457646922436033
2021-05-19,2.6350607158986286
2021-05-20,2.5797953759943177
2021-05-21,2.5163988486311375
2021-05-22,3.863875923681217
2021-05-23,3.6182892465037657
2021-05-24,3.347180609654243
2021-05-25,5.159357477790065
2021-05-26,4.080188846001894
2021-05-27,3.3614050365761057
2021-05-28,3.1798841420055832
2021-05-29,3.0254114808939714
2021-05-30,2.8933476525175355
2021-05-31,2.7798636052667516
2021-06-01,2.681802345691553
2021-06-02,2.5965587602216513
2021-06-03,2.5220428293123205
2021-06-04,6.369357310712233
2021-06-05,5.095908868908407
2021-06-06,3.525502111114221
2021-06-07,3.3152813673241113
2021-06-08,3.1371526308794113
2021-06-09,2.9855683465513523
2021-06-10,2.855963868978572
2021-06-11,2.744579944290388
2021-06-12,2.6483178853710805
2021-06-13,2.564621296196395
2021-06-14,2.4913793800547084
2021-06-15,2.426847814489649
2021-06-16,2.369583938889302
2021-06-17,2.319172861599207
2021-06-18,2.846530632515764
2021-06-19,4.105099659790864
2021-06-20,3.190536863449383
2021-06-21,7.171265163900891
2021-06-22,6.396354219668865
2021-06-23,4.205394129557645
2021-06-24,3.523686761116924
2021-06-25,3.3042880119750584
2021-06-26,3.1184651831196217
2021-06-27,3.01344709237839
2021-06-28,3.1830477948990556
2021-06-29,5.074096095121721
2021-06-30,8.75407659429717
2021-07-01,6.091450176512815
2021-07-02,4.54111696624497
2021-07-03,4.904111075940581
2021-07-04,6.5230163973789255
2021-07-05,5.688417563948008
2021-07-06,4.757280665984822
2021-07-07,4.348693333077843
2021-07-08,4.044848991919477
2021-07-09,3.790845626883275
2021-07-10,4.265667955057573
2021-07-11,4.667683852756932
2021-07-12,3.8408369710048365
2021-07-13,3.7275366563281107
2021-07-14,5.450302924488501
2021-07-15,16.55067501106066
2021-07-16,13.288745719824547
2021-07-17,9.536576349628785
2021-07-18,8.479949669684954
2021-07-19,7.60401155109466
2021-07-20,6.876727580216621
2021-07-21,6.271388905600017
2021-07-22,5.766195759996767
2021-07-23,5.343335396580211
2021-07-24,5.550337372364908
2021-07-25,5.314609976994529
2021-07-26,4.88759427921328
2021-07-27,4.667081398610897
2021-07-28,4.446114491849541
2021-07-29,4.234559363669531
2021-07-30,4.052256716379166
2021-07-31,3.8984914402898916
2021-08-01,4.374900378233172
2021-08-02,4.606427556367369
2021-08-03,4.113527133522386
2021-08-04,4.107021213781507
2021-08-05,3.8431591788551405
2021-08-06,3.752135354255449
2021-08-07,4.595264230635045
2021-08-08,4.788656208902047
2021-08-09,4.548155294634571
2021-08-10,4.9779888276732
2021-08-11,4.455006600731299
2021-08-12,4.037495887043159
2021-08-13,3.8688184230294347
2021-08-14,3.723723349958078
2021-08-15,3.5981783403832917
2021-08-16,3.5227487976191694
2021-08-17,3.705534343889454
2021-08-18,4.060343612729627
2021-08-19,3.579295788271247
2021-08-20,3.4648776962408143
2021-08-21,4.111936778148692
2021-08-22,5.126367269542441
2021-08-23,4.557584505385308
2021-08-24,3.926384458975132
2021-08-25,3.7282281940840947
2021-08-26,3.5852174082310935
2021-08-27,3.461578305311751
2021-08-28,3.3540257035075065
2021-08-29,3.2598492026874273
2021-08-30,3.1768107075563985
2021-08-31,3.1030605682476153
2021-09-01,3.037068889382551
2021-09-02,2.9775692106411427
2021-09-03,2.9235122880228714
2021-09-04,2.8740281300749264
2021-09-05,2.82839478724233
2021-09-06,2.786012671004908
2021-09-07,2.7463834052946527
2021-09-08,2.7090923960053943
2021-09-09,2.6737944533803795
2021-09-10,2.652873499840847
2021-09-11,2.653217048679607
2021-09-12,2.6294963036675587
2021-09-13,2.5940816385640844
2021-09-14,2.5597564282053447
2021-09-15,2.710363989426503
2021-09-16,2.710428209543704
2021-09-17,2.5743919144911787
2021-09-18,2.5316083072032955
2021-09-19,2.492078682336051
2021-09-20,2.455297727866998
2021-09-21,2.420845470847826
2021-09-22,2.38837256881364
2021-09-23,2.3575881797391913
2021-09-24,2.3282499505726437
2021-09-25,2.300155747915428
2021-09-26,2.2731368224991964
2021-09-27,2.24878004405318
2021-09-28,2.226016334020189
2021-09-29,2.234763199965434
2021-09-30,2.4908020601120677
2021-10-01,2.241031622990361
2021-10-02,3.000295923662167
2021-10-03,6.548355541149578
2021-10-04,4.121387181108535
2021-10-05,3.515434598408147
2021-10-06,4.193500808082848
2021-10-07,3.505239534642103
2021-10-08,2.9629927700320042
2021-10-09,2.8190597207250487
2021-10-10,2.69952174726958
2021-10-11,2.596836925081251
2021-10-12,4.6820980511181345
2021-10-13,4.156136581806661
2021-10-14,3.1078243633107068
2021-10-15,2.9520215325585144
2021-10-16,2.8230297127320383
2021-10-17,2.7028379908447207
2021-10-18,2.59851904609074
2021-10-19,2.5430852107968787
2021-10-20,3.15790301682437
2021-10-21,4.967261492519251
2021-10-22,4.219147982284543
2021-10-23,3.3792107092908723
2021-10-24,3.10278025428394
2021-10-25,2.940688362892906
2021-10-26,2.8025136304087765
2021-10-27,2.684163113242883
2021-10-28,2.582262572632881
2021-10-29,2.523704701589264
2021-10-30,3.5350722142076694
2021-10-31,5.865734945302969
2021-11-01,4.611290448184248
2021-11-02,3.6619299803059007
2021-11-03,3.41898352162358
2021-11-04,3.2546395257038494
2021-11-05,3.198321751472706
2021-11-06,2.9683384349041515
2021-11-07,2.8370289144324183
2021-11-08,2.742154878841403
2021-11-09,2.638532625640122
2021-11-10,2.5472881931718714
2021-11-11,2.467860784795858
2021-11-12,2.4006044069637467
2021-11-13,2.5307592889859776
2021-11-14,2.74946734021334
2021-11-15,2.5169192875471715
2021-11-16,2.434928041595021
2021-11-17,2.3632997610684243
2021-11-18,2.3003051020105074
2021-11-19,2.2445135795472697
2021-11-20,2.194859715938541
2021-11-21,2.191570524102311
2021-11-22,2.2274580697307056
2021-11-23,2.1776660909979366
2021-11-24,2.129930287683233
2021-11-25,2.0886797511594746
2021-11-26,3.5849650619325004
2021-11-27,3.689584187477615
2021-11-28,3.2845231340448073
2021-11-29,3.032224810946472
2021-11-30,4.3047903386462
2021-12-01,5.358486436406905
2021-12-02,4.915239100053457
2021-12-03,4.175710384526471
2021-12-04,5.27397261106146
2021-12-05,5.022509801465406
2021-12-06,6.092265374135631
2021-12-07,5.661534049737664
2021-12-08,4.776968939151678
2021-12-09,4.319930867551606
2021-12-10,5.504617635118908
2021-12-11,5.265193267856769
2021-12-12,5.013838257739482
2021-12-13,4.535423082804639
2021-12-14,4.105737071754084
2021-12-15,3.8310525167170972
2021-12-16,3.5993152620125777
2021-12-17,3.403059629596529
2021-12-18,3.2361488947668935
2021-12-19,3.093534076809508
2021-12-20,2.9710573930126665
2021-12-21,2.865291932288685
2021-12-22,2.7734107358849207
2021-12-23,2.7123045316074172
2021-12-24,2.80534596562021
2021-12-25,5.392253520974695
2021-12-26,5.163836745837208
2021-12-27,4.441893293285545
2021-12-28,8.990195587146586
2021-12-29,9.128779218506759
2021-12-30,7.606004198441895
2021-12-31,6.685161689879382
2022-01-01,6.004254154470477
2022-01-02,7.6019498565058425
2022-01-03,8.210799445824426
2022-01-04,10.081630784058332
2022-01-05,9.683136145839896
2022-01-06,8.230291373243558
2022-01-07,7.709971646158736
2022-01-08,9.395782948332332
2022-01-09,10.33815685432711
2022-01-10,9.107931785542336
2022-01-11,7.944172873373199
2022-01-12,7.234206235221921
2022-01-13,6.642644435022273
2022-01-14,6.147096041773541
2022-01-15,5.731234075639754
2022-01-16,5.381015999991767
2022-01-17,5.084928560942461
2022-01-18,4.833527255012423
2022-01-19,4.666364143282769
2022-01-20,4.716372009257814
2022-01-21,4.666831439201916
2022-01-22,4.434321786092473
2022-01-23,4.273826986466485
2022-01-24,4.134665381662373
2022-01-25,4.013221592497977
2022-01-26,3.9065132526771293
2022-01-27,3.8605863173716912
2022-01-28,3.8769995790396212
2022-01-29,3.7840836119961403
2022-01-30,3.7027355626755
2022-01-31,4.643386024663113
2022-02-01,5.048443822838164
2022-02-02,4.594495835681162
2022-02-03,4.33798868018859
2022-02-04,4.428762811782874
2022-02-05,4.4528625511900914
2022-02-06,10.46950835675664
2022-02-07,10.616595122957165
2022-02-08,8.700628208674837
2022-02-09,7.8338872437395635
2022-02-10,8.04713640315324
2022-02-11,7.63431313125244
2022-02-12,6.827854336825198
2022-02-13,6.329454851276709
2022-02-14,5.932221591169399
2022-02-15,7.036258851581888
2022-02-16,8.589984840593706
2022-02-17,8.193604566843991
2022-02-18,7.607316564387397
2022-02-19,8.409741381798876
2022-02-20,11.32761504493427
2022-02-21,12.192316310836247
2022-02-22,11.080944598809376
2022-02-23,9.802094616820748
2022-02-24,10.10262476962777
2022-02-25,9.735065047366492
2022-02-26,8.637573485442507
2022-02-27,7.972070060298606
2022-02-28,7.413574848291465
2022-03-01,6.943990278161354
2022-03-02,6.547667045176072
2022-03-03,6.211776850449339
2022-03-04,5.9257935828515444
2022-03-05,5.681071908119313
2022-03-06,5.470504579092425
2022-03-07,5.288243447150173
2022-03-08,5.1294720846744415
2022-03-09,4.990220273328757
2022-03-10,4.867212492683702
2022-03-11,4.757744052739052
2022-03-12,4.659579727017089
2022-03-13,4.570870719482993
2022-03-14,4.49008658574992
2022-03-15,4.415959364386729
2022-03-16,4.3474376875915
2022-03-17,4.28364905591864
2022-03-18,4.223868798258741
2022-03-19,4.167494511169835
2022-03-20,4.11402499321665
2022-03-21,4.0630428700447645
2022-03-22,4.014200252421774
2022-03-23,3.967206888797112
2022-03-24,3.9218203712076694
2022-03-25,3.8778380327382624
2022-03-26,3.835090239587469
2022-03-27,3.7934348338033748
2022-03-28,3.7527525261371935
2022-03-29,3.7129430739966547
2022-03-30,3.673922108611363
2022-03-31,3.6539609789410097
2022-04-01,3.6579450237044226
2022-04-02,3.6452026785131673
2022-04-03,3.606114747058733
2022-04-04,3.6713651664012112
2022-04-05,4.537634301278478
2022-04-06,4.798364054976872
2022-04-07,5.875360233324091
2022-04-08,5.2652561490868885
2022-04-09,4.6512628227678094
2022-04-10,4.444628680587962
2022-04-11,4.2673072369591525
2022-04-12,4.114297684184316
2022-04-13,3.981476491497824
2022-04-14,3.8654406704857
2022-04-15,3.763379561046739
2022-04-16,3.672969848665128
2022-04-17,3.592289524136422
2022-04-18,3.5197473041684866
2022-04-19,3.454024683530714
2022-04-20,3.394028317043091
2022-04-21,3.3388508569880444
2022-04-22,3.2877387179573803
2022-04-23,3.240065522323224
2022-04-24,3.1953102079795097
2022-04-25,3.1530919463021365
2022-04-26,3.113026189930336
2022-04-27,3.074681086022119
2022-04-28,3.0379083413027934
2022-04-29,3.0024972471283586
2022-04-30,2.9682715841725282
2022-05-01,2.9350838226949776
2022-05-02,2.902810313432622
2022-05-03,2.8713472972875778
2022-05-04,2.840607592256245
2022-05-05,2.8105178409051987
2022-05-06,2.781016222122967
2022-05-07,2.752280665046856
2022-05-08,2.7239781852873435
2022-05-09,2.6959108203874433
2022-05-10,2.6682735286059907
2022-05-11,2.641038043672449
2022-05-12,2.6141802420224227
2022-05-13,2.5876794722438623
2022-05-14,2.56151799509723
2022-05-15,2.535680515622493
2022-05-16,2.510153791980326
2022-05-17,2.4849263082701722
2022-05-18,2.459988000718073
2022-05-19,2.785009222241305
2022-05-20,3.1365368925416135
2022-05-21,2.7820766349108794
2022-05-22,2.4294133822260644
2022-05-23,3.262709633626135
2022-05-24,3.196535810740643
2022-05-25,2.4671486447118904
2022-05-26,2.4223198070053082
2022-05-27,2.382823515426671
2022-05-28,2.3461724243112414
2022-05-29,2.3163343182311613
2022-05-30,2.2908134911814892
2022-05-31,2.259146711407077
2022-06-01,2.2285844011502567
2022-06-02,2.199636736441949
2022-06-03,2.172071908319642
2022-06-04,2.1456970112540574
2022-06-05,6.937083752414298
2022-06-06,4.501051938703463
2022-06-07,2.529119231442509
2022-06-08,4.033685320121393
2022-06-09,3.9052856582868927
2022-06-10,2.777403254224319
2022-06-11,2.6123429951583113
2022-06-12,2.5149089029671954
2022-06-13,2.430405957301461
2022-06-14,2.3566722542593905
2022-06-15,2.2919184687727943
2022-06-16,2.234662536246231
2022-06-17,2.1836759802940695
2022-06-18,2.1379397737096504
2022-06-19,2.097020922265349
2022-06-20,2.0596630974767
2022-06-21,2.0250630888508696
2022-06-22,1.9931062785210802
2022-06-23,1.9788883197969873
2022-06-24,5.4768653286196844
2022-06-25,4.168739778348414
2022-06-26,2.6130674122170228
2022-06-27,2.6245662957799962
2022-06-28,2.6585687718646356
2022-06-29,2.2064747850759896
2022-06-30,2.175831952500318
2022-07-01,2.1937355039866433
2022-07-02,2.0976003250513986
2022-07-03,2.0410849959438484
2022-07-04,1.9910365310037816
2022-07-05,1.9463981049993249
2022-07-06,1.9062927807272405
2022-07-07,1.869992354867439
2022-07-08,1.8368916887710736
2022-07-09,1.8064875420303081
2022-07-10,1.7783611056450546
2022-07-11,1.7521635773654476
2022-07-12,1.7276042406239391
2022-07-13,1.704440605444434
2022-07-14,1.682470248922991
2022-07-15,1.6615240576289965
2022-07-16,1.6414606272615078
2022-07-17,1.6221616182893144
2022-07-18,1.603527901871708
2022-07-19,1.5854763595356456
2022-07-20,1.5687368332438216
2022-07-21,2.25975125418682
2022-07-22,2.093256444801312
2022-07-23,1.5533428688717035
2022-07-24,1.5330504635594506
2022-07-25,1.5137376303057801
2022-07-26,1.495267947505577
2022-07-27,1.477527257131927
2022-07-28,1.4604199453003692
2022-07-29,1.4438659375254472
2022-07-30,1.4277979437449864
2022-07-31,1.4121592121091524
2022-08-01,1.3969023862835395
2022-08-02,1.3819874321014465
2022-08-03,1.3673805858218222
2022-08-04,1.3535650033920916
2022-08-05,1.340978877470446
2022-08-06,1.3278276119213064
2022-08-07,1.3139483083392907
2022-08-08,1.3002596008198564
2022-08-09,1.2868031072656858
2022-08-10,1.2735613041433889
2022-08-11,1.260519280695488
2022-08-12,1.2476643174207591
2022-08-13,1.2349855337093267
2022-08-14,1.2224735931357318
2022-08-15,1.2107043692520263
2022-08-16,1.198706171220208
2022-08-17,1.6624976013741932
2022-08-18,1.7004215539817247
2022-08-19,1.1678363161640812
2022-08-20,1.1562323588367946
2022-08-21,1.1437958777340032
2022-08-22,1.131900803684606
2022-08-23,1.120204366683891
2022-08-24,1.1086918716070626
2022-08-25,1.0973508076759633
2022-08-26,1.0861761786034514
2022-08-27,1.075157669158344
2022-08-28,1.0642717559878958
2022-08-29,1.0535221240360717
2022-08-30,1.0429038977304004
2022-08-31,1.0324119524879434
2022-09-01,1.0220418172976369
2022-09-02,1.0117895720539956
2022-09-03,1.0016517614341895
2022-09-04,0.9916253226184953
2022-09-05,0.9817430078164282
2022-09-06,0.9721652968806049
2022-09-07,0.9628300407352764
2022-09-08,2.957331096627465
2022-09-09,2.8640939401482854
2022-09-10,2.594077576585332
2022-09-11,1.4112155942111118
2022-09-12,0.9265146923569306
2022-09-13,0.916624354658532
2022-09-14,3.9242865778864378
2022-09-15,1.9928014855989646
2022-09-16,1.0135569854990847
2022-09-17,1.970043641848947
2022-09-18,3.5310860483633704
2022-09-19,1.748450566096652
2022-09-20,0.9186847757181548
2022-09-21,0.9017833470248968
2022-09-22,0.8863125741950465
2022-09-23,0.8721598263140073
2022-09-24,0.9147866711811036
2022-09-25,1.0377528413108588
2022-09-26,2.4866418097742553
2022-09-27,3.976078708679788
2022-09-28,1.7361372867894487
2022-09-29,0.944802453487025
2022-09-30,0.9189164248065801
2022-10-01,1.4793870980957153
2022-10-02,1.6321408516913518
2022-10-03,1.0041468657496164
2022-10-04,0.8982120049612496
2022-10-05,0.8787028253435366
2022-10-06,0.8842531581899045
2022-10-07,0.8415639671004272
2022-10-08,0.8241475513353606
2022-10-09,0.8084074347507898
2022-10-10,0.7938346023935834
2022-10-11,0.7804549544131167
2022-10-12,0.76809405204895
2022-10-13,0.7569602374882827
2022-10-14,0.7487990100894906
2022-10-15,0.7396675783598101
2022-10-16,0.7307637353261729
2022-10-17,0.7475212473244498
2022-10-18,0.7647876689270454
2022-10-19,0.7149163329322303
2022-10-20,0.7124410073196219
2022-10-21,1.004679816254028
2022-10-22,0.8601779542909459
2022-10-23,0.9361881732798687
2022-10-24,1.6800343437458125
2022-10-25,1.1402678987468706
2022-10-26,0.7417047371454446
2022-10-27,0.7240153595583748
2022-10-28,0.7081840563351376
2022-10-29,0.693913940182935
2022-10-30,0.6809578539064663
2022-10-31,0.6691098908025159
2022-11-01,0.6581983853655279
2022-11-02,0.6480801148663615
2022-11-03,0.6462314980454712
2022-11-04,0.6628895151058636
2022-11-05,0.6538059745104916
2022-11-06,1.0474645144053123
2022-11-07,0.8764665048487214
2022-11-08,0.6525065416242223
2022-11-09,0.6391192705516499
2022-11-10,0.6269826302706847
2022-11-11,0.6159005630320936
2022-11-12,0.6057095720606135
2022-11-13,0.5962732162830015
2022-11-14,0.5874775509933311
2022-11-15,0.7757048924134802
2022-11-16,2.3441927386425156
2022-11-17,2.6515699413765064
2022-11-18,2.55250976456418
2022-11-19,1.9838341454094726
2022-11-20,1.8011772427413266
2022-11-21,2.0658728379248616
2022-11-22,1.2974119527216637
2022-11-23,1.83905318967708
2022-11-24,1.3355404224261245
2022-11-25,1.219589914522643
2022-11-26,1.06625205696627
2022-11-27,1.7268807848360408
2022-11-28,1.9736027809554975
2022-11-29,1.2714340755474154
2022-11-30,1.0090574828139405
2022-12-01,0.9496656978678231
2022-12-02,0.8990340560860052
2022-12-03,0.8557135828243708
2022-12-04,0.8185405666631539
2022-12-05,1.4830351793806829
2022-12-06,1.187997193069996
2022-12-07,1.06107981888383
2022-12-08,1.163280429492809
2022-12-09,0.9344880748375536
2022-12-10,0.8373902776880365
2022-12-11,0.8031045243611796
2022-12-12,0.7734571239821387
2022-12-13,0.7476793829416132
2022-12-14,0.7251337345833382
2022-12-15,0.7052909686232997
2022-12-16,0.6877114865445244
2022-12-17,0.6720298576052849
2022-12-18,0.6579420833980053
2022-12-19,2.2666535924273643
2022-12-20,4.868020832286943
2022-12-21,3.4408329795658603
2022-12-22,3.8905126982724156
2022-12-23,5.305330402078593
2022-12-24,3.8436908589671432
2022-12-25,7.320636836397842
2022-12-26,5.736769646557128
2022-12-27,4.043818678972083
2022-12-28,3.906215833658821
2022-12-29,5.125526278158689
2022-12-30,5.202943143899331
2022-12-31,5.088486805974307
2023-01-01,4.8712826319313836
2023-01-02,5.048184646369216
2023-01-03,4.377344202668543
2023-01-04,4.929429733692222
2023-01-05,4.457047260702777
2023-01-06,4.078341156134623
2023-01-07,3.801142473849404
2023-01-08,4.609014254797795
2023-01-09,4.368808014879589
2023-01-10,4.320094096615346
2023-01-11,5.649363200203488
2023-01-12,10.40985533388831
2023-01-13,8.851179676024621
2023-01-14,9.382902864322432
2023-01-15,8.623259851911605
2023-01-16,9.524263483718691
2023-01-17,8.408522858289732
2023-01-18,7.149325673605227
2023-01-19,6.883031650092256
2023-01-20,9.642485968430782
2023-01-21,8.158324669402518
2023-01-22,7.038446550601247
2023-01-23,7.376298675325895
2023-01-24,7.404547265712176
2023-01-25,6.3991126389631034
2023-01-26,6.00352032590096
2023-01-27,5.613591064963667
2023-01-28,5.136693056817109
2023-01-29,4.782925992844447
2023-01-30,4.4974697084885396
2023-01-31,4.293516224257314
2023-02-01,4.093095924844627
2023-02-02,3.8993196792882525
2023-02-03,3.879120625377894
2023-02-04,4.301770357080456
2023-02-05,4.2507821987479515
2023-02-06,3.956047916272402
2023-02-07,3.7448668172798474
2023-02-08,3.59935766747036
2023-02-09,3.4736117584135067
2023-02-10,3.3642822355006445
2023-02-11,3.268606746298664
2023-02-12,3.184303434493233
2023-02-13,3.10948579069557
2023-02-14,3.0425928739484216
2023-02-15,2.98233207550282
2023-02-16,2.9294390348276114
2023-02-17,2.8835517736546863
2023-02-18,2.8689000654952737
2023-02-19,2.8954052150831475
2023-02-20,2.84647999531051
2023-02-21,2.7963716840422617
2023-02-22,2.7629375606255144
2023-02-23,2.8546986577870537
2023-02-24,3.0363201806387896
2023-02-25,2.9259704227187133
2023-02-26,2.8519839559414404
2023-02-27,2.7862103913501612
2023-02-28,2.727305019197958
2023-03-01,2.6741512387356283
2023-03-02,2.625823218101582
2023-03-03,2.581552692097535
2023-03-04,2.5407016396156097
2023-03-05,2.5035954090793573
2023-03-06,2.553004239260638
2023-03-07,5.466892734559153
2023-03-08,8.142778023379355
2023-03-09,9.761096885607186
2023-03-10,10.155405825585012
2023-03-11,8.829175545951607
2023-03-12,7.545442720389
2023-03-13,6.852875793746072
2023-03-14,6.882384551665438
2023-03-15,7.88614872214582
2023-03-16,7.086263224414053
2023-03-17,6.265324051649141
2023-03-18,5.839562186071588
2023-03-19,5.529839738972652
2023-03-20,5.1681770591797935
2023-03-21,4.862511628043531
2023-03-22,4.612288704712856
2023-03-23,4.566843601159056
2023-03-24,5.017662799174486
2023-03-25,6.371616670311222
2023-03-26,8.599321428329239
2023-03-27,7.781156683528241
2023-03-28,6.619078302584626
2023-03-29,6.100040022960104
2023-03-30,5.772931657362176
2023-03-31,7.418893573796583
2023-04-01,11.176508218084377
2023-04-02,9.988067071594953
2023-04-03,8.38748450016523
2023-04-04,7.640066607246527
2023-04-05,7.016480667482324
2023-04-06,6.760465255213334
2023-04-07,6.788513094567186
2023-04-08,6.322391630613139
2023-04-09,5.918933015618815
2023-04-10,5.661537916160985
2023-04-11,5.5410738258880885
2023-04-12,6.281367520947867
2023-04-13,6.985885065003323
2023-04-14,6.083072133122262
2023-04-15,5.727456836368595
2023-04-16,5.4238218324653324
2023-04-17,5.165573472670915
2023-04-18,4.9448566970321615
2023-04-19,4.755219004631447
2023-04-20,4.597853180760402
2023-04-21,4.5172158788685515
2023-04-22,4.504971224085823
2023-04-23,4.761099470796771
2023-04-24,6.444680991652511
2023-04-25,6.24901219493697
2023-04-26,5.5253319910672465
2023-04-27,5.239163337119122
2023-04-28,5.007541560341983
2023-04-29,4.808376585820188
2023-04-30,4.626034941020829
2023-05-01,4.468087781109351
2023-05-02,4.330625799465115
2023-05-03,4.210197208497425
2023-05-04,4.103951710550995
2023-05-05,4.356943566650336
2023-05-06,4.63735171395455
2023-05-07,4.322200058036532
2023-05-08,4.2316167870844845
2023-05-09,7.388408950635615
2023-05-10,8.128242797524095
2023-05-11,7.141699788813614
2023-05-12,8.039745389190346
2023-05-13,7.441075820471866
2023-05-14,6.4869041701686685
2023-05-15,6.048006851724907
2023-05-16,5.678322121220369
2023-05-17,5.365621753546237
2023-05-18,5.100051947852279
2023-05-19,4.873454736964945
2023-05-20,4.679115691590162
2023-05-21,4.511508520020778
2023-05-22,4.366080825688238
2023-05-23,4.239079239196397
2023-05-24,4.1274065443533265
2023-05-25,4.02850482966432
2023-05-26,3.9402598328133855
2023-05-27,3.860922560938041
2023-05-28,3.7890450078346523
2023-05-29,3.7234273855589772
2023-05-30,3.6630747700966975
2023-05-31,3.607161451163927
2023-06-01,3.555001592601307
2023-06-02,3.5060250665511306
2023-06-03,3.4597575331348387
2023-06-04,3.4158040069049496
2023-06-05,3.3738352893556187
2023-06-06,3.3335767592210783
2023-06-07,3.2947991039967843
2023-06-08,3.257310650980673
2023-06-09,3.2209510173020965
2023-06-10,3.1855858484339805
2023-06-11,3.1511024556353795
2023-06-12,3.1174061963232336
2023-06-13,3.0844174688843893
2023-06-14,3.052069216017768
2023-06-15,3.0203048492421196
2023-06-16,2.9890765224495905
2023-06-17,2.9583436949268744
2023-06-18,2.9280719345913053
2023-06-19,2.8982319206969653
2023-06-20,2.974969576558103
2023-06-21,3.0093184246695768
2023-06-22,6.314222889528597
2023-06-23,4.498121321344095
2023-06-24,2.998785817213607
2023-06-25,2.9399830069693462
2023-06-26,2.886552772515443
2023-06-27,2.837638906895618
2023-06-28,2.792530331414493
2023-06-29,2.754210043574752
2023-06-30,2.7220747458765095
2023-07-01,2.685194163447857
2023-07-02,2.650845380572741
2023-07-03,2.6163807090662403
2023-07-04,2.5840898773545473
2023-07-05,2.560026065417234
2023-07-06,2.5375843075547135
2023-07-07,2.5072337761543335
2023-07-08,2.477197847240627
2023-07-09,2.4483269371536314
2023-07-10,2.4204432311543185
2023-07-11,2.3937721295363326
2023-07-12,2.370533840371635
2023-07-13,2.3495211577802944
2023-07-14,2.326161366005229
2023-07-15,2.3043763194262636
2023-07-16,2.287820838207231
2023-07-17,2.2656960138412723
2023-07-18,2.255794070727683
2023-07-19,2.2188366873017222
2023-07-20,2.194076898499265
2023-07-21,2.170730172248429
2023-07-22,2.147781013930086
2023-07-23,2.9901859820599026
2023-07-24,6.609979698050155
2023-07-25,3.4033406402173263
2023-07-26,2.2478701637227747
2023-07-27,4.270684935343863
2023-07-28,3.2841102208080684
2023-07-29,2.296385453399582
2023-07-30,3.162211746146106
2023-07-31,5.96592846805672
2023-08-01,3.8522525076929424
2023-08-02,4.924469331925329
2023-08-03,5.94691531572732
2023-08-04,4.168097249750315
2023-08-05,3.5221943565324825
2023-08-06,7.1961073210056625
2023-08-07,5.0187128791543145
2023-08-08,3.807452286202531
2023-08-09,3.6298481162879654
2023-08-10,3.3921861224064407
2023-08-11,3.205584027063388
2023-08-12,3.8310028644193346
2023-08-13,3.9508266608918947
2023-08-14,3.289621811835797
2023-08-15,3.1059989307453626
2023-08-16,2.949858205333454
2023-08-17,2.816491895570828
2023-08-18,2.7020188061405874
2023-08-19,2.6032364873974547
2023-08-20,2.51750036222326
2023-08-21,2.4426247775697183
2023-08-22,2.376801927280903
2023-08-23,2.3185353571706417
2023-08-24,2.2832140527509757
2023-08-25,4.006670137702852
2023-08-26,3.5553090754961283
2023-08-27,2.6826053170864395
2023-08-28,2.716612459804937
2023-08-29,2.49128359925555
2023-08-30,2.420166200143887
2023-08-31,2.378210943636973
2023-09-01,5.542100375980063
2023-09-02,4.396831134941736
2023-09-03,3.014365519513476
2023-09-04,2.853171723564001
2023-09-05,2.715874806240855
2023-09-06,2.5983854938959516
2023-09-07,2.4973322958665896
2023-09-08,2.4099331458838513
2023-09-09,2.333890436466985
2023-09-10,2.267305098159538
2023-09-11,2.22005288582518
2023-09-12,3.0919784488656252
2023-09-13,3.0843342734878587
2023-09-14,2.3728941237907186
2023-09-15,2.2943043874450995
2023-09-16,2.240299520158007
2023-09-17,2.2183707286168284
2023-09-18,2.4444648380483613
2023-09-19,2.3913524277311287
2023-09-20,2.1851786957218056
2023-09-21,3.184365766358624
2023-09-22,4.399380843414567
2023-09-23,3.156975354835579
2023-09-24,2.601765419120666
2023-09-25,2.481864334030369
2023-09-26,2.378306534600577
2023-09-27,2.289036724619181
2023-09-28,2.211648714850313
2023-09-29,2.1481611770031166
2023-09-30,2.0926950043296357
2023-10-01,2.039358021351734
2023-10-02,1.991849118295293
2023-10-03,1.9524319659260085
2023-10-04,1.9198436243813275
2023-10-05,1.8845675416273544
2023-10-06,1.8515390386826989
2023-10-07,1.8211719917208793
2023-10-08,1.793053380316482
2023-10-09,1.7668392728668494
2023-10-10,1.7422430499070234
2023-10-11,1.7191198512333559
2023-10-12,1.7279065333640595
2023-10-13,2.825819869135652
2023-10-14,3.945423466860019
2023-10-15,2.991239884202409
2023-10-16,2.297627460133494
2023-10-17,2.1212292797535386
2023-10-18,4.352845197081443
2023-10-19,3.863760890653708
2023-10-20,8.768389071808018
2023-10-21,6.61067546913412
2023-10-22,4.553889849292761
2023-10-23,5.2115478902186645
2023-10-24,5.1158728874081545
2023-10-25,8.197600353792643
2023-10-26,7.078730179958353
2023-10-27,9.44520051571194
2023-10-28,8.235641275872544
2023-10-29,6.96378287999321
2023-10-30,7.70421934029444
2023-10-31,7.654986761295043
2023-11-01,8.460105471380505
2023-11-02,7.679711102270635
2023-11-03,6.580568873452138
2023-11-04,6.7175796089897934
2023-11-05,7.206862046657815
2023-11-06,6.695075262646932
2023-11-07,5.91533927119021
2023-11-08,7.891092989834039
2023-11-09,9.192312797575374
2023-11-10,11.181024381791353
2023-11-11,10.14797800858703
2023-11-12,8.486153231940879
2023-11-13,9.876125520486697
2023-11-14,15.894693632755938
2023-11-15,14.533622808610632
2023-11-16,11.771547442438605
2023-11-17,10.939320737773691
2023-11-18,13.24342461643011
2023-11-19,12.938382737333463
2023-11-20,11.981185041532363
2023-11-21,10.958185836096968
2023-11-22,9.788599935457684
2023-11-23,8.897229816943925
2023-11-24,9.614678334448492
2023-11-25,9.860666219231438
2023-11-26,9.3329986200863
2023-11-27,15.72073483447891
2023-11-28,15.200898796923218
2023-11-29,13.151113014446997
2023-11-30,12.007976842425604
2023-12-01,10.785174652697037
2023-12-02,9.877242839154642
2023-12-03,9.444509022722688
2023-12-04,11.468592873659148
2023-12-05,11.942481305692658
2023-12-06,10.80403621016624
2023-12-07,9.750033840845626
2023-12-08,9.4107901317849
2023-12-09,11.128052234114302
2023-12-10,11.289133986783582
2023-12-11,10.974791193576976
2023-12-12,11.479003185684133
2023-12-13,11.821875580678084
2023-12-14,10.880580452267068
2023-12-15,9.891394489136925
2023-12-16,9.224056730316294
2023-12-17,8.662683113082817
2023-12-18,8.188557400668465
2023-12-19,12.628941203279767
2023-12-20,13.040730421636972
2023-12-21,12.898439769329023
2023-12-22,13.336254930476635
2023-12-23,12.257638721648581
2023-12-24,14.585607098823637
2023-12-25,16.783550891141456
2023-12-26,16.205447971823347
2023-12-27,14.636690729605768
2023-12-28,13.214518298888363
2023-12-29,14.34827189548033
2023-12-30,13.779534421926188
2023-12-31,12.75817193105136
