time,Qrouted
2000-01-01,4.63222986235997
2000-01-02,4.204358164032493
2000-01-03,4.327893928951409
2000-01-04,4.992291785186658
2000-01-05,4.736224729269506
2000-01-06,4.467236109920242
2000-01-07,4.170928594782512
2000-01-08,3.93047812674488
2000-01-09,3.6822499614244535
2000-01-10,3.433902331675732
2000-01-11,3.2303875655529826
2000-01-12,3.057592327809718
2000-01-13,2.910274284797282
2000-01-14,2.7841061739185426
2000-01-15,2.6755133459676705
2000-01-16,2.5987226200171905
2000-01-17,2.58078100393196
2000-01-18,2.531228616821394
2000-01-19,2.4495756200743393
2000-01-20,2.4353048285491674
2000-01-21,2.839274253898939
2000-01-22,3.194491773560999
2000-01-23,3.0620325320495496
2000-01-24,2.8835592477439165
2000-01-25,2.7518823275196307
2000-01-26,2.638834153827409
2000-01-27,2.5412732548403607
2000-01-28,3.124789495138201
2000-01-29,3.714677278521473
2000-01-30,3.6556619016147507
2000-01-31,3.3985952177093357
2000-02-01,3.534505239005498
2000-02-02,3.46186282836855
2000-02-03,3.233321142815622
2000-02-04,3.072983044433553
2000-02-05,2.9480652392886886
2000-02-06,3.0775348659929187
2000-02-07,3.4772672006913896
2000-02-08,4.250887787691343
2000-02-09,4.157881069722131
2000-02-10,4.670248924270225
2000-02-11,4.60271915664877
2000-02-12,4.661202867271229
2000-02-13,4.452389556857921
2000-02-14,4.59662695494188
2000-02-15,5.043360338300496
2000-02-16,5.03345340921073
2000-02-17,4.969637548723883
2000-02-18,5.384874816531216
2000-02-19,5.203252214404733
2000-02-20,4.763871247323118
2000-02-21,4.408318058466026
2000-02-22,4.115982754099688
2000-02-23,3.9232840233172133
2000-02-24,5.443873432751395
2000-02-25,5.629490472550738
2000-02-26,5.082965930552306
2000-02-27,4.706088982057447
2000-02-28,5.044117400122793
2000-02-29,5.977372990090078
2000-03-01,6.06195105477478
2000-03-02,6.392447503227537
2000-03-03,7.388150631726307
2000-03-04,7.364776814745858
2000-03-05,6.7658105292666955
2000-03-06,6.177201487434973
2000-03-07,5.87601698561328
2000-03-08,6.472180511223391
2000-03-09,6.314092057726562
2000-03-10,5.802567165228395
2000-03-11,5.408349280034256
2000-03-12,5.063813364984196
2000-03-13,4.772048297202953
2000-03-14,4.577996456668635
2000-03-15,4.42770367306018
2000-03-16,4.231713451232974
2000-03-17,4.06209906495251
2000-03-18,3.99750715867269
2000-03-19,3.970737667416816
2000-03-20,3.8356538268474356
2000-03-21,3.7164995136177885
2000-03-22,3.612077838406479
2000-03-23,3.526140347277108
2000-03-24,3.5226454708463355
2000-03-25,3.6427662728789
2000-03-26,3.780706888112544
2000-03-27,3.821172096007238
2000-03-28,3.9205214723461363
2000-03-29,3.849451979266375
2000-03-30,3.6912028149391958
2000-03-31,3.5716538306903516
2000-04-01,3.4688476316997416
2000-04-02,3.377449311790116
2000-04-03,3.295554779866961
2000-04-04,3.23650458929466
2000-04-05,3.182359865302232
2000-04-06,3.119690976950356
2000-04-07,3.062452735097894
2000-04-08,3.0100975464775552
2000-04-09,2.961856665035184
2000-04-10,2.9170909586233456
2000-04-11,2.8993981359873904
2000-04-12,3.016261608464871
2000-04-13,3.3301487157955454
2000-04-14,3.384426435616008
2000-04-15,3.2493635651983133
2000-04-16,3.212846961319849
2000-04-17,3.2136848816964885
2000-04-18,3.139604610994464
2000-04-19,3.0505201283797088
2000-04-20,2.971372915466798
2000-04-21,2.902247198051563
2000-04-22,4.063524693498912
2000-04-23,4.386397659669265
2000-04-24,4.002515577464018
2000-04-25,3.782121705387284
2000-04-26,3.5956939061627975
2000-04-27,3.4358091685483054
2000-04-28,3.2975513138565216
2000-04-29,3.1832684048169617
2000-04-30,3.0866901199448122
2000-05-01,2.994621269403195
2000-05-02,2.9134365118765877
2000-05-03,2.841607014899973
2000-05-04,2.7775974956752947
2000-05-05,2.7201349305275104
2000-05-06,2.6681629872816486
2000-05-07,2.6265343628762916
2000-05-08,2.723128919479789
2000-05-09,2.820797015818215
2000-05-10,2.862134293774995
2000-05-11,2.927269144978306
2000-05-12,2.8179071275936614
2000-05-13,2.7375877568296896
2000-05-14,2.6667505273867165
2000-05-15,2.6038389568603106
2000-05-16,3.397701683317728
2000-05-17,3.362728195564204
2000-05-18,3.1312465405747676
2000-05-19,3.2972867805852935
2000-05-20,3.1835671011934945
2000-05-21,3.399012120078663
2000-05-22,3.2522969162280404
2000-05-23,3.1044332737011615
2000-05-24,3.7427619832194314
2000-05-25,3.671813576508755
2000-05-26,3.387846562235305
2000-05-27,3.5852360270347354
2000-05-28,3.8571888380415125
2000-05-29,3.6994175113951377
2000-05-30,3.462062538979225
2000-05-31,3.2859278431969554
2000-06-01,3.133217613861895
2000-06-02,3.0022296890891713
2000-06-03,4.390677872830406
2000-06-04,4.467408906128827
2000-06-05,5.26210661798007
2000-06-06,5.208818569834902
2000-06-07,4.679503413217296
2000-06-08,4.336189832967178
2000-06-09,4.04690268976762
2000-06-10,3.8024496474743628
2000-06-11,3.5951210688733446
2000-06-12,3.4185620763565487
2000-06-13,3.267530356083629
2000-06-14,3.138344272897285
2000-06-15,3.0264206613560174
2000-06-16,2.9287493475214927
2000-06-17,2.8433211205925364
2000-06-18,2.768106694807198
2000-06-19,2.701424594399685
2000-06-20,2.641880549170005
2000-06-21,2.5936539897509925
2000-06-22,2.553512563746638
2000-06-23,2.538347359986862
2000-06-24,2.790055067141751
2000-06-25,2.7779860581173454
2000-06-26,2.6322978994348025
2000-06-27,2.5669461726311122
2000-06-28,2.508717164488903
2000-06-29,2.4564556164957922
2000-06-30,2.4092020039211923
2000-07-01,2.484848156218137
2000-07-02,2.825946192446327
2000-07-03,2.6512103642719755
2000-07-04,3.265960261986237
2000-07-05,3.05452183016503
2000-07-06,2.7958826491381554
2000-07-07,2.701113758526349
2000-07-08,2.642373671667548
2000-07-09,2.6988985359907
2000-07-10,2.844342554195902
2000-07-11,2.958837019805904
2000-07-12,2.8012621002971034
2000-07-13,2.7107523468211916
2000-07-14,3.3520003362242643
2000-07-15,3.3737713596051773
2000-07-16,3.093381571365541
2000-07-17,2.9060577240533227
2000-07-18,2.776785373725549
2000-07-19,2.6656824092669225
2000-07-20,2.5696848111977544
2000-07-21,2.4862592147488876
2000-07-22,2.413309429452035
2000-07-23,2.3490997111534786
2000-07-24,4.659456901168261
2000-07-25,4.490034439284872
2000-07-26,3.9018222858716487
2000-07-27,4.46714320319479
2000-07-28,4.341341068255682
2000-07-29,4.02555125331797
2000-07-30,4.163696295035422
2000-07-31,3.943845860791294
2000-08-01,3.674180714622338
2000-08-02,3.4729326145405075
2000-08-03,3.2808888444247315
2000-08-04,3.1169571804769998
2000-08-05,2.975347421518215
2000-08-06,2.853744163037421
2000-08-07,2.7487901707786833
2000-08-08,2.6576903117361708
2000-08-09,2.578132008398686
2000-08-10,2.5082005259765277
2000-08-11,2.4463093812091907
2000-08-12,2.391143126224328
2000-08-13,2.341610268891988
2000-08-14,2.2968045033434303
2000-08-15,2.255972759211092
2000-08-16,2.2349870339978186
2000-08-17,2.2180233519538635
2000-08-18,2.1824634872590076
2000-08-19,2.4944799415944714
2000-08-20,2.6384310192838134
2000-08-21,2.573287030174517
2000-08-22,2.4421729630700475
2000-08-23,2.3467343564834846
2000-08-24,2.282673324886812
2000-08-25,2.2259866391611007
2000-08-26,2.18447503862905
2000-08-27,2.1733307406484985
2000-08-28,2.1492160647965086
2000-08-29,2.104353252139287
2000-08-30,2.0633826802570794
2000-08-31,2.026098556479664
2000-09-01,2.605148362939649
2000-09-02,2.729131838215744
2000-09-03,2.475105124549144
2000-09-04,2.3513768812990694
2000-09-05,2.2738488101833725
2000-09-06,2.236037646002153
2000-09-07,2.197553160510824
2000-09-08,2.1334385098772954
2000-09-09,2.076429835124029
2000-09-10,2.025895460735763
2000-09-11,1.9807825010122435
2000-09-12,1.9402162813637964
2000-09-13,1.903469685699472
2000-09-14,1.8699814914634676
2000-09-15,1.895122466786967
2000-09-16,2.9123986374096145
2000-09-17,2.697082244139596
2000-09-18,2.3993720391180604
2000-09-19,2.263751971382345
2000-09-20,2.176499314378432
2000-09-21,2.0998204823094038
2000-09-22,2.031795928633161
2000-09-23,1.9722478078388157
2000-09-24,1.9198631220407678
2000-09-25,1.8734458155139457
2000-09-26,1.8661983713556722
2000-09-27,1.881826412596317
2000-09-28,1.851653887702913
2000-09-29,1.8121569156901947
2000-09-30,1.831393056074879
2000-10-01,2.275537879455912
2000-10-02,2.1931885466474865
2000-10-03,2.0422615052654702
2000-10-04,1.9593404353331645
2000-10-05,1.9259858549762778
2000-10-06,2.0649171401269837
2000-10-07,1.9957027245376053
2000-10-08,1.995813916955292
2000-10-09,2.3620982173547476
2000-10-10,2.913407817626213
2000-10-11,2.7554422811938895
2000-10-12,2.5211126704739546
2000-10-13,2.3613580097084514
2000-10-14,2.239664787423948
2000-10-15,2.136587805060682
2000-10-16,2.155584164567659
2000-10-17,2.160244448671531
2000-10-18,2.719528635253303
2000-10-19,2.5972679243745618
2000-10-20,2.380192737711511
2000-10-21,2.256854515602326
2000-10-22,2.151474080177782
2000-10-23,2.07373252000326
2000-10-24,2.012844944259728
2000-10-25,1.9445155037894264
2000-10-26,1.9477810765544419
2000-10-27,2.70732599282173
2000-10-28,2.9043793336572032
2000-10-29,2.935828952416747
2000-10-30,3.4173845057150403
2000-10-31,3.2508822890368214
2000-11-01,3.632653851402001
2000-11-02,3.795392839589416
2000-11-03,3.492680534806506
2000-11-04,3.195645546462631
2000-11-05,3.455719037198577
2000-11-06,3.42816183896286
2000-11-07,3.4171813689115136
2000-11-08,3.443282179767433
2000-11-09,3.221967552844538
2000-11-10,2.991640570509569
2000-11-11,2.8113577110299013
2000-11-12,3.413334682608441
2000-11-13,3.4334514078408067
2000-11-14,3.148607091861001
2000-11-15,2.9706432351510146
2000-11-16,3.1575613401786544
2000-11-17,3.3795420763917075
2000-11-18,3.375018266322227
2000-11-19,3.618531552019247
2000-11-20,3.455310033630114
2000-11-21,3.437610652442887
2000-11-22,3.587245924857786
2000-11-23,4.081413329225691
2000-11-24,3.903916621390907
2000-11-25,4.465966157036726
2000-11-26,4.496352315650609
2000-11-27,4.892149504118387
2000-11-28,4.705482987490341
2000-11-29,4.277463818862802
2000-11-30,3.956240538200922
2000-12-01,3.780780153232888
2000-12-02,4.0127612876409255
2000-12-03,3.859101672496077
2000-12-04,3.6348238342697
2000-12-05,3.439094333008129
2000-12-06,3.7738558510477183
2000-12-07,3.969194179507253
2000-12-08,3.7602569250765434
2000-12-09,3.7070242378056615
2000-12-10,4.191958331782041
2000-12-11,4.80032307796304
2000-12-12,5.0292213316296195
2000-12-13,5.174050004595146
2000-12-14,5.227770381669897
2000-12-15,5.268438668863372
2000-12-16,4.948320905294953
2000-12-17,4.556680278737791
2000-12-18,4.3102022039314365
2000-12-19,4.07239634490518
2000-12-20,3.830025659507736
2000-12-21,3.6302131183129362
2000-12-22,3.459773752393737
2000-12-23,3.3137062614634885
2000-12-24,3.18788184569784
2000-12-25,3.0788893716164503
2000-12-26,2.983908496018507
2000-12-27,2.9006056072987456
2000-12-28,2.947542175601409
2000-12-29,3.1301423140504028
2000-12-30,3.292744458805361
2000-12-31,4.012393488172357
2001-01-01,4.798502383791104
2001-01-02,4.810675584847815
2001-01-03,4.926636887904931
2001-01-04,5.538675449167119
2001-01-05,6.657201631167449
2001-01-06,6.446212341584
2001-01-07,5.814808468166324
2001-01-08,5.3621251736969695
2001-01-09,4.980879309553122
2001-01-10,5.339446433403437
2001-01-11,5.19569773051159
2001-01-12,4.795976471703252
2001-01-13,4.493023370694532
2001-01-14,4.236683963577773
2001-01-15,4.0189271043247095
2001-01-16,3.8331370718869593
2001-01-17,3.67385963435389
2001-01-18,3.53659451343448
2001-01-19,3.417625605920346
2001-01-20,3.3340786152113373
2001-01-21,3.749202103127318
2001-01-22,4.794998658379815
2001-01-23,5.36810342259053
2001-01-24,5.147027051680246
2001-01-25,4.923004975848152
2001-01-26,5.511201984549011
2001-01-27,6.014243216442225
2001-01-28,5.716676229265076
2001-01-29,5.265401088361371
2001-01-30,4.9115120232585125
2001-01-31,4.612756700480393
2001-02-01,4.394601702688602
2001-02-02,5.121948232952929
2001-02-03,6.484139191193395
2001-02-04,7.672944137531117
2001-02-05,7.968738744573887
2001-02-06,7.571210251770027
2001-02-07,7.543407294013105
2001-02-08,7.524488043370631
2001-02-09,7.058276936299748
2001-02-10,6.499763137233213
2001-02-11,6.0526755018472365
2001-02-12,6.179119957200771
2001-02-13,6.011764035916841
2001-02-14,5.59393439753413
2001-02-15,5.268483096818737
2001-02-16,5.1349377387707085
2001-02-17,5.046019664316551
2001-02-18,4.788556909458087
2001-02-19,4.582752187012974
2001-02-20,4.405754872371733
2001-02-21,4.447784316918428
2001-02-22,5.127688962810291
2001-02-23,5.6036681234949866
2001-02-24,5.455295378723254
2001-02-25,5.392020622790348
2001-02-26,5.2975707152931415
2001-02-27,5.031411390579591
2001-02-28,4.792709530730025
2001-03-01,4.588533977629437
2001-03-02,4.409408011519733
2001-03-03,4.254215858590112
2001-03-04,4.119248460230677
2001-03-05,4.0011467445694775
2001-03-06,4.026720211837041
2001-03-07,4.085919342683593
2001-03-08,4.074017948567818
2001-03-09,4.185505254548206
2001-03-10,4.436511383334627
2001-03-11,4.630515299626201
2001-03-12,4.705779336068619
2001-03-13,5.34917618022418
2001-03-14,5.371523905231073
2001-03-15,5.02338199801119
2001-03-16,4.763201757932376
2001-03-17,5.0391858616013785
2001-03-18,6.777903592052972
2001-03-19,6.872819467104191
2001-03-20,6.279549268409904
2001-03-21,6.5435498033130495
2001-03-22,6.596052090782667
2001-03-23,7.4620537135036145
2001-03-24,7.655262322218232
2001-03-25,7.018541658765112
2001-03-26,6.483662455314334
2001-03-27,6.046979817483199
2001-03-28,6.182804928371197
2001-03-29,6.808479379859009
2001-03-30,6.5282722439292025
2001-03-31,6.060385016905702
2001-04-01,5.701340478302178
2001-04-02,5.397045270636775
2001-04-03,5.138045014190017
2001-04-04,5.094630524234895
2001-04-05,5.448819344833622
2001-04-06,5.526163836792247
2001-04-07,5.271666734953128
2001-04-08,5.041382938223544
2001-04-09,4.845377046881272
2001-04-10,4.824796665868752
2001-04-11,4.821124735662062
2001-04-12,4.625500775379334
2001-04-13,4.469388869490883
2001-04-14,5.158926419828733
2001-04-15,5.920485051673709
2001-04-16,5.862666453411314
2001-04-17,5.725126542359571
2001-04-18,5.529316355595941
2001-04-19,5.617119562679239
2001-04-20,5.582844744945245
2001-04-21,5.2931510855652775
2001-04-22,5.041828164523599
2001-04-23,4.825453603046138
2001-04-24,4.7634345967720995
2001-04-25,4.799118675684888
2001-04-26,5.119204227408961
2001-04-27,5.355403103880644
2001-04-28,5.2399925044149365
2001-04-29,5.034875986853242
2001-04-30,4.815632704222271
2001-05-01,4.625053316619902
2001-05-02,4.67432510391457
2001-05-03,4.844376957251199
2001-05-04,4.658871062016105
2001-05-05,4.4848764203836025
2001-05-06,4.333548855262569
2001-05-07,4.201682890466253
2001-05-08,4.086017780789596
2001-05-09,3.983857337165763
2001-05-10,3.892970483150125
2001-05-11,3.811509627507325
2001-05-12,3.7379436041607312
2001-05-13,3.671002534199834
2001-05-14,3.633502087246883
2001-05-15,3.6229882297074654
2001-05-16,3.60841249793355
2001-05-17,3.5897574657321645
2001-05-18,3.560094444286436
2001-05-19,3.5144764176192056
2001-05-20,3.4538039233942945
2001-05-21,3.3975306987654723
2001-05-22,3.345410858540451
2001-05-23,3.2968056345756462
2001-05-24,3.2511833271762964
2001-05-25,3.2081010162082
2001-05-26,3.167189444094839
2001-05-27,3.128140511985288
2001-05-28,3.090696930390069
2001-05-29,3.0546436473899625
2001-05-30,3.0198007444982906
2001-05-31,2.9860175451357875
2001-06-01,3.021352173240515
2001-06-02,3.4699508641421315
2001-06-03,3.2920937171128
2001-06-04,3.1366795631727094
2001-06-05,3.0716579447254344
2001-06-06,3.0159019362249073
2001-06-07,2.9679037945001174
2001-06-08,2.919479655981348
2001-06-09,2.872615228238692
2001-06-10,2.8358677233181644
2001-06-11,2.8000216154745026
2001-06-12,2.7604492438355663
2001-06-13,2.723046542127983
2001-06-14,2.687626505343049
2001-06-15,2.6539049829265817
2001-06-16,2.6395297157916384
2001-06-17,3.146108192680755
2001-06-18,2.9219779615595822
2001-06-19,2.7721519096639375
2001-06-20,2.713304204246714
2001-06-21,2.660194292696618
2001-06-22,2.61190453686833
2001-06-23,2.5676721617976628
2001-06-24,2.5268626787213195
2001-06-25,2.4889479379069273
2001-06-26,2.4534879923094253
2001-06-27,2.4201161002503917
2001-06-28,2.3885263156128693
2001-06-29,2.35846321244994
2001-06-30,2.3297133714705027
2001-07-01,2.3020983218784807
2001-07-02,2.2754686861734426
2001-07-03,2.24969931994436
2001-07-04,2.2246852751727384
2001-07-05,2.2004409903673
2001-07-06,2.1788357902261417
2001-07-07,2.169306685022728
2001-07-08,2.191906313416367
2001-07-09,2.1557848762745673
2001-07-10,2.1244031081889045
2001-07-11,2.126515117607846
2001-07-12,2.0870651591731844
2001-07-13,2.0612085391353334
2001-07-14,2.2391751086889387
2001-07-15,2.1359440408757204
2001-07-16,2.0403686155359764
2001-07-17,2.0686896986944876
2001-07-18,2.656666955525739
2001-07-19,2.3824539053407316
2001-07-20,2.2338935825687503
2001-07-21,2.1177602117824685
2001-07-22,3.3428139702790998
2001-07-23,2.936822547058348
2001-07-24,2.614263155784232
2001-07-25,2.492701743122248
2001-07-26,2.390131574697009
2001-07-27,2.839279076635241
2001-07-28,2.750785035558316
2001-07-29,2.5247316270905267
2001-07-30,2.4161756643315493
2001-07-31,2.322659004369251
2001-08-01,2.241663481395624
2001-08-02,2.194151616061189
2001-08-03,2.1683897752418813
2001-08-04,2.1210559557686417
2001-08-05,2.075600012056087
2001-08-06,2.0302538090174784
2001-08-07,2.2343123727323717
2001-08-08,2.274100309222462
2001-08-09,2.1385918302556193
2001-08-10,2.0578491309234317
2001-08-11,2.001619207285463
2001-08-12,1.951811262891062
2001-08-13,1.9074181857706876
2001-08-14,1.8675658103473205
2001-08-15,1.8315273197960982
2001-08-16,1.7986980127012435
2001-08-17,1.7686778936092864
2001-08-18,1.7408826715964214
2001-08-19,1.7149638065865
2001-08-20,1.690692679412516
2001-08-21,1.6678256023641487
2001-08-22,1.646158746715838
2001-08-23,1.6255217070818866
2001-08-24,1.6057719097060958
2001-08-25,1.5867899692467695
2001-08-26,1.5794465621830946
2001-08-27,1.573893408649005
2001-08-28,1.554071245739005
2001-08-29,1.5348130098834165
2001-08-30,1.5163691019528425
2001-08-31,1.5129537535368198
2001-09-01,1.5140467008158993
2001-09-02,1.5404098484524529
2001-09-03,2.311675702798049
2001-09-04,2.5769300646511617
2001-09-05,2.1808839498509305
2001-09-06,2.058496381724875
2001-09-07,2.1277028322416074
2001-09-08,2.405977411764493
2001-09-09,2.6827722393427957
2001-09-10,2.415397885257495
2001-09-11,2.292901967656324
2001-09-12,2.373532295872851
2001-09-13,2.2949749594289304
2001-09-14,2.1549444854941124
2001-09-15,2.414491655256263
2001-09-16,2.5348082343553298
2001-09-17,3.618053535458033
2001-09-18,3.2500503399158363
2001-09-19,4.67779585418676
2001-09-20,4.660075049116905
2001-09-21,4.120830889072672
2001-09-22,3.7244179742811823
2001-09-23,3.4229662431143786
2001-09-24,3.1768153298009714
2001-09-25,2.9521933569447474
2001-09-26,3.341974312842303
2001-09-27,3.450365234669457
2001-09-28,3.129381873282167
2001-09-29,2.969210760330888
2001-09-30,2.9505831801665194
2001-10-01,3.941200657204783
2001-10-02,4.3020561260319345
2001-10-03,3.901525971830995
2001-10-04,3.5520649049852597
2001-10-05,3.297779575622864
2001-10-06,4.102760685887647
2001-10-07,4.250130940725572
2001-10-08,3.821708047373761
2001-10-09,3.540972950764077
2001-10-10,3.3041845599809836
2001-10-11,3.103936265253792
2001-10-12,2.9339797368287357
2001-10-13,2.789157676120645
2001-10-14,2.665210166111671
2001-10-15,2.558615970505262
2001-10-16,2.4664623644600763
2001-10-17,2.3863382793338146
2001-10-18,2.3600582014174276
2001-10-19,2.352574682482844
2001-10-20,2.2855909834430688
2001-10-21,2.2254679985245365
2001-10-22,2.1735167517895353
2001-10-23,2.6393561245214427
2001-10-24,2.8238786762773174
2001-10-25,2.633351508032628
2001-10-26,2.5362546800807486
2001-10-27,2.739396736135085
2001-10-28,2.9060079929018734
2001-10-29,2.716695219126675
2001-10-30,2.5617822591208577
2001-10-31,2.6633769842935053
2001-11-01,2.6634746504135465
2001-11-02,2.5121363723532877
2001-11-03,2.412367342901166
2001-11-04,2.3260978634190486
2001-11-05,2.2531714920198147
2001-11-06,2.2408471609389498
2001-11-07,3.5426950804553776
2001-11-08,4.48150980953862
2001-11-09,4.146401210877086
2001-11-10,3.7523455653252262
2001-11-11,3.4776406035404794
2001-11-12,3.402062610561243
2001-11-13,3.3029035604877266
2001-11-14,3.085173409359107
2001-11-15,2.915952162608349
2001-11-16,2.7718040146322642
2001-11-17,2.648470627625021
2001-11-18,2.542433954824216
2001-11-19,2.450785375711695
2001-11-20,2.371118360974236
2001-11-21,2.8569604715576737
2001-11-22,3.5567534167929122
2001-11-23,3.5995333127502422
2001-11-24,3.551498615324059
2001-11-25,4.216584131178801
2001-11-26,4.08930785060383
2001-11-27,3.905530461209111
2001-11-28,3.6861497685709943
2001-11-29,4.989940182227154
2001-11-30,6.034416335768092
2001-12-01,5.81438391772333
2001-12-02,5.428145275472189
2001-12-03,5.075080935374054
2001-12-04,5.007708100044771
2001-12-05,4.760955059040977
2001-12-06,4.397093369738543
2001-12-07,4.086378022699949
2001-12-08,3.828715119417493
2001-12-09,3.610535572775667
2001-12-10,3.425067288120314
2001-12-11,3.266725743676566
2001-12-12,3.130902124890147
2001-12-13,3.013789927538397
2001-12-14,2.9122429150237044
2001-12-15,2.8236586567160895
2001-12-16,2.7458829575425128
2001-12-17,2.677131364974573
2001-12-18,2.646945594454143
2001-12-19,2.7691097928876105
2001-12-20,2.775359374371476
2001-12-21,4.897177702366322
2001-12-22,5.614850619358804
2001-12-23,5.118171555507058
2001-12-24,5.368707806776016
2001-12-25,6.795277526495348
2001-12-26,7.959309660260883
2001-12-27,8.548158782667413
2001-12-28,8.09683943434414
2001-12-29,7.443918965206716
2001-12-30,6.888112176812968
2001-12-31,6.298833651346992
2002-01-01,5.7833014512266026
2002-01-02,5.351077270289497
2002-01-03,4.987535106977742
2002-01-04,4.680748695880264
2002-01-05,4.420907223939665
2002-01-06,4.200573800414165
2002-01-07,4.200726334337435
2002-01-08,4.110624101870183
2002-01-09,3.936719645617455
2002-01-10,3.784305013956359
2002-01-11,3.68063295164419
2002-01-12,3.612423336557555
2002-01-13,3.5025124085120805
2002-01-14,3.40512464471586
2002-01-15,4.1797646524062175
2002-01-16,4.38347011637129
2002-01-17,4.3214848887690165
2002-01-18,4.337155684420497
2002-01-19,4.229882783988157
2002-01-20,5.120829370432619
2002-01-21,5.235974624077859
2002-01-22,5.261297044324464
2002-01-23,5.500061385186529
2002-01-24,5.627188257912285
2002-01-25,5.474053324565208
2002-01-26,8.810711431584382
2002-01-27,10.032921642797755
2002-01-28,9.61513789727523
2002-01-29,8.873049586750705
2002-01-30,8.14451963179556
2002-01-31,7.562033277203298
2002-02-01,6.9380323088572355
2002-02-02,6.413982004599975
2002-02-03,5.976910289144112
2002-02-04,6.105697826918718
2002-02-05,7.215673661184662
2002-02-06,7.250815014942449
2002-02-07,7.284008646306977
2002-02-08,7.031626309650107
2002-02-09,6.9800625356703945
2002-02-10,6.86150345720102
2002-02-11,7.499064754313976
2002-02-12,8.104645892347227
2002-02-13,7.918203597532444
2002-02-14,7.353543722815709
2002-02-15,6.816945940978578
2002-02-16,6.379804096357309
2002-02-17,6.010478462264788
2002-02-18,5.7076651370711105
2002-02-19,8.536164878514157
2002-02-20,10.15552843045169
2002-02-21,9.920635307259309
2002-02-22,10.572227418771751
2002-02-23,11.195862347817313
2002-02-24,11.879763751433574
2002-02-25,13.452383185315014
2002-02-26,13.81059216106211
2002-02-27,12.787582750873854
2002-02-28,12.700619701622573
2002-03-01,12.047843491689344
2002-03-02,10.929230783630784
2002-03-03,10.030620659025182
2002-03-04,9.27809864701559
2002-03-05,8.646393171900536
2002-03-06,8.193826932781379
2002-03-07,7.83818136809604
2002-03-08,7.436884933428661
2002-03-09,7.092595131987278
2002-03-10,6.795007542687067
2002-03-11,6.5387272990176335
2002-03-12,6.530960389858156
2002-03-13,6.742356453689907
2002-03-14,6.970560743594756
2002-03-15,6.787311986209386
2002-03-16,6.49718593377504
2002-03-17,6.277298532363729
2002-03-18,6.749876415732291
2002-03-19,7.337313825503766
2002-03-20,8.113270328945541
2002-03-21,8.098031270265697
2002-03-22,7.585017683801138
2002-03-23,7.191418203480005
2002-03-24,6.855940432455032
2002-03-25,6.568839188495777
2002-03-26,6.321826234406011
2002-03-27,6.108071241954719
2002-03-28,5.921940804204145
2002-03-29,5.758785005288373
2002-03-30,5.614762719563529
2002-03-31,5.486698482960654
2002-04-01,5.371965127492856
2002-04-02,5.268387458918316
2002-04-03,5.174163138388894
2002-04-04,5.087797642163351
2002-04-05,5.00805075166899
2002-04-06,4.933892495437811
2002-04-07,4.864466845661147
2002-04-08,4.799061782131747
2002-04-09,4.7370845887223565
2002-04-10,4.678041453203333
2002-04-11,4.621520608939083
2002-04-12,4.56717839394094
2002-04-13,4.514727714648822
2002-04-14,4.468300895681151
2002-04-15,4.804838107371177
2002-04-16,5.052138061420134
2002-04-17,4.861803627696464
2002-04-18,4.793184021728823
2002-04-19,4.774830205266492
2002-04-20,4.667222297566394
2002-04-21,4.565438353019208
2002-04-22,4.473875783983098
2002-04-23,4.390885309221344
2002-04-24,4.315091201062319
2002-04-25,4.245352014821298
2002-04-26,4.215467321758147
2002-04-27,4.3044922032294854
2002-04-28,4.4261653618664125
2002-04-29,4.52042088836684
2002-04-30,4.575851828766816
2002-05-01,4.4507472578265395
2002-05-02,4.438107859781366
2002-05-03,4.330382164745416
2002-05-04,4.555207371675919
2002-05-05,5.225872343669928
2002-05-06,5.003532400789823
2002-05-07,4.734906853944209
2002-05-08,4.562299982511312
2002-05-09,4.4124714492485495
2002-05-10,4.281713035918053
2002-05-11,4.1668308025758
2002-05-12,4.0651841387578775
2002-05-13,3.9758370291723857
2002-05-14,3.9258023577190095
2002-05-15,3.871281145106894
2002-05-16,3.797699261833509
2002-05-17,3.7301349360933433
2002-05-18,3.668155726164219
2002-05-19,3.610884069903758
2002-05-20,3.557590667158441
2002-05-21,3.5077852690588904
2002-05-22,3.4781744479576706
2002-05-23,3.451501413906863
2002-05-24,3.4554342164236718
2002-05-25,3.483659799533873
2002-05-26,3.4445179247575726
2002-05-27,3.3985858200527055
2002-05-28,3.3446568806396235
2002-05-29,3.2966235193831808
2002-05-30,3.250310850180533
2002-05-31,3.2056384978253614
2002-06-01,3.16341629822826
2002-06-02,3.1232893411771574
2002-06-03,3.08749180799885
2002-06-04,3.065472470178468
2002-06-05,3.055625402736086
2002-06-06,3.031786396839284
2002-06-07,2.9922101021297727
2002-06-08,2.954163827766255
2002-06-09,2.9257600364428895
2002-06-10,2.928056756446509
2002-06-11,3.092780928113157
2002-06-12,3.1999281695984507
2002-06-13,3.0543903195842947
2002-06-14,3.2285230866890253
2002-06-15,3.1319084063003966
2002-06-16,2.9877053311380006
2002-06-17,2.923713179186239
2002-06-18,2.8660112093003214
2002-06-19,3.357995269663569
2002-06-20,3.30799516528602
2002-06-21,3.063966106786515
2002-06-22,2.9762985880128734
2002-06-23,2.900271953267301
2002-06-24,2.8326960103740433
2002-06-25,2.7721934353905353
2002-06-26,2.717621092089212
2002-06-27,2.6680295521528237
2002-06-28,2.6226297209408074
2002-06-29,2.5807653016465104
2002-06-30,2.560173512108196
2002-07-01,2.8329123901142204
2002-07-02,3.333061324535395
2002-07-03,3.701013750892812
2002-07-04,3.252686113302248
2002-07-05,3.0374279962881485
2002-07-06,2.9242318042774897
2002-07-07,2.8260399210291003
2002-07-08,2.7403485708633473
2002-07-09,2.707881109592306
2002-07-10,2.848668003998249
2002-07-11,2.7793395783566854
2002-07-12,2.6545818926794995
2002-07-13,2.5850449436377025
2002-07-14,2.5234342556017895
2002-07-15,2.467877479628591
2002-07-16,2.417862916242423
2002-07-17,2.372529545724191
2002-07-18,2.3311340611529334
2002-07-19,2.293058197935742
2002-07-20,2.8028987479009078
2002-07-21,2.6820887247193235
2002-07-22,2.463918567063039
2002-07-23,2.404257480288619
2002-07-24,2.368230230972706
2002-07-25,2.3250165771269367
2002-07-26,2.2750694774338123
2002-07-27,2.2295577279189813
2002-07-28,2.188251454006249
2002-07-29,2.1504849693688723
2002-07-30,2.8722810945430255
2002-07-31,4.435131666505604
2002-08-01,3.843229528854916
2002-08-02,3.5484693605623225
2002-08-03,3.401148075866111
2002-08-04,3.1677365139733538
2002-08-05,3.093574800130531
2002-08-06,3.149081998284314
2002-08-07,2.9282161513719416
2002-08-08,2.7798138197981728
2002-08-09,2.6932821567442278
2002-08-10,2.645331467439893
2002-08-11,2.5474690008433583
2002-08-12,2.4603507206590804
2002-08-13,2.384225568194917
2002-08-14,2.3174483557685086
2002-08-15,2.258476744343823
2002-08-16,2.2060318866073687
2002-08-17,2.159052663024436
2002-08-18,2.117017565404147
2002-08-19,2.083756682882016
2002-08-20,3.3857557026246705
2002-08-21,3.216717578621896
2002-08-22,2.8419800392080057
2002-08-23,3.340924902924133
2002-08-24,3.7474135115293064
2002-08-25,3.2989280498431697
2002-08-26,3.0352181459661103
2002-08-27,2.8666655639271723
2002-08-28,2.7231832316518276
2002-08-29,2.6005053678778545
2002-08-30,2.4951093025186144
2002-08-31,2.404083785639746
2002-09-01,2.32502104690365
2002-09-02,2.2559282426525393
2002-09-03,2.1951547448737183
2002-09-04,2.141332387185788
2002-09-05,2.0933263182073074
2002-09-06,2.0501945466279543
2002-09-07,2.011705688345139
2002-09-08,2.0001365472116475
2002-09-09,1.991771020793992
2002-09-10,1.9743050291739597
2002-09-11,1.9767831301882726
2002-09-12,1.942606970049489
2002-09-13,1.907209330574921
2002-09-14,1.87477194948462
2002-09-15,1.844850311559809
2002-09-16,1.8170574263038821
2002-09-17,1.7910706986924207
2002-09-18,1.7666210194223722
2002-09-19,1.743483730762185
2002-09-20,1.7214711406880656
2002-09-21,1.7013841792045357
2002-09-22,1.6966651672454447
2002-09-23,1.6896093655671598
2002-09-24,1.684470855025469
2002-09-25,1.8271956749613185
2002-09-26,1.8247136810631792
2002-09-27,1.7226759631982818
2002-09-28,1.6826592782025394
2002-09-29,1.6529619680357701
2002-09-30,1.6256699581384841
2002-10-01,1.6004112493306504
2002-10-02,1.5768757321175035
2002-10-03,1.5725422965446365
2002-10-04,1.573162893480914
2002-10-05,1.8424278450626101
2002-10-06,1.758936309219716
2002-10-07,1.6532042286475883
2002-10-08,1.6163214636043326
2002-10-09,1.5807060963323147
2002-10-10,1.5485582407948495
2002-10-11,1.5194128690756867
2002-10-12,1.4997419275025816
2002-10-13,1.4912816949545684
2002-10-14,1.4859256087318895
2002-10-15,1.4809048007584042
2002-10-16,1.593795860702099
2002-10-17,1.6062546116187528
2002-10-18,1.7542468583734403
2002-10-19,1.6593106344112594
2002-10-20,1.603086896092812
2002-10-21,1.5600421201937513
2002-10-22,1.7576346352040808
2002-10-23,1.8095498000396126
2002-10-24,1.6569009062974869
2002-10-25,2.081744859523342
2002-10-26,2.5016865351181257
2002-10-27,2.465777719563239
2002-10-28,2.1988373309807168
2002-10-29,2.0384671880157605
2002-10-30,1.951296905455772
2002-10-31,1.8707641366385284
2002-11-01,2.078698230611783
2002-11-02,3.0481591573594913
2002-11-03,2.8523716904104273
2002-11-04,3.010932909362877
2002-11-05,2.741767118549362
2002-11-06,3.9675921528230425
2002-11-07,4.095694592924853
2002-11-08,5.706593455541623
2002-11-09,5.502947337216817
2002-11-10,5.75036920712148
2002-11-11,5.402972711301274
2002-11-12,5.088741946150929
2002-11-13,4.900678748210967
2002-11-14,4.461535015512273
2002-11-15,4.058600527746187
2002-11-16,3.7301949236257177
2002-11-17,3.454288493810326
2002-11-18,3.221810478586047
2002-11-19,3.0252892295068463
2002-11-20,2.8870625582847116
2002-11-21,2.7911411572534064
2002-11-22,2.659788044461032
2002-11-23,2.627515618779765
2002-11-24,2.632737370478415
2002-11-25,2.851348000170113
2002-11-26,2.790159473489331
2002-11-27,2.6347059965082744
2002-11-28,2.580461810761197
2002-11-29,2.537679884491253
2002-11-30,2.436113866408214
2002-12-01,2.9459409858259025
2002-12-02,3.0305664465334723
2002-12-03,2.8377267961513737
2002-12-04,2.6936323235371282
2002-12-05,2.571623078684996
2002-12-06,2.467392963462904
2002-12-07,2.3776726060120956
2002-12-08,2.2997176208392784
2002-12-09,2.231570826477251
2002-12-10,2.171610616520782
2002-12-11,2.118492469774838
2002-12-12,2.0711008216230185
2002-12-13,2.028509430016268
2002-12-14,2.0240628719202487
2002-12-15,3.1403123078431374
2002-12-16,3.6080713238516995
2002-12-17,3.381383275735665
2002-12-18,3.1290909834696845
2002-12-19,2.936003886638082
2002-12-20,2.772273272922975
2002-12-21,3.5395216740718607
2002-12-22,5.061917326769
2002-12-23,5.0703014893645175
2002-12-24,4.65046118609311
2002-12-25,4.336065279264503
2002-12-26,4.99027918614224
2002-12-27,5.522482440576358
2002-12-28,5.2512061689047655
2002-12-29,8.094926197812208
2002-12-30,10.721722016534725
2002-12-31,10.092206147602866
2003-01-01,10.403772057714033
2003-01-02,11.41651613743692
2003-01-03,11.483734783865494
2003-01-04,10.489393871063948
2003-01-05,9.319447236833776
2003-01-06,8.37504603008474
2003-01-07,7.588594343462788
2003-01-08,6.932160438315493
2003-01-09,6.382853101334997
2003-01-10,5.921894532208065
2003-01-11,5.5338671997958295
2003-01-12,5.206101323656993
2003-01-13,5.239193831898182
2003-01-14,4.975508910601953
2003-01-15,5.16377989959348
2003-01-16,5.091949586003367
2003-01-17,4.8121761801088905
2003-01-18,4.593555846345695
2003-01-19,4.487074780010876
2003-01-20,4.676372240973838
2003-01-21,4.701485522193553
2003-01-22,4.9691387712494
2003-01-23,4.87333551897314
2003-01-24,4.622568944107742
2003-01-25,4.513771741040014
2003-01-26,4.705918324039508
2003-01-27,5.1180698034575975
2003-01-28,5.804230430394443
2003-01-29,6.2855431717778805
2003-01-30,6.339279427867166
2003-01-31,5.919949604170217
2003-02-01,5.530356909594804
2003-02-02,5.943901064007348
2003-02-03,6.736281249502093
2003-02-04,6.678232343152165
2003-02-05,6.616039019571876
2003-02-06,6.2343373629231325
2003-02-07,5.906254741339917
2003-02-08,5.642855527612412
2003-02-09,5.337017662773249
2003-02-10,5.065075908151588
2003-02-11,4.8357507718611235
2003-02-12,4.639071974271304
2003-02-13,4.469481544432183
2003-02-14,4.322393355611607
2003-02-15,4.194020205588165
2003-02-16,4.081232211012108
2003-02-17,3.9814407398459344
2003-02-18,3.8925031920696807
2003-02-19,3.8126448165601086
2003-02-20,3.7403944622004013
2003-02-21,3.6745317365211574
2003-02-22,3.614043511673908
2003-02-23,3.558088096270566
2003-02-24,3.505965699428725
2003-02-25,3.4570940637860375
2003-02-26,3.4130967664329925
2003-02-27,3.3712320817644037
2003-02-28,3.4933323365313336
2003-03-01,4.039822354694366
2003-03-02,4.888510862960357
2003-03-03,4.86385225726964
2003-03-04,4.564474894434487
2003-03-05,4.3571986754673615
2003-03-06,4.2044103811793425
2003-03-07,4.122836679310284
2003-03-08,3.9877713433286917
2003-03-09,3.8498283967456293
2003-03-10,3.8089024345826465
2003-03-11,4.957676763851232
2003-03-12,5.1562130044705325
2003-03-13,4.762902384236375
2003-03-14,4.506856323716593
2003-03-15,4.288932313694796
2003-03-16,4.102587489312424
2003-03-17,3.9424301441319245
2003-03-18,3.804013479993803
2003-03-19,3.6836670070612905
2003-03-20,3.578358584372562
2003-03-21,3.4855814238201703
2003-03-22,3.4032614540434505
2003-03-23,3.3296813068148765
2003-03-24,3.263417888159221
2003-03-25,3.203291062378721
2003-03-26,3.1483214354958196
2003-03-27,3.0976955962681334
2003-03-28,3.050737474625415
2003-03-29,3.0068847225641764
2003-03-30,2.9656692220125573
2003-03-31,2.926700986637247
2003-04-01,3.617251454062472
2003-04-02,4.004470365067189
2003-04-03,3.765209572986516
2003-04-04,3.5893700624230704
2003-04-05,3.453897031389154
2003-04-06,3.3365273313957977
2003-04-07,3.234224832232119
2003-04-08,3.1444779506465963
2003-04-09,3.0652074882883276
2003-04-10,2.9946909349950057
2003-04-11,2.9315002442594587
2003-04-12,2.8744506417785
2003-04-13,2.822558477529176
2003-04-14,2.7750064969457795
2003-04-15,2.731115203649741
2003-04-16,2.6903192278181165
2003-04-17,2.6521478111408157
2003-04-18,2.6162086798617987
2003-04-19,2.5821747084491133
2003-04-20,2.549772883509776
2003-04-21,2.5534067182105114
2003-04-22,2.5576452401043848
2003-04-23,2.52094441726302
2003-04-24,2.485551589868169
2003-04-25,2.4560048947580695
2003-04-26,3.0517749888416237
2003-04-27,3.0667948606443214
2003-04-28,2.8934530030789904
2003-04-29,2.8252199188282283
2003-04-30,3.05613552263565
2003-05-01,3.1926013533358404
2003-05-02,3.327067583761345
2003-05-03,3.2050821688514795
2003-05-04,3.0217187995568477
2003-05-05,3.348364519220284
2003-05-06,3.3582733857122853
2003-05-07,3.132337165471379
2003-05-08,2.995190327200914
2003-05-09,2.8772085236165945
2003-05-10,2.775167519699989
2003-05-11,2.714859620418949
2003-05-12,2.700571693569517
2003-05-13,2.700029125955215
2003-05-14,2.6837196813826996
2003-05-15,2.6061942333121313
2003-05-16,2.5349216533433845
2003-05-17,2.4954077414441183
2003-05-18,2.6973631400955997
2003-05-19,3.519595099743597
2003-05-20,3.6054714573658155
2003-05-21,3.556921173802724
2003-05-22,3.3915806457784967
2003-05-23,3.459134538125415
2003-05-24,3.8081106302792342
2003-05-25,3.5428329155023923
2003-05-26,3.2933079625660313
2003-05-27,3.122801952871136
2003-05-28,2.977235572663645
2003-05-29,2.8523795637375913
2003-05-30,2.744739292140338
2003-05-31,2.651425004499514
2003-06-01,2.5700453874032214
2003-06-02,2.5243470314072964
2003-06-03,2.4836662516948453
2003-06-04,2.421807030372274
2003-06-05,2.366011481280376
2003-06-06,2.3158780269910855
2003-06-07,2.2706172423390685
2003-06-08,2.882741935032009
2003-06-09,2.779942957558681
2003-06-10,2.570736477777061
2003-06-11,2.48731485623103
2003-06-12,2.411003285908716
2003-06-13,2.343966594026124
2003-06-14,2.2956818741614673
2003-06-15,2.2517782760744787
2003-06-16,2.2020735424201825
2003-06-17,2.1571464623595364
2003-06-18,2.116442722573994
2003-06-19,2.079292429321938
2003-06-20,2.04513818745999
2003-06-21,2.013515886226991
2003-06-22,1.9840435813387296
2003-06-23,1.9563920049662178
2003-06-24,1.9302904878279088
2003-06-25,1.905518166325538
2003-06-26,1.8818872475153379
2003-06-27,1.8592406637657646
2003-06-28,1.8374469337217096
2003-06-29,1.816395895085522
2003-06-30,1.899215704775542
2003-07-01,2.735126790849355
2003-07-02,2.6664526990303687
2003-07-03,2.3642204579734543
2003-07-04,2.210834972726261
2003-07-05,2.100529077799933
2003-07-06,2.033878523147608
2003-07-07,1.9754615988487754
2003-07-08,1.923932509482544
2003-07-09,1.8781669866285384
2003-07-10,1.8372311332402722
2003-07-11,1.8003486802407551
2003-07-12,1.7668739588596232
2003-07-13,1.736269575710864
2003-07-14,1.7080879599679024
2003-07-15,1.6819561009922295
2003-07-16,1.6575629166164019
2003-07-17,1.6346487920023043
2003-07-18,1.6129969106737405
2003-07-19,1.5924260662754148
2003-07-20,1.5727846985351086
2003-07-21,1.5539459419972894
2003-07-22,1.5358035131424133
2003-07-23,1.5197286411865187
2003-07-24,1.5045187605089534
2003-07-25,1.4888327279716884
2003-07-26,1.985889656960042
2003-07-27,1.6584913405952924
2003-07-28,1.5143263864049044
2003-07-29,1.4899221769672932
2003-07-30,1.4710373348692825
2003-07-31,1.452082426558614
2003-08-01,1.431294603692872
2003-08-02,1.4116930550408806
2003-08-03,1.3931494423468005
2003-08-04,1.3755125893707858
2003-08-05,1.3586560374714383
2003-08-06,1.3424739184845151
2003-08-07,1.3268775263496866
2003-08-08,1.3117924675305737
2003-08-09,1.2971562911617454
2003-08-10,1.2829165170536727
2003-08-11,1.2690289938549983
2003-08-12,1.2554565313523312
2003-08-13,1.242167760524348
2003-08-14,1.229136182922318
2003-08-15,1.2163393775208402
2003-08-16,1.2037583386147388
2003-08-17,1.191376922831129
2003-08-18,1.179181596302546
2003-08-19,1.1671603375448854
2003-08-20,1.1553030268724462
2003-08-21,1.143601216446368
2003-08-22,1.1320474813770853
2003-08-23,1.120635401307485
2003-08-24,1.1093594014784414
2003-08-25,1.0982146194787954
2003-08-26,1.0871967934780464
2003-08-27,1.0763021684357001
2003-08-28,2.2903959393345446
2003-08-29,1.5407054214312892
2003-08-30,1.1798500853013285
2003-08-31,1.1366194599064419
2003-09-01,1.1081142948125768
2003-09-02,1.0564228369840425
2003-09-03,1.0415680687265172
2003-09-04,1.0275277635069457
2003-09-05,1.0142166705806106
2003-09-06,1.0022541863519903
2003-09-07,0.9908231141053071
2003-09-08,0.9789891564207087
2003-09-09,0.9678015103146089
2003-09-10,1.2950280431949608
2003-09-11,1.0692338633754888
2003-09-12,0.9663031284801936
2003-09-13,0.9523964269778501
2003-09-14,0.9393171962596143
2003-09-15,0.9269452177338682
2003-09-16,0.9151798914816669
2003-09-17,0.9039369717126897
2003-09-18,0.893145852841234
2003-09-19,0.8827473120423589
2003-09-20,0.8726916304694402
2003-09-21,0.8629370287651369
2003-09-22,0.8977349609624126
2003-09-23,0.9396014780726474
2003-09-24,0.8513452128788607
2003-09-25,0.8387345978660982
2003-09-26,0.8286339789917467
2003-09-27,0.8191216399665667
2003-09-28,0.8114866187431248
2003-09-29,0.8038799030995342
2003-09-30,0.7946470873063657
2003-10-01,0.8151768845900816
2003-10-02,0.8361907791392653
2003-10-03,1.114866601330037
2003-10-04,0.8969539371822112
2003-10-05,0.8080858967364871
2003-10-06,1.6279781638505073
2003-10-07,1.6792847366672088
2003-10-08,1.6254544159109698
2003-10-09,1.0984567527186575
2003-10-10,1.0678805601710695
2003-10-11,0.9957523997407445
2003-10-12,0.9265745263934689
2003-10-13,0.8935274432829697
2003-10-14,0.8647254756182258
2003-10-15,0.8394740782186721
2003-10-16,0.8171957796520668
2003-10-17,0.7974101429637731
2003-10-18,0.7797172083064354
2003-10-19,0.7637838030212882
2003-10-20,0.7493322149123606
2003-10-21,0.7361308145514194
2003-10-22,0.7239862861830032
2003-10-23,0.712737187189118
2003-10-24,0.7041197152964308
2003-10-25,0.9490092216126426
2003-10-26,0.9127108306754098
2003-10-27,0.7927964059637298
2003-10-28,0.7629180163504587
2003-10-29,0.7431135620336838
2003-10-30,0.7487304363526054
2003-10-31,0.9139583035365765
2003-11-01,0.8381674528168811
2003-11-02,1.041766434915026
2003-11-03,1.2327466895152939
2003-11-04,0.9276082641435858
2003-11-05,0.838013870433279
2003-11-06,0.805406494503309
2003-11-07,0.7771153353958141
2003-11-08,0.7524319140433069
2003-11-09,0.7307673445523294
2003-11-10,0.7116318290364937
2003-11-11,0.6946177230371853
2003-11-12,0.6824661856307394
2003-11-13,0.6742718304923404
2003-11-14,0.6607900428991954
2003-11-15,0.6496500329460642
2003-11-16,0.9183325712963963
2003-11-17,1.035582700488905
2003-11-18,0.8827864481828391
2003-11-19,0.7919223807739085
2003-11-20,0.7515093196064457
2003-11-21,0.8393354136143664
2003-11-22,0.7825801206772437
2003-11-23,0.8323812784997068
2003-11-24,0.7673226922290017
2003-11-25,0.7234607501193221
2003-11-26,0.7295718069793872
2003-11-27,0.7171509699732052
2003-11-28,0.6853737006011396
2003-11-29,0.7420549533860554
2003-11-30,1.0309787014447036
2003-12-01,0.8411508373419766
2003-12-02,0.765580823550903
2003-12-03,0.7348936578699584
2003-12-04,0.7082999730035918
2003-12-05,0.6851286662957815
2003-12-06,0.6648216766320053
2003-12-07,0.6469146510897322
2003-12-08,0.631020968408862
2003-12-09,0.6168185272513226
2003-12-10,0.6040388133464952
2003-12-11,0.7206555919093542
2003-12-12,1.556753052204378
2003-12-13,2.8742509852268
2003-12-14,2.508221453255102
2003-12-15,2.146761441525531
2003-12-16,1.889515017656141
2003-12-17,1.700676089171593
2003-12-18,1.5488493916404715
2003-12-19,1.421314460007258
2003-12-20,1.6205667125088559
2003-12-21,1.9712335034126494
2003-12-22,1.8122650483383709
2003-12-23,2.087220203234955
2003-12-24,1.916100184587038
2003-12-25,1.702836827814436
2003-12-26,2.03343271327856
2003-12-27,2.5817337397922757
2003-12-28,2.5707924321609767
2003-12-29,2.2579612050061924
2003-12-30,2.0336512742461497
2003-12-31,1.8648968693957384
2004-01-01,1.7229665092438176
2004-01-02,1.603269829949582
2004-01-03,1.5020176749947398
2004-01-04,1.4263498171367635
2004-01-05,1.8224409657826373
2004-01-06,1.789543530097654
2004-01-07,1.6571093487567785
2004-01-08,1.789022421620432
2004-01-09,1.8080508079676958
2004-01-10,1.7644563615738351
2004-01-11,2.2471023008835282
2004-01-12,3.68588157553758
2004-01-13,3.456642001783998
2004-01-14,3.7612476612176287
2004-01-15,4.0712443611661895
2004-01-16,4.052727008342823
2004-01-17,3.8010390878181384
2004-01-18,3.5968357001501747
2004-01-19,5.306237369544833
2004-01-20,5.19584915469486
2004-01-21,4.528013607786814
2004-01-22,4.153509706330165
2004-01-23,3.880745005363902
2004-01-24,3.6342328823612036
2004-01-25,3.3443152643097354
2004-01-26,3.0766949287884557
2004-01-27,2.872848425925282
2004-01-28,3.2025132135258807
2004-01-29,3.26665776580792
2004-01-30,3.098353825357828
2004-01-31,3.379511494810764
2004-02-01,4.061168285040992
2004-02-02,5.595973835887578
2004-02-03,5.492569443626965
2004-02-04,4.854996086360827
2004-02-05,4.410580080293292
2004-02-06,4.4033735600636765
2004-02-07,4.629420206823453
2004-02-08,4.785216899046694
2004-02-09,4.552703205882058
2004-02-10,4.867262575051702
2004-02-11,4.669102023603991
2004-02-12,4.251846849469046
2004-02-13,3.9353088028441245
2004-02-14,3.668806463653251
2004-02-15,3.4436968712550002
2004-02-16,3.252861854525795
2004-02-17,3.090434219310532
2004-02-18,3.0712059060349746
2004-02-19,3.0997479884226955
2004-02-20,2.960280597177682
2004-02-21,2.8393932964199
2004-02-22,2.7350523627207046
2004-02-23,2.6444800424161192
2004-02-24,2.900171018024464
2004-02-25,3.3995301124591184
2004-02-26,3.613421113406829
2004-02-27,3.7486777454801046
2004-02-28,3.5952816184646585
2004-02-29,3.381214876311628
2004-03-01,3.3599981220137334
2004-03-02,3.656997428708595
2004-03-03,3.4976083559652813
2004-03-04,3.300958969131654
2004-03-05,3.2586279385308323
2004-03-06,3.3448891289777976
2004-03-07,3.411667128324293
2004-03-08,3.285291748547392
2004-03-09,3.1083783424631677
2004-03-10,2.980492989085098
2004-03-11,2.878395671421641
2004-03-12,3.062370136124772
2004-03-13,3.1888406967782026
2004-03-14,3.008394699799418
2004-03-15,2.8828501990138817
2004-03-16,2.7746158342563234
2004-03-17,2.680781023611102
2004-03-18,2.5992551710829037
2004-03-19,2.823929575967289
2004-03-20,3.180230094722487
2004-03-21,3.394701315181537
2004-03-22,3.460113294059687
2004-03-23,3.276748385876006
2004-03-24,3.1057319607270046
2004-03-25,2.9616945676064557
2004-03-26,2.8423207785817763
2004-03-27,2.739268579756931
2004-03-28,2.6459600514827883
2004-03-29,2.5644560234909366
2004-03-30,2.492941785616427
2004-03-31,2.4297692747996904
2004-04-01,2.373571982618265
2004-04-02,2.3232160554255206
2004-04-03,2.29751734549714
2004-04-04,2.3161864660148477
2004-04-05,2.7948334624164204
2004-04-06,3.2711293974633313
2004-04-07,3.2412718183517057
2004-04-08,3.1019883623673596
2004-04-09,2.9441987415200246
2004-04-10,2.807921198100113
2004-04-11,2.6899332228951214
2004-04-12,2.5876933472779053
2004-04-13,2.499086838657856
2004-04-14,2.4218386192041916
2004-04-15,2.3540645222628753
2004-04-16,2.2942030128439788
2004-04-17,2.244027972305284
2004-04-18,2.2138136489018825
2004-04-19,2.175535255515794
2004-04-20,2.1331395350996254
2004-04-21,2.095486021565273
2004-04-22,2.0855427112925717
2004-04-23,2.0703125372353783
2004-04-24,2.0346276562524546
2004-04-25,2.0012826681274185
2004-04-26,1.9704043540527796
2004-04-27,1.941615634791378
2004-04-28,1.9292443300811666
2004-04-29,1.917929803078401
2004-04-30,1.943629504780392
2004-05-01,1.9663560668669666
2004-05-02,1.9292585486329132
2004-05-03,1.9027152971956305
2004-05-04,1.8876520509949388
2004-05-05,1.8587623647429963
2004-05-06,1.8279855737130093
2004-05-07,2.7144514896756253
2004-05-08,2.596245295540807
2004-05-09,2.3585450037919355
2004-05-10,2.254171179289965
2004-05-11,2.164374260535015
2004-05-12,2.086710847523296
2004-05-13,2.0191579371046213
2004-05-14,1.9600394057806596
2004-05-15,1.907965559933838
2004-05-16,1.8617833911892054
2004-05-17,1.8205356092482043
2004-05-18,1.7834268777189333
2004-05-19,1.749795965762207
2004-05-20,1.7270297572419973
2004-05-21,1.7089060570385988
2004-05-22,1.6820819373420448
2004-05-23,1.6555103744300783
2004-05-24,1.630791941327594
2004-05-25,1.6076528870090854
2004-05-26,1.5858591295805378
2004-05-27,1.5652151397982343
2004-05-28,1.5455574676293093
2004-05-29,1.5267493713630131
2004-05-30,1.727701668462015
2004-05-31,1.86107553140793
2004-06-01,1.7003513736554456
2004-06-02,1.6629498778379164
2004-06-03,1.7809251150668162
2004-06-04,1.7100787316738353
2004-06-05,1.64702518745431
2004-06-06,1.603127643115432
2004-06-07,1.5654359464108587
2004-06-08,1.5316807360864437
2004-06-09,1.5012318219439331
2004-06-10,1.4908957228639184
2004-06-11,1.494086294624374
2004-06-12,1.472827023866939
2004-06-13,1.4470965650862964
2004-06-14,1.4214626574110687
2004-06-15,1.3978856903699395
2004-06-16,1.3760711092948945
2004-06-17,1.3557508284899267
2004-06-18,1.3414642861900543
2004-06-19,1.3346631176706447
2004-06-20,1.3305781875977105
2004-06-21,1.349945878517964
2004-06-22,1.3250820283537144
2004-06-23,1.3184603259505916
2004-06-24,1.323823915455077
2004-06-25,1.2925043464615524
2004-06-26,1.2723578649093328
2004-06-27,1.2531508996483824
2004-06-28,1.2346438231762242
2004-06-29,1.21729283511929
2004-06-30,1.2009280641957354
2004-07-01,1.1893453518906971
2004-07-02,1.1834428249183826
2004-07-03,1.171919808925181
2004-07-04,1.1627632621104478
2004-07-05,1.1825974927828953
2004-07-06,1.1432714682062468
2004-07-07,1.5651759485840013
2004-07-08,1.6313291817460243
2004-07-09,1.9930896667599824
2004-07-10,1.5831697546310595
2004-07-11,1.4158329766447533
2004-07-12,1.3568928817152948
2004-07-13,1.3122170303241523
2004-07-14,1.277026223365503
2004-07-15,1.2478022562232178
2004-07-16,1.213856437121686
2004-07-17,1.2313758293176373
2004-07-18,1.3295822561322048
2004-07-19,1.2469645940968983
2004-07-20,1.3156636009425038
2004-07-21,1.4014144807668556
2004-07-22,1.699622507193989
2004-07-23,1.5197106577214152
2004-07-24,1.3527262652041536
2004-07-25,1.304913044101135
2004-07-26,1.2709101294612501
2004-07-27,1.228192194475184
2004-07-28,1.190125614167583
2004-07-29,1.156691361202221
2004-07-30,1.1271338201570653
2004-07-31,1.100824915666657
2004-08-01,1.077242242867638
2004-08-02,1.0559510052297387
2004-08-03,1.036589086448176
2004-08-04,1.0188547041001568
2004-08-05,1.002496191671086
2004-08-06,1.001593240633184
2004-08-07,1.109053447865997
2004-08-08,1.0435998191594495
2004-08-09,0.9896346795787537
2004-08-10,1.0658685743335305
2004-08-11,1.0060527815421267
2004-08-12,0.9777758833829596
2004-08-13,1.536650028116908
2004-08-14,1.1917020968007337
2004-08-15,1.0761985136204426
2004-08-16,1.0436241268166155
2004-08-17,1.0143741477192487
2004-08-18,1.527657458543726
2004-08-19,1.4079786977194653
2004-08-20,1.2246165541522416
2004-08-21,1.1223775619332963
2004-08-22,1.0797441112170734
2004-08-23,1.0434057114513344
2004-08-24,1.0196479311923519
2004-08-25,1.1151493835687045
2004-08-26,1.2895841424533394
2004-08-27,1.6357267192983598
2004-08-28,1.2954999147418709
2004-08-29,1.1727151522969839
2004-08-30,1.206940123042972
2004-08-31,1.1898223000985133
2004-09-01,1.1184972198689531
2004-09-02,1.0748609712986938
2004-09-03,1.0370206108291047
2004-09-04,1.0040221247004508
2004-09-05,0.9750729495855531
2004-09-06,0.9495142270474787
2004-09-07,0.9267978988132537
2004-09-08,0.9064677849635462
2004-09-09,0.8881439416612307
2004-09-10,0.8729191606402692
2004-09-11,0.9171342527068455
2004-09-12,0.9034799427972189
2004-09-13,0.9544504712080591
2004-09-14,0.9422217907940412
2004-09-15,0.8910230024492468
2004-09-16,0.8795829186674267
2004-09-17,0.8595560484819426
2004-09-18,0.8486978526338359
2004-09-19,0.8401963838281737
2004-09-20,0.8241371397158431
2004-09-21,0.81639631975513
2004-09-22,1.3548643435028167
2004-09-23,1.6931155195864924
2004-09-24,1.5013682347897428
2004-09-25,1.2995911070084263
2004-09-26,1.1750886721053222
2004-09-27,1.111660796101021
2004-09-28,1.0660065361092272
2004-09-29,1.0384089617307097
2004-09-30,0.996677583397304
2004-10-01,0.9606586426428051
2004-10-02,0.9286951252612604
2004-10-03,0.8992663460647088
2004-10-04,0.8734090167500247
2004-10-05,0.8571512442615248
2004-10-06,0.8447653925766748
2004-10-07,0.8248728088957447
2004-10-08,0.8068599857552995
2004-10-09,0.7906115810273047
2004-10-10,0.7758547224186098
2004-10-11,0.7623567134595964
2004-10-12,0.7499233250165339
2004-10-13,0.7383923320701237
2004-10-14,0.7276285157690796
2004-10-15,0.7275227193115965
2004-10-16,0.7316645667995334
2004-10-17,0.7465170598573362
2004-10-18,0.755192198338367
2004-10-19,0.7364398115930041
2004-10-20,1.7034523334259617
2004-10-21,1.3741006179282067
2004-10-22,1.1296973536184052
2004-10-23,1.0553994527902337
2004-10-24,0.9985566806781699
2004-10-25,0.9498467858950402
2004-10-26,0.9080297611528737
2004-10-27,0.9157277174523859
2004-10-28,1.0104631178813341
2004-10-29,1.0053115233280698
2004-10-30,0.9194653485339513
2004-10-31,0.8667003183488036
2004-11-01,0.8989248492076581
2004-11-02,1.1024139068001098
2004-11-03,0.9754019847390754
2004-11-04,0.904552526111507
2004-11-05,0.8682030156898529
2004-11-06,0.9389155531807094
2004-11-07,0.9122638546664258
2004-11-08,0.8552363805226243
2004-11-09,0.8264581394113305
2004-11-10,1.0894666111245952
2004-11-11,0.9716353772585057
2004-11-12,0.955577399339763
2004-11-13,0.9857836358632293
2004-11-14,0.909725088064096
2004-11-15,0.8627004606360829
2004-11-16,0.8307588332465358
2004-11-17,1.164118567496191
2004-11-18,3.7683725503552563
2004-11-19,4.2329424184004925
2004-11-20,3.9072161728170354
2004-11-21,3.6183776604828846
2004-11-22,3.274633020798794
2004-11-23,2.9982977594299016
2004-11-24,2.6835771646504747
2004-11-25,2.422006731800705
2004-11-26,2.7142169510539964
2004-11-27,2.5781841155914456
2004-11-28,2.6578200724802623
2004-11-29,2.462052119605604
2004-11-30,2.2346025325108645
2004-12-01,2.119919727975553
2004-12-02,1.959994699873277
2004-12-03,1.8262131830045192
2004-12-04,1.7203677368791315
2004-12-05,1.6302860245466653
2004-12-06,1.553306161610421
2004-12-07,1.4872259768519027
2004-12-08,1.4302222929379715
2004-12-09,1.3807846219980506
2004-12-10,1.3376606559700566
2004-12-11,1.2998114167562511
2004-12-12,1.266374324777068
2004-12-13,1.2366327641142683
2004-12-14,1.2099909822699877
2004-12-15,1.185953374034939
2004-12-16,1.2227963305151197
2004-12-17,3.388176133152143
2004-12-18,3.4946443153724185
2004-12-19,3.0550867503172783
2004-12-20,2.761350274700144
2004-12-21,2.5256747532320483
2004-12-22,2.8279268553718904
2004-12-23,2.750663910821537
2004-12-24,3.7386868595207265
2004-12-25,4.238661439794179
2004-12-26,3.7238353089450005
2004-12-27,3.3388984387115976
2004-12-28,4.059869401128096
2004-12-29,3.976099232528884
2004-12-30,3.534940403174088
2004-12-31,3.347863033023804
2005-01-01,3.3174972312583084
2005-01-02,3.1076288435117743
2005-01-03,2.8675560075340782
2005-01-04,2.67419860542743
2005-01-05,2.585807485055265
2005-01-06,2.498609587198563
2005-01-07,2.354578047067237
2005-01-08,2.239616509138314
2005-01-09,2.14116218644308
2005-01-10,2.2919880851570187
2005-01-11,2.488773639145973
2005-01-12,2.388110873583372
2005-01-13,2.256887906750856
2005-01-14,2.154995371303963
2005-01-15,2.0684147292497217
2005-01-16,1.9935558982692916
2005-01-17,2.6215043132692433
2005-01-18,3.9901149325355507
2005-01-19,3.914184092196368
2005-01-20,4.971829035284266
2005-01-21,5.120647792438024
2005-01-22,4.622020756580947
2005-01-23,4.539517600672043
2005-01-24,4.476472118497333
2005-01-25,4.118598278994525
2005-01-26,3.784874859712731
2005-01-27,3.5047592317628578
2005-01-28,3.306522181679861
2005-01-29,3.129430925688021
2005-01-30,2.9803295387743813
2005-01-31,3.241338801473471
2005-02-01,3.255586229652227
2005-02-02,3.313415251164947
2005-02-03,3.1691310071409533
2005-02-04,2.976203567802427
2005-02-05,2.826135564023595
2005-02-06,2.6978666538239904
2005-02-07,2.5877050120703546
2005-02-08,2.4925995993988046
2005-02-09,2.418858240338819
2005-02-10,4.707618231195146
2005-02-11,6.106057476540429
2005-02-12,6.77063314576779
2005-02-13,7.262978462181494
2005-02-14,7.1917332647507815
2005-02-15,6.563561570550018
2005-02-16,5.905877390195724
2005-02-17,5.376202274181896
2005-02-18,5.164752349390296
2005-02-19,5.255802152416458
2005-02-20,5.411516870078333
2005-02-21,5.159384613136825
2005-02-22,4.769175138919942
2005-02-23,4.46492439384576
2005-02-24,4.214956218091265
2005-02-25,3.9918696967981178
2005-02-26,3.8189471110355284
2005-02-27,3.676292955972437
2005-02-28,3.5135753610392206
2005-03-01,3.3737340395820907
2005-03-02,3.3846113857530398
2005-03-03,3.4265372929863194
2005-03-04,3.307400320953871
2005-03-05,3.220115585843901
2005-03-06,3.1807784537380286
2005-03-07,3.633634097428608
2005-03-08,3.6396476956162243
2005-03-09,3.5243268860455466
2005-03-10,3.371305841220371
2005-03-11,3.5008354026298893
2005-03-12,3.677444893112371
2005-03-13,3.5216862644714477
2005-03-14,3.363463374883033
2005-03-15,3.2325867299893996
2005-03-16,3.1193756931184917
2005-03-17,3.020864636853767
2005-03-18,2.9346004997373467
2005-03-19,2.858552685582522
2005-03-20,2.7910390703583032
2005-03-21,2.7306651859887463
2005-03-22,2.712550305729163
2005-03-23,2.6963345016240194
2005-03-24,2.785676754927444
2005-03-25,2.8979593837768665
2005-03-26,2.8148900397247196
2005-03-27,2.7741147082584128
2005-03-28,2.83846364134754
2005-03-29,3.002895537846463
2005-03-30,3.19789708378339
2005-03-31,3.1511618773219694
2005-04-01,2.9991107371210295
2005-04-02,2.889006944607988
2005-04-03,2.793429952316919
2005-04-04,2.916624733882763
2005-04-05,3.0779907687587325
2005-04-06,2.97928228106233
2005-04-07,3.033358866420454
2005-04-08,3.087299791365109
2005-04-09,2.9929260748743847
2005-04-10,2.9246135326475944
2005-04-11,2.82309249444887
2005-04-12,2.7287665688817877
2005-04-13,2.714873615563011
2005-04-14,2.7204677586378394
2005-04-15,2.637801896918696
2005-04-16,2.6112354329673626
2005-04-17,2.6064625701655917
2005-04-18,2.534552565089358
2005-04-19,2.5918024991795563
2005-04-20,2.7147530813986473
2005-04-21,2.6120316255174956
2005-04-22,2.532357679124764
2005-04-23,2.4624036899122994
2005-04-24,2.4005674504465646
2005-04-25,2.3636018011052022
2005-04-26,2.470875860256085
2005-04-27,2.5750571652211116
2005-04-28,2.7807718893490025
2005-04-29,3.2872663846407506
2005-04-30,3.0116624792981797
2005-05-01,2.827240148914788
2005-05-02,2.7363457102338633
2005-05-03,2.8452535482600783
2005-05-04,2.9719676856635004
2005-05-05,2.8837713586170417
2005-05-06,3.156017337603671
2005-05-07,3.390008299772427
2005-05-08,3.2542305012767265
2005-05-09,3.109776481554572
2005-05-10,2.947090304492992
2005-05-11,2.8155689358281837
2005-05-12,2.696430861831051
2005-05-13,2.59374467699773
2005-05-14,2.504754889445731
2005-05-15,2.4271770452132073
2005-05-16,2.363853618364908
2005-05-17,2.3076104738238032
2005-05-18,2.2531677196229047
2005-05-19,2.2222634446882594
2005-05-20,2.314548015498486
2005-05-21,2.4139063516284347
2005-05-22,2.332016299637793
2005-05-23,2.2658187668742973
2005-05-24,2.2075306958619847
2005-05-25,2.155718556815947
2005-05-26,2.109332339644683
2005-05-27,2.067499505387961
2005-05-28,2.029494510459807
2005-05-29,1.997852055922741
2005-05-30,2.0225675535658376
2005-05-31,2.0670113398835075
2005-06-01,2.0199985245736216
2005-06-02,1.979176602428989
2005-06-03,1.9441855082431683
2005-06-04,1.963806785183527
2005-06-05,2.006834280809215
2005-06-06,1.9625591129862876
2005-06-07,1.9209828309485797
2005-06-08,1.8833765841410726
2005-06-09,1.8491679145616116
2005-06-10,1.8178223168709602
2005-06-11,1.788894624127681
2005-06-12,1.7620291003001336
2005-06-13,1.7368949983439068
2005-06-14,1.7132277491721437
2005-06-15,1.690824588620677
2005-06-16,1.6695051789718243
2005-06-17,1.6491186787707874
2005-06-18,1.6295388158899382
2005-06-19,1.610659794968738
2005-06-20,1.5923928959779994
2005-06-21,1.5746636455999934
2005-06-22,1.5574094636525
2005-06-23,1.5405777037053483
2005-06-24,1.524124020988328
2005-06-25,1.5080110121986576
2005-06-26,1.4922070813177157
2005-06-27,1.4766854933957922
2005-06-28,1.5298597181175655
2005-06-29,2.3953816262194283
2005-06-30,2.174042949053431
2005-07-01,2.0850592638392604
2005-07-02,1.814596357252473
2005-07-03,1.6825474482027782
2005-07-04,2.2744179999657943
2005-07-05,2.18457339017147
2005-07-06,2.2943407449347606
2005-07-07,2.0706483192067116
2005-07-08,1.9659031248411225
2005-07-09,1.8903745315096716
2005-07-10,1.7929446964365543
2005-07-11,1.7260591883736174
2005-07-12,1.6679807693325435
2005-07-13,1.617251558510396
2005-07-14,1.572662114634791
2005-07-15,1.5332084299830464
2005-07-16,1.4980564842964368
2005-07-17,1.4665130084130509
2005-07-18,1.438001352567077
2005-07-19,1.412041554163241
2005-07-20,1.3882338629387514
2005-07-21,1.3662451146497576
2005-07-22,1.3457974533327992
2005-07-23,1.3266589913058817
2005-07-24,1.3114436485829286
2005-07-25,1.5837181196755932
2005-07-26,1.495460151096762
2005-07-27,1.5154104004327538
2005-07-28,1.4529070650581828
2005-07-29,1.9104810986849614
2005-07-30,1.7751953494578931
2005-07-31,1.7715405082550737
2005-08-01,1.6350051843222142
2005-08-02,1.5341777531422591
2005-08-03,1.5244835501537095
2005-08-04,1.5306196452699927
2005-08-05,1.4708149691469987
2005-08-06,1.4314049598102472
2005-08-07,1.468020230610932
2005-08-08,1.5143685344198639
2005-08-09,1.4175760119558358
2005-08-10,1.3748510998634693
2005-08-11,1.374695379750401
2005-08-12,1.4042347669887787
2005-08-13,1.4369934019607262
2005-08-14,1.8019205572876646
2005-08-15,1.5338306632767604
2005-08-16,1.4217490371427495
2005-08-17,1.3740021480014457
2005-08-18,1.3322793204677017
2005-08-19,1.3046514707283308
2005-08-20,1.282072151667946
2005-08-21,1.25090563076963
2005-08-22,1.2227835641451197
2005-08-23,1.19750059766943
2005-08-24,1.1890023586177056
2005-08-25,1.4915886702014387
2005-08-26,1.3707986947556374
2005-08-27,1.2669462978790174
2005-08-28,1.2313060964700946
2005-08-29,1.199800160015689
2005-08-30,1.1717589572771177
2005-08-31,1.146625523931496
2005-09-01,1.1239362404251363
2005-09-02,1.1033049408123752
2005-09-03,1.084409766566874
2005-09-04,1.0669822840707495
2005-09-05,1.0507984701881607
2005-09-06,1.0356712405257846
2005-09-07,1.0214442525248166
2005-09-08,1.0079867627361103
2005-09-09,1.067623507029235
2005-09-10,3.4673649825074038
2005-09-11,2.16493498577087
2005-09-12,1.7327869825082514
2005-09-13,1.6194637568390589
2005-09-14,1.5241087307043604
2005-09-15,1.8990191300725519
2005-09-16,2.0199071035788863
2005-09-17,1.743555722692216
2005-09-18,1.6057587646469538
2005-09-19,1.5157743738057716
2005-09-20,1.4390573221979697
2005-09-21,1.3733775029610784
2005-09-22,1.3168881451083185
2005-09-23,1.2680588636538228
2005-09-24,1.2257353973432659
2005-09-25,1.1886965275640484
2005-09-26,1.1560362319716795
2005-09-27,1.1416816340308704
2005-09-28,1.204674484091181
2005-09-29,1.4143047932373578
2005-09-30,1.4945756590401007
2005-10-01,1.4522222586427107
2005-10-02,1.3170343444790575
2005-10-03,1.2536793282476884
2005-10-04,1.2086161339243184
2005-10-05,1.1693780219198588
2005-10-06,1.1350079150112198
2005-10-07,1.1047107325726289
2005-10-08,1.077825543256438
2005-10-09,1.0538025775645359
2005-10-10,1.032184238827655
2005-10-11,1.0125894063057137
2005-10-12,0.9947004508883616
2005-10-13,0.9782524875101334
2005-10-14,0.9630244731923283
2005-10-15,0.9488318290662324
2005-10-16,0.9355203216467324
2005-10-17,0.922960985309356
2005-10-18,0.9110459062463617
2005-10-19,0.9131255872883978
2005-10-20,0.9299732420196448
2005-10-21,1.2306859166598134
2005-10-22,1.3570758896844557
2005-10-23,1.3024446719600236
2005-10-24,1.8237142995964177
2005-10-25,1.8230374835566872
2005-10-26,1.5256032995234017
2005-10-27,1.390593108961635
2005-10-28,1.3117944405981294
2005-10-29,1.2446239705074382
2005-10-30,1.1871294688238325
2005-10-31,1.1376938809145503
2005-11-01,1.1300441065959654
2005-11-02,1.3204924662744746
2005-11-03,1.269605603043421
2005-11-04,1.1759344504092375
2005-11-05,1.1277637496672663
2005-11-06,1.1385443236845847
2005-11-07,1.3175143140528804
2005-11-08,1.1943313084278795
2005-11-09,1.1249491129676175
2005-11-10,1.0968134950277035
2005-11-11,1.0818945428968187
2005-11-12,1.0453182653850808
2005-11-13,1.0130733353739805
2005-11-14,0.9847699630937
2005-11-15,1.103335817147805
2005-11-16,1.389026545191425
2005-11-17,1.6230518202095598
2005-11-18,1.4052164795960802
2005-11-19,1.2940897255596078
2005-11-20,1.2264871104001005
2005-11-21,1.16866322931845
2005-11-22,1.1189840384261232
2005-11-23,1.0760949398359094
2005-11-24,2.179206448757459
2005-11-25,3.649143023495512
2005-11-26,3.687443918549547
2005-11-27,3.3447404764276545
2005-11-28,3.013725201290292
2005-11-29,2.684564584581443
2005-11-30,2.43897333034761
2005-12-01,2.234400374936475
2005-12-02,2.0652690579578152
2005-12-03,1.9616559112762229
2005-12-04,2.2781412242226544
2005-12-05,2.272344995403613
2005-12-06,2.1329619967563618
2005-12-07,2.0597268973541274
2005-12-08,1.965067419739533
2005-12-09,1.8401002968330769
2005-12-10,1.7376396994580625
2005-12-11,1.6502821008228954
2005-12-12,1.5754864567899192
2005-12-13,1.5111488951000276
2005-12-14,1.4555263075787017
2005-12-15,1.8233645325555126
2005-12-16,2.495508725212545
2005-12-17,2.746130502415148
2005-12-18,2.7585231653494895
2005-12-19,2.6949445106236536
2005-12-20,2.4817750254036848
2005-12-21,2.404481127545247
2005-12-22,2.441536270424563
2005-12-23,2.271636335412284
2005-12-24,2.1115568479103675
2005-12-25,1.9989158523295096
2005-12-26,2.004073522966977
2005-12-27,1.9183665168609239
2005-12-28,1.8152027026450506
2005-12-29,1.7349051684789123
2005-12-30,1.6657846859729597
2005-12-31,3.1130450332962614
2006-01-01,2.800608349311799
2006-01-02,2.561295557483367
2006-01-03,2.3781034318702647
2006-01-04,2.2234497922405208
2006-01-05,2.0924548853371694
2006-01-06,1.9810909232264953
2006-01-07,1.8860307746597795
2006-01-08,1.8045240062200854
2006-01-09,1.7342952375466465
2006-01-10,1.6734607202917708
2006-01-11,1.8415444892192898
2006-01-12,1.9006745729000896
2006-01-13,1.795184780077285
2006-01-14,1.7240000507974385
2006-01-15,1.662396754226317
2006-01-16,1.6239524192883403
2006-01-17,2.1821242906596487
2006-01-18,2.1689820056290996
2006-01-19,2.0089259455737882
2006-01-20,2.124350662624432
2006-01-21,2.094433338844583
2006-01-22,1.9575252293003924
2006-01-23,1.858479499446478
2006-01-24,1.7781677221525618
2006-01-25,1.7089754100271177
2006-01-26,1.6528722414066692
2006-01-27,1.604793466190663
2006-01-28,1.5579183664885201
2006-01-29,1.5166157837307737
2006-01-30,1.480041605367682
2006-01-31,1.4473391684394763
2006-02-01,1.417866602488392
2006-02-02,1.391150078046009
2006-02-03,1.3667543019353428
2006-02-04,1.3443168066886058
2006-02-05,1.352565018350359
2006-02-06,1.3756065925754581
2006-02-07,1.748697345531613
2006-02-08,2.776016884329291
2006-02-09,2.8317507331899425
2006-02-10,2.583885862862596
2006-02-11,2.3757489541458088
2006-02-12,2.4964246784379402
2006-02-13,2.4786051263803963
2006-02-14,2.6383737302302435
2006-02-15,3.6118537434344513
2006-02-16,4.295470090506106
2006-02-17,5.576369440760491
2006-02-18,5.60230841274656
2006-02-19,5.404506206807973
2006-02-20,6.466042966538169
2006-02-21,6.397318310393223
2006-02-22,5.6690430735698305
2006-02-23,5.080573433792096
2006-02-24,4.5979965038647626
2006-02-25,4.194647607037962
2006-02-26,3.8567056697836652
2006-02-27,3.6924082702148184
2006-02-28,4.302591034038584
2006-03-01,4.366912901179153
2006-03-02,4.050547624192315
2006-03-03,3.7451730895905686
2006-03-04,3.4940861312756906
2006-03-05,3.3433175275107936
2006-03-06,3.3327425307087104
2006-03-07,3.3079920571947152
2006-03-08,4.532936189773067
2006-03-09,4.93904066760063
2006-03-10,5.343624588643401
2006-03-11,5.226876453566574
2006-03-12,4.741298610238987
2006-03-13,4.36778823352769
2006-03-14,4.05707754681457
2006-03-15,3.7951235835878965
2006-03-16,3.5735136505096143
2006-03-17,3.3853180203589814
2006-03-18,3.224823872968433
2006-03-19,3.087317846022367
2006-03-20,2.9689081433301427
2006-03-21,2.866378868239917
2006-03-22,2.7770706360482733
2006-03-23,2.698782637871743
2006-03-24,2.6621570449829135
2006-03-25,2.8618700897537916
2006-03-26,3.1641682372459043
2006-03-27,3.4337760031025333
2006-03-28,3.6040236479410415
2006-03-29,3.7071558824796758
2006-03-30,4.326949334145516
2006-03-31,4.233610213588765
2006-04-01,4.090897792277821
2006-04-02,4.058494529229938
2006-04-03,3.8378441506301364
2006-04-04,3.6249813423243373
2006-04-05,3.4312445576916115
2006-04-06,3.2660954267655016
2006-04-07,3.1292665488514992
2006-04-08,3.136297129254571
2006-04-09,3.1630186399708684
2006-04-10,3.0366990524830677
2006-04-11,2.964082775276441
2006-04-12,2.9245659948060254
2006-04-13,2.9727167418610994
2006-04-14,3.0378399029498673
2006-04-15,2.9912098188777954
2006-04-16,2.978663447169195
2006-04-17,2.879415714081416
2006-04-18,2.7830792571655967
2006-04-19,2.698965409209503
2006-04-20,2.6250756326531732
2006-04-21,2.559724260409544
2006-04-22,2.5015135998829936
2006-04-23,2.449283920395029
2006-04-24,2.402072265244754
2006-04-25,2.386363674850824
2006-04-26,2.3751567836933734
2006-04-27,2.3333336107134612
2006-04-28,2.2929678007976393
2006-04-29,2.2822124896334386
2006-04-30,2.3214391767328455
2006-05-01,2.3397533914402486
2006-05-02,2.302391040666383
2006-05-03,2.25574151939006
2006-05-04,2.2132827653253697
2006-05-05,2.421113829464892
2006-05-06,2.521938934234988
2006-05-07,2.388499414600188
2006-05-08,2.3203437193156797
2006-05-09,2.2663631269788262
2006-05-10,2.216339632811193
2006-05-11,2.167443336624171
2006-05-12,2.123401249998649
2006-05-13,2.0850588328668147
2006-05-14,2.0494135923782903
2006-05-15,2.0156278252820905
2006-05-16,2.006396319209754
2006-05-17,2.023890595873747
2006-05-18,2.0671650517087214
2006-05-19,2.1914996749453155
2006-05-20,2.9669467014426005
2006-05-21,2.9077764196800424
2006-05-22,2.731029303254097
2006-05-23,2.5925779723443623
2006-05-24,2.9777886086016134
2006-05-25,3.0467801679261814
2006-05-26,3.9205362883912156
2006-05-27,4.556024102114266
2006-05-28,4.243791046656949
2006-05-29,3.875641111557075
2006-05-30,3.686239517508403
2006-05-31,3.458274157982037
2006-06-01,3.2323695866728746
2006-06-02,3.0409769412560164
2006-06-03,2.877951135081196
2006-06-04,2.738934806285311
2006-06-05,2.6198578095458243
2006-06-06,2.517356328632635
2006-06-07,2.428648265196705
2006-06-08,2.3514309811334337
2006-06-09,2.283797314530498
2006-06-10,2.22416654745193
2006-06-11,2.17122761845742
2006-06-12,2.12389237154398
2006-06-13,2.081257038392146
2006-06-14,2.2841438733333392
2006-06-15,2.2208869774463333
2006-06-16,2.096710258016294
2006-06-17,2.0505896085029764
2006-06-18,2.0090943834986326
2006-06-19,1.9717011552136905
2006-06-20,1.9374896688000145
2006-06-21,1.9058480028239633
2006-06-22,1.876534880632437
2006-06-23,1.8491977764421013
2006-06-24,1.8235392064781795
2006-06-25,1.855255771201229
2006-06-26,1.8652258751112887
2006-06-27,1.8206542872667626
2006-06-28,1.7913201218766748
2006-06-29,1.7640985000062075
2006-06-30,1.7386691716287592
2006-07-01,1.7147648894963379
2006-07-02,1.6921624767355088
2006-07-03,1.6706754211750636
2006-07-04,1.650147731699372
2006-07-05,1.6387577051063111
2006-07-06,1.6324524698472473
2006-07-07,1.61775148119707
2006-07-08,1.5993713847747486
2006-07-09,1.5792112716177114
2006-07-10,1.5598960931001438
2006-07-11,1.5413487563261095
2006-07-12,1.523468494308221
2006-07-13,1.5061707890656475
2006-07-14,1.4893846828357526
2006-07-15,1.473050540308102
2006-07-16,1.457118185216346
2006-07-17,1.441545347833231
2006-07-18,1.426296370815617
2006-07-19,1.411341129849011
2006-07-20,1.3966541329802507
2006-07-21,1.3822137686780163
2006-07-22,1.369262776604339
2006-07-23,1.3564939720136577
2006-07-24,1.3424330495808487
2006-07-25,1.328566522709085
2006-07-26,1.3149172045931488
2006-07-27,1.3014704193852382
2006-07-28,1.314458805125735
2006-07-29,1.3092463293616572
2006-07-30,1.3804453188067205
2006-07-31,1.3255135067573185
2006-08-01,1.4308122390402123
2006-08-02,1.7752751504229678
2006-08-03,1.5720330180548352
2006-08-04,1.5227687420267901
2006-08-05,1.3331438224389613
2006-08-06,1.246048723680407
2006-08-07,1.2262918821726154
2006-08-08,1.207920839927194
2006-08-09,1.1911999248734546
2006-08-10,1.1777400428111793
2006-08-11,1.1974247985254083
2006-08-12,1.180013385044716
2006-08-13,1.1478417292955507
2006-08-14,2.8176128572566497
2006-08-15,1.8520874919621308
2006-08-16,1.5024357227402223
2006-08-17,1.4093714721667938
2006-08-18,1.3566995727268416
2006-08-19,1.3816647474581474
2006-08-20,1.703629511756125
2006-08-21,1.9331109937023356
2006-08-22,1.546529925422919
2006-08-23,1.4191836395652755
2006-08-24,1.388144502953309
2006-08-25,1.5407285552824161
2006-08-26,1.5027066890857255
2006-08-27,1.64678613112079
2006-08-28,2.1530029507665365
2006-08-29,2.352772578680334
2006-08-30,1.9839743464287267
2006-08-31,1.7819417734318215
2006-09-01,1.6767869676126315
2006-09-02,1.588942173121947
2006-09-03,1.5268106911046972
2006-09-04,1.4678367293432328
2006-09-05,1.4084651405870137
2006-09-06,1.3568581506497914
2006-09-07,1.3119743478058128
2006-09-08,1.2727072443411618
2006-09-09,1.2381378420977718
2006-09-10,1.2075023722664215
2006-09-11,1.180165669859208
2006-09-12,1.155599183347649
2006-09-13,1.1333628001120455
2006-09-14,1.1130898154917368
2006-09-15,1.094474493509525
2006-09-16,1.0772617657536336
2006-09-17,1.0612386954818454
2006-09-18,1.0491852379136033
2006-09-19,1.0415405758974825
2006-09-20,1.0277385622079207
2006-09-21,1.0138469173370146
2006-09-22,1.000679904089831
2006-09-23,0.9881353535115264
2006-09-24,0.9761396060386921
2006-09-25,0.9647073448686974
2006-09-26,0.9548758949538675
2006-09-27,0.9453198968125762
2006-09-28,0.9345479066820691
2006-09-29,0.9240759550038944
2006-09-30,0.9138931763289482
2006-10-01,1.0023048556998957
2006-10-02,1.029866540792693
2006-10-03,0.973373967496073
2006-10-04,1.0409721638749003
2006-10-05,1.1937743864246875
2006-10-06,1.5856712958646833
2006-10-07,1.2197673404888407
2006-10-08,1.0978950516204964
2006-10-09,1.0706425054901378
2006-10-10,1.1706034404979582
2006-10-11,1.1004757573158703
2006-10-12,1.03659733453607
2006-10-13,1.0040268773644954
2006-10-14,0.9754279748438707
2006-10-15,0.9501555999201127
2006-10-16,0.9276730102757361
2006-10-17,0.907533295419686
2006-10-18,0.8980912936419162
2006-10-19,0.8938390335459184
2006-10-20,0.8765989409598248
2006-10-21,0.8603155698826687
2006-10-22,0.8942082747165453
2006-10-23,1.252756702442212
2006-10-24,1.3446475057851435
2006-10-25,1.1130767378285764
2006-10-26,1.028695847300406
2006-10-27,0.9891881282382958
2006-10-28,0.9548866640719309
2006-10-29,0.9249290858803226
2006-10-30,0.8986185950012421
2006-10-31,0.883364076250362
2006-11-01,0.885775516948457
2006-11-02,0.8815164653208974
2006-11-03,0.8663479140500598
2006-11-04,0.8448065918068601
2006-11-05,0.8259772650640383
2006-11-06,0.8090258305702346
2006-11-07,0.793656015655078
2006-11-08,0.7936420242219077
2006-11-09,0.8009012402444063
2006-11-10,1.0612723213445627
2006-11-11,1.3431113833556514
2006-11-12,1.1881969420162666
2006-11-13,1.2420505551596013
2006-11-14,1.2991496851091522
2006-11-15,1.1265918066346137
2006-11-16,1.1840811692684399
2006-11-17,1.2527851188789916
2006-11-18,1.325878686511877
2006-11-19,1.489942115393031
2006-11-20,1.972583717521026
2006-11-21,1.8679389451514332
2006-11-22,2.2023386324364886
2006-11-23,2.5803983891748614
2006-11-24,2.3754457114150913
2006-11-25,2.1069186984613246
2006-11-26,1.9107323457804675
2006-11-27,1.7567542839152008
2006-11-28,1.6475240342015554
2006-11-29,1.5754500507079927
2006-11-30,1.4697501031044433
2006-12-01,1.3847523561035464
2006-12-02,1.3123453033915944
2006-12-03,1.4983275472154416
2006-12-04,2.057888011596882
2006-12-05,2.214190094837467
2006-12-06,2.0305656261988543
2006-12-07,2.9212782194180242
2006-12-08,3.664410949187449
2006-12-09,3.272775895660358
2006-12-10,2.9086183502984
2006-12-11,3.7239098456974715
2006-12-12,3.7663584393641014
2006-12-13,3.3515369588977006
2006-12-14,3.0150706626552832
2006-12-15,2.7491620501665692
2006-12-16,2.948999694774208
2006-12-17,2.9631891493359817
2006-12-18,2.721984646422062
2006-12-19,2.503849540433222
2006-12-20,2.328507478744672
2006-12-21,2.1803345309503244
2006-12-22,2.054698365710695
2006-12-23,1.94777291241627
2006-12-24,1.8563956853591348
2006-12-25,1.7779507888364574
2006-12-26,1.710272897995929
2006-12-27,1.6994170764397738
2006-12-28,1.8697301572269975
2006-12-29,1.8136842344574635
2006-12-30,2.6120578240836836
2006-12-31,2.7486299727458086
2007-01-01,3.1894589843289096
2007-01-02,3.4848576777241065
2007-01-03,3.3103125493298617
2007-01-04,3.193282572489183
2007-01-05,3.218843929460285
2007-01-06,4.15396200653029
2007-01-07,4.17386765379058
2007-01-08,4.118467505383315
2007-01-09,3.8129473926320636
2007-01-10,4.296456683708239
2007-01-11,5.116390096756452
2007-01-12,4.91794632138868
2007-01-13,4.656453244196695
2007-01-14,4.296721722617733
2007-01-15,3.961702964717516
2007-01-16,3.8160807813051
2007-01-17,4.997842134907813
2007-01-18,6.747615078038469
2007-01-19,6.836795116950575
2007-01-20,6.285404323426668
2007-01-21,6.291025431572901
2007-01-22,5.982598806879893
2007-01-23,5.444492171891214
2007-01-24,4.969051712287803
2007-01-25,4.5728744685649
2007-01-26,4.248496219215616
2007-01-27,4.4711123896125775
2007-01-28,4.436167013087265
2007-01-29,4.208625456257289
2007-01-30,3.9279372284507574
2007-01-31,3.7031130696625123
2007-02-01,3.5127310946535992
2007-02-02,3.3522291819980787
2007-02-03,3.2119994559702185
2007-02-04,3.0910379368524095
2007-02-05,2.9861999182898713
2007-02-06,2.9889166064559305
2007-02-07,2.990468105584863
2007-02-08,3.6757431586229945
2007-02-09,3.9664920957719194
2007-02-10,4.040932979373076
2007-02-11,4.757949364327712
2007-02-12,5.352966156793692
2007-02-13,5.211497078257579
2007-02-14,5.9133739872925934
2007-02-15,5.78900675161373
2007-02-16,5.252480876913194
2007-02-17,4.8537137802508115
2007-02-18,4.5183739841617685
2007-02-19,4.235461519748887
2007-02-20,3.9959247845184187
2007-02-21,3.9134220563688964
2007-02-22,3.884568495143577
2007-02-23,3.7694162998637744
2007-02-24,4.399353189520732
2007-02-25,5.137895662361995
2007-02-26,4.989407396173727
2007-02-27,5.537595503184949
2007-02-28,6.120136269416764
2007-03-01,6.164613733993444
2007-03-02,6.20461887401683
2007-03-03,6.39182165457316
2007-03-04,6.4930705454468916
2007-03-05,6.5377421325307985
2007-03-06,7.3368498936257796
2007-03-07,7.4714701848769485
2007-03-08,6.870445125640185
2007-03-09,6.822830454353981
2007-03-10,6.6264296726781735
2007-03-11,6.078198964013155
2007-03-12,5.6512547603305165
2007-03-13,5.2915013573596275
2007-03-14,4.987283200161012
2007-03-15,4.7290112708950085
2007-03-16,4.50879004153446
2007-03-17,4.334672388561928
2007-03-18,4.6735149887170975
2007-03-19,5.021210901994695
2007-03-20,4.850045898482461
2007-03-21,4.913542641980179
2007-03-22,4.788203254820274
2007-03-23,4.547680403465021
2007-03-24,4.351396622801378
2007-03-25,4.182604221851528
2007-03-26,4.036645664825656
2007-03-27,3.9096742568003537
2007-03-28,3.7992348366690494
2007-03-29,3.7018567305351247
2007-03-30,3.6147139688588203
2007-03-31,3.5367612735250984
2007-04-01,3.4665393171828325
2007-04-02,3.402802848382814
2007-04-03,3.344518116188669
2007-04-04,3.2908263192892035
2007-04-05,3.2410134719137265
2007-04-06,3.1944855416062716
2007-04-07,3.1507479216780805
2007-04-08,3.109388470553228
2007-04-09,3.0700634884659412
2007-04-10,3.03248611489275
2007-04-11,2.996416722428174
2007-04-12,2.961654958362773
2007-04-13,2.928033147098128
2007-04-14,2.8954108172519537
2007-04-15,2.86367015891383
2007-04-16,2.8327122506720444
2007-04-17,2.8024539240996957
2007-04-18,2.772825156467532
2007-04-19,2.7437669014430512
2007-04-20,2.715229283175154
2007-04-21,2.68717009205232
2007-04-22,2.659553531051198
2007-04-23,2.632349170363895
2007-04-24,2.6055310752357386
2007-04-25,2.5790770779308927
2007-04-26,2.55296816969272
2007-04-27,2.527187992661066
2007-04-28,2.5017224150993544
2007-04-29,2.4765591760933963
2007-04-30,2.451687588212428
2007-05-01,2.4270982885543257
2007-05-02,2.402783030199979
2007-05-03,2.3787345074329695
2007-05-04,2.354946209186768
2007-05-05,2.33141229610122
2007-05-06,2.310161207409034
2007-05-07,2.5894196691481075
2007-05-08,2.5191399942908204
2007-05-09,2.4577526543192403
2007-05-10,2.4470656750219018
2007-05-11,2.6002058641792334
2007-05-12,2.598028882943951
2007-05-13,2.6061728593028746
2007-05-14,2.622076110727194
2007-05-15,2.8301774349854956
2007-05-16,3.390451792136965
2007-05-17,3.0810098155311927
2007-05-18,3.0968323188071025
2007-05-19,2.9950598628853786
2007-05-20,2.879055570653504
2007-05-21,2.788684999097432
2007-05-22,2.670831312187293
2007-05-23,2.57522280247662
2007-05-24,2.493041468969568
2007-05-25,2.4305033229115405
2007-05-26,2.3963362250129343
2007-05-27,2.3547748563849833
2007-05-28,2.297537107849355
2007-05-29,2.245794775097113
2007-05-30,2.198968642843551
2007-05-31,2.169754701811267
2007-06-01,2.142150654058065
2007-06-02,2.1040665359148103
2007-06-03,2.068628386727301
2007-06-04,2.0359032230343583
2007-06-05,2.005476969385057
2007-06-06,1.9770019570298902
2007-06-07,1.9501881328777326
2007-06-08,1.9834684725084066
2007-06-09,2.476529982813211
2007-06-10,2.4060069010093437
2007-06-11,2.281391173382137
2007-06-12,2.1414330960368644
2007-06-13,2.0821884309883485
2007-06-14,2.0422961128476484
2007-06-15,2.022027017428624
2007-06-16,2.0328487232244288
2007-06-17,2.159750683402726
2007-06-18,2.2222038773798487
2007-06-19,2.138018784281327
2007-06-20,2.043399538946874
2007-06-21,1.9959467242876852
2007-06-22,1.9894798481434899
2007-06-23,2.014523938420043
2007-06-24,2.0085778137714945
2007-06-25,2.3527069721660867
2007-06-26,2.2293072204439395
2007-06-27,2.0890672694666326
2007-06-28,2.0143158390507563
2007-06-29,1.9561142122023607
2007-06-30,1.903681850218109
2007-07-01,1.877137622988905
2007-07-02,1.9162519758172831
2007-07-03,2.677210938073206
2007-07-04,3.455218056422033
2007-07-05,3.1655045966614845
2007-07-06,2.8231552332768044
2007-07-07,2.6200388796369674
2007-07-08,2.4713765489202655
2007-07-09,2.3448353192340954
2007-07-10,2.265967469998192
2007-07-11,2.2018388832090094
2007-07-12,2.1145325714214738
2007-07-13,2.0381594050053358
2007-07-14,1.9717084732060703
2007-07-15,1.9135740826683592
2007-07-16,1.8814678511207117
2007-07-17,1.8576544080434523
2007-07-18,1.8135418374897452
2007-07-19,1.772298944447378
2007-07-20,1.8069269873382485
2007-07-21,1.857045455420305
2007-07-22,1.7705397948281911
2007-07-23,1.9570933966282593
2007-07-24,2.1046257744371326
2007-07-25,1.9152999773389663
2007-07-26,1.9551952056297406
2007-07-27,2.3778968745409634
2007-07-28,3.432089439129669
2007-07-29,3.704480700530288
2007-07-30,3.2267021331455727
2007-07-31,2.9082460800003442
2007-08-01,2.708662400861828
2007-08-02,2.5481425301842626
2007-08-03,2.414618220987477
2007-08-04,2.290478243009858
2007-08-05,2.1840994346842386
2007-08-06,2.092775735338322
2007-08-07,2.0139794517930536
2007-08-08,2.010016742296622
2007-08-09,3.521825924517236
2007-08-10,2.9824204283011095
2007-08-11,2.650234770788176
2007-08-12,2.5400573608825776
2007-08-13,2.452121020675893
2007-08-14,2.327554604539737
2007-08-15,2.3102757265138245
2007-08-16,2.3015392742300897
2007-08-17,2.1932931282120998
2007-08-18,2.103164380258939
2007-08-19,2.0665434923956916
2007-08-20,2.1644131498054215
2007-08-21,2.2503434082623097
2007-08-22,2.56911666180013
2007-08-23,2.531689570438681
2007-08-24,2.412493247727148
2007-08-25,2.284255646299964
2007-08-26,2.1795986824172826
2007-08-27,2.089678258226114
2007-08-28,2.012025899626639
2007-08-29,1.944597141411803
2007-08-30,1.885697535127101
2007-08-31,1.8339217743401826
2007-09-01,1.7881035736122477
2007-09-02,1.789274009230355
2007-09-03,1.820441163070407
2007-09-04,1.7916730212594558
2007-09-05,1.7552297903311909
2007-09-06,1.7155471303409
2007-09-07,1.678304061408886
2007-09-08,1.6447336117595759
2007-09-09,1.6142516864806347
2007-09-10,1.6060168905305245
2007-09-11,1.6061521601993773
2007-09-12,1.5769304050152029
2007-09-13,1.5496083891694556
2007-09-14,1.5244481779989683
2007-09-15,1.5011172335702778
2007-09-16,1.479338185394041
2007-09-17,1.5819079331046924
2007-09-18,1.7824294406302619
2007-09-19,1.6333626066335487
2007-09-20,1.574609340041141
2007-09-21,1.5366192789639774
2007-09-22,1.5026663722939955
2007-09-23,1.4721027450163147
2007-09-24,1.4473282662062614
2007-09-25,1.4342738286755445
2007-09-26,1.4781512387784617
2007-09-27,1.8409912122295626
2007-09-28,1.9161697651631924
2007-09-29,1.926989765011086
2007-09-30,1.7274224739796484
2007-10-01,2.2565919559314773
2007-10-02,2.014739370960902
2007-10-03,2.0844768201475605
2007-10-04,1.9857840118414807
2007-10-05,1.8518062913924254
2007-10-06,1.7653416465324874
2007-10-07,1.6910934920891705
2007-10-08,1.6270175713516697
2007-10-09,1.7468418988649166
2007-10-10,1.8153389382953578
2007-10-11,1.6966292212995204
2007-10-12,1.6303940284909613
2007-10-13,1.573005637016917
2007-10-14,1.5230007171279099
2007-10-15,1.4791629083014923
2007-10-16,1.4404824310994444
2007-10-17,1.446086342563954
2007-10-18,1.4668047802612134
2007-10-19,1.4276139528092564
2007-10-20,1.3921818637293617
2007-10-21,1.3605801095565238
2007-10-22,1.3321932925568272
2007-10-23,1.3065092682837953
2007-10-24,1.2831015444696
2007-10-25,1.2616147246104805
2007-10-26,1.2417524615689841
2007-10-27,1.2232674818835216
2007-10-28,1.2417187553330373
2007-10-29,2.37115214215499
2007-10-30,2.0760140231658237
2007-10-31,1.8094804488052667
2007-11-01,1.707164892026671
2007-11-02,1.6316637123449806
2007-11-03,1.5759480745550374
2007-11-04,1.5100980952067717
2007-11-05,1.4687855590916696
2007-11-06,1.4735145411389061
2007-11-07,1.516408486748744
2007-11-08,2.174456891641228
2007-11-09,2.7378641531060546
2007-11-10,3.2934935060778465
2007-11-11,3.3382640799526904
2007-11-12,2.953833741926646
2007-11-13,3.0954860353338423
2007-11-14,2.8990392601638746
2007-11-15,2.6311923075756702
2007-11-16,2.433132099749224
2007-11-17,2.266175021046556
2007-11-18,2.1253021332229003
2007-11-19,2.0402168432781207
2007-11-20,2.051578258647379
2007-11-21,2.0250468143062688
2007-11-22,1.9263331186448767
2007-11-23,1.8336780719119277
2007-11-24,1.761594403139582
2007-11-25,2.063341955896137
2007-11-26,2.0430729379158774
2007-11-27,1.9113555706315488
2007-11-28,1.823644001593087
2007-11-29,1.9311447255780128
2007-11-30,2.7883609588913707
2007-12-01,3.1644478957898023
2007-12-02,3.725747616314075
2007-12-03,4.216697446525632
2007-12-04,3.9451696800495895
2007-12-05,3.7864605869058394
2007-12-06,5.081780530225355
2007-12-07,5.530453143529861
2007-12-08,5.784000288968975
2007-12-09,5.849571241588905
2007-12-10,5.663481623184626
2007-12-11,5.114573739713863
2007-12-12,4.610576152702255
2007-12-13,4.205302105988706
2007-12-14,3.865779340074502
2007-12-15,3.5805820032282996
2007-12-16,3.340309973153655
2007-12-17,3.137223222480431
2007-12-18,2.9649434195427085
2007-12-19,2.8182101561641457
2007-12-20,2.6926816080078724
2007-12-21,2.5847713744835423
2007-12-22,2.4915148088863464
2007-12-23,2.4104594105722863
2007-12-24,2.3395748694103786
2007-12-25,2.2922862362123504
2007-12-26,2.2658827530583165
2007-12-27,2.210955612737528
2007-12-28,2.1875086605346454
2007-12-29,2.261197268557897
2007-12-30,2.3857219677240074
2007-12-31,2.4392712696108543
2008-01-01,2.36599357731589
2008-01-02,2.2806331720186934
2008-01-03,2.3224807129481957
2008-01-04,2.901284448784427
2008-01-05,3.5274721689386066
2008-01-06,3.447196435831192
2008-01-07,3.485710671583685
2008-01-08,3.3595315712815026
2008-01-09,3.3655093565775474
2008-01-10,3.257880126935244
2008-01-11,3.3747538342975556
2008-01-12,3.273641696700313
2008-01-13,3.0614894183693786
2008-01-14,2.8919056171010986
2008-01-15,3.0592387907243483
2008-01-16,3.0467688018182346
2008-01-17,2.994626917377131
2008-01-18,3.226613679022097
2008-01-19,3.987523325307239
2008-01-20,4.021728675712633
2008-01-21,4.364109325935943
2008-01-22,4.287081843899512
2008-01-23,3.9220172698206137
2008-01-24,3.911162524571184
2008-01-25,3.7609407677737026
2008-01-26,3.498727090154858
2008-01-27,3.292352760736522
2008-01-28,3.1171170729582642
2008-01-29,2.967703083631392
2008-01-30,3.1292562876534107
2008-01-31,3.58324064851762
2008-02-01,4.562787969540373
2008-02-02,5.283095278870944
2008-02-03,4.924375504581612
2008-02-04,4.8901725933995035
2008-02-05,5.623372340966159
2008-02-06,5.903970816520754
2008-02-07,5.415073663428621
2008-02-08,4.943943590479317
2008-02-09,4.566841687941456
2008-02-10,4.249676814338823
2008-02-11,3.982071327213042
2008-02-12,3.755482212718245
2008-02-13,3.5628709888534686
2008-02-14,3.3984340917803255
2008-02-15,3.2573824495599
2008-02-16,3.135761100000933
2008-02-17,3.030301442736418
2008-02-18,2.9383001135408224
2008-02-19,2.8575195976586545
2008-02-20,2.786106611480749
2008-02-21,2.722525020565301
2008-02-22,2.665500660586216
2008-02-23,2.613975913405803
2008-02-24,2.6074128689334812
2008-02-25,2.6549585286688466
2008-02-26,2.84590453902019
2008-02-27,2.989294663386794
2008-02-28,2.857507113246426
2008-02-29,3.522520649120539
2008-03-01,3.895588363924316
2008-03-02,3.6563888131775886
2008-03-03,3.4324119383428617
2008-03-04,3.303229821198219
2008-03-05,3.2076920963358404
2008-03-06,3.069640640233001
2008-03-07,2.9515234219105815
2008-03-08,2.8490409161346726
2008-03-09,2.8503464340055102
2008-03-10,3.3386703892245215
2008-03-11,4.199708415680739
2008-03-12,4.093044416690787
2008-03-13,3.841610530524568
2008-03-14,3.717055879953937
2008-03-15,3.9892265562520666
2008-03-16,5.067578646505475
2008-03-17,4.868077357041914
2008-03-18,4.430029158862317
2008-03-19,4.132960197797618
2008-03-20,5.388680956586419
2008-03-21,6.552240829599852
2008-03-22,6.292274894315567
2008-03-23,5.811094288396134
2008-03-24,5.850420489591355
2008-03-25,5.872633657263413
2008-03-26,5.833415458216052
2008-03-27,5.860852273787708
2008-03-28,5.787010248074342
2008-03-29,5.395607526129814
2008-03-30,5.6542776786936555
2008-03-31,5.704954530455113
2008-04-01,5.261150962196479
2008-04-02,4.935069424764395
2008-04-03,4.630696832443101
2008-04-04,4.473909416209201
2008-04-05,4.824307113544955
2008-04-06,4.910724308626388
2008-04-07,4.578304554824509
2008-04-08,4.332370779007372
2008-04-09,4.1229495331895025
2008-04-10,3.9437956473235105
2008-04-11,3.78975825560484
2008-04-12,3.656585690374856
2008-04-13,3.5415784416045835
2008-04-14,3.5011831151972377
2008-04-15,3.486435434938388
2008-04-16,3.3997200024613954
2008-04-17,3.311650104186061
2008-04-18,3.2334023683736857
2008-04-19,3.1634507860033447
2008-04-20,3.1004473991384565
2008-04-21,3.0432738088618265
2008-04-22,2.9910014024861074
2008-04-23,3.1530025524007197
2008-04-24,3.3029082791305497
2008-04-25,3.1867694820118224
2008-04-26,3.1042506276083324
2008-04-27,3.124205907513384
2008-04-28,3.4066719950715623
2008-04-29,3.561476686486658
2008-04-30,3.4006583891614657
2008-05-01,3.297086877782334
2008-05-02,3.203005200912218
2008-05-03,3.106378610362242
2008-05-04,3.021095694295868
2008-05-05,2.945706242331546
2008-05-06,2.878585787231913
2008-05-07,2.818387300773198
2008-05-08,2.7639930100985697
2008-05-09,2.7144747170189962
2008-05-10,2.6690610947449898
2008-05-11,2.6271107149702813
2008-05-12,2.5880897849280573
2008-05-13,2.5515537587967754
2008-05-14,2.5231812596072882
2008-05-15,2.7971836375194363
2008-05-16,3.4571160180619813
2008-05-17,4.068167257781847
2008-05-18,3.617051467813207
2008-05-19,3.3566003812678176
2008-05-20,3.200737551677084
2008-05-21,3.0670770533580924
2008-05-22,2.9518628246796017
2008-05-23,2.8519908590662695
2008-05-24,2.7672959164490756
2008-05-25,2.703203150838853
2008-05-26,2.6420039398383035
2008-05-27,2.5800169703683413
2008-05-28,2.5236733191613543
2008-05-29,3.2058328444221122
2008-05-30,3.156110046765054
2008-05-31,2.8845202116601842
2008-06-01,2.772410537263996
2008-06-02,3.5272012359272367
2008-06-03,3.5010395511577883
2008-06-04,3.3297708742081693
2008-06-05,3.6275610342480795
2008-06-06,3.5404082008218176
2008-06-07,3.257383714317333
2008-06-08,3.0835184914584115
2008-06-09,2.9487998915142253
2008-06-10,2.8329361709607195
2008-06-11,2.7518600214575186
2008-06-12,3.9960026934220316
2008-06-13,3.873932240885216
2008-06-14,3.626139756418264
2008-06-15,4.09895305340807
2008-06-16,3.8411005287637905
2008-06-17,3.553027185573654
2008-06-18,3.354730722743929
2008-06-19,3.208757842755361
2008-06-20,3.0882992845454598
2008-06-21,2.9582219750307313
2008-06-22,2.8456964454710483
2008-06-23,2.7482151437801434
2008-06-24,2.6632603590463266
2008-06-25,2.588748342617173
2008-06-26,2.523062612753234
2008-06-27,2.474922357349154
2008-06-28,2.4273759284376326
2008-06-29,2.378097039057438
2008-06-30,2.3333816671787875
2008-07-01,2.2925639497120005
2008-07-02,2.2716528550430244
2008-07-03,2.37035856542148
2008-07-04,2.3442907432020372
2008-07-05,2.268609427997437
2008-07-06,2.2257942437161797
2008-07-07,2.1971851852727045
2008-07-08,2.1912435946336544
2008-07-09,2.2991056098096463
2008-07-10,2.9242337172248494
2008-07-11,2.7077550801205916
2008-07-12,2.4988544179477663
2008-07-13,2.4047340998319595
2008-07-14,2.3297891149341665
2008-07-15,2.2641698569135107
2008-07-16,2.2224844857144537
2008-07-17,2.1953086289192636
2008-07-18,2.1506959381334174
2008-07-19,2.288383710433811
2008-07-20,2.4502106900369047
2008-07-21,2.731075682092515
2008-07-22,2.4786059093484933
2008-07-23,2.3357498905463543
2008-07-24,2.256892131746555
2008-07-25,2.1880720447617112
2008-07-26,2.1344941716718133
2008-07-27,2.1566804549253287
2008-07-28,2.7448647822452323
2008-07-29,2.453381481191147
2008-07-30,2.2838932997671004
2008-07-31,2.2044761430283555
2008-08-01,2.135294010381758
2008-08-02,2.074648897883777
2008-08-03,2.9749232002551333
2008-08-04,2.697075224382029
2008-08-05,2.3907582707436315
2008-08-06,2.290337751526085
2008-08-07,2.604904058664597
2008-08-08,3.3518525352815067
2008-08-09,3.007331229947761
2008-08-10,2.7467183524072065
2008-08-11,2.5977155559519627
2008-08-12,2.676192074311368
2008-08-13,2.7379618081418617
2008-08-14,2.5364456333162018
2008-08-15,2.415414338683204
2008-08-16,2.314215263979245
2008-08-17,2.2496166045243555
2008-08-18,2.2141863033199245
2008-08-19,2.165360342926984
2008-08-20,2.120966350793711
2008-08-21,2.0647914479116163
2008-08-22,2.0723394199496745
2008-08-23,2.580274049605801
2008-08-24,2.498049261511813
2008-08-25,2.328695253341772
2008-08-26,2.23226684206211
2008-08-27,2.1490259020780464
2008-08-28,2.0767712385520545
2008-08-29,2.013679118140231
2008-08-30,1.9582375070155338
2008-08-31,1.9091919475784598
2008-09-01,1.8655009802962235
2008-09-02,2.084062673691806
2008-09-03,2.1383891242660393
2008-09-04,2.0226212693826873
2008-09-05,1.9757428214953183
2008-09-06,1.9385669350706547
2008-09-07,1.9319707031195197
2008-09-08,1.9321411440408462
2008-09-09,1.8729488146841515
2008-09-10,1.8241998968111819
2008-09-11,1.7808804474294389
2008-09-12,1.8579224681087794
2008-09-13,1.908183864836434
2008-09-14,1.8125150317059553
2008-09-15,1.765716485732696
2008-09-16,1.724118455175521
2008-09-17,1.6868792631132417
2008-09-18,1.6532992350921356
2008-09-19,1.622796352920009
2008-09-20,1.5948861458451837
2008-09-21,1.5691650701087
2008-09-22,1.5452967623936154
2008-09-23,1.5460503344082837
2008-09-24,1.55732227684068
2008-09-25,1.5307969092592737
2008-09-26,1.505883816392269
2008-09-27,1.4827871605461116
2008-09-28,1.4612315204847866
2008-09-29,1.4409869847981829
2008-09-30,1.6978012263726117
2008-10-01,2.178445839339646
2008-10-02,2.02578594004638
2008-10-03,1.902816839695328
2008-10-04,1.860588888667276
2008-10-05,2.951322689775097
2008-10-06,2.64750366992844
2008-10-07,2.342803063672985
2008-10-08,2.2245931621734916
2008-10-09,2.1212369043160257
2008-10-10,1.9970641331700743
2008-10-11,1.9022463788758592
2008-10-12,1.8208986023526126
2008-10-13,1.7507628354848885
2008-10-14,1.6899691239421755
2008-10-15,1.6793958207804398
2008-10-16,1.7080031164346867
2008-10-17,1.6680586635792138
2008-10-18,1.6162009656992797
2008-10-19,1.57037236017773
2008-10-20,1.547386384271465
2008-10-21,1.6922388843685703
2008-10-22,1.7158042903516393
2008-10-23,1.6185458313322763
2008-10-24,1.5830488579476043
2008-10-25,1.5627863200291447
2008-10-26,2.1140215044494357
2008-10-27,2.3869888820154173
2008-10-28,2.1660134096297567
2008-10-29,2.018914368517501
2008-10-30,1.9086376636213551
2008-10-31,1.8204673408963672
2008-11-01,2.3131655022484208
2008-11-02,2.2089551416221327
2008-11-03,2.0265574931830526
2008-11-04,1.919688934418624
2008-11-05,1.829497820248756
2008-11-06,1.7544823896540682
2008-11-07,1.686481632570423
2008-11-08,1.672908314409476
2008-11-09,1.9207477640692805
2008-11-10,2.2120970735166914
2008-11-11,2.7547787979778278
2008-11-12,2.5048499259932604
2008-11-13,2.2838722138769687
2008-11-14,2.1429826583390073
2008-11-15,2.0233958652647863
2008-11-16,1.9269545061621505
2008-11-17,1.849890410084796
2008-11-18,1.7733205853396996
2008-11-19,1.7184927141626514
2008-11-20,1.6776696181177657
2008-11-21,2.097135821475898
2008-11-22,2.486171173373922
2008-11-23,2.9624651349867617
2008-11-24,3.333967364457383
2008-11-25,3.221383749334502
2008-11-26,2.9951313267497546
2008-11-27,2.7693999574447736
2008-11-28,2.5782618193923104
2008-11-29,2.4103066309178907
2008-11-30,2.6211299740039347
2008-12-01,2.584909620978019
2008-12-02,2.74834739069609
2008-12-03,2.6517338842852234
2008-12-04,2.9330489791613914
2008-12-05,3.056432328441778
2008-12-06,2.9151035084489667
2008-12-07,2.7125867138314432
2008-12-08,2.5338871503191176
2008-12-09,2.536852129142749
2008-12-10,2.508644870348511
2008-12-11,2.385748391926233
2008-12-12,2.2614637121730308
2008-12-13,2.1567858405165454
2008-12-14,2.0672627232329535
2008-12-15,1.989990946183239
2008-12-16,1.9229250606482555
2008-12-17,1.8665373112898376
2008-12-18,1.8596758836070195
2008-12-19,1.977237815767577
2008-12-20,2.680675676920025
2008-12-21,2.5895833459592557
2008-12-22,2.3886336078593895
2008-12-23,2.259051495679953
2008-12-24,2.1508352194900686
2008-12-25,2.0580889665799544
2008-12-26,1.9782061098652506
2008-12-27,1.9090305091237676
2008-12-28,1.8487773258501028
2008-12-29,1.7959679982325636
2008-12-30,1.7493767981505908
2008-12-31,1.7079868704308565
2009-01-01,1.670954042405607
2009-01-02,1.637577006587043
2009-01-03,1.6072727350474085
2009-01-04,1.6903507072579698
2009-01-05,1.748259754901775
2009-01-06,1.69862804730836
2009-01-07,1.6548134979549722
2009-01-08,1.6158632873398109
2009-01-09,1.5809907129817151
2009-01-10,1.5495416703062304
2009-01-11,1.5209719495273004
2009-01-12,2.096764312358669
2009-01-13,3.1590457264615317
2009-01-14,3.124651749392927
2009-01-15,2.8129639480389
2009-01-16,2.607419805646026
2009-01-17,2.677412844842667
2009-01-18,3.1329137670278566
2009-01-19,3.433266984790303
2009-01-20,3.263115231406374
2009-01-21,2.9824019317709154
2009-01-22,3.2145145633018597
2009-01-23,4.9546371932174145
2009-01-24,4.826066552684236
2009-01-25,4.270340572515799
2009-01-26,3.8853759920014546
2009-01-27,3.5629909825906783
2009-01-28,3.292321937118814
2009-01-29,3.0644286946225567
2009-01-30,2.871947906199733
2009-01-31,2.7088100282658303
2009-02-01,2.570008036327012
2009-02-02,2.4617565763434883
2009-02-03,2.725451140092708
2009-02-04,2.7765440398723515
2009-02-05,2.755411695273525
2009-02-06,2.666083288690433
2009-02-07,2.6357060071374803
2009-02-08,2.5734815900314785
2009-02-09,3.679921120521724
2009-02-10,4.668380868457771
2009-02-11,4.622781910732283
2009-02-12,4.226801668689982
2009-02-13,3.880184234363208
2009-02-14,3.6141204556624635
2009-02-15,3.550893616905588
2009-02-16,3.918769819796278
2009-02-17,4.41300200819971
2009-02-18,4.165737365618283
2009-02-19,3.8136560414450287
2009-02-20,3.5548492814552612
2009-02-21,3.3308590872601407
2009-02-22,3.2002285345324295
2009-02-23,3.1114825642573867
2009-02-24,2.9536677771420545
2009-02-25,2.8212127259367588
2009-02-26,2.7074126884556384
2009-02-27,2.6487593923095574
2009-02-28,2.6160723070929044
2009-03-01,2.529491944024348
2009-03-02,2.453108502398022
2009-03-03,2.386000012207329
2009-03-04,2.3283965261708706
2009-03-05,2.2825359368979217
2009-03-06,2.2433596080445297
2009-03-07,2.208520365479817
2009-03-08,2.224562350022322
2009-03-09,2.29360828027403
2009-03-10,2.889195018758873
2009-03-11,3.0367857976906385
2009-03-12,3.172841861076142
2009-03-13,3.2232789155002224
2009-03-14,3.0110675656320605
2009-03-15,2.8567892044103935
2009-03-16,2.721058153810891
2009-03-17,2.604655954961282
2009-03-18,2.504392590964384
2009-03-19,2.4175580523722906
2009-03-20,2.3419098379867234
2009-03-21,2.2755909541491843
2009-03-22,2.2170625380911857
2009-03-23,2.6000732464514678
2009-03-24,3.110350441921486
2009-03-25,3.835300504309203
2009-03-26,4.249844709803159
2009-03-27,4.096574589841885
2009-03-28,4.451081286999506
2009-03-29,4.282274583045737
2009-03-30,3.9010628587341696
2009-03-31,3.6236316964369597
2009-04-01,3.3896747836217025
2009-04-02,3.191701604766413
2009-04-03,3.0235402075206896
2009-04-04,2.880100957255296
2009-04-05,2.7571833997183988
2009-04-06,2.651318213309254
2009-04-07,2.5596377545171944
2009-04-08,2.505355961610316
2009-04-09,2.461943628183902
2009-04-10,2.3937033563382304
2009-04-11,2.332734067633782
2009-04-12,2.2785176519705823
2009-04-13,2.2299558586968193
2009-04-14,2.1861368469576035
2009-04-15,2.1472608418701236
2009-04-16,2.2771531900481743
2009-04-17,2.5268218008069323
2009-04-18,2.503809750900375
2009-04-19,2.410790885377892
2009-04-20,2.3326253412817564
2009-04-21,2.2642361091834076
2009-04-22,2.204010785939705
2009-04-23,2.1506117429623393
2009-04-24,2.102928560603806
2009-04-25,2.060038821951168
2009-04-26,2.079450654664716
2009-04-27,2.2300702164127304
2009-04-28,2.3133675299058454
2009-04-29,2.2317020949460047
2009-04-30,2.164201275255823
2009-05-01,2.10417452985136
2009-05-02,2.051100624493627
2009-05-03,2.0038470402128024
2009-05-04,1.9615011973035033
2009-05-05,1.926247256960748
2009-05-06,1.8932821091845282
2009-05-07,1.8607603922250482
2009-05-08,1.8307385751880336
2009-05-09,1.8028832107030441
2009-05-10,1.7768657824823666
2009-05-11,1.7524121363894778
2009-05-12,1.729293322477153
2009-05-13,1.7073397054535706
2009-05-14,1.9911685319342867
2009-05-15,2.141381572573013
2009-05-16,1.9775356684091234
2009-05-17,1.9703333372927763
2009-05-18,1.9518352798921208
2009-05-19,1.864354247161019
2009-05-20,1.814756518746007
2009-05-21,1.7707664271574781
2009-05-22,1.7314744839683014
2009-05-23,1.6961247947699691
2009-05-24,1.664088505590744
2009-05-25,1.6447859859815799
2009-05-26,1.72225273268554
2009-05-27,1.6938446141827566
2009-05-28,1.6377434684915946
2009-05-29,1.606161200412398
2009-05-30,1.5773852682085254
2009-05-31,1.5509762907172313
2009-06-01,1.5265680830303434
2009-06-02,1.503855259565644
2009-06-03,1.4825829665962524
2009-06-04,1.4625383731582298
2009-06-05,1.443543614883846
2009-06-06,1.4254499391511155
2009-06-07,1.4971348352569944
2009-06-08,1.5145439630381026
2009-06-09,1.6247363776514305
2009-06-10,2.117548031274047
2009-06-11,2.7337893466222964
2009-06-12,2.127707126000521
2009-06-13,1.913307783686059
2009-06-14,1.8837103867602343
2009-06-15,1.8902623922828925
2009-06-16,1.7985643281148258
2009-06-17,1.7248432378419152
2009-06-18,1.6610328066729594
2009-06-19,1.6055823803602276
2009-06-20,1.5571122437330454
2009-06-21,1.5168161252145893
2009-06-22,1.4808903063133843
2009-06-23,1.4467029602424777
2009-06-24,1.4160160717319688
2009-06-25,1.388291766670673
2009-06-26,1.3630616555348383
2009-06-27,1.3399354554494922
2009-06-28,1.3185877561331039
2009-06-29,1.2987470598793704
2009-06-30,1.280186699184411
2009-07-01,1.262717305748184
2009-07-02,1.2461805621065443
2009-07-03,1.2304440143818558
2009-07-04,1.215396763446712
2009-07-05,1.201399134106423
2009-07-06,1.1894371075277073
2009-07-07,1.4652577081025744
2009-07-08,1.675990743015059
2009-07-09,1.4261403588527377
2009-07-10,1.2910823098113269
2009-07-11,1.399090191969263
2009-07-12,1.4082572432603084
2009-07-13,1.2594659775877606
2009-07-14,1.2288126761390894
2009-07-15,1.2020989048975081
2009-07-16,1.1780110162156114
2009-07-17,1.1561424146948551
2009-07-18,1.1412034670360187
2009-07-19,1.1431416070725262
2009-07-20,1.1462243011846662
2009-07-21,1.6140148434044448
2009-07-22,1.4627639937838532
2009-07-23,1.7247602600294816
2009-07-24,1.4264111913892903
2009-07-25,1.2675479364324826
2009-07-26,1.2259468307454917
2009-07-27,1.18950368914804
2009-07-28,1.1574049858523647
2009-07-29,1.1353819574211466
2009-07-30,1.1152798860843076
2009-07-31,1.0910049621856768
2009-08-01,1.0704483991327656
2009-08-02,1.1838209423045583
2009-08-03,1.1716383822488379
2009-08-04,1.0869808547476643
2009-08-05,1.062174285219063
2009-08-06,1.0398930598149956
2009-08-07,1.0197362692496126
2009-08-08,1.0013697811130315
2009-08-09,0.9845149417558964
2009-08-10,0.9689512397515977
2009-08-11,0.9559414490849095
2009-08-12,0.9595145729650754
2009-08-13,0.9754404139149897
2009-08-14,0.9457592895795117
2009-08-15,0.9305795646179362
2009-08-16,0.9164791777958378
2009-08-17,0.903296217543159
2009-08-18,0.8908953053257016
2009-08-19,0.8791631703814824
2009-08-20,0.8726375802493868
2009-08-21,0.8661667103803493
2009-08-22,0.8549282819993759
2009-08-23,0.8441277438075674
2009-08-24,0.8337994444647875
2009-08-25,0.826789456138989
2009-08-26,0.8208511065561782
2009-08-27,0.8108581401077238
2009-08-28,0.8020988957429153
2009-08-29,0.7938864215717488
2009-08-30,0.7846509102416682
2009-08-31,0.7756918987752573
2009-09-01,0.7680465256028493
2009-09-02,0.7617714894005755
2009-09-03,0.8106837422150869
2009-09-04,0.8488725432197483
2009-09-05,0.759501986849981
2009-09-06,0.7465636755581418
2009-09-07,0.7367221733502484
2009-09-08,0.7273627328971011
2009-09-09,0.7184186934942285
2009-09-10,0.7098341369958717
2009-09-11,0.701562118844688
2009-09-12,0.6935631942257355
2009-09-13,0.6858041894677219
2009-09-14,0.6831450559119672
2009-09-15,0.7515241341319724
2009-09-16,0.6961840371248451
2009-09-17,0.6684468302494088
2009-09-18,0.660194596476268
2009-09-19,0.652278128400749
2009-09-20,0.6446534317964262
2009-09-21,0.6372835404282228
2009-09-22,0.630137365049462
2009-09-23,0.6232081573739403
2009-09-24,0.616758932184553
2009-09-25,0.6103644517837502
2009-09-26,0.6038263029575487
2009-09-27,0.5974223866292016
2009-09-28,0.5911437730683662
2009-09-29,0.5849795113967902
2009-09-30,0.578920305081284
2009-10-01,0.5729582466670922
2009-10-02,0.5670865956675271
2009-10-03,0.5612995925038443
2009-10-04,0.5555984317554216
2009-10-05,0.7363178771292573
2009-10-06,0.8973114859119526
2009-10-07,2.1775130225377555
2009-10-08,1.3249285293114832
2009-10-09,1.334819320146168
2009-10-10,1.1386069797385552
2009-10-11,1.0017391006392589
2009-10-12,0.8127740544458296
2009-10-13,0.7485393898866065
2009-10-14,0.7155909333999965
2009-10-15,0.687165962448514
2009-10-16,0.6628439648915238
2009-10-17,0.6416046081731018
2009-10-18,0.6226960092744974
2009-10-19,0.6060073728100533
2009-10-20,0.5911891446588039
2009-10-21,0.5818708672684189
2009-10-22,0.5745879855245223
2009-10-23,0.5627629743250072
2009-10-24,0.5608540628561711
2009-10-25,0.5628513161051923
2009-10-26,0.5513225505401215
2009-10-27,0.5406888477486896
2009-10-28,0.5309886178356981
2009-10-29,0.5220778913870735
2009-10-30,0.5138363217779189
2009-10-31,0.5061632462981926
2009-11-01,1.0700939620582601
2009-11-02,0.7499323469207534
2009-11-03,1.1004164066184046
2009-11-04,1.0160483264875524
2009-11-05,1.0874488705597505
2009-11-06,0.9139559523008889
2009-11-07,1.0245777621815944
2009-11-08,0.8585696278485293
2009-11-09,0.7842337502171833
2009-11-10,0.7465419239124781
2009-11-11,0.7308121891753449
2009-11-12,0.7188528303789689
2009-11-13,0.7237852931646559
2009-11-14,0.7501287819743169
2009-11-15,0.8203412205399688
2009-11-16,0.7109070299111045
2009-11-17,0.6943742602849906
2009-11-18,0.6623260292756602
2009-11-19,0.6277889977186666
2009-11-20,0.6127893696888228
2009-11-21,0.6748851728743713
2009-11-22,1.040030555609212
2009-11-23,3.2157106386585874
2009-11-24,2.7728233351532996
2009-11-25,2.2502546383079163
2009-11-26,2.822372058269485
2009-11-27,2.915486904407938
2009-11-28,3.667250326636252
2009-11-29,3.307202543169922
2009-11-30,2.865951228567026
2009-12-01,2.561292365855657
2009-12-02,2.3909657968256655
2009-12-03,2.6695713160343995
2009-12-04,2.7191742112223483
2009-12-05,3.559569076311874
2009-12-06,3.521111465379068
2009-12-07,3.14520662450681
2009-12-08,2.9971174807776717
2009-12-09,2.9586594366126278
2009-12-10,3.5222854129337784
2009-12-11,3.200965798653195
2009-12-12,2.853229500899667
2009-12-13,2.6067751330114857
2009-12-14,2.3998765004862546
2009-12-15,2.225728483813436
2009-12-16,2.0787196430024486
2009-12-17,1.9542192356135615
2009-12-18,1.8484029123758123
2009-12-19,1.7581099355761118
2009-12-20,1.6807261148844121
2009-12-21,1.6140877449687905
2009-12-22,1.8492943081742321
2009-12-23,1.8077525160079109
2009-12-24,1.7024979344979692
2009-12-25,3.8329142399963376
2009-12-26,4.139210211956215
2009-12-27,3.9892769003285387
2009-12-28,3.675483928093451
2009-12-29,3.960616483768128
2009-12-30,4.731079431623979
2009-12-31,4.433592464483158
2010-01-01,3.951642057490952
2010-01-02,3.5947936245081267
2010-01-03,3.2958876417497027
2010-01-04,3.0448806048396917
2010-01-05,2.8335044158001335
2010-01-06,2.6549469623876765
2010-01-07,2.503591227868963
2010-01-08,2.3748019977030945
2010-01-09,2.2647513139106534
2010-01-10,2.1702755062253414
2010-01-11,2.0887579823651254
2010-01-12,2.018033052313999
2010-01-13,1.9563069446998422
2010-01-14,2.1680981985518666
2010-01-15,2.2001104294086145
2010-01-16,3.285569734652556
2010-01-17,3.409659806420376
2010-01-18,3.1652050023198015
2010-01-19,2.9674775391619197
2010-01-20,2.7722249804939647
2010-01-21,2.60716806537605
2010-01-22,2.4681830904479587
2010-01-23,2.472074789600389
2010-01-24,2.476606750499434
2010-01-25,2.3732172808609016
2010-01-26,2.26987624107737
2010-01-27,2.1797147347327868
2010-01-28,2.4673105285447066
2010-01-29,3.20457380865038
2010-01-30,3.463228390501459
2010-01-31,3.277799699928638
2010-02-01,3.40346934896265
2010-02-02,4.665238043943691
2010-02-03,4.822094225371161
2010-02-04,4.3464705700523245
2010-02-05,4.021950186070526
2010-02-06,3.754088739904383
2010-02-07,3.472102999388342
2010-02-08,3.239960346820561
2010-02-09,3.043681433872772
2010-02-10,2.877149109148645
2010-02-11,2.7352855838746244
2010-02-12,2.6138995630981205
2010-02-13,2.5095288124878303
2010-02-14,2.4193111773217364
2010-02-15,2.340878816619719
2010-02-16,2.28992048081694
2010-02-17,2.2559783298373564
2010-02-18,2.377029412437559
2010-02-19,2.301285911629547
2010-02-20,2.2327188540876315
2010-02-21,2.173542112571976
2010-02-22,3.1141613809078987
2010-02-23,3.697289757516383
2010-02-24,3.5614665169625113
2010-02-25,4.011968524798962
2010-02-26,4.420861278258968
2010-02-27,4.339112445163274
2010-02-28,6.092048830134456
2010-03-01,6.218238120856497
2010-03-02,5.507385957699161
2010-03-03,5.001839350708351
2010-03-04,4.578760293217095
2010-03-05,4.446200791581509
2010-03-06,4.531589878926012
2010-03-07,4.218357407999134
2010-03-08,3.932422286009641
2010-03-09,3.6884563981675025
2010-03-10,3.481254209916569
2010-03-11,3.3041648649943203
2010-03-12,3.152897544596382
2010-03-13,3.023070173002766
2010-03-14,2.91106267838405
2010-03-15,2.9209230665716066
2010-03-16,2.968825963323601
2010-03-17,2.8643895301218354
2010-03-18,2.7703456136743214
2010-03-19,2.7121577203631726
2010-03-20,3.0208001253117085
2010-03-21,4.383016988007856
2010-03-22,4.342771164732707
2010-03-23,3.958557600163973
2010-03-24,3.7069748367900046
2010-03-25,3.598997402585187
2010-03-26,3.5168205258975402
2010-03-27,3.335457333698207
2010-03-28,3.349986941929276
2010-03-29,3.8314901272407074
2010-03-30,4.078018864158451
2010-03-31,4.040331568693819
2010-04-01,3.8292587785366194
2010-04-02,3.625302654770213
2010-04-03,3.707356627508837
2010-04-04,3.8528356182143777
2010-04-05,3.6146334722312665
2010-04-06,3.427555330748607
2010-04-07,3.26921733827028
2010-04-08,3.167076757170754
2010-04-09,3.072193108182988
2010-04-10,2.9615225893606585
2010-04-11,2.8648105111020947
2010-04-12,2.78027995442264
2010-04-13,2.7059109718620147
2010-04-14,2.6400298550936117
2010-04-15,2.5812487986200856
2010-04-16,2.528416248356875
2010-04-17,2.4805760111163138
2010-04-18,2.436933553511469
2010-04-19,2.3968282055426027
2010-04-20,2.359710217612284
2010-04-21,2.325121810015784
2010-04-22,2.292681509205147
2010-04-23,2.262071191900383
2010-04-24,2.233025361736181
2010-04-25,2.2053809895069243
2010-04-26,2.178870442124611
2010-04-27,2.1533148528070885
2010-04-28,2.1286336463038644
2010-04-29,2.106165795222163
2010-04-30,2.0894800568097396
2010-05-01,2.0770004411102376
2010-05-02,2.6341734461852653
2010-05-03,2.603042834166414
2010-05-04,2.423781379608101
2010-05-05,2.3462269544563252
2010-05-06,2.279278793455513
2010-05-07,2.2250281867663433
2010-05-08,2.179556627436343
2010-05-09,2.1312762591712233
2010-05-10,2.0876105894206254
2010-05-11,2.5312602403623807
2010-05-12,2.6825645723741025
2010-05-13,2.4775739959271323
2010-05-14,2.3713096333655215
2010-05-15,2.2884704144374797
2010-05-16,2.2163125781538238
2010-05-17,2.1689047492155864
2010-05-18,2.1280900215711473
2010-05-19,2.0747900386901588
2010-05-20,2.026871507263413
2010-05-21,1.983916981042416
2010-05-22,1.9451288393201789
2010-05-23,1.909843906479968
2010-05-24,1.8775104136197853
2010-05-25,1.8476689679641944
2010-05-26,2.2116236177351913
2010-05-27,2.1013901359601648
2010-05-28,1.9659252544069483
2010-05-29,1.921820535178002
2010-05-30,1.9215234166397182
2010-05-31,1.9285513128071095
2010-06-01,1.8753941146552184
2010-06-02,1.8336594259050802
2010-06-03,1.7961313500737237
2010-06-04,1.7621365836404292
2010-06-05,1.7311151742229993
2010-06-06,1.7030955051716923
2010-06-07,1.6769940047196252
2010-06-08,1.6634201076649437
2010-06-09,1.6562878973701756
2010-06-10,1.6331146742894618
2010-06-11,1.6093034623371214
2010-06-12,1.5868049108891196
2010-06-13,1.5655760332022723
2010-06-14,1.545433436079328
2010-06-15,1.5262237882034988
2010-06-16,1.507818789804526
2010-06-17,1.4901109960115795
2010-06-18,1.4730103469516205
2010-06-19,1.456682763351596
2010-06-20,1.4406892854147502
2010-06-21,1.424961238031752
2010-06-22,1.409609334956366
2010-06-23,1.394594973333924
2010-06-24,1.3798853148119228
2010-06-25,1.3654526046799431
2010-06-26,1.351273344598436
2010-06-27,1.3373276019412446
2010-06-28,1.3235984328994135
2010-06-29,1.3100714003672473
2010-06-30,1.2967341708394804
2010-07-01,1.28357617720675
2010-07-02,1.2705883365408444
2010-07-03,1.2581330299052307
2010-07-04,1.2457123866119364
2010-07-05,1.2331248029237807
2010-07-06,1.2206885084840609
2010-07-07,1.2084013255317803
2010-07-08,1.1962578170860951
2010-07-09,1.1842532228739138
2010-07-10,1.192376144840093
2010-07-11,1.2221871288885346
2010-07-12,1.1807484086030982
2010-07-13,1.1855795466077919
2010-07-14,1.8205492487123431
2010-07-15,1.285727813235548
2010-07-16,1.135735903647148
2010-07-17,1.120999828929978
2010-07-18,1.1069607812785793
2010-07-19,1.0935225585717907
2010-07-20,1.0806045709992367
2010-07-21,1.0681392491577004
2010-07-22,1.0560698883808393
2010-07-23,1.0449106340020278
2010-07-24,1.0340217176924564
2010-07-25,1.0238697949866036
2010-07-26,1.0157488871389344
2010-07-27,1.0057530255885114
2010-07-28,1.0057290557575158
2010-07-29,1.3320008797080372
2010-07-30,1.0461074790244071
2010-07-31,0.9753956879582334
2010-08-01,0.9637833777246613
2010-08-02,0.9549294981586057
2010-08-03,0.9468291569735734
2010-08-04,0.936191333349246
2010-08-05,0.9273893216435668
2010-08-06,0.9174931279330604
2010-08-07,0.9074106688945806
2010-08-08,0.8976320633020999
2010-08-09,0.8876787335890722
2010-08-10,0.8783702976402065
2010-08-11,0.8695451451275943
2010-08-12,0.8602901351805491
2010-08-13,0.8513300752990146
2010-08-14,0.8425938444653119
2010-08-15,1.7546211066959108
2010-08-16,1.5185279316708382
2010-08-17,1.0372463059778325
2010-08-18,0.8915908245936787
2010-08-19,0.8584515670637128
2010-08-20,0.8434712665601708
2010-08-21,0.8296796787980014
2010-08-22,0.8221086347286434
2010-08-23,1.477610358765921
2010-08-24,0.9694814589220734
2010-08-25,0.9086267297208445
2010-08-26,2.024563896917667
2010-08-27,1.6103716995344681
2010-08-28,1.616270196608439
2010-08-29,1.8740495109826183
2010-08-30,1.5360707142023415
2010-08-31,1.3294951839357865
2010-09-01,1.2403541332462649
2010-09-02,1.1711132566862215
2010-09-03,1.112026183214118
2010-09-04,1.0613954754637762
2010-09-05,1.017813755048875
2010-09-06,1.0541834832350712
2010-09-07,1.6564068423297391
2010-09-08,1.5781217973156894
2010-09-09,1.4306162564800105
2010-09-10,1.2703303949631264
2010-09-11,1.189652292573484
2010-09-12,1.4181452408049566
2010-09-13,1.2887570544997091
2010-09-14,1.288904301987788
2010-09-15,1.6035921142908087
2010-09-16,1.7928695511677015
2010-09-17,1.5311632763035756
2010-09-18,1.373082592652608
2010-09-19,1.2917781213577133
2010-09-20,1.2225142405933482
2010-09-21,1.1633266968861948
2010-09-22,1.1125309631570803
2010-09-23,1.4806795264626784
2010-09-24,1.655690727819436
2010-09-25,1.785530307209615
2010-09-26,1.6125359528025338
2010-09-27,1.6907437458975139
2010-09-28,1.5807270661659623
2010-09-29,1.45045951713489
2010-09-30,1.366226747487599
2010-10-01,1.5636607256981259
2010-10-02,1.867125819828389
2010-10-03,1.6277378331076129
2010-10-04,1.4829181498134678
2010-10-05,1.3971154878636745
2010-10-06,1.324023594279083
2010-10-07,1.2615090915606784
2010-10-08,1.2078045334514285
2010-10-09,1.1614446483798366
2010-10-10,1.1212138685609363
2010-10-11,1.086103114002578
2010-10-12,1.05527417236178
2010-10-13,1.0280303180431016
2010-10-14,1.003792060270641
2010-10-15,1.2356794996660856
2010-10-16,1.3176229016873149
2010-10-17,1.18975774387825
2010-10-18,1.173499919912762
2010-10-19,1.6860109314865648
2010-10-20,2.1641512124271856
2010-10-21,1.8234335547138762
2010-10-22,1.6326102820688986
2010-10-23,1.7928132159363865
2010-10-24,2.0076062684980296
2010-10-25,1.8078953908646802
2010-10-26,1.8180553098228789
2010-10-27,2.1956533278941985
2010-10-28,1.9669701872279595
2010-10-29,1.782843608208488
2010-10-30,1.7660151207061603
2010-10-31,1.8421351961616075
2010-11-01,1.7166881644313838
2010-11-02,1.5959431754312996
2010-11-03,1.5117305007289732
2010-11-04,1.4435964189069874
2010-11-05,1.5688579110617267
2010-11-06,2.4384439909229254
2010-11-07,2.3600666716197143
2010-11-08,2.2463584706832234
2010-11-09,2.8661834843667244
2010-11-10,3.194278486781742
2010-11-11,4.3679068095765325
2010-11-12,5.88188636774797
2010-11-13,9.89060696591836
2010-11-14,10.366888470583076
2010-11-15,9.004291956506748
2010-11-16,7.832670299194926
2010-11-17,6.911770376634267
2010-11-18,6.147077314298362
2010-11-19,5.5109413484249155
2010-11-20,4.980703526383249
2010-11-21,4.537777473890318
2010-11-22,4.166903536453918
2010-11-23,3.8833266037338685
2010-11-24,3.8597159088065873
2010-11-25,3.8703741640722487
2010-11-26,3.593724882544366
2010-11-27,3.3650820164568045
2010-11-28,3.1825607267324787
2010-11-29,3.0270718044644216
2010-11-30,2.8940142908388835
2010-12-01,2.77958915933398
2010-12-02,2.6806571335512657
2010-12-03,2.594622156597424
2010-12-04,2.519335799108424
2010-12-05,3.8711607517048012
2010-12-06,3.96886155342639
2010-12-07,3.651842355702622
2010-12-08,3.425209465064528
2010-12-09,3.7596806976338226
2010-12-10,4.822738984753552
2010-12-11,4.688739775571256
2010-12-12,4.315280355474533
2010-12-13,3.995071070859779
2010-12-14,3.733895555086594
2010-12-15,3.5130418008545132
2010-12-16,3.6267877503371735
2010-12-17,3.6443966546757864
2010-12-18,3.440016445627318
2010-12-19,3.2661289014342025
2010-12-20,3.1175178408630475
2010-12-21,2.9899035525094777
2010-12-22,2.879748548866361
2010-12-23,2.7841267400393206
2010-12-24,2.70061604617304
2010-12-25,2.6272101778881196
2010-12-26,2.584099065212331
2010-12-27,2.53345328071867
2010-12-28,2.509247097464375
2010-12-29,2.6695697358230372
2010-12-30,2.782236319158251
2010-12-31,2.6697717659395184
2011-01-01,3.3127752397727366
2011-01-02,3.4565828972514914
2011-01-03,3.401689715450441
2011-01-04,3.2597516722665567
2011-01-05,3.206492822309189
2011-01-06,7.017584483782461
2011-01-07,7.3171077015777
2011-01-08,6.9284606681344085
2011-01-09,6.292861297462498
2011-01-10,5.689541791689266
2011-01-11,5.328635292665687
2011-01-12,6.743143336356013
2011-01-13,8.044929003736968
2011-01-14,7.890303360969721
2011-01-15,7.1814148666593995
2011-01-16,6.500950972188051
2011-01-17,6.013053880165498
2011-01-18,6.144183198571176
2011-01-19,6.1251669755180025
2011-01-20,5.713492360364494
2011-01-21,5.2872901001578665
2011-01-22,4.957317031495454
2011-01-23,4.73927392590664
2011-01-24,4.6107811197076005
2011-01-25,4.65676197453305
2011-01-26,4.4535218996991075
2011-01-27,4.221804791262758
2011-01-28,4.036756452041201
2011-01-29,3.8777489033056884
2011-01-30,3.7403655025901847
2011-01-31,3.620959401958617
2011-02-01,3.5165170142717987
2011-02-02,3.5413236152166583
2011-02-03,3.62788847205779
2011-02-04,3.524167184258923
2011-02-05,3.415939374064376
2011-02-06,3.3288786933653953
2011-02-07,3.2515297098179237
2011-02-08,3.182299712228902
2011-02-09,3.1198687806784533
2011-02-10,3.6150856078881417
2011-02-11,5.050825118465153
2011-02-12,5.603933288377342
2011-02-13,5.290951109625154
2011-02-14,4.988251103429433
2011-02-15,4.72497080327027
2011-02-16,4.43384280043212
2011-02-17,4.198049603996932
2011-02-18,3.997177176982223
2011-02-19,3.825255183417891
2011-02-20,3.6882700109301414
2011-02-21,3.5749848849973525
2011-02-22,3.4601999300501114
2011-02-23,3.4946159411765056
2011-02-24,3.8553673660526573
2011-02-25,3.7300420036748236
2011-02-26,3.9985154517141788
2011-02-27,5.28314488756594
2011-02-28,5.5491738727739355
2011-03-01,5.080484073199136
2011-03-02,4.736486512967225
2011-03-03,4.45399620147455
2011-03-04,4.214464690542857
2011-03-05,4.010506755466772
2011-03-06,3.836036607364568
2011-03-07,3.686035169419313
2011-03-08,3.5563597988834075
2011-03-09,3.443588563784004
2011-03-10,3.3448926802025785
2011-03-11,3.257931922828161
2011-03-12,3.1807687957200343
2011-03-13,3.1411172685845137
2011-03-14,3.1410838717013525
2011-03-15,3.0953151707138162
2011-03-16,3.0304544583656305
2011-03-17,2.9715510882375384
2011-03-18,3.553962771532751
2011-03-19,3.8644133333448267
2011-03-20,3.6231095139943843
2011-03-21,3.4733866478468305
2011-03-22,3.344313014760228
2011-03-23,3.232404485506438
2011-03-24,3.1347816165895046
2011-03-25,3.049062875870195
2011-03-26,2.973277052535785
2011-03-27,2.9057913413332646
2011-03-28,2.8452522455871345
2011-03-29,2.790536973566135
2011-03-30,2.7667535833201296
2011-03-31,2.838200452525538
2011-04-01,2.8793455405664012
2011-04-02,2.827358460496452
2011-04-03,2.830640340398718
2011-04-04,2.821191535570988
2011-04-05,2.757697769762503
2011-04-06,2.6992646604064574
2011-04-07,2.643568563856019
2011-04-08,2.5931171324042928
2011-04-09,2.5471494603804605
2011-04-10,2.504954942338127
2011-04-11,2.470351435781792
2011-04-12,2.4498900915584976
2011-04-13,2.4193453325921173
2011-04-14,2.384313721257445
2011-04-15,2.351300385000265
2011-04-16,2.3201232291653917
2011-04-17,2.2905159985081034
2011-04-18,2.2622564299127452
2011-04-19,2.235158824351171
2011-04-20,2.2090678921939824
2011-04-21,2.1838536502194987
2011-04-22,2.1594071878685828
2011-04-23,2.1356371524470643
2011-04-24,2.112466829371381
2011-04-25,2.0898317152365027
2011-04-26,2.0676774993132043
2011-04-27,2.047293854768422
2011-04-28,2.0336346905162737
2011-04-29,2.038867804020636
2011-04-30,2.0365608063771607
2011-05-01,2.0101091791817374
2011-05-02,1.9843923675735795
2011-05-03,1.9598520571270182
2011-05-04,1.9363263979617953
2011-05-05,1.9136799442781962
2011-05-06,1.8917992442661022
2011-05-07,1.8705891769585954
2011-05-08,1.8499699077647669
2011-05-09,1.8328653484044644
2011-05-10,1.8157520000744898
2011-05-11,1.7959513076257279
2011-05-12,1.7765404547870813
2011-05-13,1.7575664741596748
2011-05-14,1.7397566872145136
2011-05-15,1.725240707962959
2011-05-16,1.7092866759548526
2011-05-17,1.6911737804872626
2011-05-18,1.673161446390094
2011-05-19,1.6555153768410966
2011-05-20,1.638202002391161
2011-05-21,1.6218402731077306
2011-05-22,1.6068067660068943
2011-05-23,1.5907268731694237
2011-05-24,1.5741895658610014
2011-05-25,1.5579185213106257
2011-05-26,1.5421085632429568
2011-05-27,1.527144009739576
2011-05-28,1.5118007358006624
2011-05-29,1.4963212314047203
2011-05-30,1.4812169004147686
2011-05-31,1.5012541215100068
2011-06-01,1.491015957068688
2011-06-02,1.443064098780902
2011-06-03,1.4278160551851091
2011-06-04,1.4128779232433208
2011-06-05,1.398199954136065
2011-06-06,1.4865562789696176
2011-06-07,1.608142951994572
2011-06-08,1.4228017237912045
2011-06-09,1.3684197669926779
2011-06-10,1.3526134460239454
2011-06-11,1.3384151671129647
2011-06-12,1.3231364163066521
2011-06-13,1.307811406006712
2011-06-14,1.2929661247491235
2011-06-15,1.2785255853418993
2011-06-16,1.3759850692106734
2011-06-17,1.3533313910182645
2011-06-18,1.279305201493017
2011-06-19,1.309013553878798
2011-06-20,1.3172952482044087
2011-06-21,1.2419251032726626
2011-06-22,1.2258270962963733
2011-06-23,1.2407411483448076
2011-06-24,1.2454117183733546
2011-06-25,1.2065976483131406
2011-06-26,1.1823911147680797
2011-06-27,1.1658031179393444
2011-06-28,1.318196093203266
2011-06-29,1.282876849227604
2011-06-30,1.1553851660181491
2011-07-01,1.1381481591027884
2011-07-02,1.1219984046665068
2011-07-03,1.1067858137803919
2011-07-04,1.0923745542017937
2011-07-05,1.0786510157854772
2011-07-06,1.0684095120948427
2011-07-07,1.0591376628462363
2011-07-08,1.0462914810115373
2011-07-09,1.0338543303775032
2011-07-10,1.021852441279603
2011-07-11,1.010241933995413
2011-07-12,1.0015341673877862
2011-07-13,1.0030165138344889
2011-07-14,1.7903456639875521
2011-07-15,1.175481808511148
2011-07-16,1.3976252159825853
2011-07-17,1.2640053823635287
2011-07-18,1.0995924468538372
2011-07-19,1.0601040834501012
2011-07-20,1.0386396999501704
2011-07-21,1.019736439479466
2011-07-22,0.998689083686583
2011-07-23,0.9814853276415539
2011-07-24,0.9711737208694347
2011-07-25,0.9597211570584753
2011-07-26,0.9439984237459136
2011-07-27,0.9389894676160605
2011-07-28,1.0390869551179613
2011-07-29,1.012746472335336
2011-07-30,0.9587775197824243
2011-07-31,0.9381828431930446
2011-08-01,0.9195913893390916
2011-08-02,0.9026870365429197
2011-08-03,0.8872070855334454
2011-08-04,0.8829637696267406
2011-08-05,0.8797572053323136
2011-08-06,0.8976363795085446
2011-08-07,0.8983077580207279
2011-08-08,1.0214103656144224
2011-08-09,1.1561820229342665
2011-08-10,0.9350319259996462
2011-08-11,0.8761863714666495
2011-08-12,0.858027610131999
2011-08-13,0.9238054154628611
2011-08-14,2.0489884626537584
2011-08-15,1.2581701768606421
2011-08-16,1.0567351774722018
2011-08-17,1.0113861207670227
2011-08-18,2.0570949434519616
2011-08-19,1.3990900541007798
2011-08-20,1.1534682480456782
2011-08-21,1.0949856225639734
2011-08-22,1.0558602527797258
2011-08-23,2.329864743390216
2011-08-24,1.6919003623926674
2011-08-25,1.406460499914792
2011-08-26,1.4966993379232718
2011-08-27,1.4491898888437944
2011-08-28,1.3485745881637776
2011-08-29,1.2837728428965862
2011-08-30,1.2059850655099973
2011-08-31,1.145803324475439
2011-09-01,1.0942601900978406
2011-09-02,1.0499082149458032
2011-09-03,1.0746863500502835
2011-09-04,1.5412677823458065
2011-09-05,1.3254648723828788
2011-09-06,1.8476427160372006
2011-09-07,1.7767117636010115
2011-09-08,1.849618470439932
2011-09-09,1.614591002372139
2011-09-10,1.469169656802922
2011-09-11,1.3995870428761883
2011-09-12,1.3612124086440518
2011-09-13,1.2789672439319972
2011-09-14,1.2157672342289099
2011-09-15,1.1616007587805839
2011-09-16,1.1149580545020819
2011-09-17,1.102563518143547
2011-09-18,1.1633961681679443
2011-09-19,1.1789270241620728
2011-09-20,1.1129246022872394
2011-09-21,1.0719896964680515
2011-09-22,1.036388962831791
2011-09-23,1.0052451828466438
2011-09-24,0.9778297139009458
2011-09-25,0.953536923037866
2011-09-26,0.9318630892528338
2011-09-27,0.9123889805490534
2011-09-28,0.8947654553646136
2011-09-29,0.8787015550296432
2011-09-30,0.8639546495238967
2011-10-01,0.8503222769807954
2011-10-02,0.8376353813603883
2011-10-03,0.8257527051157422
2011-10-04,0.8145561366354593
2011-10-05,0.8046107984362855
2011-10-06,0.8905274061752343
2011-10-07,1.6519920449875822
2011-10-08,1.5098967970433244
2011-10-09,1.3300482130225688
2011-10-10,1.1989058199173719
2011-10-11,1.124110225055125
2011-10-12,1.4504760666263987
2011-10-13,1.3504378411819191
2011-10-14,1.215024732352599
2011-10-15,1.1497724264215547
2011-10-16,1.0940241174152916
2011-10-17,1.0466258172979768
2011-10-18,1.0608187578929145
2011-10-19,1.1563951125883383
2011-10-20,1.083860760481393
2011-10-21,1.0280584211211665
2011-10-22,0.9890736184926014
2011-10-23,0.9552178141788592
2011-10-24,0.9256475401062095
2011-10-25,0.9203388766596773
2011-10-26,0.9272936780086373
2011-10-27,0.9005356780340522
2011-10-28,0.8765153064797938
2011-10-29,0.855192751517443
2011-10-30,0.8361344345078393
2011-10-31,0.8189792943664093
2011-11-01,1.024775652991711
2011-11-02,1.0557295986578905
2011-11-03,0.9622247643909349
2011-11-04,0.9260810045198826
2011-11-05,0.8946817257396762
2011-11-06,0.8672459588330602
2011-11-07,0.8431250843840461
2011-11-08,0.8217800422642623
2011-11-09,0.8027625281555019
2011-11-10,0.7856994680486987
2011-11-11,0.7702801899393772
2011-11-12,0.7562458165925512
2011-11-13,0.743380488710034
2011-11-14,0.7315040976854296
2011-11-15,0.7204662642792882
2011-11-16,0.7101413463414358
2011-11-17,0.7004242970579848
2011-11-18,0.6912272266573162
2011-11-19,0.6824765463328425
2011-11-20,0.6741105943565305
2011-11-21,0.6660776618017263
2011-11-22,0.6583343496483354
2011-11-23,0.6508442008641039
2011-11-24,0.6435765607971043
2011-11-25,0.6365056272480868
2011-11-26,0.6296096582212252
2011-11-27,0.6299025283182441
2011-11-28,0.6362516612332946
2011-11-29,0.6275259884829277
2011-11-30,0.619065751922818
2011-12-01,0.7322827578302046
2011-12-02,1.0456865994444715
2011-12-03,1.6099253907508697
2011-12-04,1.2972328779735531
2011-12-05,1.661133583192236
2011-12-06,1.8145111343954612
2011-12-07,1.833683962706564
2011-12-08,1.7138074331032416
2011-12-09,2.0309307437390083
2011-12-10,1.7551975293520259
2011-12-11,1.5797067207448727
2011-12-12,1.599754129830619
2011-12-13,2.9682671558204454
2011-12-14,3.807155325024427
2011-12-15,3.8523482174780788
2011-12-16,6.008492439201704
2011-12-17,6.040918424295654
2011-12-18,5.727552550505757
2011-12-19,5.5205079488414945
2011-12-20,5.6377971333252495
2011-12-21,5.262289119662843
2011-12-22,4.733846604468558
2011-12-23,4.680922362119741
2011-12-24,4.835227229636133
2011-12-25,4.470462937970454
2011-12-26,4.194638075439751
2011-12-27,3.8537518652834275
2011-12-28,3.5118865300120077
2011-12-29,4.568422022579245
2011-12-30,5.052606553691914
2011-12-31,5.117396778589504
2012-01-01,5.927051927805017
2012-01-02,6.1281363522398875
2012-01-03,6.422829766215987
2012-01-04,6.849689086349318
2012-01-05,7.583128619346215
2012-01-06,7.198086710368109
2012-01-07,6.8794149946520085
2012-01-08,6.3131985027073485
2012-01-09,5.736146270836625
2012-01-10,5.260229835561689
2012-01-11,4.833253466426625
2012-01-12,4.521240144144756
2012-01-13,4.268305292133051
2012-01-14,3.998940918683951
2012-01-15,3.7752281661173295
2012-01-16,3.5849338011741505
2012-01-17,3.422354140666546
2012-01-18,3.523413761042335
2012-01-19,5.410038467283422
2012-01-20,5.8615561962620815
2012-01-21,5.818074852404301
2012-01-22,5.468112506066478
2012-01-23,5.298717089860453
2012-01-24,4.980044325625143
2012-01-25,4.62004077145015
2012-01-26,4.547347800675239
2012-01-27,4.427241119147511
2012-01-28,4.174477626005868
2012-01-29,3.956375924014044
2012-01-30,3.7706514245406617
2012-01-31,3.6115183482204287
2012-02-01,3.474465101982252
2012-02-02,3.3557655507187225
2012-02-03,3.2523399194878007
2012-02-04,3.1616407567015066
2012-02-05,3.0815593612256453
2012-02-06,3.0103489356062116
2012-02-07,2.9465614231017487
2012-02-08,2.8889955497292337
2012-02-09,2.8366540496697485
2012-02-10,2.7887084236205624
2012-02-11,2.7444698814829476
2012-02-12,2.70336536638041
2012-02-13,3.036862779177643
2012-02-14,3.8456434490843114
2012-02-15,4.348785124482379
2012-02-16,4.241788714081672
2012-02-17,4.156526161063575
2012-02-18,4.614491479643629
2012-02-19,4.6540063741357995
2012-02-20,4.364972392400182
2012-02-21,4.085755279920346
2012-02-22,3.8618046566524016
2012-02-23,3.6824757251429685
2012-02-24,3.5469608200428837
2012-02-25,3.4186603448562973
2012-02-26,3.2873361819681075
2012-02-27,3.173153122886347
2012-02-28,3.0737512340077067
2012-02-29,2.986664510804516
2012-03-01,2.9098516311160747
2012-03-02,2.841621575281611
2012-03-03,2.7805724917024954
2012-03-04,2.8708045107659097
2012-03-05,3.323568124976017
2012-03-06,3.2949785573563406
2012-03-07,3.8528491755979104
2012-03-08,3.9863519286266604
2012-03-09,3.7099918677101127
2012-03-10,3.5184653658645506
2012-03-11,3.355003173753054
2012-03-12,3.214830329761467
2012-03-13,3.09400932009367
2012-03-14,2.989283025763394
2012-03-15,2.89795786108968
2012-03-16,2.817804624431865
2012-03-17,2.7469770887447456
2012-03-18,2.68394510198579
2012-03-19,2.6274395663379466
2012-03-20,2.576407150939031
2012-03-21,2.529972987162942
2012-03-22,2.487409916009986
2012-03-23,2.448113117930268
2012-03-24,2.4115791677759453
2012-03-25,2.3773887307057304
2012-03-26,2.345192256134801
2012-03-27,2.3146981422043384
2012-03-28,2.285662937566649
2012-03-29,2.2578832244560174
2012-03-30,2.231188890213697
2012-03-31,2.205437546232261
2012-04-01,2.180509895771641
2012-04-02,2.1563058869778304
2012-04-03,2.132741516090337
2012-04-04,2.1097461693847155
2012-04-05,2.087260411782207
2012-04-06,2.0653479292866814
2012-04-07,2.0505438161728216
2012-04-08,2.0528038434761657
2012-04-09,2.3769690422652556
2012-04-10,3.2715954955269755
2012-04-11,3.580694653369877
2012-04-12,3.353823449164951
2012-04-13,3.0962802672328507
2012-04-14,2.924417192733378
2012-04-15,2.7775741802082834
2012-04-16,2.652032239845997
2012-04-17,2.5651852357073914
2012-04-18,2.545913941942716
2012-04-19,2.512881731710961
2012-04-20,2.477312437187898
2012-04-21,2.54177458411339
2012-04-22,2.585750561460849
2012-04-23,2.5127891335835852
2012-04-24,2.457345425695115
2012-04-25,2.424760145721115
2012-04-26,2.489567845809828
2012-04-27,2.523106555893031
2012-04-28,2.504594271457409
2012-04-29,2.4663389543193333
2012-04-30,2.399776888022097
2012-05-01,2.350565149960518
2012-05-02,2.397433615379125
2012-05-03,2.4472972793248613
2012-05-04,2.35141541366892
2012-05-05,2.318775028557933
2012-05-06,2.317208043673768
2012-05-07,2.2394396708192033
2012-05-08,2.1728621668813974
2012-05-09,2.158828537633306
2012-05-10,2.1692756878394515
2012-05-11,2.1199530037889507
2012-05-12,2.0646832519866347
2012-05-13,2.015379771487241
2012-05-14,1.9713016294034027
2012-05-15,2.10732238170443
2012-05-16,2.2592934689418542
2012-05-17,2.1512450994950654
2012-05-18,2.083076792643372
2012-05-19,2.0369865719302727
2012-05-20,2.3021250322185627
2012-05-21,2.4073806662993475
2012-05-22,2.269797380647916
2012-05-23,2.181652002272982
2012-05-24,2.105099790048495
2012-05-25,2.0378207972260487
2012-05-26,1.9788772139765298
2012-05-27,1.9269087321525593
2012-05-28,1.880776258233169
2012-05-29,1.8395336191020866
2012-05-30,1.8023943753467977
2012-05-31,1.7715651056114956
2012-06-01,1.7427592621389898
2012-06-02,1.7356246982631962
2012-06-03,2.3168578623346594
2012-06-04,2.9356381602035593
2012-06-05,2.574836315654546
2012-06-06,2.7973603028185328
2012-06-07,3.412891598234817
2012-06-08,3.0283814077772995
2012-06-09,2.738819366605258
2012-06-10,2.5711108113628547
2012-06-11,2.750778284071026
2012-06-12,2.7236933400868435
2012-06-13,2.5023103861461187
2012-06-14,2.3743661305922603
2012-06-15,2.7949951212974433
2012-06-16,2.861079771452483
2012-06-17,2.6121402767722253
2012-06-18,3.0670300964876964
2012-06-19,2.9367684560748906
2012-06-20,2.6848156249249744
2012-06-21,2.8378888561989317
2012-06-22,2.82395933071464
2012-06-23,2.6293872793940154
2012-06-24,2.6523413786111
2012-06-25,2.6860010886029966
2012-06-26,2.5006753742130603
2012-06-27,2.381435241972407
2012-06-28,2.279193664778765
2012-06-29,2.191093701121245
2012-06-30,2.1147705363004756
2012-07-01,2.0482653491654204
2012-07-02,1.9899544964288847
2012-07-03,1.9384912452676455
2012-07-04,1.8927577942020275
2012-07-05,1.8570042997794907
2012-07-06,1.8307043527115638
2012-07-07,1.815199871063087
2012-07-08,1.8685542935957544
2012-07-09,1.983475687106206
2012-07-10,1.8961476954818692
2012-07-11,2.55504454461272
2012-07-12,2.4852653630082355
2012-07-13,2.6144433009363386
2012-07-14,2.882835754643048
2012-07-15,2.7882803003319894
2012-07-16,2.884006852461139
2012-07-17,3.0765653476051447
2012-07-18,2.848135699699229
2012-07-19,2.6841077678100365
2012-07-20,2.80927768856426
2012-07-21,2.6569401431939226
2012-07-22,2.4907396647167945
2012-07-23,2.3642559991589023
2012-07-24,2.2560985332592316
2012-07-25,2.1631788657277102
2012-07-26,2.082941619388438
2012-07-27,2.6261586599728814
2012-07-28,2.9666296996133625
2012-07-29,2.6650981456419904
2012-07-30,2.4814818259548557
2012-07-31,2.368828864868408
2012-08-01,2.2743395210985566
2012-08-02,2.190073946575106
2012-08-03,2.1065705418494938
2012-08-04,2.033979052884919
2012-08-05,1.970679652201989
2012-08-06,1.9305047677814517
2012-08-07,1.8975302839100132
2012-08-08,1.8500877806123999
2012-08-09,1.8074194948784041
2012-08-10,1.7691566105562184
2012-08-11,1.7345934571123547
2012-08-12,1.703142915385879
2012-08-13,1.67431617827605
2012-08-14,1.6477060175685903
2012-08-15,1.6229729403563395
2012-08-16,1.5998337286142092
2012-08-17,1.5780519456144424
2012-08-18,1.5574300667011103
2012-08-19,1.537802952476145
2012-08-20,1.5190324321173627
2012-08-21,1.5010028053332576
2012-08-22,1.4836171049738942
2012-08-23,1.466793989878081
2012-08-24,1.4506162373267835
2012-08-25,1.4445992578443805
2012-08-26,2.04804835508788
2012-08-27,1.7182631942625646
2012-08-28,1.573936956130435
2012-08-29,1.5360973253886394
2012-08-30,1.5192293025767842
2012-08-31,1.5210559921863627
2012-09-01,1.4966206177834798
2012-09-02,1.46417205980329
2012-09-03,1.435320246233644
2012-09-04,1.409081007919835
2012-09-05,1.3850449328914023
2012-09-06,1.362870720771572
2012-09-07,1.342273665388958
2012-09-08,1.323016112365622
2012-09-09,1.3048995481576366
2012-09-10,1.2877580376573652
2012-09-11,1.2827860163799143
2012-09-12,1.4572212064722454
2012-09-13,1.636514149781762
2012-09-14,1.4374526546992545
2012-09-15,1.3537495315161838
2012-09-16,1.3228900653376674
2012-09-17,1.2951759227315158
2012-09-18,1.2703125264329034
2012-09-19,1.247938358716909
2012-09-20,1.2271238982534376
2012-09-21,1.20768293425141
2012-09-22,1.1895922715985592
2012-09-23,1.2387441227274574
2012-09-24,1.812088103909521
2012-09-25,1.4618604072965304
2012-09-26,1.3867623975056977
2012-09-27,1.6044450931639098
2012-09-28,1.3903380266735255
2012-09-29,1.3066583361020172
2012-09-30,1.2685957100845915
2012-10-01,1.2350339983267902
2012-10-02,1.206292496036052
2012-10-03,2.073673366949195
2012-10-04,2.4479010864138933
2012-10-05,2.30095618226764
2012-10-06,2.248695555388895
2012-10-07,1.993898875329218
2012-10-08,1.8320872386417297
2012-10-09,1.7227851170394446
2012-10-10,1.6296533955479655
2012-10-11,1.6967718494411554
2012-10-12,2.225063660221498
2012-10-13,2.5440434662549505
2012-10-14,2.249919042645688
2012-10-15,2.0386623673535618
2012-10-16,2.0133673849653886
2012-10-17,2.0261824165094113
2012-10-18,1.8877377682468286
2012-10-19,1.7699611139819778
2012-10-20,1.6800964765423698
2012-10-21,1.6030483501599297
2012-10-22,1.5367950565140538
2012-10-23,1.4795445824710496
2012-10-24,1.4298044650372599
2012-10-25,1.3863363196135599
2012-10-26,1.3547341005074782
2012-10-27,1.3282388838115915
2012-10-28,1.2962561069814886
2012-10-29,1.3132351492964818
2012-10-30,1.4359662616651852
2012-10-31,1.3990723661231586
2012-11-01,1.4707365876311773
2012-11-02,1.718907110443932
2012-11-03,1.8655747683171224
2012-11-04,1.963048111133996
2012-11-05,1.850206232751221
2012-11-06,1.7960720210728114
2012-11-07,1.8580956021584096
2012-11-08,1.7291669070773843
2012-11-09,1.6707114740246887
2012-11-10,1.632169541795425
2012-11-11,1.5557137175408082
2012-11-12,1.489063610093206
2012-11-13,1.4347217953401412
2012-11-14,1.3893804572884187
2012-11-15,1.3464647219182515
2012-11-16,1.3087349464744273
2012-11-17,1.2937393629460392
2012-11-18,1.4677102115836538
2012-11-19,1.4576137520916526
2012-11-20,1.3780382760899306
2012-11-21,1.3362709782435338
2012-11-22,1.3066220123311874
2012-11-23,1.4798531027325958
2012-11-24,1.5101601745769182
2012-11-25,1.430961618374826
2012-11-26,1.3857792514660936
2012-11-27,1.4416662279698436
2012-11-28,1.3835442261750008
2012-11-29,1.326885346824356
2012-11-30,1.2842580167842412
2012-12-01,1.6672882172353687
2012-12-02,2.1362667441886756
2012-12-03,2.4494443006583544
2012-12-04,2.85456731137513
2012-12-05,3.115101618191513
2012-12-06,2.8402522999332773
2012-12-07,3.162269190056943
2012-12-08,2.8769087022693274
2012-12-09,3.709504786179432
2012-12-10,3.6500599460376044
2012-12-11,3.268802428102528
2012-12-12,2.9636870620268105
2012-12-13,2.7222433181069676
2012-12-14,3.432209830573552
2012-12-15,3.488689384731171
2012-12-16,3.3450870119410223
2012-12-17,3.3632683132338905
2012-12-18,3.2581160744650717
2012-12-19,2.9960600585425063
2012-12-20,3.679879321456592
2012-12-21,3.673222020837376
2012-12-22,4.99892600491019
2012-12-23,6.275311603187262
2012-12-24,6.284831150528851
2012-12-25,6.422764019024961
2012-12-26,7.306569927695036
2012-12-27,7.7470683592753105
2012-12-28,7.3332477701472785
2012-12-29,6.774538787499527
2012-12-30,6.300009407327702
2012-12-31,6.165985841752466
2013-01-01,6.731209551836269
2013-01-02,6.304612433237966
2013-01-03,5.981944992086368
2013-01-04,5.597562273385237
2013-01-05,5.160771842469798
2013-01-06,4.762541047767187
2013-01-07,4.429487657377872
2013-01-08,4.150598816664394
2013-01-09,4.278630167520675
2013-01-10,4.187533448817613
2013-01-11,3.932354742453381
2013-01-12,3.7305502146919145
2013-01-13,3.5591990895921484
2013-01-14,3.4121277355398014
2013-01-15,3.2853078870889285
2013-01-16,3.1753293827706663
2013-01-17,3.079372498848233
2013-01-18,2.995103988113065
2013-01-19,2.9205917330047804
2013-01-20,2.854234622332321
2013-01-21,2.7947048888800246
2013-01-22,2.7409006556540034
2013-01-23,2.6919068528824677
2013-01-24,2.6469630045861714
2013-01-25,2.6054366574203995
2013-01-26,2.566801447502763
2013-01-27,4.354847005537406
2013-01-28,4.552401426249103
2013-01-29,5.5117461200994535
2013-01-30,6.013878508717485
2013-01-31,5.832834485680583
2013-02-01,6.747060752758706
2013-02-02,6.6974907542522
2013-02-03,6.138887259774537
2013-02-04,5.970145329762709
2013-02-05,6.303483774166318
2013-02-06,6.513561036892992
2013-02-07,6.8219882073686895
2013-02-08,6.668588825680092
2013-02-09,6.110369103584731
2013-02-10,5.757991149982922
2013-02-11,5.409955218385061
2013-02-12,5.070284725608675
2013-02-13,4.785623248137461
2013-02-14,4.554658099164754
2013-02-15,4.788354472256747
2013-02-16,4.583407140240468
2013-02-17,4.350255178071342
2013-02-18,4.15123507726454
2013-02-19,3.9805313284756036
2013-02-20,3.833341005964431
2013-02-21,3.705697382624013
2013-02-22,3.594321864218798
2013-02-23,3.496502591498796
2013-02-24,3.559085236218507
2013-02-25,3.94434913321304
2013-02-26,3.9000751737412043
2013-02-27,3.732362508836898
2013-02-28,3.6048734263464812
2013-03-01,3.4938215562901687
2013-03-02,3.3964584520526366
2013-03-03,3.3105104191705017
2013-03-04,3.2340950807772635
2013-03-05,3.165652858714116
2013-03-06,3.1038906558325734
2013-03-07,3.050993747598923
2013-03-08,3.0647241432403813
2013-03-09,3.459793864781346
2013-03-10,3.8222908728916596
2013-03-11,3.624397865853228
2013-03-12,3.4836566821175943
2013-03-13,3.361986681105232
2013-03-14,3.3113667642437647
2013-03-15,3.3600262270362222
2013-03-16,3.5977753607228355
2013-03-17,3.4613698446186505
2013-03-18,3.3727508690120036
2013-03-19,3.3589055306148103
2013-03-20,3.957316700351958
2013-03-21,4.005758220730247
2013-03-22,3.8099223602283314
2013-03-23,3.6343221304218627
2013-03-24,3.5008684003030517
2013-03-25,3.3824438160042063
2013-03-26,3.2642390895009927
2013-03-27,3.159138575841423
2013-03-28,3.068878985153944
2013-03-29,2.989062994787797
2013-03-30,2.9172133229227204
2013-03-31,2.8528184332975655
2013-04-01,2.794912205023128
2013-04-02,2.742449594512022
2013-04-03,2.6945627353930823
2013-04-04,2.6505303767711723
2013-04-05,2.6097526769571298
2013-04-06,2.571730398796545
2013-04-07,2.536047725524803
2013-04-08,2.5023580570136623
2013-04-09,2.503169761157659
2013-04-10,2.578464632640316
2013-04-11,2.842708148865609
2013-04-12,3.1543767136131797
2013-04-13,3.0741806571839496
2013-04-14,2.9341019869308234
2013-04-15,2.838962244205199
2013-04-16,2.759126257144333
2013-04-17,2.6805825595669694
2013-04-18,2.609367605190498
2013-04-19,2.5649133228839034
2013-04-20,2.5277054922550524
2013-04-21,2.4724847809747166
2013-04-22,2.4222029126143685
2013-04-23,2.3766443914256734
2013-04-24,2.335058292149766
2013-04-25,2.296820148971985
2013-04-26,2.380197462226606
2013-04-27,2.4974542598828937
2013-04-28,2.4273586697550305
2013-04-29,2.368317108044507
2013-04-30,2.315622207598676
2013-05-01,2.268247154515285
2013-05-02,2.225338875303438
2013-05-03,2.186188152819462
2013-05-04,2.150204961081023
2013-05-05,2.1168980931938584
2013-05-06,2.0858583235209207
2013-05-07,2.0586501168049334
2013-05-08,2.080670432431601
2013-05-09,2.11480802460015
2013-05-10,2.050255443493395
2013-05-11,2.0565277741774937
2013-05-12,2.1448967701602784
2013-05-13,2.1772677451048534
2013-05-14,2.0904415936257053
2013-05-15,2.0479294844501776
2013-05-16,2.85644969160939
2013-05-17,3.3864997424021275
2013-05-18,3.0956745457030563
2013-05-19,2.8502273862666043
2013-05-20,2.6964603003074945
2013-05-21,2.7690039416434544
2013-05-22,2.9087432247716314
2013-05-23,3.3990574631248998
2013-05-24,3.171272916202323
2013-05-25,2.9327422476215976
2013-05-26,2.8464087341388633
2013-05-27,2.7452060453946263
2013-05-28,2.787901421255485
2013-05-29,3.258473061021092
2013-05-30,3.123535380274387
2013-05-31,2.900496885667048
2013-06-01,2.746981467422136
2013-06-02,2.6159835171130914
2013-06-03,2.5036923685001415
2013-06-04,2.406957546056074
2013-06-05,2.323172505740286
2013-06-06,2.2501791894554266
2013-06-07,2.18618960260836
2013-06-08,2.1297213269425628
2013-06-09,2.0795444508285903
2013-06-10,2.0346378620520666
2013-06-11,1.994153224360413
2013-06-12,1.9573852651416477
2013-06-13,1.9318032325490255
2013-06-14,1.9080430075244434
2013-06-15,1.8774933478532134
2013-06-16,1.8489108857424952
2013-06-17,1.8222185458143436
2013-06-18,1.7971603789970736
2013-06-19,1.7779293749186493
2013-06-20,1.7802089719538674
2013-06-21,1.792485159353909
2013-06-22,1.7727204257052593
2013-06-23,1.7473909671601284
2013-06-24,1.7230394197156258
2013-06-25,1.6988505893316557
2013-06-26,1.701190292176711
2013-06-27,1.769951994228906
2013-06-28,2.0777193857118523
2013-06-29,1.9733517385151738
2013-06-30,1.8142451164325848
2013-07-01,1.7647506107932367
2013-07-02,1.7303218244928609
2013-07-03,1.7094995809113704
2013-07-04,1.6816895686825308
2013-07-05,1.647934073458308
2013-07-06,1.6171815038302035
2013-07-07,1.5890764897732612
2013-07-08,1.5632057285426526
2013-07-09,1.5392248429180924
2013-07-10,1.516846686719779
2013-07-11,1.495831663890125
2013-07-12,1.4759797091881355
2013-07-13,1.4571236410265023
2013-07-14,1.439123648191907
2013-07-15,1.421862714194372
2013-07-16,1.405242817474024
2013-07-17,1.3891817740225505
2013-07-18,1.373610612267908
2013-07-19,1.3584713892346103
2013-07-20,1.3437153727712114
2013-07-21,1.3293015276384235
2013-07-22,1.3151952539721636
2013-07-23,1.3013673354819195
2013-07-24,1.287869428536506
2013-07-25,1.2782510106013205
2013-07-26,1.2683397570224688
2013-07-27,2.5970409301960067
2013-07-28,1.6756327946695129
2013-07-29,1.4442672444566425
2013-07-30,1.4192720982463995
2013-07-31,1.3944933157448147
2013-08-01,1.3592737499125915
2013-08-02,1.3276641532344045
2013-08-03,1.299326944250896
2013-08-04,1.2737395726062797
2013-08-05,1.2504669298296172
2013-08-06,1.2291464866053787
2013-08-07,1.3314182188919648
2013-08-08,1.303111777875601
2013-08-09,1.2285824562600294
2013-08-10,1.2056556057609993
2013-08-11,1.1981977091820042
2013-08-12,1.196904962021444
2013-08-13,1.1738624547532357
2013-08-14,1.1538317154870297
2013-08-15,1.1353521049985755
2013-08-16,1.1181866574348225
2013-08-17,1.1022092213992165
2013-08-18,1.088152911185938
2013-08-19,1.089133082397059
2013-08-20,1.1009149682680028
2013-08-21,1.062806089586184
2013-08-22,1.0482951994278988
2013-08-23,1.0345605494934043
2013-08-24,1.0216530556454992
2013-08-25,1.0143518141299226
2013-08-26,1.0071566791557192
2013-08-27,0.9944242607600661
2013-08-28,0.9821570596208407
2013-08-29,0.9703897897093757
2013-08-30,0.9590565737090039
2013-08-31,0.9481021212927586
2013-09-01,0.937479984470556
2013-09-02,0.927151104306042
2013-09-03,0.9170825997052344
2013-09-04,0.9072467574319228
2013-09-05,0.8976201894883283
2013-09-06,0.8883034725890524
2013-09-07,0.882269541527176
2013-09-08,0.9726686007162834
2013-09-09,1.8706270735921786
2013-09-10,2.012780158111636
2013-09-11,1.4885560736547665
2013-09-12,1.3389996993412305
2013-09-13,1.2473002225930794
2013-09-14,1.496917761213555
2013-09-15,1.4175356952063538
2013-09-16,1.2768046658194563
2013-09-17,1.3595869699792962
2013-09-18,1.395991966201153
2013-09-19,1.2930756535584143
2013-09-20,1.1807212353618313
2013-09-21,1.1285857661336027
2013-09-22,1.0840992784428873
2013-09-23,1.0455416297246825
2013-09-24,1.0119368667471191
2013-09-25,0.9824740972007525
2013-09-26,0.9564791572469998
2013-09-27,0.9333912131010748
2013-09-28,0.9127434245714251
2013-09-29,0.8941469549765788
2013-09-30,0.8772777398336601
2013-10-01,0.8618655314437246
2013-10-02,0.8476848222759679
2013-10-03,0.8606983988180924
2013-10-04,0.9275937158854316
2013-10-05,0.9108613528047588
2013-10-06,0.86004376300887
2013-10-07,0.8424750351139968
2013-10-08,0.8265405659656623
2013-10-09,0.8329109138762111
2013-10-10,0.8734576588099623
2013-10-11,1.1352510378574536
2013-10-12,1.283436860426893
2013-10-13,2.7752380478037844
2013-10-14,2.435149748219152
2013-10-15,2.152545951153701
2013-10-16,1.940282937639169
2013-10-17,2.0697556753438318
2013-10-18,1.8171806454155952
2013-10-19,1.6339772804989885
2013-10-20,1.518704613141508
2013-10-21,1.4211738602649617
2013-10-22,2.028327045876867
2013-10-23,2.0364832010041507
2013-10-24,1.7707384152843861
2013-10-25,1.6308047527498968
2013-10-26,1.5307963015871133
2013-10-27,1.678380261697532
2013-10-28,2.2257821499789485
2013-10-29,1.9233372685875298
2013-10-30,1.733570333441982
2013-10-31,1.6173657888686488
2013-11-01,1.633386151989348
2013-11-02,2.557050573283187
2013-11-03,2.6036912639957728
2013-11-04,3.3303794539511755
2013-11-05,3.5676213902344767
2013-11-06,3.808867222379043
2013-11-07,4.763696288896633
2013-11-08,5.056616710948837
2013-11-09,4.848811245943862
2013-11-10,4.820662781694957
2013-11-11,4.3315230807555585
2013-11-12,3.904446523675551
2013-11-13,3.5930513308927856
2013-11-14,3.6655851060189004
2013-11-15,3.4501183910849136
2013-11-16,3.1348725508778936
2013-11-17,2.8988407853648135
2013-11-18,2.7000319256106144
2013-11-19,2.5323377750656006
2013-11-20,2.615128088937143
2013-11-21,2.6223281089749806
2013-11-22,2.444335411930599
2013-11-23,2.3156475887084085
2013-11-24,2.2071318883769226
2013-11-25,2.1140106607572458
2013-11-26,2.03428833101789
2013-11-27,1.9720045355068245
2013-11-28,1.9203572753140872
2013-11-29,2.212646970064028
2013-11-30,2.4214723690560835
2013-12-01,2.3006985862092537
2013-12-02,2.1752260118929407
2013-12-03,2.0826946265469743
2013-12-04,2.0279066349835837
2013-12-05,2.1532408903666598
2013-12-06,2.148864739264382
2013-12-07,2.161382412177298
2013-12-08,2.10114301660311
2013-12-09,2.009707511903295
2013-12-10,1.9375356029938275
2013-12-11,1.874749360848325
2013-12-12,1.819795435033097
2013-12-13,1.7984022714533758
2013-12-14,2.0108160268235404
2013-12-15,2.0109876294278366
2013-12-16,1.9147288188381992
2013-12-17,1.8495657074378424
2013-12-18,1.8331825060306706
2013-12-19,2.3684795518888646
2013-12-20,2.3086730830454156
2013-12-21,2.307248364070706
2013-12-22,2.6903976271897445
2013-12-23,2.5770739588713893
2013-12-24,4.228899841379563
2013-12-25,4.956190141272326
2013-12-26,4.3931341443025795
2013-12-27,4.832389086148624
2013-12-28,5.743178083487348
2013-12-29,5.347701629974233
2013-12-30,4.761318405934616
2013-12-31,4.3359247761923125
2014-01-01,4.1379894835216895
2014-01-02,4.0611182419379395
2014-01-03,4.336988915797419
2014-01-04,4.139240033280432
2014-01-05,3.7956132479532347
2014-01-06,3.886806128071958
2014-01-07,3.800159369412944
2014-01-08,3.667187191912793
2014-01-09,3.786684556290677
2014-01-10,3.632973585034079
2014-01-11,3.3869674175416207
2014-01-12,3.1927944263991357
2014-01-13,3.0277096817513627
2014-01-14,2.9649261133682017
2014-01-15,3.2639957786104876
2014-01-16,3.30821006636775
2014-01-17,3.586136192651448
2014-01-18,3.5305196639961967
2014-01-19,3.3025087828887574
2014-01-20,3.4355628995055487
2014-01-21,3.34110988641882
2014-01-22,3.1446991982897448
2014-01-23,3.532819868313385
2014-01-24,3.537736486348377
2014-01-25,3.9885336675990826
2014-01-26,4.739297052613687
2014-01-27,4.571068898640436
2014-01-28,4.1869285578789395
2014-01-29,3.8960617912324333
2014-01-30,3.650560283552742
2014-01-31,3.51328441014291
2014-02-01,3.892259010515835
2014-02-02,3.8383209206080315
2014-02-03,3.579117073830752
2014-02-04,3.3866219735252994
2014-02-05,3.2757888530148294
2014-02-06,3.956960399186707
2014-02-07,4.615715701862625
2014-02-08,4.924437188271575
2014-02-09,4.652927144749759
2014-02-10,4.354820235702661
2014-02-11,4.292882084989196
2014-02-12,4.391716607488222
2014-02-13,4.821048129204547
2014-02-14,5.6829679689271835
2014-02-15,5.562858671695491
2014-02-16,5.064762857895523
2014-02-17,4.689267632317066
2014-02-18,4.38877534190031
2014-02-19,4.1439040767768445
2014-02-20,4.10039089925097
2014-02-21,4.156272771504017
2014-02-22,3.9449316293058403
2014-02-23,3.7375093617589226
2014-02-24,3.56780458409327
2014-02-25,3.437398301543652
2014-02-26,3.327138980564374
2014-02-27,3.337828080568398
2014-02-28,3.621773486412114
2014-03-01,3.5201695864665115
2014-03-02,3.3638001902516534
2014-03-03,3.241877473060016
2014-03-04,3.135667762097617
2014-03-05,3.0424170034537923
2014-03-06,2.9604264001545855
2014-03-07,2.887840048841344
2014-03-08,2.8231181826428435
2014-03-09,2.76498341078625
2014-03-10,2.712375266609442
2014-03-11,2.6644127531682615
2014-03-12,2.620363456369677
2014-03-13,2.579618055578664
2014-03-14,2.5416692735613107
2014-03-15,2.506094480499314
2014-03-16,2.4725413079633247
2014-03-17,2.4407157440872895
2014-03-18,2.4325098974495183
2014-03-19,2.432240770599624
2014-03-20,2.407178937304216
2014-03-21,2.589728812012845
2014-03-22,2.813907375554422
2014-03-23,2.7897299293744795
2014-03-24,2.757605136065497
2014-03-25,2.6632865954280613
2014-03-26,2.586295457344445
2014-03-27,2.5184468920298153
2014-03-28,2.4582410652746898
2014-03-29,2.40443341374977
2014-03-30,2.3559904945637813
2014-03-31,2.3120535886393134
2014-04-01,2.2719086745427295
2014-04-02,2.2349616402603334
2014-04-03,2.2007178050078857
2014-04-04,2.1687649901750925
2014-04-05,2.138759514963256
2014-04-06,2.1104146038593914
2014-04-07,2.1784685971742572
2014-04-08,2.307496718249073
2014-04-09,2.257434702947011
2014-04-10,2.205189445767035
2014-04-11,2.157948250770129
2014-04-12,2.115334965302082
2014-04-13,2.076611004255637
2014-04-14,2.0411620858941335
2014-04-15,2.0084769583646764
2014-04-16,1.9781298220769192
2014-04-17,1.9497825384414018
2014-04-18,1.9231155531289108
2014-04-19,1.8978752998395445
2014-04-20,1.873869303721861
2014-04-21,1.8517143610675666
2014-04-22,1.8302057431786727
2014-04-23,1.808817938564788
2014-04-24,1.808155113397427
2014-04-25,1.8078671026834912
2014-04-26,1.7837730590566798
2014-04-27,1.7604597021346222
2014-04-28,1.7382754509158491
2014-04-29,1.7228079337329876
2014-04-30,1.7086095062396502
2014-05-01,1.6901329608260214
2014-05-02,1.6711695519529124
2014-05-03,1.6511658327326677
2014-05-04,1.6318882375072414
2014-05-05,1.6132569804302108
2014-05-06,1.612079300387168
2014-05-07,1.6732393335199587
2014-05-08,1.9766507358216963
2014-05-09,1.8452296175071776
2014-05-10,2.023265906001423
2014-05-11,1.9089305062066921
2014-05-12,2.3785977763922928
2014-05-13,2.523863601180403
2014-05-14,2.475133614564275
2014-05-15,2.279463754230877
2014-05-16,2.1449844146657515
2014-05-17,2.044839007773601
2014-05-18,1.958865143944671
2014-05-19,1.8846875377957444
2014-05-20,1.8718990330732834
2014-05-21,1.8605219994834024
2014-05-22,1.8036317563686277
2014-05-23,1.7507906039884225
2014-05-24,1.7019111546810022
2014-05-25,1.65868670884381
2014-05-26,1.655351095930097
2014-05-27,2.5012597277132946
2014-05-28,2.304761879250081
2014-05-29,2.0883509719595237
2014-05-30,1.9881787473445767
2014-05-31,1.9022572752584364
2014-06-01,1.8282012522786673
2014-06-02,1.7640343471320303
2014-06-03,1.70836847244718
2014-06-04,1.9597102144787115
2014-06-05,2.008405343791847
2014-06-06,1.8354217893847518
2014-06-07,1.7670453872937468
2014-06-08,1.7079084526343051
2014-06-09,1.7377897224411105
2014-06-10,2.033419776446417
2014-06-11,1.8951439988448258
2014-06-12,1.7658882179140771
2014-06-13,1.7036456700856446
2014-06-14,1.6494147665640453
2014-06-15,1.6018761131436072
2014-06-16,1.5599342134501901
2014-06-17,1.522678892937212
2014-06-18,1.4893534677450606
2014-06-19,1.459328461181603
2014-06-20,1.4320798864181221
2014-06-21,1.407171290296559
2014-06-22,1.38423889727138
2014-06-23,1.3629793104299983
2014-06-24,1.343139323091532
2014-06-25,1.324507473607354
2014-06-26,1.306907040875321
2014-06-27,1.2909936687628838
2014-06-28,1.2816942498254056
2014-06-29,1.3153497404328167
2014-06-30,1.3008454190080305
2014-07-01,1.2517651473533913
2014-07-02,1.2353712687718255
2014-07-03,1.2197714071070829
2014-07-04,1.2048638613463976
2014-07-05,1.1976992030693812
2014-07-06,1.2322032362095252
2014-07-07,1.2153286853394822
2014-07-08,2.6009234929031018
2014-07-09,3.354397521258139
2014-07-10,2.290703103688234
2014-07-11,1.9050434811282209
2014-07-12,1.7883204239130057
2014-07-13,1.771020249720751
2014-07-14,1.7255294292019003
2014-07-15,1.6026146586443526
2014-07-16,1.5317923636491377
2014-07-17,1.4708142801445154
2014-07-18,1.4180383210941097
2014-07-19,1.3721035512856046
2014-07-20,1.337655426675293
2014-07-21,1.5600038254175386
2014-07-22,1.5290934479029261
2014-07-23,1.39578052229039
2014-07-24,1.3496210547871996
2014-07-25,1.3092602327723906
2014-07-26,1.273744443474275
2014-07-27,1.2699004553225481
2014-07-28,1.7318504286386576
2014-07-29,2.2050882563451966
2014-07-30,1.6610548098575606
2014-07-31,1.4678842575980164
2014-08-01,1.4075123708453823
2014-08-02,1.3553570156421542
2014-08-03,1.5878566531261276
2014-08-04,1.5118573542794238
2014-08-05,1.378084674223274
2014-08-06,1.3389450493493757
2014-08-07,1.3134961019848799
2014-08-08,2.6867345549927912
2014-08-09,2.1146776968401544
2014-08-10,2.121867733699696
2014-08-11,2.041582009212003
2014-08-12,1.879851901978343
2014-08-13,1.7753487085447457
2014-08-14,1.7820460265492122
2014-08-15,1.9005281773969547
2014-08-16,1.883658408458918
2014-08-17,2.131944584712281
2014-08-18,2.0234136387932415
2014-08-19,1.8997025497594133
2014-08-20,1.783547499895084
2014-08-21,1.6913165360084783
2014-08-22,1.624838490959114
2014-08-23,1.63128567130366
2014-08-24,1.590163062862512
2014-08-25,2.379939151504925
2014-08-26,4.676588347372408
2014-08-27,3.8580971171741605
2014-08-28,3.357827006304103
2014-08-29,3.135151937160885
2014-08-30,2.988421039124908
2014-08-31,2.942710276973082
2014-09-01,2.6754934446811416
2014-09-02,2.470403164201449
2014-09-03,2.30467875371223
2014-09-04,2.164510137103077
2014-09-05,2.045529914159023
2014-09-06,1.9441334943848554
2014-09-07,1.8573435116951458
2014-09-08,1.7826987786979405
2014-09-09,1.7181632537517666
2014-09-10,1.662051346011447
2014-09-11,1.6129665718856663
2014-09-12,1.5697511329328193
2014-09-13,1.5314444359516994
2014-09-14,1.4972489414593897
2014-09-15,1.466502023376241
2014-09-16,1.438652763784157
2014-09-17,1.4132428027175277
2014-09-18,1.408341730070591
2014-09-19,1.427262974974256
2014-09-20,1.3964877825735826
2014-09-21,1.5119442140853414
2014-09-22,1.4659451266702683
2014-09-23,1.403116917959614
2014-09-24,1.3991268971738922
2014-09-25,1.40790694809478
2014-09-26,1.3750811494005477
2014-09-27,1.346503298860407
2014-09-28,1.320277151216435
2014-09-29,1.296416516949259
2014-09-30,1.274532732100955
2014-10-01,1.2543101087547515
2014-10-02,1.235509128934231
2014-10-03,1.2179155533931394
2014-10-04,1.2071840495003403
2014-10-05,1.2010620547247859
2014-10-06,1.1982187987753987
2014-10-07,1.2817376247324015
2014-10-08,1.5103194742378923
2014-10-09,1.3708956624837807
2014-10-10,1.2961510566715175
2014-10-11,1.4464821558544905
2014-10-12,1.6842568712556076
2014-10-13,1.5298421485093296
2014-10-14,1.424656730741627
2014-10-15,1.3816356575320763
2014-10-16,1.5990708411271708
2014-10-17,1.5986624221360708
2014-10-18,1.4709868560445676
2014-10-19,1.4037193379382638
2014-10-20,1.3516584972166958
2014-10-21,1.8112434104408142
2014-10-22,2.089577147674171
2014-10-23,1.7954839475179927
2014-10-24,1.759399017671128
2014-10-25,1.731750232859847
2014-10-26,1.609112620084166
2014-10-27,1.5290651092739607
2014-10-28,1.461420301851854
2014-10-29,1.4248362839083581
2014-10-30,1.4125509722228353
2014-10-31,1.357334559573081
2014-11-01,1.312497731549486
2014-11-02,1.4478165398291347
2014-11-03,2.5427937118640993
2014-11-04,2.3241706210340127
2014-11-05,2.0566185974769566
2014-11-06,1.9087636665665875
2014-11-07,1.7977437658762259
2014-11-08,1.7100057609359096
2014-11-09,1.641796116289198
2014-11-10,1.6223615984087463
2014-11-11,1.5505283664339853
2014-11-12,1.4959990737469575
2014-11-13,1.4629182395232723
2014-11-14,1.7201635710568313
2014-11-15,2.2566549841418673
2014-11-16,2.448981985141538
2014-11-17,2.236232537762081
2014-11-18,2.0485617346578446
2014-11-19,1.916628073769674
2014-11-20,1.8044084298365848
2014-11-21,1.7089246234986861
2014-11-22,1.6273564977158337
2014-11-23,1.5582947237509517
2014-11-24,1.5046259689636676
2014-11-25,1.4580357159802606
2014-11-26,1.410704305026756
2014-11-27,1.3844113711643995
2014-11-28,1.3777769258220793
2014-11-29,1.3395837924660683
2014-11-30,1.5804590504821194
2014-12-01,1.6544313900645158
2014-12-02,1.5573805994058976
2014-12-03,1.492190099933488
2014-12-04,1.435894019339383
2014-12-05,1.4511208789471413
2014-12-06,1.4274664288962542
2014-12-07,1.6097610538772902
2014-12-08,1.7882897300518097
2014-12-09,1.845126755131232
2014-12-10,2.0614047303012613
2014-12-11,2.210084318898771
2014-12-12,2.9971762755492404
2014-12-13,2.8310600884615824
2014-12-14,2.5485734543042606
2014-12-15,2.505418364448363
2014-12-16,2.4998031957070412
2014-12-17,2.6803853328911504
2014-12-18,2.8177057441831352
2014-12-19,3.783443992664869
2014-12-20,3.583473185976462
2014-12-21,3.3187706982146192
2014-12-22,3.0661686300054387
2014-12-23,2.8096158895143435
2014-12-24,2.8394041851355603
2014-12-25,2.976972095319421
2014-12-26,3.1242259452032024
2014-12-27,4.943463774925051
2014-12-28,4.644470545357511
2014-12-29,4.333314375975469
2014-12-30,4.485434186974548
2014-12-31,5.001588781127847
2015-01-01,4.661564932115872
2015-01-02,4.499754653633553
2015-01-03,5.202627423600849
2015-01-04,4.972586746209255
2015-01-05,4.459772174475923
2015-01-06,4.092849831685261
2015-01-07,3.911179289161566
2015-01-08,6.633920293988683
2015-01-09,8.569163149036678
2015-01-10,8.578141494339578
2015-01-11,7.719185791549979
2015-01-12,6.88136698768773
2015-01-13,7.014188991018238
2015-01-14,7.452239532708184
2015-01-15,7.352629826882701
2015-01-16,6.7614668156944235
2015-01-17,6.131979891557822
2015-01-18,6.138850985702516
2015-01-19,6.112086076423627
2015-01-20,5.709634630880223
2015-01-21,5.2816442837030495
2015-01-22,4.9164160453252785
2015-01-23,4.608340533397098
2015-01-24,5.368046206489139
2015-01-25,5.560722094677254
2015-01-26,5.431261599188655
2015-01-27,5.1220855848076665
2015-01-28,5.467894186125108
2015-01-29,5.553500553956421
2015-01-30,5.551508677594945
2015-01-31,5.424694029927589
2015-02-01,5.430524585846153
2015-02-02,5.507411053930024
2015-02-03,5.303352341753363
2015-02-04,5.01197067074482
2015-02-05,4.743344018332087
2015-02-06,4.5101405502793614
2015-02-07,4.3098977058260735
2015-02-08,4.126799188378666
2015-02-09,3.9691754424171504
2015-02-10,3.832729373755497
2015-02-11,3.7139026503847137
2015-02-12,3.6097526009910155
2015-02-13,3.517843906121328
2015-02-14,3.441279446897921
2015-02-15,3.373363627398339
2015-02-16,3.3060276895403846
2015-02-17,3.2449082487770995
2015-02-18,3.1890408902376333
2015-02-19,3.141991679082684
2015-02-20,4.206103155325682
2015-02-21,5.140122265005608
2015-02-22,5.094377717624884
2015-02-23,5.635540295372863
2015-02-24,5.84176288182051
2015-02-25,5.563538717272659
2015-02-26,5.729307798158074
2015-02-27,5.525900813861117
2015-02-28,5.118931721873419
2015-03-01,4.887456948065823
2015-03-02,5.08494540596936
2015-03-03,5.671207296729875
2015-03-04,5.530895089615421
2015-03-05,5.125504375272247
2015-03-06,4.821110577441793
2015-03-07,4.56301363731505
2015-03-08,4.343246713854321
2015-03-09,4.155246157240373
2015-03-10,3.993599954909358
2015-03-11,3.8538421005270056
2015-03-12,3.7322843412104363
2015-03-13,3.6258783803747225
2015-03-14,3.5321029211316404
2015-03-15,3.448870990573838
2015-03-16,3.374453838241106
2015-03-17,3.3074183922601734
2015-03-18,3.246575815795049
2015-03-19,3.190939159940425
2015-03-20,3.1396884774047464
2015-03-21,3.092166332865345
2015-03-22,3.047772540749417
2015-03-23,3.00602255400988
2015-03-24,3.0628549832748106
2015-03-25,3.908397520660806
2015-03-26,4.284273552388441
2015-03-27,4.08928890449909
2015-03-28,4.020457147525577
2015-03-29,5.147493282238228
2015-03-30,5.527149445301588
2015-03-31,6.124278232372742
2015-04-01,6.007431642569643
2015-04-02,5.998629476440567
2015-04-03,5.696274821918618
2015-04-04,5.292630712959246
2015-04-05,4.9777289683147785
2015-04-06,4.677819691543687
2015-04-07,4.422976312131996
2015-04-08,4.206081545926148
2015-04-09,4.0206435638505615
2015-04-10,3.861307924092697
2015-04-11,3.7357883612739484
2015-04-12,3.6244166665859745
2015-04-13,3.517192236178819
2015-04-14,3.422725026508657
2015-04-15,3.3391007371919152
2015-04-16,3.264538898541129
2015-04-17,3.197563435721214
2015-04-18,3.1369497455899933
2015-04-19,3.0816811232090444
2015-04-20,3.030912858737753
2015-04-21,2.9839426322659914
2015-04-22,2.940186083904585
2015-04-23,2.899156639955605
2015-04-24,2.860448841953408
2015-04-25,2.8291129639836945
2015-04-26,2.8257143413945798
2015-04-27,2.8122682581484426
2015-04-28,2.7733040552298256
2015-04-29,2.7373497303189445
2015-04-30,2.702743415840539
2015-05-01,2.6686465439235736
2015-05-02,2.6360311977438036
2015-05-03,2.629807372604498
2015-05-04,2.9632385584374163
2015-05-05,3.1582306643576725
2015-05-06,3.018421568821497
2015-05-07,2.8860069480955133
2015-05-08,2.8088649784051456
2015-05-09,2.7401469361997925
2015-05-10,2.6788783684047446
2015-05-11,2.623846160932392
2015-05-12,2.574043896632367
2015-05-13,2.5286360192530672
2015-05-14,2.490077123795513
2015-05-15,2.4529737634195627
2015-05-16,2.4164540898586755
2015-05-17,2.3822482424898497
2015-05-18,2.350030658556206
2015-05-19,2.364141943963571
2015-05-20,2.3895336060949446
2015-05-21,2.3451667018143088
2015-05-22,2.3080492902055343
2015-05-23,2.2735452058006813
2015-05-24,2.2412871419886113
2015-05-25,2.2111841820664004
2015-05-26,2.182511344231694
2015-05-27,2.155047625714667
2015-05-28,2.1300330518674544
2015-05-29,2.111122241107824
2015-05-30,2.0952024511457377
2015-05-31,2.126324762363003
2015-06-01,2.1381346399959393
2015-06-02,2.0961397017157783
2015-06-03,2.064483931282322
2015-06-04,2.0343189043586505
2015-06-05,2.101284687463444
2015-06-06,2.1316885273588873
2015-06-07,2.052197422291183
2015-06-08,2.0155484685911182
2015-06-09,1.9819123583736598
2015-06-10,1.9508214313007322
2015-06-11,1.9218859742363719
2015-06-12,1.894781003942197
2015-06-13,1.8692353231646435
2015-06-14,1.8450224533831152
2015-06-15,1.82195311776057
2015-06-16,1.799869005471413
2015-06-17,1.7807615950484423
2015-06-18,1.7652163491056159
2015-06-19,1.7473339837214708
2015-06-20,1.727191701211234
2015-06-21,1.7080797200428448
2015-06-22,1.8596647454947544
2015-06-23,1.7888076935272126
2015-06-24,1.686518762121553
2015-06-25,1.664524422681455
2015-06-26,1.6435887556208089
2015-06-27,1.623564193331421
2015-06-28,1.604327285163281
2015-06-29,1.5857746637615693
2015-06-30,1.567819695886491
2015-07-01,1.5503896998756905
2015-07-02,1.5334236325009714
2015-07-03,1.5168701649088112
2015-07-04,1.500686081276572
2015-07-05,1.4849518115038827
2015-07-06,1.4694463574524717
2015-07-07,1.454154181796744
2015-07-08,1.4395786159674915
2015-07-09,1.4253679517357194
2015-07-10,1.4106896721411772
2015-07-11,1.396213086699359
2015-07-12,1.3819489172712893
2015-07-13,1.3698148601699234
2015-07-14,1.359975958607441
2015-07-15,1.3461949733444891
2015-07-16,1.3320879970066735
2015-07-17,1.318186174078573
2015-07-18,1.304930433920555
2015-07-19,1.2929532195920228
2015-07-20,1.2812735018747945
2015-07-21,1.2679743909375574
2015-07-22,1.254703881080786
2015-07-23,1.2416676809840042
2015-07-24,1.228912632277482
2015-07-25,1.442760513089074
2015-07-26,1.3337858754717669
2015-07-27,1.2017023167667016
2015-07-28,1.1918077337385118
2015-07-29,1.1795194807582683
2015-07-30,1.1875332146430868
2015-07-31,1.1600584353182726
2015-08-01,1.1439850550463728
2015-08-02,1.1314413989051795
2015-08-03,1.1192059022671261
2015-08-04,1.1073231732835112
2015-08-05,1.0956472394423864
2015-08-06,1.0841479070429243
2015-08-07,1.0728709850800466
2015-08-08,1.0617872090123495
2015-08-09,1.0508606395921378
2015-08-10,1.0400981362368145
2015-08-11,1.029490141550723
2015-08-12,1.0190276577033541
2015-08-13,2.305416667851882
2015-08-14,1.2959410857258649
2015-08-15,1.6226038705770287
2015-08-16,1.1665126255055152
2015-08-17,1.1827742625422102
2015-08-18,1.0876963828139468
2015-08-19,1.018474401553459
2015-08-20,1.0012346206995009
2015-08-21,0.9853144708341822
2015-08-22,0.9705132446945747
2015-08-23,1.9263024403259748
2015-08-24,1.312048015820642
2015-08-25,1.2054147575726477
2015-08-26,1.0856004226542917
2015-08-27,1.4456476136809269
2015-08-28,1.146358121942597
2015-08-29,1.0446504498655382
2015-08-30,1.0202930321003285
2015-08-31,1.0109465099485986
2015-09-01,1.012304120723586
2015-09-02,0.986818152694671
2015-09-03,0.9719433310560667
2015-09-04,1.0546043873889104
2015-09-05,1.28874036335615
2015-09-06,1.0668643449233721
2015-09-07,0.9931657938929138
2015-09-08,0.9659785048475961
2015-09-09,0.9418910155959912
2015-09-10,0.9204038954329355
2015-09-11,0.9011013371659783
2015-09-12,0.9810112816526279
2015-09-13,0.9958431653511521
2015-09-14,1.0514880842627148
2015-09-15,0.986229281703401
2015-09-16,1.3058058898333422
2015-09-17,1.6681448602417408
2015-09-18,1.2717353168127998
2015-09-19,1.1195282989348525
2015-09-20,1.069316114067069
2015-09-21,1.034899854547713
2015-09-22,1.5869607800123695
2015-09-23,2.1446504463674194
2015-09-24,1.7041546893358133
2015-09-25,1.4992256967849358
2015-09-26,1.3988683556999335
2015-09-27,1.313756418426563
2015-09-28,1.2413681541958417
2015-09-29,1.1795678468650572
2015-09-30,1.1265858425247315
2015-10-01,1.0809548363778796
2015-10-02,1.0414574222225554
2015-10-03,1.0070828814833066
2015-10-04,0.976991558202208
2015-10-05,1.032205535372826
2015-10-06,1.3355162962562046
2015-10-07,1.2199452430691307
2015-10-08,1.125371457547783
2015-10-09,1.068688425414532
2015-10-10,1.0287154611100748
2015-10-11,0.9939694570436007
2015-10-12,0.9635929756957675
2015-10-13,0.9368732903556931
2015-10-14,0.9757353671129443
2015-10-15,1.352595169985869
2015-10-16,1.6246272857114972
2015-10-17,1.3602591521744343
2015-10-18,1.2337403339713997
2015-10-19,1.1692447559488395
2015-10-20,1.1140630506638807
2015-10-21,1.0794049081026864
2015-10-22,1.075810606220973
2015-10-23,1.0541689065777795
2015-10-24,1.0144566616152308
2015-10-25,0.9803807318570407
2015-10-26,0.950353090206399
2015-10-27,0.9239307854552856
2015-10-28,0.9005423149661008
2015-10-29,0.8796991039325789
2015-10-30,0.8609942823253806
2015-10-31,0.8440888111327937
2015-11-01,0.8286999984898088
2015-11-02,0.8145919878909469
2015-11-03,0.8015678748453366
2015-11-04,0.7894631691225809
2015-11-05,0.7954870269736052
2015-11-06,0.8180829691170466
2015-11-07,0.811944898299248
2015-11-08,0.7987043684243016
2015-11-09,0.7853854656896259
2015-11-10,0.7723468046828571
2015-11-11,0.7601697290807738
2015-11-12,0.7478442010526004
2015-11-13,0.7610652827153914
2015-11-14,1.1133117140806899
2015-11-15,1.1484219639223914
2015-11-16,1.1192744925583213
2015-11-17,1.7669261631907387
2015-11-18,1.4404269733935633
2015-11-19,2.005399398076195
2015-11-20,1.7097736402940027
2015-11-21,1.6731913961558504
2015-11-22,1.5256079324662728
2015-11-23,1.4004296447967686
2015-11-24,1.8621826252636444
2015-11-25,1.9474357852016846
2015-11-26,1.7329694600133403
2015-11-27,1.6032897192644209
2015-11-28,1.7927575201381154
2015-11-29,2.950079326907017
2015-11-30,4.554478237264592
2015-12-01,4.7185482399926215
2015-12-02,4.055588310889164
2015-12-03,3.5836887644632185
2015-12-04,3.5588303280709734
2015-12-05,3.222702700731647
2015-12-06,2.8920119324334927
2015-12-07,2.6372629716749736
2015-12-08,2.6269375236458345
2015-12-09,2.4843242694651946
2015-12-10,2.3624146469358354
2015-12-11,3.4084447639646616
2015-12-12,3.210269391443011
2015-12-13,3.2760874811657814
2015-12-14,3.0418087286527578
2015-12-15,2.919574426023018
2015-12-16,3.50358390166801
2015-12-17,3.2801360569876565
2015-12-18,2.9615566104231577
2015-12-19,2.735279579923617
2015-12-20,2.5447124900055793
2015-12-21,2.630724889525798
2015-12-22,2.790177997216985
2015-12-23,2.6197175640373023
2015-12-24,2.666700281766543
2015-12-25,2.625520998411258
2015-12-26,2.4428797746698527
2015-12-27,2.299314652420243
2015-12-28,2.1825439609997783
2015-12-29,2.0827107419582336
2015-12-30,2.0028547251176794
2015-12-31,1.9814640816246527
2016-01-01,2.100826287060563
2016-01-02,2.546909530928024
2016-01-03,3.7127130847567145
2016-01-04,4.029411700776258
2016-01-05,3.727351136264623
2016-01-06,3.410320265847426
2016-01-07,4.312297413158407
2016-01-08,4.250019668583133
2016-01-09,3.8121238506394355
2016-01-10,3.501906996034803
2016-01-11,3.6152926664632123
2016-01-12,4.087470428648838
2016-01-13,4.695703641946724
2016-01-14,5.149063786884226
2016-01-15,5.209509661106865
2016-01-16,4.99709781536085
2016-01-17,4.6147568299054775
2016-01-18,4.214768756776003
2016-01-19,3.889344233040182
2016-01-20,3.6156079690921348
2016-01-21,3.384633626148061
2016-01-22,3.5172673784911095
2016-01-23,3.8099398809042153
2016-01-24,3.6698184090644155
2016-01-25,3.4822223352814183
2016-01-26,3.3254116390252713
2016-01-27,4.075877367912535
2016-01-28,4.193308937984951
2016-01-29,4.058379771116018
2016-01-30,6.699349041886847
2016-01-31,7.218441531604156
2016-02-01,6.67064316932388
2016-02-02,6.674780475661371
2016-02-03,6.411669518825961
2016-02-04,6.328583414667737
2016-02-05,5.948369281076559
2016-02-06,5.4417300317653785
2016-02-07,5.198299675184134
2016-02-08,5.925112440483318
2016-02-09,7.774495925971436
2016-02-10,8.373691771793967
2016-02-11,7.621687859441912
2016-02-12,6.876226081191969
2016-02-13,6.39767484360208
2016-02-14,6.680991617700028
2016-02-15,6.646257319825376
2016-02-16,6.120030470882135
2016-02-17,5.653310735986545
2016-02-18,5.289536446583875
2016-02-19,5.055140174566152
2016-02-20,6.032716464133795
2016-02-21,6.246796153777365
2016-02-22,7.609552103489324
2016-02-23,7.808690581656094
2016-02-24,7.096721597502396
2016-02-25,6.5719156378560895
2016-02-26,6.171691244646616
2016-02-27,5.754942082962369
2016-02-28,5.406054552690691
2016-02-29,5.11050957841351
2016-03-01,5.303921823864493
2016-03-02,6.74584760878814
2016-03-03,6.996361658921235
2016-03-04,7.744436014679195
2016-03-05,7.631000342015418
2016-03-06,7.354484725433046
2016-03-07,7.092833171531985
2016-03-08,6.649879953084849
2016-03-09,6.200125507868813
2016-03-10,5.826484194600092
2016-03-11,5.5098548110235805
2016-03-12,5.240513967277003
2016-03-13,5.010340280367941
2016-03-14,4.812641223546466
2016-03-15,4.641897299113983
2016-03-16,4.493552840166006
2016-03-17,4.363844782226307
2016-03-18,4.249662385546016
2016-03-19,4.148432211634671
2016-03-20,4.058182797545852
2016-03-21,3.9770271222223013
2016-03-22,3.9032649341054704
2016-03-23,3.835838851436131
2016-03-24,3.8185784790646795
2016-03-25,4.036168627745769
2016-03-26,4.236134966926083
2016-03-27,4.368083288496982
2016-03-28,4.8777814964887
2016-03-29,4.876344622480421
2016-03-30,4.6804121378279655
2016-03-31,4.50660220514405
2016-04-01,4.338682257634193
2016-04-02,4.187098039591446
2016-04-03,4.055892298314256
2016-04-04,3.951983060812426
2016-04-05,3.8946216546747845
2016-04-06,3.8376181350651315
2016-04-07,3.886608749908816
2016-04-08,3.944294317671446
2016-04-09,3.832946282101231
2016-04-10,3.732706944678407
2016-04-11,3.64413774995764
2016-04-12,3.581074097154542
2016-04-13,3.5203857701764885
2016-04-14,3.5029688000061694
2016-04-15,4.311068501996924
2016-04-16,4.438715120965246
2016-04-17,4.171297538882588
2016-04-18,4.015426848076921
2016-04-19,3.8679377191672835
2016-04-20,3.7396735387754325
2016-04-21,3.6277549381616567
2016-04-22,3.52945195659056
2016-04-23,3.4437923242054844
2016-04-24,3.4070611579079166
2016-04-25,3.5470554430154775
2016-04-26,4.279050425663491
2016-04-27,5.0272129496943725
2016-04-28,4.848615544467607
2016-04-29,4.566764646043281
2016-04-30,4.350450973959867
2016-05-01,4.137958288442664
2016-05-02,3.95589722052951
2016-05-03,3.8136824452302904
2016-05-04,3.689256713314812
2016-05-05,3.5683194721251983
2016-05-06,3.462435973968639
2016-05-07,3.36938201499362
2016-05-08,3.287030264080302
2016-05-09,3.2136193765911867
2016-05-10,3.158065662857986
2016-05-11,3.1064130400309726
2016-05-12,3.049657405139827
2016-05-13,2.997624215455758
2016-05-14,2.9496702863952677
2016-05-15,2.9051621641730345
2016-05-16,2.8635727810579343
2016-05-17,2.8244632529534606
2016-05-18,2.80782213711597
2016-05-19,2.7934163651728006
2016-05-20,2.7555731886920625
2016-05-21,2.718784196856552
2016-05-22,2.8850396137552394
2016-05-23,4.038152044198335
2016-05-24,3.6355445136866553
2016-05-25,3.3698184953347745
2016-05-26,3.2371153029574633
2016-05-27,3.1241330427112586
2016-05-28,3.085791568111174
2016-05-29,3.0611428443048445
2016-05-30,6.509075156619594
2016-05-31,6.269308821693563
2016-06-01,6.625786284912572
2016-06-02,6.472151479796807
2016-06-03,5.7613879653465965
2016-06-04,5.401047014461842
2016-06-05,5.1761687693172656
2016-06-06,4.786241288238085
2016-06-07,4.608421604531606
2016-06-08,4.403002724771822
2016-06-09,4.1110352158275445
2016-06-10,3.9037217257934955
2016-06-11,3.726909343095778
2016-06-12,4.2237634404285815
2016-06-13,6.656863448845584
2016-06-14,6.680643943439093
2016-06-15,6.428127641750071
2016-06-16,6.2627191128935324
2016-06-17,5.7768502101725625
2016-06-18,5.780065916954515
2016-06-19,5.509705550518286
2016-06-20,5.954814706779473
2016-06-21,6.131622580770473
2016-06-22,5.652977339186254
2016-06-23,7.486710500326965
2016-06-24,7.738585734221356
2016-06-25,7.244216472489938
2016-06-26,7.176311404641641
2016-06-27,6.667510303278433
2016-06-28,6.57304440830099
2016-06-29,6.533902854260635
2016-06-30,6.308170197930121
2016-07-01,7.146012489536743
2016-07-02,7.023787419477862
2016-07-03,6.421713112312697
2016-07-04,5.98160207614077
2016-07-05,5.612068420088917
2016-07-06,5.299253166535386
2016-07-07,5.033373329156392
2016-07-08,4.806371887980711
2016-07-09,4.6116079425002265
2016-07-10,4.443603487354397
2016-07-11,4.2978362691617775
2016-07-12,4.1705860702693425
2016-07-13,4.094192055885883
2016-07-14,4.033409511815723
2016-07-15,3.938172885749671
2016-07-16,3.850045678437104
2016-07-17,3.7709096484428453
2016-07-18,3.6993154464532627
2016-07-19,3.634055156861855
2016-07-20,3.5741255978721633
2016-07-21,3.5347345055478083
2016-07-22,3.4990619184479415
2016-07-23,3.4555838554268234
2016-07-24,3.4147217706957362
2016-07-25,3.366251805108926
2016-07-26,3.320513564044553
2016-07-27,3.2772201288955887
2016-07-28,3.2401207291162084
2016-07-29,3.2061099024565487
2016-07-30,3.1681362900461383
2016-07-31,3.1311567562702787
2016-08-01,3.1014284588512457
2016-08-02,3.815246107818688
2016-08-03,4.579714571558582
2016-08-04,4.0048558445659825
2016-08-05,3.7469463564588428
2016-08-06,3.6121437358894752
2016-08-07,3.4949416033209952
2016-08-08,3.393142220897325
2016-08-09,3.3382282175103413
2016-08-10,3.3838338296565347
2016-08-11,3.4228168442130564
2016-08-12,3.316102832840467
2016-08-13,3.2224736416375905
2016-08-14,3.1449314915193187
2016-08-15,3.0756971872075933
2016-08-16,3.0134218987759236
2016-08-17,2.9569859908093297
2016-08-18,2.9054594241760934
2016-08-19,2.858130758519307
2016-08-20,2.8146847667173738
2016-08-21,2.9990744392062285
2016-08-22,2.988790877635769
2016-08-23,2.8546909645029253
2016-08-24,2.8000242728055604
2016-08-25,2.7502263446239965
2016-08-26,2.7045266516071904
2016-08-27,2.6622846195652117
2016-08-28,2.6237365724616493
2016-08-29,2.590055711595338
2016-08-30,2.556700830180143
2016-08-31,2.523115790055985
2016-09-01,2.491170742069052
2016-09-02,2.4607754397279424
2016-09-03,2.4315409555743632
2016-09-04,2.4247147230328188
2016-09-05,2.440964503012187
2016-09-06,2.385191338080268
2016-09-07,2.3549401454193446
2016-09-08,2.3260440857531473
2016-09-09,2.2983169324235933
2016-09-10,2.2716029959151736
2016-09-11,2.245771991019145
2016-09-12,2.220714779748659
2016-09-13,2.196339838346972
2016-09-14,2.172570323401303
2016-09-15,2.280719659067761
2016-09-16,2.2417352670761743
2016-09-17,2.1512974652378785
2016-09-18,2.1235933447677398
2016-09-19,2.0971839252451447
2016-09-20,2.0718892442158516
2016-09-21,2.047558891853097
2016-09-22,2.024067039385868
2016-09-23,2.001308316595813
2016-09-24,1.9791943911715542
2016-09-25,1.9579224095166154
2016-09-26,1.9370545014530185
2016-09-27,1.9164266926890117
2016-09-28,1.8962147124784632
2016-09-29,1.8767656353944935
2016-09-30,1.8578291011540895
2016-10-01,1.845969870590384
2016-10-02,1.879970913749908
2016-10-03,1.855841566093206
2016-10-04,1.8157166658322934
2016-10-05,1.7936352692168418
2016-10-06,1.772417901813501
2016-10-07,1.751951248844577
2016-10-08,1.7321403545682255
2016-10-09,1.7129055674238993
2016-10-10,1.6941800007348136
2016-10-11,1.6759074207496356
2016-10-12,1.6580404891161564
2016-10-13,1.640539299493961
2016-10-14,1.6493714953347842
2016-10-15,1.9648681043269394
2016-10-16,1.7166005200024612
2016-10-17,1.6405857892330105
2016-10-18,1.7523660275183772
2016-10-19,2.243085239746792
2016-10-20,1.8605102365254174
2016-10-21,1.7181919050947687
2016-10-22,1.6704332899102983
2016-10-23,1.6351433049228057
2016-10-24,1.6032616168441056
2016-10-25,1.5742470755020654
2016-10-26,1.5476492203815972
2016-10-27,1.5230928292866144
2016-10-28,1.500265138407972
2016-10-29,1.4789052649529657
2016-10-30,1.4587954470590827
2016-10-31,1.4397537841473647
2016-11-01,1.4220294838297507
2016-11-02,1.41213013444821
2016-11-03,1.403425389550464
2016-11-04,1.3858115006559257
2016-11-05,1.3724650929827862
2016-11-06,1.5659528917108696
2016-11-07,1.7327981330355575
2016-11-08,1.49292303818158
2016-11-09,2.0489165759226657
2016-11-10,2.257787235759869
2016-11-11,1.8945380793428905
2016-11-12,1.8195740296576524
2016-11-13,1.9451978909557226
2016-11-14,1.928025966559417
2016-11-15,2.1179313376896034
2016-11-16,2.9950124930924473
2016-11-17,3.1402280520724446
2016-11-18,4.3143151144504746
2016-11-19,3.67581274361808
2016-11-20,3.6722977342627576
2016-11-21,3.607504263174168
2016-11-22,3.2707821141171216
2016-11-23,2.9838173118386417
2016-11-24,2.7587887256207684
2016-11-25,2.56917561403063
2016-11-26,2.40890372215218
2016-11-27,2.272962011065983
2016-11-28,2.1572133751608296
2016-11-29,2.0582396503617892
2016-11-30,1.9732145867471196
2016-12-01,1.8997996487587017
2016-12-02,1.8653071813279611
2016-12-03,1.852047945171628
2016-12-04,1.7938135809294202
2016-12-05,1.742259927747888
2016-12-06,1.6967875151984542
2016-12-07,1.6564031452634485
2016-12-08,1.6202819828186732
2016-12-09,1.5877385466352276
2016-12-10,1.5863128137746518
2016-12-11,1.7272964274154343
2016-12-12,1.726404804416841
2016-12-13,1.7917591161574913
2016-12-14,1.7345745008703846
2016-12-15,1.66793510701228
2016-12-16,1.6210489075819623
2016-12-17,1.579626813494734
2016-12-18,1.5427784568634568
2016-12-19,1.509764194595581
2016-12-20,1.4799691719375165
2016-12-21,1.7593902774575796
2016-12-22,2.4698781982819895
2016-12-23,2.2605986290175695
2016-12-24,2.2249524685364057
2016-12-25,2.228373693609473
2016-12-26,2.3870415790088164
2016-12-27,2.2348563234757655
2016-12-28,2.0865421209885135
2016-12-29,1.977696401873416
2016-12-30,1.8847045812337695
2016-12-31,1.804895427000731
2017-01-01,1.7360585777994297
2017-01-02,2.030811089111368
2017-01-03,2.0338954141404693
2017-01-04,2.1536508786355046
2017-01-05,2.039872131957557
2017-01-06,1.9231819518668087
2017-01-07,1.8373127725177503
2017-01-08,2.069566587239892
2017-01-09,2.142425591801763
2017-01-10,2.4207261942167775
2017-01-11,2.3112295276006614
2017-01-12,3.7426359112475542
2017-01-13,5.11082238436533
2017-01-14,5.113928473457217
2017-01-15,4.622800404597535
2017-01-16,4.1486574663650675
2017-01-17,3.7687381620180354
2017-01-18,3.4506379643310177
2017-01-19,3.183635608652729
2017-01-20,2.9589056380024434
2017-01-21,2.7691772794000467
2017-01-22,2.6084558192652465
2017-01-23,2.471794808440945
2017-01-24,2.3551096499929227
2017-01-25,2.255024913237756
2017-01-26,2.1687491614270296
2017-01-27,2.0939722466337796
2017-01-28,2.0291173784578067
2017-01-29,2.140779844257111
2017-01-30,2.7001604359817057
2017-01-31,2.5757565390404786
2017-02-01,2.4186593493706297
2017-02-02,2.312751458793899
2017-02-03,2.214197775644441
2017-02-04,2.4512827335083505
2017-02-05,2.489026890679412
2017-02-06,2.3420132887965788
2017-02-07,2.3696272395799594
2017-02-08,2.478699536491743
2017-02-09,2.350598470750995
2017-02-10,2.23745283237929
2017-02-11,2.4217267247709753
2017-02-12,2.460956417371267
2017-02-13,2.3132314978203463
2017-02-14,2.2131416772390984
2017-02-15,2.1269457933976272
2017-02-16,2.0527036447094678
2017-02-17,1.9882341931650422
2017-02-18,1.9311822094953637
2017-02-19,1.8808416983638088
2017-02-20,1.9184511656938488
2017-02-21,2.193085543737967
2017-02-22,3.9547760632035094
2017-02-23,4.5652996479585495
2017-02-24,4.28434342393003
2017-02-25,3.8999397385295826
2017-02-26,3.5663730036467136
2017-02-27,3.8526843266150106
2017-02-28,4.678641766920481
2017-03-01,5.012440299234524
2017-03-02,4.705661809402316
2017-03-03,4.2647385338889405
2017-03-04,4.348450488841478
2017-03-05,4.897003554766337
2017-03-06,5.340333922910759
2017-03-07,5.082411387142221
2017-03-08,5.9096105761367
2017-03-09,5.844130234012044
2017-03-10,5.230410378194517
2017-03-11,4.783159239160805
2017-03-12,4.408271310229451
2017-03-13,4.093167816961716
2017-03-14,3.827500819281459
2017-03-15,3.6027505296768485
2017-03-16,3.4118966593889493
2017-03-17,3.40534791705806
2017-03-18,4.911168886449907
2017-03-19,5.23291679220927
2017-03-20,4.76901566024098
2017-03-21,4.4481625065108465
2017-03-22,4.14923533997999
2017-03-23,3.895476112606542
2017-03-24,3.6802886533627697
2017-03-25,3.497105558548196
2017-03-26,3.340477808550259
2017-03-27,3.205905760569929
2017-03-28,3.0896709948108345
2017-03-29,2.988698444037116
2017-03-30,2.9004432577524355
2017-03-31,2.822797887324347
2017-04-01,2.9257059426500978
2017-04-02,3.0485220652464773
2017-04-03,2.929211036553251
2017-04-04,2.8406419571052766
2017-04-05,2.7628344801011924
2017-04-06,2.694016007066025
2017-04-07,2.632716342906352
2017-04-08,2.5777152781074704
2017-04-09,2.5279993963919978
2017-04-10,2.4827264585591986
2017-04-11,2.4411960128683474
2017-04-12,2.4029525035996833
2017-04-13,2.367343535519853
2017-04-14,2.3340207702532245
2017-04-15,2.312900985754697
2017-04-16,2.340189853323007
2017-04-17,2.4927285521300284
2017-04-18,2.576438232457376
2017-04-19,2.464841856207556
2017-04-20,2.4047240228585802
2017-04-21,2.3510762852078826
2017-04-22,2.3028570948743177
2017-04-23,2.2591953751402025
2017-04-24,2.2194998034661504
2017-04-25,2.1861135326802494
2017-04-26,2.1537341390625167
2017-04-27,2.1215777508782647
2017-04-28,2.0924430050511567
2017-04-29,2.0646842982421263
2017-04-30,2.0376219825749864
2017-05-01,2.0118733396975874
2017-05-02,2.180911940892328
2017-05-03,2.3207650992353295
2017-05-04,2.1942499245382296
2017-05-05,2.1294197002753275
2017-05-06,2.081806854088346
2017-05-07,2.0390075274796926
2017-05-08,2.0002592527100496
2017-05-09,1.9649185765771058
2017-05-10,1.9324502063995805
2017-05-11,1.9864508048055491
2017-05-12,2.113423547816874
2017-05-13,2.0262636265205893
2017-05-14,1.9794710520088106
2017-05-15,1.9365690893481122
2017-05-16,1.897811262444016
2017-05-17,1.8627557208444452
2017-05-18,1.840996186413612
2017-05-19,1.8301067354156169
2017-05-20,1.802621416253577
2017-05-21,1.7732638235436997
2017-05-22,1.7460088930296565
2017-05-23,1.720583495297569
2017-05-24,1.6967134890687674
2017-05-25,1.6741700484041118
2017-05-26,1.652762028219592
2017-05-27,1.6323896958151345
2017-05-28,1.6169552199649873
2017-05-29,1.6012367737250088
2017-05-30,1.582139696683593
2017-05-31,1.5636846212027526
2017-06-01,1.5458458905737356
2017-06-02,1.5285474668373074
2017-06-03,1.5117255009097936
2017-06-04,1.4953263177040335
2017-06-05,1.4793047391341954
2017-06-06,1.478511900953247
2017-06-07,1.4927707718359617
2017-06-08,1.4465414850838945
2017-06-09,1.7172064169705272
2017-06-10,1.5591809498213518
2017-06-11,1.453991633618907
2017-06-12,1.4320111544168113
2017-06-13,1.4114656449543659
2017-06-14,1.3921414026829728
2017-06-15,1.3738599782191352
2017-06-16,1.3564722468594983
2017-06-17,1.3398534915101408
2017-06-18,1.3238993219534494
2017-06-19,1.3085222861398516
2017-06-20,1.2936490544655654
2017-06-21,1.2792180787768754
2017-06-22,1.2651776449382577
2017-06-23,1.2514842518787523
2017-06-24,1.2381012616300937
2017-06-25,1.2249977744340235
2017-06-26,1.2121476908875775
2017-06-27,1.1995438082937573
2017-06-28,1.2923500508518435
2017-06-29,1.4137731442937842
2017-06-30,1.293581959551381
2017-07-01,1.7879206292781096
2017-07-02,1.3261022747121034
2017-07-03,1.19166896473213
2017-07-04,1.172661686900142
2017-07-05,1.15500296877856
2017-07-06,1.1385120921527474
2017-07-07,1.122991748919903
2017-07-08,1.1082804856984676
2017-07-09,1.0942826636644052
2017-07-10,1.0808998963607477
2017-07-11,1.0752015130217853
2017-07-12,2.028448113973693
2017-07-13,1.2894698619684302
2017-07-14,1.1218561164569778
2017-07-15,1.1072670530955024
2017-07-16,1.0857475037887796
2017-07-17,1.0711023046241896
2017-07-18,1.0562993984007165
2017-07-19,1.0450148642008692
2017-07-20,1.1231380844266359
2017-07-21,1.0619560339126568
2017-07-22,1.0218918935804682
2017-07-23,1.0766203736464697
2017-07-24,1.1019021838884433
2017-07-25,1.1417736604419364
2017-07-26,1.0587983318895633
2017-07-27,1.0178006706324636
2017-07-28,0.9971155058847766
2017-07-29,0.9783543944862202
2017-07-30,0.9612323248871665
2017-07-31,0.945472403643608
2017-08-01,0.930858713588944
2017-08-02,0.9175362240784374
2017-08-03,0.9072854138606298
2017-08-04,0.8962300785675626
2017-08-05,1.1512709336522815
2017-08-06,0.9907815991043991
2017-08-07,0.8925611649869661
2017-08-08,0.8822616216721523
2017-08-09,0.8746204740857247
2017-08-10,0.8613336265946465
2017-08-11,0.8488216867453873
2017-08-12,0.838397210306645
2017-08-13,0.8286014742598488
2017-08-14,0.8176595080766597
2017-08-15,0.8078370403502156
2017-08-16,0.7982475498068826
2017-08-17,0.7885779378079683
2017-08-18,0.8052135696816994
2017-08-19,0.8241635591544648
2017-08-20,0.7694136443588967
2017-08-21,0.7600261845830235
2017-08-22,0.7510001936352569
2017-08-23,0.7422962804577494
2017-08-24,0.7338739199647031
2017-08-25,0.725699060456212
2017-08-26,0.7177430592149636
2017-08-27,0.709981795647146
2017-08-28,0.7023949319359873
2017-08-29,0.695480180063245
2017-08-30,1.0855272291205542
2017-08-31,0.9045548018942436
2017-09-01,0.7245485657040893
2017-09-02,0.6946391668629879
2017-09-03,0.6845483881944029
2017-09-04,0.6750677491372308
2017-09-05,0.6662971172219049
2017-09-06,0.6585698929043208
2017-09-07,0.6506575113930732
2017-09-08,0.649229576239562
2017-09-09,0.7538020060181433
2017-09-10,0.6784529080380826
2017-09-11,0.6467002008357675
2017-09-12,0.9034173715668393
2017-09-13,0.8876360147115646
2017-09-14,2.3458724749466824
2017-09-15,1.2428862183814078
2017-09-16,0.893017534418329
2017-09-17,0.8268834093728977
2017-09-18,1.073899978168483
2017-09-19,0.9071653313556526
2017-09-20,0.8088468212172829
2017-09-21,0.7754943272798167
2017-09-22,0.7466382039707988
2017-09-23,0.7215390174293598
2017-09-24,0.6995822168374711
2017-09-25,0.6802567155314098
2017-09-26,0.6631372023305099
2017-09-27,0.6479153840050517
2017-09-28,0.6380955891576426
2017-09-29,0.6807743918690498
2017-09-30,0.8770276860436109
2017-10-01,0.7311793696874505
2017-10-02,0.6658256545552007
2017-10-03,0.6641937972847164
2017-10-04,0.6574037539544915
2017-10-05,0.8058233710367816
2017-10-06,0.8224410319620433
2017-10-07,1.2695925635522307
2017-10-08,1.1931058424770224
2017-10-09,0.9392154158480414
2017-10-10,0.8482513262032336
2017-10-11,0.8048116588790251
2017-10-12,0.767373222679721
2017-10-13,0.7351554404142502
2017-10-14,0.7072985092156067
2017-10-15,0.6830861050280057
2017-10-16,0.6619226731279585
2017-10-17,0.6433127569204574
2017-10-18,0.6268439182661195
2017-10-19,0.6132328056307065
2017-10-20,0.608740993248318
2017-10-21,0.6392569002130909
2017-10-22,1.0219634144838488
2017-10-23,0.8239747792451544
2017-10-24,0.7337259901567056
2017-10-25,0.7007547517141202
2017-10-26,0.6755480143973286
2017-10-27,0.6545131487657944
2017-10-28,0.6489972347487586
2017-10-29,0.8182353113589896
2017-10-30,0.702148971863489
2017-10-31,0.6506623543691369
2017-11-01,0.6299093101259701
2017-11-02,0.6116916964125404
2017-11-03,0.5955994775062264
2017-11-04,0.6318840366258097
2017-11-05,0.9639045234224805
2017-11-06,0.7730148065484966
2017-11-07,0.7014970445990807
2017-11-08,0.6723984102416963
2017-11-09,0.647261055403751
2017-11-10,0.6295807661882157
2017-11-11,0.6606576738757762
2017-11-12,0.8343453933732676
2017-11-13,0.7157130523080261
2017-11-14,0.6676752613356077
2017-11-15,0.6948322244515573
2017-11-16,0.6913045840237282
2017-11-17,0.6496465051035366
2017-11-18,0.7227096669050604
2017-11-19,0.7430438123444975
2017-11-20,1.2098236583922253
2017-11-21,1.1974775461222438
2017-11-22,0.975609178762248
2017-11-23,1.0162849405169354
2017-11-24,1.7565902457189901
2017-11-25,1.5677421931759874
2017-11-26,1.3800145899282141
2017-11-27,2.465474813330425
2017-11-28,2.1011881625537385
2017-11-29,1.7933237985385422
2017-11-30,1.7745255743759636
2017-12-01,1.621702878328537
2017-12-02,1.4654586425606098
2017-12-03,1.5079144477335735
2017-12-04,1.3903833616267567
2017-12-05,1.2709550390882876
2017-12-06,1.187205965702484
2017-12-07,1.729785617734949
2017-12-08,1.7612399760852113
2017-12-09,1.5747988688858297
2017-12-10,2.658640977443862
2017-12-11,3.2939847891040372
2017-12-12,3.216426382385114
2017-12-13,5.573422353997884
2017-12-14,5.296045570203975
2017-12-15,4.619893045421342
2017-12-16,4.4146398755086205
2017-12-17,4.324164772573236
2017-12-18,4.185025311947885
2017-12-19,3.755218565784089
2017-12-20,3.4187712804394472
2017-12-21,3.2784675047565783
2017-12-22,3.168621769557681
2017-12-23,2.910962264681681
2017-12-24,2.673875004886891
2017-12-25,2.483964612822471
2017-12-26,2.4289701703100506
2017-12-27,2.610961659127929
2017-12-28,2.7552326576270776
2017-12-29,2.99751965495719
2017-12-30,3.282496046422327
2017-12-31,4.607237164897677
2018-01-01,5.129551403806934
2018-01-02,5.661413914112589
2018-01-03,6.544742272147256
2018-01-04,6.224558520380497
2018-01-05,5.890051421048104
2018-01-06,5.419866342283616
2018-01-07,4.893288568862017
2018-01-08,4.451354360283021
2018-01-09,4.12426864296063
2018-01-10,4.054016696751703
2018-01-11,3.8262176078221444
2018-01-12,3.5484073203651865
2018-01-13,3.3263285731374683
2018-01-14,3.138168549018681
2018-01-15,4.12159819366794
2018-01-16,4.885890326455939
2018-01-17,5.332551720854002
2018-01-18,5.855439316726291
2018-01-19,5.73289686405349
2018-01-20,5.746735707961341
2018-01-21,5.637403719674681
2018-01-22,5.292574074279041
2018-01-23,4.8463062611664425
2018-01-24,4.497169048429882
2018-01-25,4.2200628250703565
2018-01-26,3.954919789483446
2018-01-27,3.7479666369428557
2018-01-28,3.6025010601753826
2018-01-29,3.703924133686527
2018-01-30,3.6932496244323763
2018-01-31,4.822224348117348
2018-02-01,5.2885955271811005
2018-02-02,5.73424516222284
2018-02-03,5.600404676013674
2018-02-04,5.157532949517883
2018-02-05,4.772601466974485
2018-02-06,4.453429167751515
2018-02-07,4.183826375734621
2018-02-08,3.955252325072788
2018-02-09,3.7737856062595347
2018-02-10,3.733495715507592
2018-02-11,4.217968397215032
2018-02-12,4.117800814930036
2018-02-13,3.8694129907982204
2018-02-14,3.726315463987163
2018-02-15,4.078015795617126
2018-02-16,4.069371605380385
2018-02-17,3.828779518490423
2018-02-18,3.652647474295714
2018-02-19,3.501583156655434
2018-02-20,3.3713391673226654
2018-02-21,3.258406785659657
2018-02-22,3.1598853016428454
2018-02-23,3.0733748624640254
2018-02-24,2.99688852515145
2018-02-25,2.9287800116605207
2018-02-26,2.86768431385908
2018-02-27,2.812468823500389
2018-02-28,2.762193090472255
2018-03-01,2.7160756604618066
2018-03-02,2.6734667260540697
2018-03-03,2.6973191793872524
2018-03-04,2.825486251969362
2018-03-05,2.8551001275167267
2018-03-06,2.7844072848889936
2018-03-07,2.846229702912366
2018-03-08,3.296871661392032
2018-03-09,3.5589308116249008
2018-03-10,3.5780983048540573
2018-03-11,3.556906488133318
2018-03-12,3.623204326408412
2018-03-13,4.2601103951993435
2018-03-14,4.123623090554501
2018-03-15,4.406557656282996
2018-03-16,4.589836419068285
2018-03-17,4.312287357615216
2018-03-18,4.043280337501426
2018-03-19,3.8274539162667236
2018-03-20,3.6249003635714723
2018-03-21,3.4727635144861986
2018-03-22,3.478574803603142
2018-03-23,3.4790564424233072
2018-03-24,3.3262987964945423
2018-03-25,3.193577192236084
2018-03-26,3.0789102970984845
2018-03-27,3.0744579903292593
2018-03-28,3.7596673097626447
2018-03-29,3.90331298493342
2018-03-30,3.7646772285907026
2018-03-31,3.905401962103046
2018-04-01,3.820628042187918
2018-04-02,3.65058423355792
2018-04-03,3.4812337570700795
2018-04-04,3.4752098485254916
2018-04-05,3.5699149298071333
2018-04-06,3.456365338742902
2018-04-07,3.3035580924728145
2018-04-08,3.172363729570159
2018-04-09,3.05896043818065
2018-04-10,3.5134670184736994
2018-04-11,3.940863589692262
2018-04-12,3.6631082398602235
2018-04-13,3.4781859413793033
2018-04-14,3.722838125836624
2018-04-15,3.893086590469796
2018-04-16,3.6491052856588575
2018-04-17,3.4675268879705983
2018-04-18,3.312267800252324
2018-04-19,3.1788686635173398
2018-04-20,3.0636443084716922
2018-04-21,2.963547131550799
2018-04-22,2.8814121472752565
2018-04-23,2.8085838695603083
2018-04-24,2.7392704547544207
2018-04-25,2.682598943511327
2018-04-26,2.6291502185420303
2018-04-27,2.5779021765473304
2018-04-28,2.5312735212981456
2018-04-29,3.8927342701214243
2018-04-30,5.681797379491855
2018-05-01,5.507729875301632
2018-05-02,4.970088028367278
2018-05-03,4.573767375187036
2018-05-04,4.2506026373089645
2018-05-05,3.978040650104956
2018-05-06,3.747364224708253
2018-05-07,3.55138972405562
2018-05-08,3.3841926387120584
2018-05-09,3.2415373218249304
2018-05-10,3.122966916525332
2018-05-11,3.0197140048846447
2018-05-12,2.925349567773664
2018-05-13,2.8426735443875537
2018-05-14,2.769811248610077
2018-05-15,2.704831813264521
2018-05-16,2.646668161339604
2018-05-17,2.5942345338585664
2018-05-18,2.546613163487289
2018-05-19,2.5030412743974986
2018-05-20,2.4638078587473418
2018-05-21,2.427470868746073
2018-05-22,2.481522643454873
2018-05-23,2.6002702215179183
2018-05-24,2.8003892297061785
2018-05-25,2.7459037855167057
2018-05-26,2.612332087331477
2018-05-27,2.559287647144879
2018-05-28,2.511396254556847
2018-05-29,2.5566119983564533
2018-05-30,2.53865337827867
2018-05-31,2.497011351310809
2018-06-01,2.64963013114467
2018-06-02,2.497307207351937
2018-06-03,2.4110907752385153
2018-06-04,2.354717868414532
2018-06-05,2.30424103577583
2018-06-06,2.2587108863878727
2018-06-07,2.219943016953761
2018-06-08,2.18753552729484
2018-06-09,2.152940121045365
2018-06-10,2.1194395019803305
2018-06-11,2.0882340487715
2018-06-12,2.0589789023709923
2018-06-13,2.031385486481772
2018-06-14,2.0052128492748484
2018-06-15,1.9802596492301314
2018-06-16,1.9563575087509528
2018-06-17,1.9333654987740854
2018-06-18,1.9111655591899444
2018-06-19,1.8896586940634637
2018-06-20,1.8687618087483109
2018-06-21,1.848405079111507
2018-06-22,1.828529762127439
2018-06-23,1.8090863727912054
2018-06-24,1.7900331652398211
2018-06-25,1.7713348666459314
2018-06-26,1.752961621263748
2018-06-27,1.7348881092901165
2018-06-28,1.7170928112249175
2018-06-29,1.6995573933962007
2018-06-30,1.6822661944387456
2018-07-01,1.665205795929939
2018-07-02,1.6483646632172568
2018-07-03,1.6317328448187574
2018-07-04,1.6153017207254674
2018-07-05,1.5990637915513526
2018-07-06,1.5830125018195569
2018-07-07,1.5671420917898502
2018-07-08,1.5514474731604213
2018-07-09,1.5359241247494537
2018-07-10,1.5205680049048418
2018-07-11,1.5053754779258572
2018-07-12,1.4903432522268087
2018-07-13,1.4754683283447416
2018-07-14,1.4607479552035716
2018-07-15,1.4461795933060102
2018-07-16,1.4317608837408882
2018-07-17,1.4174896220741129
2018-07-18,1.4033637363424634
2018-07-19,1.3893812684956526
2018-07-20,1.3755403587376753
2018-07-21,1.361839232306817
2018-07-22,1.3482761883076988
2018-07-23,1.3348495902706894
2018-07-24,1.321557858165942
2018-07-25,1.3083994616428642
2018-07-26,1.2953729143023205
2018-07-27,1.2824767688395062
2018-07-28,1.2697100530799317
2018-07-29,1.2570706796494415
2018-07-30,1.2445573283716913
2018-07-31,1.2321689157404503
2018-08-01,1.219904137784767
2018-08-02,1.207761712669367
2018-08-03,1.1957403790793768
2018-08-04,1.1838388948352605
2018-08-05,1.1720560357025285
2018-08-06,1.160390594366315
2018-08-07,1.148859947105447
2018-08-08,1.1384800778853144
2018-08-09,1.2940347167729482
2018-08-10,1.1798094501031011
2018-08-11,1.1041017082737468
2018-08-12,1.0930869839955213
2018-08-13,1.627541144330203
2018-08-14,1.1809894583720546
2018-08-15,1.0625052907157237
2018-08-16,1.0822572020299186
2018-08-17,1.6968351582537002
2018-08-18,1.151631213315525
2018-08-19,1.0235901775282337
2018-08-20,1.0129589392511495
2018-08-21,1.0025031664611077
2018-08-22,0.992210074002328
2018-08-23,0.9820787786771407
2018-08-24,0.9721579264452523
2018-08-25,0.9759007858640493
2018-08-26,0.9859719223643985
2018-08-27,0.9440448516166503
2018-08-28,0.9344875357801491
2018-08-29,1.0447846472138418
2018-08-30,0.9693500888267242
2018-08-31,0.9084423818194299
2018-09-01,0.8990592849852009
2018-09-02,0.889823037827985
2018-09-03,0.8807237357538917
2018-09-04,0.8717529206012622
2018-09-05,0.9826214496586236
2018-09-06,0.9915271163091489
2018-09-07,0.88251467122637
2018-09-08,0.838154530495617
2018-09-09,0.8296134002841572
2018-09-10,0.8211882879512014
2018-09-11,0.8128731806851913
2018-09-12,0.8046681548844182
2018-09-13,0.7965623602658284
2018-09-14,0.7885482432594682
2018-09-15,0.7806267252781315
2018-09-16,0.7727953775819412
2018-09-17,0.7650515438516164
2018-09-18,0.7573928699333333
2018-09-19,0.7498172571409789
2018-09-20,0.7423477125565155
2018-09-21,0.735020872720057
2018-09-22,0.7279467357087257
2018-09-23,1.4378957401368144
2018-09-24,0.8493128436246673
2018-09-25,0.7101688448787334
2018-09-26,0.7026687740508167
2018-09-27,0.6953103174809292
2018-09-28,0.6880822635391031
2018-09-29,0.6809742718474419
2018-09-30,0.6739779490812107
2018-10-01,0.6672195815406695
2018-10-02,0.6606189885352481
2018-10-03,0.6538945060562189
2018-10-04,0.6472438129213285
2018-10-05,0.640681445906578
2018-10-06,0.634203065030945
2018-10-07,0.627804920328959
2018-10-08,0.6214837586051852
2018-10-09,0.6152367452448249
2018-10-10,0.6090613986172313
2018-10-11,0.6029555350174949
2018-10-12,0.5969176032199903
2018-10-13,0.5909452608504393
2018-10-14,0.585037018194111
2018-10-15,0.5791916902998108
2018-10-16,0.5734080193105263
2018-10-17,0.5676848577511576
2018-10-18,0.5620211521212056
2018-10-19,0.5564159290705132
2018-10-20,0.5508682837456335
2018-10-21,0.5453773699610329
2018-10-22,0.5399423919050738
2018-10-23,0.5345625971373539
2018-10-24,0.529237521904527
2018-10-25,0.523966476314252
2018-10-26,0.5206682386280673
2018-10-27,0.5741782797642728
2018-10-28,0.5196544788049959
2018-10-29,0.6016945065090108
2018-10-30,1.7887344487134842
2018-10-31,0.700613065618947
2018-11-01,0.5873386123837334
2018-11-02,0.5169086688376411
2018-11-03,0.4903842799898592
2018-11-04,0.48439107805775333
2018-11-05,0.47863387907015703
2018-11-06,0.4730820599048104
2018-11-07,0.4680342962759841
2018-11-08,0.46334353418372953
2018-11-09,0.45819298226976807
2018-11-10,0.5488768869265951
2018-11-11,0.7509620342343423
2018-11-12,0.8260804901405457
2018-11-13,0.4974958431138403
2018-11-14,0.4489215815054349
2018-11-15,0.44270072416136097
2018-11-16,0.4368209645196599
2018-11-17,0.43123391192159083
2018-11-18,0.4258990018454323
2018-11-19,0.4207822029917863
2018-11-20,0.4158549411087253
2018-11-21,0.4110932026771396
2018-11-22,0.40647678795116243
2018-11-23,0.4019886881028718
2018-11-24,0.3981453707610614
2018-11-25,0.3951279636409295
2018-11-26,0.4912566624490875
2018-11-27,0.4152899926622538
2018-11-28,0.5930806354421636
2018-11-29,0.6216288409601768
2018-11-30,0.41942205297044066
2018-12-01,0.48545959801725275
2018-12-02,0.949244874526808
2018-12-03,0.9094494727590859
2018-12-04,0.5165733865110322
2018-12-05,0.4383375632220627
2018-12-06,0.48498207969901014
2018-12-07,1.1892859911029674
2018-12-08,1.0907130251699175
2018-12-09,1.483814929943157
2018-12-10,0.9863537201047148
2018-12-11,0.7247445592673699
2018-12-12,0.6526669622255877
2018-12-13,0.6116258730485442
2018-12-14,0.5767256143023574
2018-12-15,0.6104906951604537
2018-12-16,0.8548765186128895
2018-12-17,0.674657777632031
2018-12-18,0.5864132427821419
2018-12-19,0.5501078189372709
2018-12-20,0.6549175856398923
2018-12-21,1.5629455711172764
2018-12-22,1.2859650491308325
2018-12-23,1.6006814836761862
2018-12-24,1.1838684539480535
2018-12-25,1.0190639643424766
2018-12-26,0.9338891609780812
2018-12-27,0.8621602784889438
2018-12-28,0.801595399539604
2018-12-29,0.7503075898117868
2018-12-30,0.7200301335937609
2018-12-31,0.7518223949337531
2019-01-01,0.7856439810564714
2019-01-02,0.7043125842951158
2019-01-03,0.6602095272748284
2019-01-04,0.6364490891064051
2019-01-05,0.6555572571877325
2019-01-06,0.6177764183535265
2019-01-07,0.7457513566181406
2019-01-08,0.8848271232457647
2019-01-09,0.7332484786070124
2019-01-10,0.7043725070532103
2019-01-11,0.8346352966409989
2019-01-12,1.0673113087032329
2019-01-13,1.5351928576024803
2019-01-14,1.3241821732702004
2019-01-15,1.1308500862155573
2019-01-16,1.069687791160731
2019-01-17,1.451817023548271
2019-01-18,1.2246895354091596
2019-01-19,1.0881781400697321
2019-01-20,1.0080178009412077
2019-01-21,0.9402778948683217
2019-01-22,0.8828564624772944
2019-01-23,0.8340146624576587
2019-01-24,0.7923129550715413
2019-01-25,0.9131095654659059
2019-01-26,1.1244685421306513
2019-01-27,1.802681301093278
2019-01-28,2.602026384460564
2019-01-29,2.124311108947078
2019-01-30,2.0030167714611924
2019-01-31,1.7784791328897256
2019-02-01,1.8839334878007368
2019-02-02,2.4077154630450193
2019-02-03,2.1290174488428835
2019-02-04,1.9100155154114418
2019-02-05,1.7612981601831186
2019-02-06,1.8314314607200404
2019-02-07,2.0296810910595253
2019-02-08,2.200585457213695
2019-02-09,2.2695947969848045
2019-02-10,3.564950706575253
2019-02-11,3.269616297503896
2019-02-12,2.831515405042834
2019-02-13,2.553490538608925
2019-02-14,2.3209182778902733
2019-02-15,2.125935820463092
2019-02-16,1.962066908182435
2019-02-17,1.8239729400316698
2019-02-18,1.7072495970030201
2019-02-19,1.6082604921617534
2019-02-20,1.524000974767773
2019-02-21,1.451986518590721
2019-02-22,1.3901611740201811
2019-02-23,1.3368224110960643
2019-02-24,1.2905593659036914
2019-02-25,1.2502020576222928
2019-02-26,1.2147795932609393
2019-02-27,1.1834857420897738
2019-02-28,1.1856081315163294
2019-03-01,1.2841360252334162
2019-03-02,1.4086796406630588
2019-03-03,1.6096015547891456
2019-03-04,1.8771867022100504
2019-03-05,1.825475839910159
2019-03-06,1.7774678471753413
2019-03-07,2.4204162125764315
2019-03-08,2.7077941715823157
2019-03-09,2.709510640534475
2019-03-10,3.242588844575431
2019-03-11,3.243865245614598
2019-03-12,3.0081620606153296
2019-03-13,3.6977144312449153
2019-03-14,4.45846875681575
2019-03-15,5.408099770192245
2019-03-16,5.696615811618802
2019-03-17,5.486478146209283
2019-03-18,4.92424630679033
2019-03-19,4.388469034593201
2019-03-20,3.9676539028898774
2019-03-21,3.615944340782248
2019-03-22,3.3212918316826188
2019-03-23,3.0737908232698103
2019-03-24,2.865290490403287
2019-03-25,2.689454739244058
2019-03-26,2.5401828472005814
2019-03-27,2.412834209343854
2019-03-28,2.303922781375986
2019-03-29,2.2103340036125654
2019-03-30,2.1294918504224047
2019-03-31,2.059264852415392
2019-04-01,1.9978880816674185
2019-04-02,2.010873410008459
2019-04-03,2.0440444821245953
2019-04-04,1.98497083536813
2019-04-05,1.9294430034961207
2019-04-06,1.880355595231437
2019-04-07,1.8366825006432872
2019-04-08,1.799498298861743
2019-04-09,1.7653684913507892
2019-04-10,1.732859460718549
2019-04-11,1.7030850217907119
2019-04-12,1.6756458028466097
2019-04-13,1.6501825306732918
2019-04-14,1.6263956269302489
2019-04-15,1.6040351117518936
2019-04-16,1.5828922399957828
2019-04-17,1.5627925683510782
2019-04-18,1.5435902048988652
2019-04-19,1.5251630365009916
2019-04-20,1.5074087653393988
2019-04-21,1.4902416154601605
2019-04-22,1.473589594458275
2019-04-23,1.4573922154190317
2019-04-24,1.4832903884030901
2019-04-25,1.528707522017399
2019-04-26,1.5123891407175056
2019-04-27,1.4988962056682726
2019-04-28,1.503082419397049
2019-04-29,1.487351786454602
2019-04-30,1.4594946859338396
2019-05-01,1.4337563899045636
2019-05-02,1.4130814068589197
2019-05-03,1.409422289575243
2019-05-04,1.466056865919457
2019-05-05,1.4734370882600434
2019-05-06,1.4128213776467577
2019-05-07,1.3877678282116606
2019-05-08,1.3677703936235661
2019-05-09,1.3631679515811417
2019-05-10,1.3962915980566455
2019-05-11,1.4109909825658888
2019-05-12,1.3642579358743463
2019-05-13,1.3362250002468954
2019-05-14,1.3108309217557814
2019-05-15,1.2876591402532462
2019-05-16,1.2663626787854498
2019-05-17,1.2466523225109634
2019-05-18,1.2282868361014752
2019-05-19,1.4639187295651306
2019-05-20,1.3993880352877375
2019-05-21,1.2986630387603648
2019-05-22,1.268657132497087
2019-05-23,1.2417601166442227
2019-05-24,1.217472137293464
2019-05-25,1.1953777263032221
2019-05-26,1.175740298532947
2019-05-27,1.1687553045664252
2019-05-28,1.2807080002128672
2019-05-29,1.2450735525112528
2019-05-30,1.1820454018894513
2019-05-31,1.1581568841579324
2019-06-01,1.1364918160675364
2019-06-02,1.1172390892528352
2019-06-03,1.0993059173539683
2019-06-04,1.0982954320074783
2019-06-05,1.7900069486449561
2019-06-06,1.6854886971474947
2019-06-07,1.4033819610659692
2019-06-08,1.3049211887752294
2019-06-09,1.2581196496099067
2019-06-10,1.3141102241987817
2019-06-11,1.3745385409201194
2019-06-12,2.301941682502623
2019-06-13,2.1917690347803487
2019-06-14,2.0193458845092085
2019-06-15,2.1692832335576875
2019-06-16,1.9687137029975712
2019-06-17,1.7880630818592318
2019-06-18,1.677252067894451
2019-06-19,1.5972782323917143
2019-06-20,1.5278735230146798
2019-06-21,1.4560012918545666
2019-06-22,1.3940046146238538
2019-06-23,1.3405067417234597
2019-06-24,1.2940972622007285
2019-06-25,1.253606053409565
2019-06-26,1.218061698548002
2019-06-27,1.1866572128277306
2019-06-28,1.158721772873348
2019-06-29,1.133697381028055
2019-06-30,1.1111195895133081
2019-07-01,1.0906015670944296
2019-07-02,1.071820919704283
2019-07-03,1.0545087817638241
2019-07-04,1.0384407810786314
2019-07-05,1.0234295507258555
2019-07-06,1.0096420721487724
2019-07-07,0.9964907200300455
2019-07-08,0.9837485978544462
2019-07-09,0.9715800439449014
2019-07-10,0.9599111003299444
2019-07-11,0.9486758701436321
2019-07-12,0.9480385724860074
2019-07-13,0.953912421028424
2019-07-14,0.9345208317595876
2019-07-15,0.9224558041122175
2019-07-16,0.9109455865991967
2019-07-17,0.8999207715753835
2019-07-18,0.8893168321389998
2019-07-19,0.8790796062593048
2019-07-20,0.8698739307386222
2019-07-21,0.8607455529768248
2019-07-22,0.8512293413272339
2019-07-23,0.8419453758672629
2019-07-24,0.8328815052337863
2019-07-25,0.8240152559652474
2019-07-26,0.818329898583248
2019-07-27,1.035706725393576
2019-07-28,1.5072371221999799
2019-07-29,0.9280161961671816
2019-07-30,0.8304068818276548
2019-07-31,0.8166721554301352
2019-08-01,0.8039546721255774
2019-08-02,0.8677721098865784
2019-08-03,0.8633227625819803
2019-08-04,0.7887845310333143
2019-08-05,0.7765912359904409
2019-08-06,0.7652163581540012
2019-08-07,0.7545385620037787
2019-08-08,0.7444563251262335
2019-08-09,0.7367863176754913
2019-08-10,0.7297092696862774
2019-08-11,0.7205097498923311
2019-08-12,0.7129980683468174
2019-08-13,1.0016026124349504
2019-08-14,0.825265053523245
2019-08-15,0.7783038265259353
2019-08-16,0.7400905012246319
2019-08-17,0.7010023560376019
2019-08-18,0.9724111479099958
2019-08-19,0.749769083490763
2019-08-20,0.6847991154692264
2019-08-21,0.6742995205702199
2019-08-22,0.664495199409933
2019-08-23,0.6552833770891505
2019-08-24,0.646578048102134
2019-08-25,0.6383071890072342
2019-08-26,0.6304104408259789
2019-08-27,0.6228371808963646
2019-08-28,0.6179720688890686
2019-08-29,0.6895867994173517
2019-08-30,0.6398001388584336
2019-08-31,0.6063637597140697
2019-09-01,0.5988212393764193
2019-09-02,0.5913645267014284
2019-09-03,0.5842091227056457
2019-09-04,0.5797973317590309
2019-09-05,0.5766814240690996
2019-09-06,0.5696812371011255
2019-09-07,0.5631442544270456
2019-09-08,0.5568613362550926
2019-09-09,0.5503804649418795
2019-09-10,0.5441038771256232
2019-09-11,0.5380654380693773
2019-09-12,0.5321778260543242
2019-09-13,0.526394543458939
2019-09-14,0.52074402393664
2019-09-15,0.5152140225997672
2019-09-16,0.5097932042646635
2019-09-17,0.5044719614244204
2019-09-18,0.4992421369380213
2019-09-19,0.49409679185965083
2019-09-20,0.48903001097143456
2019-09-21,0.48403673982320344
2019-09-22,0.47959701265454774
2019-09-23,0.4755392711747031
2019-09-24,0.5974635150193762
2019-09-25,0.5784716914580345
2019-09-26,0.8797613826198143
2019-09-27,0.5999273229800229
2019-09-28,0.7244762427978486
2019-09-29,0.9015554579051529
2019-09-30,0.6383222181909887
2019-10-01,1.2147251172481242
2019-10-02,0.7391582227225476
2019-10-03,0.6207818732159629
2019-10-04,1.0155959553564788
2019-10-05,0.6715387751460623
2019-10-06,1.1420512374499212
2019-10-07,0.7653934630238431
2019-10-08,0.9223961797710484
2019-10-09,0.8356620018799391
2019-10-10,0.6821664335465174
2019-10-11,0.6268838679577989
2019-10-12,0.5985747045639694
2019-10-13,0.5744985546224576
2019-10-14,0.5537299071415654
2019-10-15,0.5357975164469532
2019-10-16,1.0025669624373998
2019-10-17,0.8125092565800758
2019-10-18,0.8380692251043421
2019-10-19,0.7873741440621768
2019-10-20,1.0038941175042726
2019-10-21,0.960174656201373
2019-10-22,0.7797024285087373
2019-10-23,0.7090727708828891
2019-10-24,0.6709089267433977
2019-10-25,0.6382571816232124
2019-10-26,0.6136670331050458
2019-10-27,0.6135086289225552
2019-10-28,0.6221870830197069
2019-10-29,0.5869719192145119
2019-10-30,0.5657652472211604
2019-10-31,0.5472795618755417
2019-11-01,0.8683919801714318
2019-11-02,0.9230467462308356
2019-11-03,1.039931501114732
2019-11-04,0.8939997547675991
2019-11-05,0.860003571654835
2019-11-06,0.8435683863667229
2019-11-07,1.104135409498121
2019-11-08,0.8942883577201076
2019-11-09,0.8014438158037073
2019-11-10,0.7538604054189401
2019-11-11,0.8074512918962057
2019-11-12,0.7999977434083662
2019-11-13,0.9008445508474984
2019-11-14,0.8048177447777789
2019-11-15,0.7438376029279334
2019-11-16,0.7063552897284316
2019-11-17,0.7258486634562056
2019-11-18,1.1331956490233075
2019-11-19,0.8999404473007879
2019-11-20,0.8013233752466872
2019-11-21,0.7571524800417322
2019-11-22,0.7194128263609412
2019-11-23,0.6870345956489364
2019-11-24,0.6591299615954197
2019-11-25,0.6349616366935068
2019-11-26,0.6360596676067493
2019-11-27,1.2316026803997906
2019-11-28,1.6421189794655195
2019-11-29,1.3250347765729937
2019-11-30,1.1619916011686955
2019-12-01,1.0710116624472465
2019-12-02,0.9942371362527408
2019-12-03,0.9292664845781724
2019-12-04,0.8741120755497822
2019-12-05,0.8312430606577382
2019-12-06,1.3264682509772945
2019-12-07,1.1775745209106208
2019-12-08,1.4239247985754784
2019-12-09,2.2286727961302137
2019-12-10,1.8541589932859637
2019-12-11,2.0021858321353223
2019-12-12,1.9415052306869327
2019-12-13,2.501850152295695
2019-12-14,2.982034038279915
2019-12-15,2.9564611031234374
2019-12-16,2.6443900691761866
2019-12-17,2.5246233161368634
2019-12-18,2.257332248049281
2019-12-19,2.0349298945643652
2019-12-20,1.8894739307594903
2019-12-21,1.9227746153698864
2019-12-22,3.1011218765170767
2019-12-23,2.9852722856398555
2019-12-24,2.7754581381525765
2019-12-25,2.794832131155706
2019-12-26,2.8039371135185203
2019-12-27,2.7098471572757172
2019-12-28,2.4436212107325828
2019-12-29,2.2353287913423645
2019-12-30,2.067492346477564
2019-12-31,1.9259621195068906
2020-01-01,1.8062431845251288
2020-01-02,1.704624491192184
2020-01-03,1.8510264848521463
2020-01-04,1.8331264971920753
2020-01-05,1.710849284922009
2020-01-06,1.6609192161589632
2020-01-07,1.6719027090370304
2020-01-08,1.9396842735777413
2020-01-09,2.1519867453799715
2020-01-10,2.498499177435575
2020-01-11,2.2929274713562258
2020-01-12,2.1052583044641895
2020-01-13,1.9995533108459078
2020-01-14,2.0427772319537736
2020-01-15,2.1545528491629433
2020-01-16,2.043147600755915
2020-01-17,1.9095539434601996
2020-01-18,1.806391221834435
2020-01-19,1.7183589382534594
2020-01-20,1.642908179435209
2020-01-21,1.577929504333131
2020-01-22,1.5216759215039504
2020-01-23,1.4726995918848644
2020-01-24,1.4297997683538055
2020-01-25,1.3919799429244943
2020-01-26,1.363634608651726
2020-01-27,1.618305759165266
2020-01-28,2.1863007677740147
2020-01-29,2.0380861699095605
2020-01-30,1.970212821601878
2020-01-31,1.9248842068391747
2020-02-01,2.558771822585959
2020-02-02,2.636749757083918
2020-02-03,3.435895086412982
2020-02-04,3.669648825864431
2020-02-05,3.325821083550743
2020-02-06,3.0052309049520516
2020-02-07,2.7582481834016943
2020-02-08,2.5832781668734275
2020-02-09,3.552413688251438
2020-02-10,4.2440835314926
2020-02-11,3.8975236655639445
2020-02-12,3.574984892332523
2020-02-13,3.9704572456255356
2020-02-14,3.851365165053245
2020-02-15,3.4797234198022013
2020-02-16,4.392429772617143
2020-02-17,4.52689145176692
2020-02-18,4.206962115872472
2020-02-19,4.1400160746409815
2020-02-20,4.46470803407079
2020-02-21,4.223995497343742
2020-02-22,4.137483833487836
2020-02-23,5.397471889031693
2020-02-24,5.804969940144591
2020-02-25,6.270334100524924
2020-02-26,6.6772450166313
2020-02-27,7.589957772499897
2020-02-28,7.742467379987269
2020-02-29,7.1443423949665394
2020-03-01,6.435428152763181
2020-03-02,6.34158369532761
2020-03-03,6.1392430449590245
2020-03-04,5.709115744600712
2020-03-05,7.1749822318810486
2020-03-06,7.73246204923005
2020-03-07,7.101630415408937
2020-03-08,6.718450647711211
2020-03-09,6.61494387990082
2020-03-10,7.998120830982
2020-03-11,9.068093512259859
2020-03-12,8.610424522992554
2020-03-13,7.788757387463235
2020-03-14,7.087929763289233
2020-03-15,6.504159927144393
2020-03-16,6.014764495551479
2020-03-17,5.603313897003903
2020-03-18,5.256253811863789
2020-03-19,4.962437407096766
2020-03-20,4.786441650085803
2020-03-21,4.666550535728155
2020-03-22,4.461111951388831
2020-03-23,4.283333586140255
2020-03-24,4.12982424921669
2020-03-25,3.9964901417716714
2020-03-26,3.8799480759450273
2020-03-27,3.777400021989038
2020-03-28,3.686530179656147
2020-03-29,3.6054204582374787
2020-03-30,3.5324810155319386
2020-03-31,3.4663931266318584
2020-04-01,3.4060621568525513
2020-04-02,3.350578821970043
2020-04-03,3.2991872512889184
2020-04-04,3.2512586395219305
2020-04-05,3.2062694937699887
2020-04-06,3.1637836615180963
2020-04-07,3.1234374721584324
2020-04-08,3.0849274442993244
2020-04-09,3.0480001090224644
2020-04-10,3.01244357936458
2020-04-11,2.9780805619120336
2020-04-12,2.9447625601769936
2020-04-13,2.9123650635413516
2020-04-14,2.88078355177419
2020-04-15,2.8499301748874117
2020-04-16,2.8197309925629788
2020-04-17,2.7901236775196527
2020-04-18,2.7612542685435195
2020-04-19,2.732812078522714
2020-04-20,2.704658162582144
2020-04-21,2.6769327263236726
2020-04-22,2.6496101960247755
2020-04-23,2.6226664018634724
2020-04-24,2.5960806505440925
2020-04-25,2.5698351652789833
2020-04-26,2.543914617683356
2020-04-27,2.5183057363028474
2020-04-28,2.522013158496143
2020-04-29,2.545436196647725
2020-04-30,2.559850751513873
2020-05-01,3.053673309534714
2020-05-02,2.855236290295158
2020-05-03,2.691075313628707
2020-05-04,2.627374764012245
2020-05-05,2.570251997834157
2020-05-06,2.518802475977683
2020-05-07,2.4721171956274692
2020-05-08,2.4294405675464454
2020-05-09,2.390144088779309
2020-05-10,2.354579930284709
2020-05-11,2.3212585635707788
2020-05-12,2.289111400130714
2020-05-13,2.2587346531511083
2020-05-14,2.229887198174881
2020-05-15,2.202353186024933
2020-05-16,2.175952138678045
2020-05-17,2.150533022945727
2020-05-18,2.1259693312457033
2020-05-19,2.1021549958933545
2020-05-20,2.0790009936945606
2020-05-21,2.056432522585832
2020-05-22,2.034386652615717
2020-05-23,2.0128103704864073
2020-05-24,1.9916589508247424
2020-05-25,1.9708945988582258
2020-05-26,1.9504853186685578
2020-05-27,1.930403969038804
2020-05-28,1.910627475392559
2020-05-29,1.891136171684135
2020-05-30,1.8719132505346305
2020-05-31,1.8529443035815996
2020-06-01,1.8342169370530168
2020-06-02,1.8157204500987998
2020-06-03,1.797445565505581
2020-06-04,1.7796894781780062
2020-06-05,2.2062085127209663
2020-06-06,1.8956140481982768
2020-06-07,1.7731158125224467
2020-06-08,1.7522412688796436
2020-06-09,1.7322278026928732
2020-06-10,1.7108515463142664
2020-06-11,1.690312612051466
2020-06-12,1.9898958489484306
2020-06-13,1.8812583127469793
2020-06-14,1.694078584868943
2020-06-15,1.6685388916246808
2020-06-16,1.694080072156608
2020-06-17,1.898528610176311
2020-06-18,1.769336195662361
2020-06-19,1.651293760778124
2020-06-20,1.623099789646852
2020-06-21,1.5980699278364436
2020-06-22,1.5746564632751296
2020-06-23,1.5518897482939256
2020-06-24,1.5304742022146733
2020-06-25,1.51023409518097
2020-06-26,1.4946540904111691
2020-06-27,1.4821580139192163
2020-06-28,1.4645510298662971
2020-06-29,1.4464173653099517
2020-06-30,1.4535903649740467
2020-07-01,2.1102937951958443
2020-07-02,1.6560768412881206
2020-07-03,1.4732441918332169
2020-07-04,1.4469257692454374
2020-07-05,1.4227832544819234
2020-07-06,1.4000510493000755
2020-07-07,1.3791879270793972
2020-07-08,1.47451595895853
2020-07-09,1.4397393022707312
2020-07-10,1.3580965060809043
2020-07-11,1.3382314261978696
2020-07-12,1.3189539523091882
2020-07-13,1.3003054424543907
2020-07-14,1.295839432852316
2020-07-15,1.3151492916913043
2020-07-16,1.2640492367957241
2020-07-17,1.2477752751672222
2020-07-18,1.2316622732871503
2020-07-19,1.216290997568388
2020-07-20,1.2015705134998425
2020-07-21,1.1874138276120114
2020-07-22,1.1737479932525556
2020-07-23,1.1605117856087948
2020-07-24,1.1476537669100904
2020-07-25,1.1352309405393304
2020-07-26,1.1232038287321724
2020-07-27,1.1112601180028976
2020-07-28,1.0995082807837422
2020-07-29,1.0879821176197264
2020-07-30,1.0766621337012712
2020-07-31,1.0655317948412113
2020-08-01,1.054577049169758
2020-08-02,1.0437859272798178
2020-08-03,1.0331482077928957
2020-08-04,1.0226551375077964
2020-08-05,1.012299197112682
2020-08-06,1.0020739049502763
2020-08-07,0.9919736525794152
2020-08-08,0.981993566917665
2020-08-09,0.9721293946156515
2020-08-10,0.9623774050340713
2020-08-11,0.9530446498506527
2020-08-12,0.9438171381620105
2020-08-13,1.0870534887221173
2020-08-14,0.9643219513179043
2020-08-15,0.919223062136271
2020-08-16,0.9663053789048107
2020-08-17,0.9157535152929434
2020-08-18,0.8941656145227949
2020-08-19,0.8846631002852625
2020-08-20,0.8753498627116157
2020-08-21,0.866259038040745
2020-08-22,0.8573192924437371
2020-08-23,0.8484925390519148
2020-08-24,0.8397861491795023
2020-08-25,0.8312012760929552
2020-08-26,0.8227371899945104
2020-08-27,0.8143878039253843
2020-08-28,0.8066587744959492
2020-08-29,0.7991168913969914
2020-08-30,0.8545824973416744
2020-08-31,0.8235694633822032
2020-09-01,0.7761300405388988
2020-09-02,0.7681562201758233
2020-09-03,0.7603895155018966
2020-09-04,0.7527725486715341
2020-09-05,0.745146151433905
2020-09-06,0.7375874592469179
2020-09-07,0.7301187798676482
2020-09-08,0.7227441144153022
2020-09-09,0.7154595628050143
2020-09-10,0.708261624953213
2020-09-11,0.7011472448670943
2020-09-12,0.6941137412262699
2020-09-13,0.6871587490894967
2020-09-14,0.6802801709219649
2020-09-15,0.6734761354347447
2020-09-16,0.666744962974927
2020-09-17,0.6600851364110386
2020-09-18,0.6534952766302907
2020-09-19,0.6469741219078485
2020-09-20,0.6405205105283219
2020-09-21,0.634133366139995
2020-09-22,0.6278116854061998
2020-09-23,0.6216690904709696
2020-09-24,0.6157697261734348
2020-09-25,1.1813905484981575
2020-09-26,1.3755096336804895
2020-09-27,1.1469861772290237
2020-09-28,0.9247845605006023
2020-09-29,0.6591486418855642
2020-09-30,0.5947850499997425
2020-10-01,0.8586898386738975
2020-10-02,0.6800307248971147
2020-10-03,0.8371620546762405
2020-10-04,0.6737529088910356
2020-10-05,0.739244140636837
2020-10-06,0.7595096380485087
2020-10-07,0.7379245713585992
2020-10-08,0.7783617350659088
2020-10-09,0.6163544302747498
2020-10-10,0.7216458505406256
2020-10-11,0.6251249952538017
2020-10-12,0.5691177450001471
2020-10-13,0.5585542356652332
2020-10-14,0.548865914534351
2020-10-15,0.5399372220408115
2020-10-16,0.531652828854973
2020-10-17,0.5239162817531376
2020-10-18,0.5166468618822905
2020-10-19,0.5097769730426814
2020-10-20,0.5060344687494241
2020-10-21,0.5170946470216132
2020-10-22,0.5255363241501272
2020-10-23,0.5091988178871389
2020-10-24,0.4955033135684453
2020-10-25,0.7262243452220677
2020-10-26,0.5528919512301222
2020-10-27,0.527715920498259
2020-10-28,1.2218937849526206
2020-10-29,0.8942083283767377
2020-10-30,0.6022059150282493
2020-10-31,0.5467930128263753
2020-11-01,0.6023043123789459
2020-11-02,0.802076295303732
2020-11-03,0.5926396644530036
2020-11-04,0.5394423207934506
2020-11-05,0.5231413587448005
2020-11-06,0.5087800472533024
2020-11-07,0.4960464077324021
2020-11-08,0.4846804051150428
2020-11-09,0.4744651669950579
2020-11-10,0.465219708921992
2020-11-11,0.45727201435349246
2020-11-12,0.450906902443095
2020-11-13,0.4505541531120214
2020-11-14,0.4512952194861
2020-11-15,0.6828463657663919
2020-11-16,0.5657177575875897
2020-11-17,0.49943481063576584
2020-11-18,0.4841057326813076
2020-11-19,0.47489020084398953
2020-11-20,0.4719749197063785
2020-11-21,0.4573416046085515
2020-11-22,0.4497802561704463
2020-11-23,0.4440813859851853
2020-11-24,0.43360839741654394
2020-11-25,0.42502538581632726
2020-11-26,0.4172126222792294
2020-11-27,0.4100512611282598
2020-11-28,0.4034419103472114
2020-11-29,0.39730139707906303
2020-11-30,0.5117301820661868
2020-12-01,0.9498932203379548
2020-12-02,0.5800623804257473
2020-12-03,0.6257622788638263
2020-12-04,0.5460350870380658
2020-12-05,0.5096951369113261
2020-12-06,0.4936161450789264
2020-12-07,0.5268866756470428
2020-12-08,0.5024951883165619
2020-12-09,0.47443324762619216
2020-12-10,0.4579745072933208
2020-12-11,0.6746538574744753
2020-12-12,0.7421423127328185
2020-12-13,0.6535054315965949
2020-12-14,0.9309300457425477
2020-12-15,1.0459699962868092
2020-12-16,0.7357867078507953
2020-12-17,0.724359824224628
2020-12-18,0.6469142362110355
2020-12-19,0.5997325437968819
2020-12-20,0.5683452704837274
2020-12-21,1.001080799630497
2020-12-22,1.0072907433118203
2020-12-23,1.5300058071177258
2020-12-24,1.3719198023133619
2020-12-25,1.1002518933194188
2020-12-26,1.000318043896929
2020-12-27,1.410111108536679
2020-12-28,1.2428265946480455
2020-12-29,1.0754337055539878
2020-12-30,1.0636143334526966
2020-12-31,1.1889242182853088
2021-01-01,0.9857547678584574
2021-01-02,0.8913789335321805
2021-01-03,0.8346951761890202
2021-01-04,0.8019259298485801
2021-01-05,0.7991062106124369
2021-01-06,0.7653182265609403
2021-01-07,1.0451852390968008
2021-01-08,1.2155754129532894
2021-01-09,1.0249599876166713
2021-01-10,0.9297644094929999
2021-01-11,1.0211733746648777
2021-01-12,2.2693677255295195
2021-01-13,1.7735873591442424
2021-01-14,1.6730501308511736
2021-01-15,1.4804051683557375
2021-01-16,1.539696603674359
2021-01-17,1.7060463455582748
2021-01-18,1.5454336862346842
2021-01-19,2.1229047724873493
2021-01-20,1.8669394223147904
2021-01-21,2.3464019667932114
2021-01-22,2.390886014447412
2021-01-23,2.823562055509687
2021-01-24,2.8386939380269993
2021-01-25,2.6629019675190206
2021-01-26,2.396648271110169
2021-01-27,2.211195997535358
2021-01-28,3.950818545851686
2021-01-29,4.724394142467622
2021-01-30,4.445260837922787
2021-01-31,3.9836538758514055
2021-02-01,3.7060992846590466
2021-02-02,4.443890533182555
2021-02-03,6.279374002239252
2021-02-04,5.989148427147125
2021-02-05,5.179754941571755
2021-02-06,5.65049252872209
2021-02-07,5.41103452637014
2021-02-08,4.772519111160399
2021-02-09,4.298200862997897
2021-02-10,3.902180377280406
2021-02-11,3.57078336835575
2021-02-12,3.292771203894123
2021-02-13,3.058899026423875
2021-02-14,2.90582953085802
2021-02-15,3.942483980465831
2021-02-16,3.6956059922272964
2021-02-17,3.4337997109450598
2021-02-18,3.634462112829182
2021-02-19,3.5260588090533544
2021-02-20,3.245582558604801
2021-02-21,3.037997466118886
2021-02-22,2.8622394142488026
2021-02-23,2.7128591251003056
2021-02-24,2.5853613005016833
2021-02-25,2.6383806274828365
2021-02-26,2.720899547122423
2021-02-27,2.587475412946151
2021-02-28,2.4776593009780497
2021-03-01,2.3830084362088146
2021-03-02,2.300982192205086
2021-03-03,2.229477146038086
2021-03-04,2.2651053052056365
2021-03-05,2.3297926600766172
2021-03-06,2.228692177499682
2021-03-07,2.1622172876961008
2021-03-08,2.104883203116611
2021-03-09,2.080979427769179
2021-03-10,2.096386750873957
2021-03-11,2.096193113451846
2021-03-12,2.2431469206083223
2021-03-13,3.1712935723600295
2021-03-14,3.271309929354333
2021-03-15,3.3591799861311986
2021-03-16,3.752095110553292
2021-03-17,3.616488861569417
2021-03-18,3.3114391651378132
2021-03-19,3.092537212519471
2021-03-20,2.906428190521844
2021-03-21,2.748441302012973
2021-03-22,2.6138048564847423
2021-03-23,2.4985559227399547
2021-03-24,2.399420166309841
2021-03-25,2.313690165323304
2021-03-26,2.257161875237665
2021-03-27,2.2357180086621575
2021-03-28,2.190003968810338
2021-03-29,2.129704913313538
2021-03-30,2.0758812824137327
2021-03-31,2.0279758528188396
2021-04-01,1.9850297734067555
2021-04-02,1.946246332048819
2021-04-03,1.910963087305577
2021-04-04,1.8786420752027562
2021-04-05,1.956803747677683
2021-04-06,2.8280695507144684
2021-04-07,3.09173030326327
2021-04-08,2.9353132942379605
2021-04-09,2.7305089995359797
2021-04-10,3.435124188704171
2021-04-11,3.4940138959392226
2021-04-12,3.2020490193158797
2021-04-13,3.0371771195674646
2021-04-14,2.85127686552527
2021-04-15,2.692756608291892
2021-04-16,2.5577696640608245
2021-04-17,2.4423220621121913
2021-04-18,2.3431135422206393
2021-04-19,2.25741503497453
2021-04-20,2.182968151713714
2021-04-21,2.117902659574999
2021-04-22,2.0606686667878367
2021-04-23,2.0099808506369143
2021-04-24,1.9647725530035052
2021-04-25,1.9241579682466943
2021-04-26,1.8874009731630157
2021-04-27,1.853889413161366
2021-04-28,1.8231138741178905
2021-04-29,1.7947714798022603
2021-04-30,1.7683591497110316
2021-05-01,1.7434939967261365
2021-05-02,1.7200459901728469
2021-05-03,1.7068312019984873
2021-05-04,1.7474314685072148
2021-05-05,1.8132278398866752
2021-05-06,1.8752689746512343
2021-05-07,1.827669726167023
2021-05-08,1.7694037020709033
2021-05-09,1.7311633242317985
2021-05-10,1.6966862843450754
2021-05-11,1.6653731274973416
2021-05-12,1.6464871212427807
2021-05-13,2.0581257480972592
2021-05-14,1.9530756093542818
2021-05-15,1.8580046139733264
2021-05-16,1.87957149633543
2021-05-17,1.8772436489781237
2021-05-18,1.8319039627052194
2021-05-19,1.7911751506244729
2021-05-20,1.7669863883617538
2021-05-21,1.7174403273999195
2021-05-22,2.3826036874481007
2021-05-23,2.30849254727562
2021-05-24,2.282213120544188
2021-05-25,2.558107544327631
2021-05-26,2.324172768147101
2021-05-27,2.151658952001561
2021-05-28,2.0465485591648553
2021-05-29,1.956478952559978
2021-05-30,1.8789304663244284
2021-05-31,1.8118125975668964
2021-06-01,1.7533929473830445
2021-06-02,1.7022349102377463
2021-06-03,1.6571463753616447
2021-06-04,2.732952713750191
2021-06-05,2.520329712141512
2021-06-06,2.2283295140261226
2021-06-07,2.1084853623745907
2021-06-08,2.006201971404726
2021-06-09,1.9185223562184248
2021-06-10,1.8429988841333576
2021-06-11,1.777604148255841
2021-06-12,1.720657684626216
2021-06-13,1.6707656702017186
2021-06-14,1.626771264996331
2021-06-15,1.5877136893833568
2021-06-16,1.5527944756139433
2021-06-17,1.5666780119917887
2021-06-18,1.8069293237962283
2021-06-19,2.031007972081237
2021-06-20,2.0092932354944555
2021-06-21,2.847398062160036
2021-06-22,2.710133353365073
2021-06-23,2.319289365357817
2021-06-24,2.1297887131806394
2021-06-25,2.01591225518866
2021-06-26,1.918694865381159
2021-06-27,1.857053917797861
2021-06-28,1.8203505207031299
2021-06-29,2.2457461592118695
2021-06-30,3.0308584023493954
2021-07-01,2.4916723430747045
2021-07-02,2.2402463770196492
2021-07-03,2.367239159372197
2021-07-04,2.6946968027958547
2021-07-05,2.4751339102489283
2021-07-06,2.2539512389016276
2021-07-07,2.130875874205043
2021-07-08,2.023901607145041
2021-07-09,1.9323233584388693
2021-07-10,2.1775857846282407
2021-07-11,2.20854146106046
2021-07-12,2.027373241389349
2021-07-13,1.93969015483514
2021-07-14,2.5469942863627493
2021-07-15,4.795682770651236
2021-07-16,3.9930582573301674
2021-07-17,3.447356220312102
2021-07-18,3.158712226463384
2021-07-19,2.91643092850426
2021-07-20,2.712493001373066
2021-07-21,2.540294928985488
2021-07-22,2.394394481704301
2021-07-23,2.2703028218141186
2021-07-24,2.235562274155801
2021-07-25,2.174462691118185
2021-07-26,2.1016834533465913
2021-07-27,2.057975518541237
2021-07-28,1.9878699052171316
2021-07-29,1.9203877277822226
2021-07-30,1.861479583770836
2021-07-31,1.8144222437766733
2021-08-01,1.8328179804692992
2021-08-02,1.830138963603196
2021-08-03,1.7787722391651692
2021-08-04,1.734898634835879
2021-08-05,1.6947730177181926
2021-08-06,1.678939945783017
2021-08-07,2.009476727756825
2021-08-08,1.9753539121924033
2021-08-09,1.8584675025817914
2021-08-10,1.846476721897395
2021-08-11,1.7783786581538008
2021-08-12,1.7112719075149065
2021-08-13,1.665879995061317
2021-08-14,1.625621942630781
2021-08-15,1.5896919901790945
2021-08-16,1.5671354604311907
2021-08-17,1.6483837733880096
2021-08-18,1.7141143229871636
2021-08-19,1.6086850878067824
2021-08-20,1.567406403802439
2021-08-21,2.013606868061548
2021-08-22,2.3120883110037997
2021-08-23,2.097820288541291
2021-08-24,1.938327562127719
2021-08-25,1.850516429616249
2021-08-26,1.774975432293058
2021-08-27,1.709682700948207
2021-08-28,1.6529356688228487
2021-08-29,1.6033223691609828
2021-08-30,1.5596710550816233
2021-08-31,1.5210086893154593
2021-09-01,1.4865267171489316
2021-09-02,1.4555528244501958
2021-09-03,1.4275276178133363
2021-09-04,1.401985355696797
2021-09-05,1.3785380160701026
2021-09-06,1.3568621140905697
2021-09-07,1.3366877880312122
2021-09-08,1.3177897573880006
2021-09-09,1.2999798273115841
2021-09-10,1.3368764741399115
2021-09-11,1.3809980804684863
2021-09-12,1.3489304641051099
2021-09-13,1.321977485629604
2021-09-14,1.3023347115687107
2021-09-15,1.3119695822832
2021-09-16,1.291109136069507
2021-09-17,1.2638223339826615
2021-09-18,1.2423095298535756
2021-09-19,1.2224566265036045
2021-09-20,1.2040103326075002
2021-09-21,1.1867591401116233
2021-09-22,1.1705263127471206
2021-09-23,1.1551640672767671
2021-09-24,1.1405487417532099
2021-09-25,1.126576781056886
2021-09-26,1.1131613995834826
2021-09-27,1.10430290228751
2021-09-28,1.0982831126557486
2021-09-29,1.1408399634068263
2021-09-30,1.1764319439840565
2021-10-01,1.13485534087591
2021-10-02,1.6061288163771554
2021-10-03,2.314195019442511
2021-10-04,1.6943629573250458
2021-10-05,1.834047061200886
2021-10-06,2.087242693112239
2021-10-07,1.8396291714478004
2021-10-08,1.673630010856973
2021-10-09,1.5793099053742516
2021-10-10,1.4989015378976118
2021-10-11,1.4404570890000856
2021-10-12,2.0891799559836133
2021-10-13,1.8956484469210784
2021-10-14,1.6897319918536393
2021-10-15,1.6081972118105956
2021-10-16,1.5418635591377579
2021-10-17,1.4698036446874578
2021-10-18,1.4098876402323413
2021-10-19,1.3885917714827285
2021-10-20,1.784734479706702
2021-10-21,2.183172855255597
2021-10-22,2.0923846489612843
2021-10-23,1.900338746648047
2021-10-24,1.7625095580619365
2021-10-25,1.6620203163616702
2021-10-26,1.5764021022343417
2021-10-27,1.503154393816054
2021-10-28,1.4402064478279974
2021-10-29,1.4213438168594015
2021-10-30,1.8303726573648846
2021-10-31,2.715319985300809
2021-11-01,2.499485577401346
2021-11-02,2.2320328692691227
2021-11-03,2.0648709743627984
2021-11-04,1.9651157017162566
2021-11-05,1.8957233628077355
2021-11-06,1.780425176132237
2021-11-07,1.6992290681154676
2021-11-08,1.6326950742121626
2021-11-09,1.5611818300084328
2021-11-10,1.499561988734298
2021-11-11,1.4461927941060793
2021-11-12,1.4533846153587093
2021-11-13,1.5917839779687863
2021-11-14,1.5700056744240873
2021-11-15,1.4913942029696543
2021-11-16,1.437063503600708
2021-11-17,1.3898016459046911
2021-11-18,1.3484445214577923
2021-11-19,1.3120254296487535
2021-11-20,1.29302549678672
2021-11-21,1.3215059938892357
2021-11-22,1.321730542604664
2021-11-23,1.2845519502089224
2021-11-24,1.2526332893918826
2021-11-25,1.225920142679484
2021-11-26,1.916017703251095
2021-11-27,2.071766149222104
2021-11-28,2.006056281480657
2021-11-29,2.014881213719135
2021-11-30,2.625982913386114
2021-12-01,3.029805338728309
2021-12-02,2.92161915448256
2021-12-03,2.7077834043575337
2021-12-04,2.937532806674513
2021-12-05,2.7725328895297
2021-12-06,3.1648281734972685
2021-12-07,3.1639977423245784
2021-12-08,2.902058590638447
2021-12-09,2.657012988909837
2021-12-10,2.903483660259098
2021-12-11,2.8732985315950583
2021-12-12,2.8047889023437356
2021-12-13,2.606331630957676
2021-12-14,2.417247444841465
2021-12-15,2.2668453649170774
2021-12-16,2.1392338927213266
2021-12-17,2.030543994791559
2021-12-18,1.9375778109731139
2021-12-19,1.8576902978049123
2021-12-20,1.7886920954013048
2021-12-21,1.7287697452124071
2021-12-22,1.6764201056337515
2021-12-23,1.6585649224970582
2021-12-24,1.873936307301039
2021-12-25,2.5000345992473605
2021-12-26,2.415198234758534
2021-12-27,2.3148141957227892
2021-12-28,3.8248803931415143
2021-12-29,4.0921953901541865
2021-12-30,3.7843052479863135
2021-12-31,3.441240971616479
2022-01-01,3.167365058804968
2022-01-02,3.236261260375945
2022-01-03,3.0968003727074405
2022-01-04,3.5742974446425646
2022-01-05,3.54678854529824
2022-01-06,3.293166582906759
2022-01-07,3.174918167078385
2022-01-08,4.066630352768844
2022-01-09,4.461185098449826
2022-01-10,4.052598266703067
2022-01-11,3.697353381819388
2022-01-12,3.423626999911324
2022-01-13,3.1816463235109445
2022-01-14,2.9773109077354145
2022-01-15,2.8042996007915035
2022-01-16,2.6572588405087605
2022-01-17,2.5317661771299655
2022-01-18,2.424169719977348
2022-01-19,2.410298439389418
2022-01-20,2.5070092352219056
2022-01-21,2.439528688062857
2022-01-22,2.3371648712101543
2022-01-23,2.2544805315202123
2022-01-24,2.182519456761346
2022-01-25,2.1195019147918552
2022-01-26,2.0639528200820396
2022-01-27,2.039230563191159
2022-01-28,2.0325170079157044
2022-01-29,1.984960372818569
2022-01-30,2.0020263736832873
2022-01-31,2.4360377037050216
2022-02-01,2.5262293250309176
2022-02-02,2.392959553166436
2022-02-03,2.281179224811107
2022-02-04,2.3600009819971537
2022-02-05,2.6441806185537025
2022-02-06,4.894076815043429
2022-02-07,5.144622853595587
2022-02-08,4.579638718435839
2022-02-09,4.161206775690182
2022-02-10,4.063769669632554
2022-02-11,3.833223329011892
2022-02-12,3.52916635049332
2022-02-13,3.2908742525586407
2022-02-14,3.1437960110347007
2022-02-15,3.799597502720975
2022-02-16,4.440713220496508
2022-02-17,4.331557918475651
2022-02-18,4.1903938863698125
2022-02-19,4.673011668994151
2022-02-20,6.356952554270838
2022-02-21,7.134149034016583
2022-02-22,6.801891738972564
2022-02-23,6.191060121859216
2022-02-24,6.1587912161697
2022-02-25,5.90753057124862
2022-02-26,5.36231738392502
2022-02-27,4.931410587094224
2022-02-28,4.569250457125168
2022-03-01,4.264270326046995
2022-03-02,4.006587673179021
2022-03-03,3.7880641781931135
2022-03-04,3.6019924793613414
2022-03-05,3.4428402043268886
2022-03-06,3.3060406035754304
2022-03-07,3.187821144099477
2022-03-08,3.0850630547819713
2022-03-09,2.9951861337673726
2022-03-10,2.916054193696691
2022-03-11,2.8458973827780896
2022-03-12,2.78324831792202
2022-03-13,2.7268895323595816
2022-03-14,2.6758101997625974
2022-03-15,2.629170470352997
2022-03-16,2.5862720582789316
2022-03-17,2.5465339668916998
2022-03-18,2.5094724401588837
2022-03-19,2.474684392913543
2022-03-20,2.4418337069310754
2022-03-21,2.4106398895778884
2022-03-22,2.380868681551939
2022-03-23,2.352324273733087
2022-03-24,2.3248428533827465
2022-03-25,2.2982872493159614
2022-03-26,2.272542486197501
2022-03-27,2.2475120914007
2022-03-28,2.223115025228273
2022-03-29,2.199283127800281
2022-03-30,2.1760806518695364
2022-03-31,2.178084346831658
2022-04-01,2.1969788688873084
2022-04-02,2.1789948616259047
2022-04-03,2.1507313573845526
2022-04-04,2.347146198875089
2022-04-05,2.8284294891935464
2022-04-06,2.9850766363255423
2022-04-07,3.4739446648426817
2022-04-08,3.2568848608386545
2022-04-09,3.021018971791623
2022-04-10,2.866980432522034
2022-04-11,2.7353690601005525
2022-04-12,2.62238747039042
2022-04-13,2.524938869868882
2022-04-14,2.4403674402039366
2022-04-15,2.3665094076134348
2022-04-16,2.30161909479723
2022-04-17,2.244220792779381
2022-04-18,2.1930903943544413
2022-04-19,2.147211788436699
2022-04-20,2.105740932247822
2022-04-21,2.067976227164539
2022-04-22,2.033334074219034
2022-04-23,2.001328689057805
2022-04-24,1.9715554223704534
2022-04-25,1.9439591176980766
2022-04-26,1.917858857973049
2022-04-27,1.89291841065649
2022-04-28,1.8691659905910065
2022-04-29,1.846439443092655
2022-04-30,1.8246001961034335
2022-05-01,1.803532188655766
2022-05-02,1.7831381224147982
2022-05-03,1.7633363463337084
2022-05-04,1.7440582659773816
2022-05-05,1.725246187916173
2022-05-06,1.7068515251132446
2022-05-07,1.6896371791480644
2022-05-08,1.672307817403432
2022-05-09,1.654809192451445
2022-05-10,1.637616798487637
2022-05-11,1.6207090141807232
2022-05-12,1.6040650122052247
2022-05-13,1.5876670564292221
2022-05-14,1.5715000036683264
2022-05-15,1.5555508870840224
2022-05-16,1.5398085676777151
2022-05-17,1.5242634426091684
2022-05-18,1.5089325507624372
2022-05-19,1.5659826634361158
2022-05-20,1.5871301794875574
2022-05-21,1.5155400041370248
2022-05-22,1.4874610056931223
2022-05-23,1.6620015868133609
2022-05-24,1.6583025349319722
2022-05-25,1.5150978738868854
2022-05-26,1.4871079904339772
2022-05-27,1.4637978119606923
2022-05-28,1.4411542579401868
2022-05-29,1.4281131953695072
2022-05-30,1.4178280430846995
2022-05-31,1.3975236172994723
2022-06-01,1.3780786794575255
2022-06-02,1.3591437851328048
2022-06-03,1.3411980969662138
2022-06-04,1.3242557637820243
2022-06-05,2.951128480619618
2022-06-06,2.0147401871225807
2022-06-07,1.696041407946728
2022-06-08,2.273427805020345
2022-06-09,2.1524341656610524
2022-06-10,1.8924951596670248
2022-06-11,1.7737287701794742
2022-06-12,1.6942591792370072
2022-06-13,1.6258817234832723
2022-06-14,1.5667451929328322
2022-06-15,1.515315306361958
2022-06-16,1.4703195898803285
2022-06-17,1.4307019944559018
2022-06-18,1.3955855034701476
2022-06-19,1.3642413007939105
2022-06-20,1.336063329922057
2022-06-21,1.310547286623553
2022-06-22,1.2872732604213553
2022-06-23,1.2937672133992333
2022-06-24,2.371298606941305
2022-06-25,1.8562773538020183
2022-06-26,1.591869248709034
2022-06-27,1.5664659894035449
2022-06-28,1.540052410614812
2022-06-29,1.4457336910982919
2022-06-30,1.4284079503888674
2022-07-01,1.4238781887900966
2022-07-02,1.3741574180536331
2022-07-03,1.3348492932614946
2022-07-04,1.3001454708414883
2022-07-05,1.2692984534550442
2022-07-06,1.2416866591020363
2022-07-07,1.2167928761843732
2022-07-08,1.194186460206554
2022-07-09,1.1735086123040768
2022-07-10,1.1544601979961657
2022-07-11,1.1367916612395221
2022-07-12,1.1202946680012194
2022-07-13,1.1047951784066685
2022-07-14,1.0901476996808241
2022-07-15,1.0762305157243894
2022-07-16,1.0629417249909536
2022-07-17,1.050195947772458
2022-07-18,1.0379215882144102
2022-07-19,1.0260585563114517
2022-07-20,1.0165586431205065
2022-07-21,1.2729737993087815
2022-07-22,1.0967898955339617
2022-07-23,1.0169097602620323
2022-07-24,1.0022560058679668
2022-07-25,0.9884759248050035
2022-07-26,0.9757440222029027
2022-07-27,0.9635608606319771
2022-07-28,0.9516609149213439
2022-07-29,0.9402428314854187
2022-07-30,0.9292476645059455
2022-07-31,0.9186215319563162
2022-08-01,0.9083191583513534
2022-08-02,0.8983024620785421
2022-08-03,0.8885393777316232
2022-08-04,0.879307423303212
2022-08-05,0.8703379348849577
2022-08-06,0.8611999067637167
2022-08-07,0.8521431016125885
2022-08-08,0.8432506935494669
2022-08-09,0.8345110626433855
2022-08-10,0.8259125526490106
2022-08-11,0.8174452384620806
2022-08-12,0.8091006486620004
2022-08-13,0.8008715332302482
2022-08-14,0.7927516689983807
2022-08-15,0.7847608827529097
2022-08-16,0.7768739607665246
2022-08-17,1.0777560519617235
2022-08-18,0.8583741728745092
2022-08-19,0.7630755198160437
2022-08-20,0.7545263814635254
2022-08-21,0.7461164200747623
2022-08-22,0.737930263992938
2022-08-23,0.7299455297213511
2022-08-24,0.7221410955619847
2022-08-25,0.7144991308369089
2022-08-26,0.7070051284116602
2022-08-27,0.6996457322347182
2022-08-28,0.6924094892188223
2022-08-29,0.6852878320226147
2022-08-30,0.6782729414246588
2022-08-31,0.6713581157319638
2022-09-01,0.6645376150925607
2022-09-02,0.6578065082913253
2022-09-03,0.6511605443779634
2022-09-04,0.6445960450533735
2022-09-05,0.6382471894589506
2022-09-06,0.6321780637372062
2022-09-07,0.6262183314941563
2022-09-08,1.1315344766345772
2022-09-09,1.0152442506222807
2022-09-10,1.0366689058704166
2022-09-11,0.6790365929774795
2022-09-12,0.6067195717117342
2022-09-13,0.6059271687111085
2022-09-14,1.5011144110028158
2022-09-15,0.7485629068161206
2022-09-16,0.6909813306340805
2022-09-17,0.9384709013444547
2022-09-18,1.331103040867289
2022-09-19,0.7475284928990223
2022-09-20,0.6322319862075864
2022-09-21,0.6171933275637586
2022-09-22,0.6037256370640721
2022-09-23,0.593780288943062
2022-09-24,0.617719721169522
2022-09-25,0.6030330946819684
2022-09-26,1.1703146673838905
2022-09-27,1.5289533139250053
2022-09-28,0.8810873903544993
2022-09-29,0.7381778682831914
2022-09-30,0.7186567535643814
2022-10-01,1.0245187092921524
2022-10-02,0.8693420961187995
2022-10-03,0.730837050539701
2022-10-04,0.6940988968630109
2022-10-05,0.6726388681723887
2022-10-06,0.6554381348476338
2022-10-07,0.6326694868235697
2022-10-08,0.61439541529986
2022-10-09,0.5982579961120315
2022-10-10,0.5836294668212588
2022-10-11,0.5705502318512646
2022-10-12,0.5587769409267709
2022-10-13,0.5499013201244662
2022-10-14,0.5458273212687268
2022-10-15,0.536987720306362
2022-10-16,0.5294785402908976
2022-10-17,0.5612902213848422
2022-10-18,0.5620165564451279
2022-10-19,0.5413671204419764
2022-10-20,0.5488014113021749
2022-10-21,0.7205893679359078
2022-10-22,0.6092016764426094
2022-10-23,0.6936920399904071
2022-10-24,0.8705386533375762
2022-10-25,0.678725914236789
2022-10-26,0.6121568537101546
2022-10-27,0.5896206868364998
2022-10-28,0.5699957903080762
2022-10-29,0.5528084646676601
2022-10-30,0.5376643228448803
2022-10-31,0.5242348125369914
2022-11-01,0.5122460622222615
2022-11-02,0.5014696441710759
2022-11-03,0.5107088949188591
2022-11-04,0.537745072654589
2022-11-05,0.5236134936121523
2022-11-06,0.671981148125241
2022-11-07,0.576552230591436
2022-11-08,0.5320140803525852
2022-11-09,0.5164955253446994
2022-11-10,0.502791071314931
2022-11-11,0.49060986847966387
2022-11-12,0.47970938900029303
2022-11-13,0.46988727783546325
2022-11-14,0.460974597502075
2022-11-15,0.6041500049666509
2022-11-16,1.1058794291832574
2022-11-17,1.162972151945638
2022-11-18,1.0282989961137388
2022-11-19,0.9941570894899798
2022-11-20,1.0539678876287788
2022-11-21,1.1661738777603388
2022-11-22,0.9573302692653414
2022-11-23,1.1491387866014546
2022-11-24,0.9774986172135883
2022-11-25,0.9339976948534544
2022-11-26,0.8532375955227423
2022-11-27,1.109985561271151
2022-11-28,1.1515183644141649
2022-11-29,0.96620777318202
2022-11-30,0.8805345541207159
2022-12-01,0.8251848340141387
2022-12-02,0.7781229815885249
2022-12-03,0.7379633346674687
2022-12-04,0.7035567821576669
2022-12-05,0.8237569581428265
2022-12-06,0.7576728480232847
2022-12-07,0.799728285987448
2022-12-08,0.8313952723086344
2022-12-09,0.7568262589667084
2022-12-10,0.7135557704298495
2022-12-11,0.6830743832188847
2022-12-12,0.6567381127084703
2022-12-13,0.6338659358284168
2022-12-14,0.61389164963072
2022-12-15,0.596344214235205
2022-12-16,0.5808315127208478
2022-12-17,0.5670269245228007
2022-12-18,0.5546582172360769
2022-12-19,1.1312838804029808
2022-12-20,2.1148274724211125
2022-12-21,1.9915279064121483
2022-12-22,2.2082506425185073
2022-12-23,2.85328851920009
2022-12-24,2.559704063765762
2022-12-25,3.3473047518321675
2022-12-26,2.931591822935968
2022-12-27,2.518526561888139
2022-12-28,2.4945689821420802
2022-12-29,2.6797388095226684
2022-12-30,2.997423840065395
2022-12-31,3.245488632048208
2023-01-01,3.241921622842566
2023-01-02,3.227796681822241
2023-01-03,2.980886267547407
2023-01-04,3.243052721842545
2023-01-05,3.0873191639693016
2023-01-06,2.911690130888323
2023-01-07,2.7564603110382024
2023-01-08,2.8690702153107814
2023-01-09,2.8401216677348677
2023-01-10,3.0383785830806898
2023-01-11,3.8300547105091987
2023-01-12,5.8134225107735835
2023-01-13,5.698495555019214
2023-01-14,6.162707016911987
2023-01-15,6.017471279247865
2023-01-16,6.090732369832447
2023-01-17,5.601414173770441
2023-01-18,5.255651939710641
2023-01-19,5.323873803367527
2023-01-20,6.032293823129646
2023-01-21,5.649541738631977
2023-01-22,5.088207741756704
2023-01-23,4.995929305690418
2023-01-24,4.853632374013007
2023-01-25,4.443653989029816
2023-01-26,4.178446633982706
2023-01-27,3.9177713531254312
2023-01-28,3.6417597397049857
2023-01-29,3.414926698740968
2023-01-30,3.22279307646966
2023-01-31,3.0689961937207624
2023-02-01,2.9432833575601243
2023-02-02,2.8189705340008415
2023-02-03,2.8315021364989352
2023-02-04,3.044100967507502
2023-02-05,2.998799711147772
2023-02-06,2.849419109999722
2023-02-07,2.7333851295333633
2023-02-08,2.6360893170464306
2023-02-09,2.551480559961699
2023-02-10,2.477444631680018
2023-02-11,2.41223075726565
2023-02-12,2.3543880729649094
2023-02-13,2.302713380710365
2023-02-14,2.25620815466797
2023-02-15,2.214043133166188
2023-02-16,2.1785736175214994
2023-02-17,2.15829155485129
2023-02-18,2.177362514826737
2023-02-19,2.1917293656400045
2023-02-20,2.148531506585042
2023-02-21,2.108632727905069
2023-02-22,2.1169548592254146
2023-02-23,2.224768874764358
2023-02-24,2.2514036930253263
2023-02-25,2.1821189800770484
2023-02-26,2.1287676199296803
2023-02-27,2.081002569097355
2023-02-28,2.038098020253508
2023-03-01,1.999271923881893
2023-03-02,1.9638745839752143
2023-03-03,1.9313658612444877
2023-03-04,1.9012963673002536
2023-03-05,1.873950670579153
2023-03-06,2.1357330723587324
2023-03-07,3.644530205822688
2023-03-08,4.45527995513672
2023-03-09,5.9004153958665215
2023-03-10,6.75267395169685
2023-03-11,6.3255663321702
2023-03-12,5.651615626545323
2023-03-13,5.218178385138457
2023-03-14,4.998990980114163
2023-03-15,4.942689450156637
2023-03-16,4.564243335439895
2023-03-17,4.192470195722504
2023-03-18,3.953521664528026
2023-03-19,3.762828981466146
2023-03-20,3.5675424204598714
2023-03-21,3.4096708613785105
2023-03-22,3.320512586706407
2023-03-23,3.44751319278966
2023-03-24,3.826550370539923
2023-03-25,4.545725649172603
2023-03-26,5.371472049276943
2023-03-27,5.159068536557967
2023-03-28,4.68769100124462
2023-03-29,4.342957890618071
2023-03-30,4.263496399156775
2023-03-31,5.281421333834714
2023-04-01,6.443285793399312
2023-04-02,6.115624023979041
2023-04-03,5.518510252331832
2023-04-04,5.0783931965995714
2023-04-05,4.708895065618963
2023-04-06,4.605160280825203
2023-04-07,4.59220819646896
2023-04-08,4.303088068225966
2023-04-09,4.058654089245858
2023-04-10,3.920457856392858
2023-04-11,3.93280350716376
2023-04-12,4.450356725321639
2023-04-13,4.612259255119556
2023-04-14,4.2880896692177055
2023-04-15,4.051479122053236
2023-04-16,3.8496018512682917
2023-04-17,3.677066563067381
2023-04-18,3.5288870217073325
2023-04-19,3.4009455316587593
2023-04-20,3.307317230596777
2023-04-21,3.292297807311929
2023-04-22,3.3027729833892683
2023-04-23,3.7681090816431797
2023-04-24,4.664888101945063
2023-04-25,4.443369960846871
2023-04-26,4.129293188512658
2023-04-27,3.9089465530503738
2023-04-28,3.7362158366034244
2023-04-29,3.5847808374341317
2023-04-30,3.4434442423662897
2023-05-01,3.320996844159314
2023-05-02,3.2145530125112125
2023-05-03,3.1214380368891024
2023-05-04,3.03943835720789
2023-05-05,3.1762293612344465
2023-05-06,3.282112491146138
2023-05-07,3.1684100351820246
2023-05-08,3.0961675809261826
2023-05-09,4.173540241494245
2023-05-10,5.026994165573319
2023-05-11,4.941300687144819
2023-05-12,4.807776197506026
2023-05-13,4.4834597484068786
2023-05-14,4.178695383314007
2023-05-15,3.9436296004780225
2023-05-16,3.7438055119314
2023-05-17,3.5731889881735817
2023-05-18,3.4268038838526578
2023-05-19,3.3005432543116875
2023-05-20,3.1910148688096296
2023-05-21,3.095414671125503
2023-05-22,3.0114230372565953
2023-05-23,2.9371196477006385
2023-05-24,2.870913573963804
2023-05-25,2.8114858118491246
2023-05-26,2.7577420068416
2023-05-27,2.708773532805397
2023-05-28,2.6638254229197633
2023-05-29,2.6222699262987796
2023-05-30,2.583584687124627
2023-05-31,2.547334725083879
2023-06-01,2.5131575442598613
2023-06-02,2.480750818720478
2023-06-03,2.4498622019575813
2023-06-04,2.4202808882134796
2023-06-05,2.3918306199202415
2023-06-06,2.364363889692967
2023-06-07,2.337757129762816
2023-06-08,2.311906718200567
2023-06-09,2.286725661223348
2023-06-10,2.262140835482483
2023-06-11,2.238090694465651
2023-06-12,2.214523359800635
2023-06-13,2.1913950319646363
2023-06-14,2.1686686662088235
2023-06-15,2.146312868832782
2023-06-16,2.1243009766402303
2023-06-17,2.1026102887644575
2023-06-18,2.0812214253060266
2023-06-19,2.0601177915706748
2023-06-20,2.1345069496189315
2023-06-21,2.0757101695850717
2023-06-22,3.0302997910513985
2023-06-23,2.3082913790078217
2023-06-24,2.100919995299946
2023-06-25,2.0633992576012576
2023-06-26,2.0289735734892482
2023-06-27,1.997160255328101
2023-06-28,1.967557501648345
2023-06-29,1.9400315178075942
2023-06-30,1.914040844498875
2023-07-01,1.890453540733091
2023-07-02,1.8678659286194845
2023-07-03,1.8449897644820743
2023-07-04,1.8246212107875106
2023-07-05,1.810391245445545
2023-07-06,1.7933337232084783
2023-07-07,1.772059747688014
2023-07-08,1.7514446590087707
2023-07-09,1.7315186192456407
2023-07-10,1.7121876278790606
2023-07-11,1.693759684105953
2023-07-12,1.6767755821060681
2023-07-13,1.6620601771499637
2023-07-14,1.646564039136497
2023-07-15,1.6320195507601254
2023-07-16,1.6206492679807063
2023-07-17,1.6061448474434499
2023-07-18,1.6016625234640542
2023-07-19,1.5689092411992942
2023-07-20,1.5516971687945837
2023-07-21,1.5351737444874596
2023-07-22,1.51903048754813
2023-07-23,2.057456836008329
2023-07-24,2.614025006975095
2023-07-25,1.7705557058910701
2023-07-26,1.6577521764677068
2023-07-27,2.114933170437085
2023-07-28,1.7502671231784124
2023-07-29,1.6374770503353897
2023-07-30,2.1335305178012685
2023-07-31,2.914035623225235
2023-08-01,2.3331816980007365
2023-08-02,2.854233295276304
2023-08-03,2.983343779996073
2023-08-04,2.5458231690060296
2023-08-05,2.594539553812876
2023-08-06,3.460572342130259
2023-08-07,2.9246419895850164
2023-08-08,2.706338805805044
2023-08-09,2.641894088857146
2023-08-10,2.462901274549761
2023-08-11,2.3738228940639545
2023-08-12,2.7646768574279736
2023-08-13,2.5142680659999446
2023-08-14,2.3004719568893175
2023-08-15,2.1810994572227007
2023-08-16,2.079165513568053
2023-08-17,1.991717120316246
2023-08-18,1.9163137647284545
2023-08-19,1.850936925002853
2023-08-20,1.7939158368901251
2023-08-21,1.743866549226495
2023-08-22,1.6996418453726614
2023-08-23,1.6602900579834046
2023-08-24,1.7068550877092832
2023-08-25,2.325322553056989
2023-08-26,2.132905537183266
2023-08-27,1.9836409980157583
2023-08-28,1.9377098646237514
2023-08-29,1.8669071792907523
2023-08-30,1.8130574708883567
2023-08-31,1.7655350109092707
2023-09-01,2.3108822526452615
2023-09-02,2.1163799819366056
2023-09-03,1.9281235689805962
2023-09-04,1.8494258507695778
2023-09-05,1.7814341348826004
2023-09-06,1.7223633244453307
2023-09-07,1.6707343410512288
2023-09-08,1.6253207929528963
2023-09-09,1.5851050920220182
2023-09-10,1.5492423164583229
2023-09-11,1.5355125779133703
2023-09-12,1.8504878391340724
2023-09-13,1.7427020945012401
2023-09-14,1.6257223430059824
2023-09-15,1.5787728520026005
2023-09-16,1.5641754115918503
2023-09-17,1.5738540402592205
2023-09-18,1.7138107432768868
2023-09-19,1.6479705491760235
2023-09-20,1.5640503240095747
2023-09-21,1.9123681762084397
2023-09-22,2.428112162166063
2023-09-23,2.1676531459345947
2023-09-24,1.9789079298998982
2023-09-25,1.877217810644596
2023-09-26,1.789900185999793
2023-09-27,1.7148969657516782
2023-09-28,1.6501501159690346
2023-09-29,1.5977970007842808
2023-09-30,1.5521050961407283
2023-10-01,1.508144267889789
2023-10-02,1.469213153683097
2023-10-03,1.442822038696988
2023-10-04,1.4215330614181465
2023-10-05,1.3915199106818203
2023-10-06,1.3640754963104176
2023-10-07,1.3391186389138428
2023-10-08,1.316259321476974
2023-10-09,1.2951724559509656
2023-10-10,1.2755868931600032
2023-10-11,1.2636426123356028
2023-10-12,1.3123186616430165
2023-10-13,1.9824307395208915
2023-10-14,2.073014298249922
2023-10-15,1.9943418185808284
2023-10-16,1.8321084375079248
2023-10-17,1.7127589766067288
2023-10-18,2.5471729046961658
2023-10-19,2.6205315344287183
2023-10-20,4.733663362703884
2023-10-21,4.410811575916157
2023-10-22,3.8191437507791264
2023-10-23,3.850063065545792
2023-10-24,3.745618002251104
2023-10-25,4.85012881518356
2023-10-26,4.836650510598539
2023-10-27,5.358252953776264
2023-10-28,5.094959462124318
2023-10-29,4.8690228317230515
2023-10-30,5.16893120499621
2023-10-31,5.273056116160876
2023-11-01,5.288832193036164
2023-11-02,5.0853903788139805
2023-11-03,4.696626836690433
2023-11-04,4.645636696417499
2023-11-05,4.766852570740313
2023-11-06,4.551637267103556
2023-11-07,4.179060375742133
2023-11-08,4.935918726269963
2023-11-09,5.4901167955111
2023-11-10,6.220252314637565
2023-11-11,5.956749108027341
2023-11-12,5.408860657388025
2023-11-13,5.820111225234037
2023-11-14,8.269836424628048
2023-11-15,8.348787597737784
2023-11-16,7.361453876635314
2023-11-17,6.741621639883191
2023-11-18,7.452917296883835
2023-11-19,7.6671811512429136
2023-11-20,7.228153390667328
2023-11-21,6.655632220025882
2023-11-22,6.1050169119590825
2023-11-23,5.640444476363322
2023-11-24,5.860865581573914
2023-11-25,5.820558257886855
2023-11-26,6.049953549877333
2023-11-27,8.90063241197049
2023-11-28,9.303442213414243
2023-11-29,8.574687389497525
2023-11-30,7.840945124490578
2023-12-01,7.152397429393471
2023-12-02,6.585183211717831
2023-12-03,6.297949628967012
2023-12-04,7.0615898043500245
2023-12-05,7.17405880593508
2023-12-06,6.652926400940807
2023-12-07,6.219834875323866
2023-12-08,6.023840826032649
2023-12-09,6.6289643968041725
2023-12-10,6.926769128651
2023-12-11,6.825322806771928
2023-12-12,7.092534696758367
2023-12-13,7.3347473724818935
2023-12-14,6.969028813071103
2023-12-15,6.465127529049684
2023-12-16,6.061188756736656
2023-12-17,5.723340147155519
2023-12-18,5.4319638774423815
2023-12-19,7.160881209257018
2023-12-20,7.724677377087477
2023-12-21,8.129199019754093
2023-12-22,8.220931502591736
2023-12-23,7.957128747762966
2023-12-24,9.175933544586373
2023-12-25,10.759214907344578
2023-12-26,11.054480334151785
2023-12-27,10.251781640506294
2023-12-28,9.372193042709311
2023-12-29,9.398567847305502
2023-12-30,9.033416040953625
2023-12-31,8.548002398420678
