time,Qrouted
2000-01-01,0.8379741029195631
2000-01-02,0.6899740442130823
2000-01-03,0.7316511088985717
2000-01-04,0.9397937122496617
2000-01-05,0.787978038498545
2000-01-06,0.7859650330299699
2000-01-07,0.6639712606122167
2000-01-08,0.6033429859156677
2000-01-09,0.5169200143461524
2000-01-10,0.4472445048694556
2000-01-11,0.3934720265282045
2000-01-12,0.3514365681153407
2000-01-13,0.31829851020005523
2000-01-14,0.29195476960668215
2000-01-15,0.2708350802523093
2000-01-16,0.2603507266560007
2000-01-17,0.2549421803514405
2000-01-18,0.24074706058662895
2000-01-19,0.2289589580919115
2000-01-20,0.23543164221795077
2000-01-21,0.33937346690800335
2000-01-22,0.599994166727698
2000-01-23,0.5043517300983561
2000-01-24,0.43508048629061974
2000-01-25,0.38268466778133076
2000-01-26,0.34170645894771967
2000-01-27,0.30938894474358586
2000-01-28,0.2836888822898063
2000-01-29,0.683529636298689
2000-01-30,0.6474462407236939
2000-01-31,0.5496679781852687
2000-02-01,0.47152938230717245
2000-02-02,0.48477436753405084
2000-02-03,0.4202464509807445
2000-02-04,0.42946069585038465
2000-02-05,0.38055666082107864
2000-02-06,0.4362329367345456
2000-02-07,0.5263381554108751
2000-02-08,0.752778593785122
2000-02-09,0.6425958325555235
2000-02-10,0.9266267844943082
2000-02-11,0.7930150842455079
2000-02-12,0.810398198511292
2000-02-13,0.6912531131907538
2000-02-14,0.6954460017877732
2000-02-15,0.7454921876662005
2000-02-16,0.7124919560311184
2000-02-17,0.6971094485157957
2000-02-18,0.8367059787956531
2000-02-19,0.7702670895640263
2000-02-20,0.6483846948721239
2000-02-21,0.5557998452960008
2000-02-22,0.485110710989652
2000-02-23,0.4391200932737081
2000-02-24,0.7860452246595614
2000-02-25,0.6805933519373787
2000-02-26,0.5769156174540971
2000-02-27,0.49921710488246346
2000-02-28,0.577170695694721
2000-02-29,0.8964762301182208
2000-03-01,0.8689208090520046
2000-03-02,0.8473749750483157
2000-03-03,1.6609730912496328
2000-03-04,1.451738541906318
2000-03-05,1.1571699263261472
2000-03-06,0.9430558925648039
2000-03-07,0.8126908648755155
2000-03-08,0.7808906016141043
2000-03-09,0.6931440079325123
2000-03-10,0.5939478215602685
2000-03-11,0.5183502155907737
2000-03-12,0.45980445871066555
2000-03-13,0.4140543389137892
2000-03-14,0.41689164499547277
2000-03-15,0.41792604916052106
2000-03-16,0.38081015071626073
2000-03-17,0.35130510414682203
2000-03-18,0.34214162869421877
2000-03-19,0.335700656957506
2000-03-20,0.3147751946614026
2000-03-21,0.29775135873256353
2000-03-22,0.2837753733906386
2000-03-23,0.2721887806921824
2000-03-24,0.296235330241611
2000-03-25,0.3391554281488783
2000-03-26,0.4496887238014042
2000-03-27,0.4970707632240255
2000-03-28,0.5058722454933816
2000-03-29,0.4669510659749854
2000-03-30,0.5822286843533487
2000-03-31,0.5893037180783628
2000-04-01,0.5580165974840089
2000-04-02,0.49523852066830226
2000-04-03,0.44278517111539384
2000-04-04,0.42847722589667186
2000-04-05,0.40572886289078536
2000-04-06,0.368630458930532
2000-04-07,0.33917017874400845
2000-04-08,0.3155786459337539
2000-04-09,0.2965163475768538
2000-04-10,0.2809715681725656
2000-04-11,0.27233456011566504
2000-04-12,0.3043675462504733
2000-04-13,0.45426917266922984
2000-04-14,0.533788430798647
2000-04-15,0.4890553727599833
2000-04-16,0.46161640367168894
2000-04-17,0.45774250976935876
2000-04-18,0.4141406800501331
2000-04-19,0.3735987715796166
2000-04-20,0.34848208935771746
2000-04-21,0.3511363950492698
2000-04-22,0.7810401185073039
2000-04-23,0.8788420420967095
2000-04-24,0.7408621516041932
2000-04-25,0.6253839341614783
2000-04-26,0.538287321204459
2000-04-27,0.487575328083806
2000-04-28,0.5475064092046072
2000-04-29,0.5327876342387124
2000-04-30,0.46592685577628373
2000-05-01,0.41515978201534165
2000-05-02,0.37532967651366334
2000-05-03,0.3438061959088883
2000-05-04,0.31863735342499566
2000-05-05,0.29836296353343356
2000-05-06,0.2818825537868673
2000-05-07,0.27436705446642745
2000-05-08,0.2677628510074625
2000-05-09,0.2569435501596304
2000-05-10,0.2785309707828327
2000-05-11,0.5693857679399639
2000-05-12,0.528269357629625
2000-05-13,0.4417631030673535
2000-05-14,0.39335286091110505
2000-05-15,0.35605915488244766
2000-05-16,0.36015224829399606
2000-05-17,0.37376659018969
2000-05-18,0.43084608862343593
2000-05-19,0.5932343036198212
2000-05-20,0.5042826863981772
2000-05-21,0.7625820063344474
2000-05-22,0.6170247141956661
2000-05-23,0.5572716517265751
2000-05-24,0.7891898072416973
2000-05-25,0.6741878772517219
2000-05-26,0.5978784724864771
2000-05-27,0.6503755952289475
2000-05-28,0.6644183178054658
2000-05-29,0.5598426476256487
2000-05-30,0.6253836660089593
2000-05-31,0.5586556132969801
2000-06-01,0.48548566224700324
2000-06-02,0.4299332923492252
2000-06-03,0.5542384944436991
2000-06-04,0.5158398136039921
2000-06-05,0.8176326650066302
2000-06-06,0.7372482679491253
2000-06-07,0.6165630786215681
2000-06-08,0.532176402007664
2000-06-09,0.4671099482771703
2000-06-10,0.41649441919094193
2000-06-11,0.3767726015159268
2000-06-12,0.34532638965713097
2000-06-13,0.32021235561809275
2000-06-14,0.2999763647163119
2000-06-15,0.28352226578811396
2000-06-16,0.2700179854535591
2000-06-17,0.2588277649157274
2000-06-18,0.24946284684129125
2000-06-19,0.24154530283162357
2000-06-20,0.23478130072343253
2000-06-21,0.2318479874161309
2000-06-22,0.2284637065655157
2000-06-23,0.22586203239490013
2000-06-24,0.22794492476821226
2000-06-25,0.2250221663483399
2000-06-26,0.21959742917661132
2000-06-27,0.2148467468900693
2000-06-28,0.21064417437918095
2000-06-29,0.20688767881938727
2000-06-30,0.20431297897587317
2000-07-01,0.20432537280239482
2000-07-02,0.3977996374927679
2000-07-03,0.2681747279466805
2000-07-04,0.3766762639410383
2000-07-05,0.36776865995769953
2000-07-06,0.29704461389581005
2000-07-07,0.4448982123081123
2000-07-08,0.3891491665748697
2000-07-09,0.6292896242210723
2000-07-10,0.6459251051272245
2000-07-11,0.8037686577301225
2000-07-12,0.6545956514171064
2000-07-13,0.6964196584612844
2000-07-14,0.8399638263379008
2000-07-15,0.961708092690522
2000-07-16,0.8108639063008779
2000-07-17,0.6706843245431354
2000-07-18,0.5685928264269045
2000-07-19,0.4907967741402648
2000-07-20,0.43069769396428875
2000-07-21,0.38386257269184404
2000-07-22,0.3470494509094626
2000-07-23,0.3178660469850911
2000-07-24,0.7422132874732026
2000-07-25,0.6084913560637533
2000-07-26,0.5183669969044679
2000-07-27,0.7412549392986292
2000-07-28,0.6887886570742355
2000-07-29,0.7408544269388088
2000-07-30,0.6497798437501957
2000-07-31,0.5491720381048274
2000-08-01,0.48893747210163724
2000-08-02,0.43916897712182207
2000-08-03,0.46284060345956557
2000-08-04,0.44396409302069806
2000-08-05,0.39453016271440583
2000-08-06,0.3568396945955074
2000-08-07,0.3287801157163988
2000-08-08,0.3228292788980945
2000-08-09,0.3134173793497481
2000-08-10,0.2919898104256229
2000-08-11,0.2746292405071244
2000-08-12,0.26044404767947077
2000-08-13,0.24874519294702221
2000-08-14,0.24144707882893465
2000-08-15,0.23428425757262042
2000-08-16,0.26117500995317194
2000-08-17,0.2706392841159189
2000-08-18,0.29592420786430323
2000-08-19,0.3489805215298399
2000-08-20,0.48679562648730007
2000-08-21,0.3714003849894855
2000-08-22,0.33423936839816265
2000-08-23,0.30617937566627124
2000-08-24,0.2837306618785963
2000-08-25,0.26561579664399976
2000-08-26,0.25576157628072926
2000-08-27,0.24634721757714492
2000-08-28,0.2349057029945988
2000-08-29,0.22538943757108956
2000-08-30,0.21740143345507554
2000-08-31,0.21062921636539764
2000-09-01,0.47279443977315444
2000-09-02,0.5730897296712351
2000-09-03,0.4219712526743529
2000-09-04,0.37160540021587624
2000-09-05,0.33374812250574415
2000-09-06,0.32456095524829426
2000-09-07,0.3150858635189393
2000-09-08,0.2888649824249237
2000-09-09,0.2678440238593964
2000-09-10,0.25085587481564947
2000-09-11,0.23700739606558321
2000-09-12,0.2256173965401205
2000-09-13,0.21616307631187617
2000-09-14,0.20824082762930615
2000-09-15,0.32243160372727325
2000-09-16,0.8735750836395829
2000-09-17,0.5867488728797717
2000-09-18,0.4958225143613768
2000-09-19,0.4294901029967814
2000-09-20,0.37802933714548687
2000-09-21,0.3377676316825231
2000-09-22,0.30600495066644684
2000-09-23,0.28073909576069866
2000-09-24,0.26047337855735203
2000-09-25,0.2440805660223598
2000-09-26,0.2307056964491957
2000-09-27,0.23041938125054554
2000-09-28,0.3387778706601537
2000-09-29,0.348813156555468
2000-09-30,0.32614988112907073
2000-10-01,0.28703863187262785
2000-10-02,0.34650250012661626
2000-10-03,0.29224938784796245
2000-10-04,0.2676383019391468
2000-10-05,0.26105741363733864
2000-10-06,0.3932190036400051
2000-10-07,0.3268926816610756
2000-10-08,0.41980424840812364
2000-10-09,0.6841681895289398
2000-10-10,0.8779225059796493
2000-10-11,0.7394731039656803
2000-10-12,0.6199576103628793
2000-10-13,0.521127309680076
2000-10-14,0.4488200823615455
2000-10-15,0.4032334949688064
2000-10-16,0.8360600679083218
2000-10-17,0.662523166438612
2000-10-18,1.1335543293199677
2000-10-19,0.9633817478270169
2000-10-20,0.7838259516153644
2000-10-21,0.6522473918525817
2000-10-22,0.5526613299790962
2000-10-23,0.4856727716520637
2000-10-24,0.4346784208107006
2000-10-25,0.40001170108113904
2000-10-26,0.40663993601141973
2000-10-27,0.5222669483314206
2000-10-28,0.508076811814844
2000-10-29,0.5300404402818182
2000-10-30,0.8491284594475922
2000-10-31,0.7560191825128079
2000-11-01,0.9320700589547473
2000-11-02,1.021492593701775
2000-11-03,0.8464017104038493
2000-11-04,0.7024334962736557
2000-11-05,0.7115828930036975
2000-11-06,0.6729953958339324
2000-11-07,0.8640231344022714
2000-11-08,0.8755697311208627
2000-11-09,0.7336682418053285
2000-11-10,0.6195462789678249
2000-11-11,0.533072028831454
2000-11-12,0.8751961640173748
2000-11-13,0.8820207007459304
2000-11-14,0.7832548707846397
2000-11-15,0.661068993450314
2000-11-16,0.6396635599675263
2000-11-17,0.5596772021988002
2000-11-18,0.5234167957176498
2000-11-19,0.7664794688808897
2000-11-20,0.6613039979103225
2000-11-21,0.753839010846935
2000-11-22,0.7427475531192322
2000-11-23,0.8482701654110136
2000-11-24,0.7291035353128748
2000-11-25,0.9527843934205414
2000-11-26,0.8783529287767177
2000-11-27,0.9183110872689085
2000-11-28,0.7824806845953503
2000-11-29,0.6621610241593067
2000-11-30,0.5711860627485974
2000-12-01,0.6482906736561608
2000-12-02,0.8164604097647336
2000-12-03,0.7061721798651069
2000-12-04,0.6868487678675201
2000-12-05,0.5976261869411138
2000-12-06,0.7502318381182121
2000-12-07,0.7947618910234956
2000-12-08,0.6822058037627229
2000-12-09,0.7139258246258731
2000-12-10,0.8294483521945453
2000-12-11,0.9545388598632224
2000-12-12,1.0530229586115747
2000-12-13,1.064761973482596
2000-12-14,1.2201103457418074
2000-12-15,1.1306683744163526
2000-12-16,0.9432495517282483
2000-12-17,0.7901568806793337
2000-12-18,0.7902292178122252
2000-12-19,0.6906336146187876
2000-12-20,0.5984535862471904
2000-12-21,0.5279831020419649
2000-12-22,0.473214169110669
2000-12-23,0.43025648987247084
2000-12-24,0.396253753585218
2000-12-25,0.3690905146067593
2000-12-26,0.3471872841818369
2000-12-27,0.38241478758115033
2000-12-28,0.3702317170783888
2000-12-29,0.34730191917055525
2000-12-30,0.3286833955959187
2000-12-31,0.31341800852059226
2001-01-01,1.0620399943910455
2001-01-02,0.99607620709389
2001-01-03,1.0512673341209982
2001-01-04,1.3644646607644397
2001-01-05,1.9408172579688712
2001-01-06,1.6988117259087876
2001-01-07,1.3519345111386976
2001-01-08,1.0994525189560596
2001-01-09,0.9118753606647471
2001-01-10,1.3247990945011852
2001-01-11,1.185770709552456
2001-01-12,0.9763345831927817
2001-01-13,0.8214895444201259
2001-01-14,0.7043815012772293
2001-01-15,0.6149262457709662
2001-01-16,0.5459321456527095
2001-01-17,0.49221479083901204
2001-01-18,0.44999926164040543
2001-01-19,0.41651134265206885
2001-01-20,0.38969459175488624
2001-01-21,0.40595457828883613
2001-01-22,0.8925568278987388
2001-01-23,1.5446941668824696
2001-01-24,1.2660987364660696
2001-01-25,1.143897687547539
2001-01-26,1.2834476725789488
2001-01-27,1.2109885269032064
2001-01-28,1.0180886123636401
2001-01-29,0.8552638099954409
2001-01-30,0.7326555030289014
2001-01-31,0.6391268393248386
2001-02-01,0.5670819108945643
2001-02-02,0.5110543326816072
2001-02-03,0.9664661315236427
2001-02-04,1.5105072117178144
2001-02-05,1.422666378450239
2001-02-06,1.3843083706344352
2001-02-07,1.3666946610021025
2001-02-08,1.1522360982396778
2001-02-09,0.9595056900826417
2001-02-10,0.8155206490597453
2001-02-11,0.706276699885219
2001-02-12,1.2458640397638185
2001-02-13,1.166094879809868
2001-02-14,0.9695572080118467
2001-02-15,0.8245125904575276
2001-02-16,0.7144840787883641
2001-02-17,0.6301749138705386
2001-02-18,0.5649379800020348
2001-02-19,0.5139699911965115
2001-02-20,0.47376579935945046
2001-02-21,0.4608757242735702
2001-02-22,0.4707085604856152
2001-02-23,0.55141359750722
2001-02-24,0.5094464935345985
2001-02-25,0.46872980593419905
2001-02-26,0.43636748708727274
2001-02-27,0.4160316278204683
2001-02-28,0.578897969565585
2001-03-01,0.5961073856404528
2001-03-02,0.5530882099849659
2001-03-03,0.49997049811810146
2001-03-04,0.48209394496104796
2001-03-05,0.47429056555941923
2001-03-06,0.5445440021750547
2001-03-07,0.5101384362208815
2001-03-08,0.5384868435121843
2001-03-09,0.662525740354998
2001-03-10,0.7498403073861013
2001-03-11,0.8938225013781712
2001-03-12,0.8545965554096963
2001-03-13,0.9593523219275225
2001-03-14,0.9918105699918144
2001-03-15,0.8900063547131252
2001-03-16,0.7637343178444835
2001-03-17,0.8441532394176262
2001-03-18,1.6314842649378551
2001-03-19,1.469015840597322
2001-03-20,1.304121548659403
2001-03-21,1.912631113509331
2001-03-22,1.8645684811814283
2001-03-23,1.6870948415004818
2001-03-24,1.7979287918607756
2001-03-25,1.6005719276359243
2001-03-26,1.3105850302592152
2001-03-27,1.1555201704828362
2001-03-28,1.498257799092637
2001-03-29,1.8530206246848655
2001-03-30,1.6019385908319663
2001-03-31,1.302342766683218
2001-04-01,1.0827860705739232
2001-04-02,0.9186246144751856
2001-04-03,0.8244090997736507
2001-04-04,0.9973982001630047
2001-04-05,1.1311461837772414
2001-04-06,1.0964329827978359
2001-04-07,0.9505827777846768
2001-04-08,0.8425192467684726
2001-04-09,0.7980632005862159
2001-04-10,1.111345909290264
2001-04-11,1.0396690024958437
2001-04-12,0.8892258654012216
2001-04-13,0.7735144666369873
2001-04-14,1.141888713785666
2001-04-15,1.3432478846498208
2001-04-16,1.3616703364215264
2001-04-17,1.2713232562859231
2001-04-18,1.1470815633390228
2001-04-19,1.0805765780368415
2001-04-20,1.093400452304794
2001-04-21,0.9925194271688914
2001-04-22,0.8483500648172754
2001-04-23,0.7448418760056712
2001-04-24,0.8391140168718398
2001-04-25,0.9272929685652253
2001-04-26,1.0814898357357203
2001-04-27,1.065014834935358
2001-04-28,1.088850580853382
2001-04-29,0.9569668884519472
2001-04-30,0.8329756151944242
2001-05-01,0.7367064890297109
2001-05-02,0.6593630545978445
2001-05-03,0.6097309680924256
2001-05-04,0.5682226415661095
2001-05-05,0.5272959255633707
2001-05-06,0.4946056574628692
2001-05-07,0.46823082253234655
2001-05-08,0.4467248903610847
2001-05-09,0.42899716513257385
2001-05-10,0.4142195137347489
2001-05-11,0.40175903934959495
2001-05-12,0.39112907239197736
2001-05-13,0.38195321167079493
2001-05-14,0.37933055341550165
2001-05-15,0.38921423816065653
2001-05-16,0.4756832334199026
2001-05-17,0.46434855019978394
2001-05-18,0.43394676575919466
2001-05-19,0.41396922736044045
2001-05-20,0.3974877958867211
2001-05-21,0.3837403937370099
2001-05-22,0.37214356971550117
2001-05-23,0.36224792382780274
2001-05-24,0.3537053310235816
2001-05-25,0.3462446632383838
2001-05-26,0.33965368129126183
2001-05-27,0.33376543994960256
2001-05-28,0.32844801787057076
2001-05-29,0.32359671355436176
2001-05-30,0.3191280820280152
2001-05-31,0.31497535389072023
2001-06-01,0.31155646764027445
2001-06-02,0.3195479013385325
2001-06-03,0.32626809972831755
2001-06-04,0.3193132563467575
2001-06-05,0.3131696404388566
2001-06-06,0.30768698099390573
2001-06-07,0.30648693841425295
2001-06-08,0.30514487729421497
2001-06-09,0.2998819676752851
2001-06-10,0.29554521286378316
2001-06-11,0.29129334116448274
2001-06-12,0.28721063303937394
2001-06-13,0.28427234452362776
2001-06-14,0.2811010054516975
2001-06-15,0.27758416359501087
2001-06-16,0.2786965052025801
2001-06-17,0.3176374999386808
2001-06-18,0.2907694013004566
2001-06-19,0.2832575383226488
2001-06-20,0.2777062410005714
2001-06-21,0.27276099360396894
2001-06-22,0.2683084710831119
2001-06-23,0.2642585750418427
2001-06-24,0.260539380399113
2001-06-25,0.25709324538996914
2001-06-26,0.254346455427911
2001-06-27,0.2515410252047801
2001-06-28,0.24856675343179147
2001-06-29,0.24574460461962588
2001-06-30,0.24305137905445282
2001-07-01,0.24046793179265002
2001-07-02,0.23797859108683672
2001-07-03,0.2355704888732417
2001-07-04,0.23323302725705075
2001-07-05,0.23166621854885558
2001-07-06,0.24289600323183824
2001-07-07,0.46713374856276596
2001-07-08,0.25522405864822945
2001-07-09,0.2459761913294437
2001-07-10,0.24254591557464725
2001-07-11,0.23995862868251328
2001-07-12,0.23580874302860966
2001-07-13,0.23185519602973348
2001-07-14,0.3241351431153396
2001-07-15,0.24736681157451937
2001-07-16,0.2381604593218453
2001-07-17,0.23614860759038492
2001-07-18,0.3289382338209143
2001-07-19,0.4419295468931697
2001-07-20,0.3532139023952244
2001-07-21,0.284155447837701
2001-07-22,0.5964558619249669
2001-07-23,0.6027923278301991
2001-07-24,0.4313863037788763
2001-07-25,0.38300963233451163
2001-07-26,0.34684423864810915
2001-07-27,0.31816495454791055
2001-07-28,0.2952267566197883
2001-07-29,0.27672059321045966
2001-07-30,0.26165729623188755
2001-07-31,0.24928430202642884
2001-08-01,0.23902538043268604
2001-08-02,0.2734953841240275
2001-08-03,0.40984061587448545
2001-08-04,0.30945689737065724
2001-08-05,0.294327246379312
2001-08-06,0.28524533852219625
2001-08-07,0.5723358034394523
2001-08-08,0.42213419514926676
2001-08-09,0.37664129940296714
2001-08-10,0.3288044565661403
2001-08-11,0.3015233323474417
2001-08-12,0.2796812662734261
2001-08-13,0.2620469797366502
2001-08-14,0.24768519215200255
2001-08-15,0.2358833864656069
2001-08-16,0.22609530920652846
2001-08-17,0.2178996744255799
2001-08-18,0.21162894668316848
2001-08-19,0.2058357034856929
2001-08-20,0.20059530244237547
2001-08-21,0.19603497036852005
2001-08-22,0.1920250227145068
2001-08-23,0.18846253421659379
2001-08-24,0.18526548100617624
2001-08-25,0.18236823955558998
2001-08-26,0.1797181107463651
2001-08-27,0.17727262270387004
2001-08-28,0.17499742834826626
2001-08-29,0.17286465938055373
2001-08-30,0.1720406132117954
2001-08-31,0.24711369311216227
2001-09-01,0.19001065538157458
2001-09-02,0.29658904312577694
2001-09-03,0.4997997362553191
2001-09-04,0.4174147842921443
2001-09-05,0.5869018965669102
2001-09-06,0.5750291912587869
2001-09-07,0.46776173348425454
2001-09-08,0.4776002801628887
2001-09-09,0.8001957927686042
2001-09-10,0.6148128204546199
2001-09-11,0.5472106890369179
2001-09-12,0.6165827324530709
2001-09-13,0.5951160711101463
2001-09-14,0.48210101274030603
2001-09-15,0.6459930676014036
2001-09-16,0.8826150392626988
2001-09-17,1.6668857742803675
2001-09-18,1.321246625056352
2001-09-19,1.8031772909719017
2001-09-20,1.5744819085790558
2001-09-21,1.295318757065087
2001-09-22,1.037830760140647
2001-09-23,0.8473226194613624
2001-09-24,0.7048706600576121
2001-09-25,0.5970204859804146
2001-09-26,0.6007656018673768
2001-09-27,0.6260886650384792
2001-09-28,0.5320576542121881
2001-09-29,0.581553380067753
2001-09-30,0.6632220093008373
2001-10-01,0.6425091749779228
2001-10-02,0.8281441316982664
2001-10-03,0.689339549287662
2001-10-04,0.5854709534662148
2001-10-05,0.5075387101498522
2001-10-06,1.0601004304015498
2001-10-07,0.9877901564707606
2001-10-08,0.8122336902462305
2001-10-09,0.6820319705718955
2001-10-10,0.5835219014790166
2001-10-11,0.507961072513826
2001-10-12,0.44947420242790154
2001-10-13,0.40379972136349424
2001-10-14,0.36781691051181986
2001-10-15,0.3392201327064974
2001-10-16,0.3162918145254628
2001-10-17,0.2977425488559963
2001-10-18,0.2906194997162372
2001-10-19,0.28532007112229035
2001-10-20,0.28559828046362584
2001-10-21,0.28613198664054
2001-10-22,0.2759555677645345
2001-10-23,0.5283279878976873
2001-10-24,0.6017839179038597
2001-10-25,0.5085926620998801
2001-10-26,0.5121753919167581
2001-10-27,0.541967835206057
2001-10-28,0.46775151790599917
2001-10-29,0.41547982538918
2001-10-30,0.3750424221452675
2001-10-31,0.35371216072241
2001-11-01,0.3404763083571272
2001-11-02,0.3154037567824823
2001-11-03,0.29518707184532506
2001-11-04,0.27876523448437646
2001-11-05,0.26530261879709316
2001-11-06,0.2664163592017777
2001-11-07,0.8438640738845677
2001-11-08,1.3762681461194575
2001-11-09,1.162381524517582
2001-11-10,0.9411444722807195
2001-11-11,0.7786759361825877
2001-11-12,0.7849242282402004
2001-11-13,0.6859677634751135
2001-11-14,0.5854211457599049
2001-11-15,0.5090673708709127
2001-11-16,0.44999442847575005
2001-11-17,0.4038838112848417
2001-11-18,0.3675745592344379
2001-11-19,0.33873229650951764
2001-11-20,0.3156187257300966
2001-11-21,0.2969293594566158
2001-11-22,0.6521585087593575
2001-11-23,0.7101735453486909
2001-11-24,0.7624046542979707
2001-11-25,1.0585548061078918
2001-11-26,1.0684688721673683
2001-11-27,1.0050559397033119
2001-11-28,0.8397042424286759
2001-11-29,1.180387983383179
2001-11-30,1.3091701898632486
2001-12-01,1.156876396463281
2001-12-02,1.129376312327336
2001-12-03,1.0111508310892363
2001-12-04,1.0675364085069727
2001-12-05,1.051740439122021
2001-12-06,0.8849819726573481
2001-12-07,0.7441509425260725
2001-12-08,0.6378800848447687
2001-12-09,0.5565020487390654
2001-12-10,0.4936010225722867
2001-12-11,0.4445354855654699
2001-12-12,0.4059147107977165
2001-12-13,0.375239225336307
2001-12-14,0.35065098082169444
2001-12-15,0.330757862825869
2001-12-16,0.31450916393327405
2001-12-17,0.3011063792563327
2001-12-18,0.289938735197041
2001-12-19,0.2896429176403605
2001-12-20,0.2885942394368422
2001-12-21,0.27915845379444554
2001-12-22,0.2708397987774605
2001-12-23,0.26371008504573934
2001-12-24,0.2575324322653776
2001-12-25,0.2725755365528548
2001-12-26,0.2851930434232452
2001-12-27,0.28684840963770014
2001-12-28,0.8158623435157543
2001-12-29,0.772883811302915
2001-12-30,0.6678533605308624
2001-12-31,0.5732142218365979
2002-01-01,0.5008262608870458
2002-01-02,0.4449154801487283
2002-01-03,0.4013198314299065
2002-01-04,0.36700784454410845
2002-01-05,0.33975023216116124
2002-01-06,0.317892994377356
2002-01-07,0.30250392701170326
2002-01-08,0.3043912030865119
2002-01-09,0.4260327382648588
2002-01-10,0.4770902363057645
2002-01-11,0.4810594381888251
2002-01-12,0.4735633960245602
2002-01-13,0.635374078895298
2002-01-14,0.6232019682588178
2002-01-15,0.7151921636743133
2002-01-16,0.7120725986646126
2002-01-17,0.7154379724807871
2002-01-18,0.8899904977362573
2002-01-19,1.392770403174607
2002-01-20,1.2075923263040378
2002-01-21,1.1081458745014363
2002-01-22,0.9692291025843659
2002-01-23,1.2419119320327405
2002-01-24,1.293686663920165
2002-01-25,1.1598400056316949
2002-01-26,1.190406803785758
2002-01-27,2.444801922366219
2002-01-28,2.430753674910101
2002-01-29,1.8853689669275793
2002-01-30,1.4918909890348473
2002-01-31,1.2323988114961621
2002-02-01,1.0690789451709097
2002-02-02,0.8947083894674283
2002-02-03,0.7600345388643492
2002-02-04,0.6926499282755255
2002-02-05,1.2781538793553262
2002-02-06,1.2132960947907125
2002-02-07,1.2419719507328548
2002-02-08,1.2153807043779594
2002-02-09,1.3784143801596258
2002-02-10,1.352662370422413
2002-02-11,1.3156169992708375
2002-02-12,1.714420188851351
2002-02-13,2.1399537192741422
2002-02-14,1.8327954643717932
2002-02-15,1.464322106626932
2002-02-16,1.1961646814135185
2002-02-17,0.9972305964934711
2002-02-18,0.9637522779340498
2002-02-19,1.1699025435896688
2002-02-20,2.7646959758796075
2002-02-21,2.747849125199897
2002-02-22,2.356744232998961
2002-02-23,1.9993670152482783
2002-02-24,1.997008803714681
2002-02-25,2.3443314825505825
2002-02-26,2.552483620613149
2002-02-27,2.283927163714418
2002-02-28,2.05951888455827
2002-03-01,1.7046564654717227
2002-03-02,1.3898710921896509
2002-03-03,1.1582961671363292
2002-03-04,0.985390858059869
2002-03-05,0.8548609186658661
2002-03-06,0.769518992362641
2002-03-07,0.7029645617262493
2002-03-08,0.6377762441940951
2002-03-09,0.5866680242319665
2002-03-10,0.5461967368502528
2002-03-11,0.5138160414049315
2002-03-12,0.5427225229458169
2002-03-13,0.9607139834621812
2002-03-14,1.2698398870883778
2002-03-15,1.1491855121215346
2002-03-16,0.9768938904676184
2002-03-17,0.867272268540844
2002-03-18,1.1753969958702426
2002-03-19,1.3148963607355972
2002-03-20,2.4383689993288282
2002-03-21,2.362092984305857
2002-03-22,1.8896131769037645
2002-03-23,1.5290359985028232
2002-03-24,1.2647243385913007
2002-03-25,1.0683228714202881
2002-03-26,0.920726968082862
2002-03-27,0.8086034968258519
2002-03-28,0.7225303893212683
2002-03-29,0.655772468165643
2002-03-30,0.6034638911708121
2002-03-31,0.5620546229827409
2002-04-01,0.5289308864319666
2002-04-02,0.5021518297975772
2002-04-03,0.4802648136464309
2002-04-04,0.4621745144835329
2002-04-05,0.4470492751783485
2002-04-06,0.43425350112343647
2002-04-07,0.42329844647531556
2002-04-08,0.4138061035821731
2002-04-09,0.40548250881988873
2002-04-10,0.3980978701983791
2002-04-11,0.39147167483838613
2002-04-12,0.3854614580342863
2002-04-13,0.37995428304279905
2002-04-14,0.4911807474571445
2002-04-15,0.4875525383660189
2002-04-16,0.544994337701545
2002-04-17,0.5154493310569502
2002-04-18,0.4910870304746895
2002-04-19,0.5533252524427537
2002-04-20,0.5217636277707259
2002-04-21,0.4855876461904676
2002-04-22,0.4574547369526522
2002-04-23,0.43463291998555725
2002-04-24,0.4159227054548171
2002-04-25,0.40041557132442396
2002-04-26,0.430234311667303
2002-04-27,0.4658139286272771
2002-04-28,0.46996955783242395
2002-04-29,0.4922439699483739
2002-04-30,0.45745063975677097
2002-05-01,0.673064590150371
2002-05-02,0.6365455553062463
2002-05-03,0.562850360833342
2002-05-04,0.5315931196560423
2002-05-05,1.017487978820183
2002-05-06,0.8386643904140203
2002-05-07,0.7239915836175445
2002-05-08,0.6386592528373003
2002-05-09,0.6087182173888777
2002-05-10,0.5795536989861397
2002-05-11,0.5263786606544132
2002-05-12,0.4885596714233645
2002-05-13,0.4586128818395629
2002-05-14,0.43106112080398384
2002-05-15,0.4083486734498087
2002-05-16,0.3894945553305089
2002-05-17,0.37393032302348495
2002-05-18,0.36094239962283964
2002-05-19,0.34998358954703895
2002-05-20,0.3406317827275001
2002-05-21,0.33255952986980847
2002-05-22,0.5262995113431896
2002-05-23,0.45118043608355407
2002-05-24,0.42982401769918144
2002-05-25,0.45862616332877676
2002-05-26,0.43502754490923623
2002-05-27,0.40088959794002826
2002-05-28,0.38362847283957063
2002-05-29,0.3731697316829445
2002-05-30,0.3572607681322388
2002-05-31,0.3430874771907216
2002-06-01,0.3312424562316781
2002-06-02,0.32123482213198806
2002-06-03,0.3126850567065221
2002-06-04,0.4292260794247236
2002-06-05,0.4606076580866258
2002-06-06,0.3987068893080323
2002-06-07,0.3730950412237512
2002-06-08,0.35316836468820817
2002-06-09,0.3472593999540822
2002-06-10,0.35261651139439526
2002-06-11,0.3771394640469034
2002-06-12,0.4886142167298886
2002-06-13,0.4083101732701661
2002-06-14,0.37674838265817295
2002-06-15,0.3548174113485642
2002-06-16,0.33707907380330915
2002-06-17,0.32207231354780314
2002-06-18,0.30934666952128315
2002-06-19,0.29869748110420885
2002-06-20,0.691044631224584
2002-06-21,0.5194587720546424
2002-06-22,0.4609000564684833
2002-06-23,0.41866917146587795
2002-06-24,0.3852824233928454
2002-06-25,0.35864312133390125
2002-06-26,0.3371879713684877
2002-06-27,0.3197423292739383
2002-06-28,0.30541717295364484
2002-06-29,0.2935350779474641
2002-06-30,0.2835765616011423
2002-07-01,0.7073870748677468
2002-07-02,0.49519610378136236
2002-07-03,1.2594889091988921
2002-07-04,0.9079076110958272
2002-07-05,0.7553828216349584
2002-07-06,0.6445732311032185
2002-07-07,0.5599046177442696
2002-07-08,0.49459956355940465
2002-07-09,0.45581818278119196
2002-07-10,0.5020154145755906
2002-07-11,0.48869860803011345
2002-07-12,0.42877919703153156
2002-07-13,0.39273033820576564
2002-07-14,0.3634968817265154
2002-07-15,0.3397040973085346
2002-07-16,0.3204486803135497
2002-07-17,0.30471733835269493
2002-07-18,0.29173947881481566
2002-07-19,0.2809252988422757
2002-07-20,0.3164685102291787
2002-07-21,0.3184769605924764
2002-07-22,0.3002185667663047
2002-07-23,0.2867675533574906
2002-07-24,0.2755976567302936
2002-07-25,0.26622714709478407
2002-07-26,0.2582835839825537
2002-07-27,0.2514774369553594
2002-07-28,0.24558245819836574
2002-07-29,0.2404209806118546
2002-07-30,0.314641591427898
2002-07-31,0.30354417847186443
2002-08-01,0.30202878415649054
2002-08-02,0.2915795776271631
2002-08-03,0.663157798852751
2002-08-04,0.5409383478872773
2002-08-05,0.6356635577551212
2002-08-06,1.4239339118537195
2002-08-07,1.2291848856376169
2002-08-08,1.0230960266274949
2002-08-09,0.8346572896428653
2002-08-10,0.7001896119346083
2002-08-11,0.598182989453048
2002-08-12,0.5211355384771205
2002-08-13,0.46092196924255374
2002-08-14,0.41356145202211275
2002-08-15,0.37630378854429036
2002-08-16,0.3467342805516865
2002-08-17,0.3230571326007415
2002-08-18,0.30426399674830445
2002-08-19,0.2934664266437985
2002-08-20,0.6307274823195369
2002-08-21,0.5099953162732737
2002-08-22,0.4410496188823611
2002-08-23,0.3963238281322936
2002-08-24,0.46749464323461076
2002-08-25,0.4187600443416318
2002-08-26,0.37769438562242647
2002-08-27,1.779155078056978
2002-08-28,1.346906355416069
2002-08-29,1.0759052262675761
2002-08-30,0.8824653172473647
2002-08-31,0.7376185592936974
2002-09-01,0.6280437534769868
2002-09-02,0.54434168217849
2002-09-03,0.4798024104259768
2002-09-04,0.429583918640902
2002-09-05,0.39015710469247344
2002-09-06,0.3589258940219844
2002-09-07,0.33396407594596383
2002-09-08,0.3138309595902266
2002-09-09,0.3249572277564223
2002-09-10,0.3329623890546202
2002-09-11,0.31236755650827197
2002-09-12,0.2956172335612835
2002-09-13,0.2818728842491686
2002-09-14,0.270484517718002
2002-09-15,0.2609529861489037
2002-09-16,0.25289271939747215
2002-09-17,0.24600422597996596
2002-09-18,0.24005365491057548
2002-09-19,0.23485750224364754
2002-09-20,0.23027109382965025
2002-09-21,0.22617985916320868
2002-09-22,0.3414890890015441
2002-09-23,0.2980195674494191
2002-09-24,0.278885156745242
2002-09-25,0.4590587095149561
2002-09-26,0.4155996040786101
2002-09-27,0.362351621975175
2002-09-28,0.32685359900909444
2002-09-29,0.30307045608272953
2002-09-30,0.2839008613322618
2002-10-01,0.2683121268191588
2002-10-02,0.2555189120955643
2002-10-03,0.25543349072585225
2002-10-04,0.25584365594721953
2002-10-05,0.2598583432114246
2002-10-06,0.4733568722821477
2002-10-07,0.34984896689135203
2002-10-08,0.31804466330305275
2002-10-09,0.2942303150675226
2002-10-10,0.2750541131061255
2002-10-11,0.2594770966022731
2002-10-12,0.3281049416855319
2002-10-13,0.3089360934926301
2002-10-14,0.28493270587970454
2002-10-15,0.266810173864533
2002-10-16,0.4723539052541807
2002-10-17,0.3794347877832948
2002-10-18,0.6886442865900902
2002-10-19,0.5181974521162458
2002-10-20,0.44780158343041837
2002-10-21,0.4765700193348308
2002-10-22,0.505754536120775
2002-10-23,0.6762017244778914
2002-10-24,0.5396308470304868
2002-10-25,1.1956592700574606
2002-10-26,1.043264480811915
2002-10-27,1.2835877130272526
2002-10-28,1.049867444729984
2002-10-29,0.8554339528481382
2002-10-30,0.8835114998756127
2002-10-31,0.7765766767733054
2002-11-01,0.8121376423583965
2002-11-02,1.39433356348061
2002-11-03,1.5267139076147638
2002-11-04,1.4688707123798819
2002-11-05,1.1930440633862107
2002-11-06,1.5025517193445197
2002-11-07,1.4709138854588362
2002-11-08,1.8041990292227468
2002-11-09,1.6572797390489058
2002-11-10,1.9862627115159943
2002-11-11,1.789887912554473
2002-11-12,1.5570027998320433
2002-11-13,1.467947257076814
2002-11-14,1.2141913690590993
2002-11-15,0.9964628008767611
2002-11-16,0.8412133673642783
2002-11-17,0.7248173136940328
2002-11-18,0.6286445617527668
2002-11-19,0.5547162197052655
2002-11-20,0.49733543240296346
2002-11-21,0.46559404738114907
2002-11-22,0.4435198633615081
2002-11-23,0.45018522164851577
2002-11-24,0.43045745746933983
2002-11-25,0.8160178421728279
2002-11-26,0.7320420288391095
2002-11-27,0.6313961492145831
2002-11-28,0.5877467556828534
2002-11-29,0.5330952465708764
2002-11-30,0.47928287247295415
2002-12-01,0.6809683602276545
2002-12-02,0.9642207307820597
2002-12-03,0.8466878516385244
2002-12-04,0.8463605239179987
2002-12-05,0.7368050361880653
2002-12-06,0.6370453347616248
2002-12-07,0.56094033143329
2002-12-08,0.5019307946400176
2002-12-09,0.4557499355037405
2002-12-10,0.4192734802073745
2002-12-11,0.39019334005285095
2002-12-12,0.3667902304017494
2002-12-13,0.35053013105304326
2002-12-14,0.3971185417337702
2002-12-15,0.735039003099483
2002-12-16,0.7777352817931509
2002-12-17,0.7165691884163135
2002-12-18,0.6223747424064873
2002-12-19,0.5477771573948528
2002-12-20,0.5920880937606022
2002-12-21,0.7130295105932185
2002-12-22,1.424166037023822
2002-12-23,1.2970569632518172
2002-12-24,1.0767143753262496
2002-12-25,0.9757975162175185
2002-12-26,1.2567045690369543
2002-12-27,1.4095172061242174
2002-12-28,1.291058067674585
2002-12-29,2.472647882294143
2002-12-30,3.253605794607173
2002-12-31,2.6548802924995707
2003-01-01,3.564915204122768
2003-01-02,3.9183733603901434
2003-01-03,3.312065624961828
2003-01-04,2.376200229277847
2003-01-05,1.834767945503998
2003-01-06,1.4763535106510204
2003-01-07,1.2132286871819704
2003-01-08,1.0177746510478658
2003-01-09,0.8709683114052682
2003-01-10,0.7595282916210473
2003-01-11,0.6740659055950071
2003-01-12,0.6078678319520585
2003-01-13,0.5560827400539189
2003-01-14,0.5151703578745405
2003-01-15,0.6973815486803936
2003-01-16,0.6688304393402777
2003-01-17,0.6013326839105905
2003-01-18,0.5495343671357673
2003-01-19,0.5797457299813643
2003-01-20,1.0049709235287283
2003-01-21,0.9885294424942385
2003-01-22,1.045304136371617
2003-01-23,0.9696722516011934
2003-01-24,0.8388408177915457
2003-01-25,0.7670188111347517
2003-01-26,0.8855932770997527
2003-01-27,0.7885894841947853
2003-01-28,0.9377371225673686
2003-01-29,1.3457230816291974
2003-01-30,1.2239538946591406
2003-01-31,1.024425607746788
2003-02-01,0.8748116427149127
2003-02-02,0.7613620741048489
2003-02-03,0.9173002103055968
2003-02-04,0.8459752578611149
2003-02-05,0.7806332189783355
2003-02-06,0.7051726214004801
2003-02-07,0.770542850152868
2003-02-08,0.9095392089250515
2003-02-09,1.1391607499465166
2003-02-10,0.9995744620480317
2003-02-11,0.8708071610072543
2003-02-12,0.7608726498941873
2003-02-13,0.6741049565333798
2003-02-14,0.6069754662731529
2003-02-15,0.5545218005758442
2003-02-16,0.5131276431584123
2003-02-17,0.4801331690470801
2003-02-18,0.45356518301649135
2003-02-19,0.4319480952668715
2003-02-20,0.4162190872337621
2003-02-21,0.40210803504465736
2003-02-22,0.389168376744867
2003-02-23,0.378193403135697
2003-02-24,0.36877573059197116
2003-02-25,0.3605991830446607
2003-02-26,0.35341707220618507
2003-02-27,0.34703596046575075
2003-02-28,0.4043660180254869
2003-03-01,0.6137276303474231
2003-03-02,1.0399322332017922
2003-03-03,0.9246994695155143
2003-03-04,0.795556032134889
2003-03-05,0.6988720685451311
2003-03-06,0.642053584106813
2003-03-07,0.6563288488307425
2003-03-08,0.6054948811525276
2003-03-09,0.5457524099998193
2003-03-10,0.49936868226070735
2003-03-11,0.6992601483336608
2003-03-12,0.6877753034059414
2003-03-13,0.6077083765217984
2003-03-14,0.5471130955409632
2003-03-15,0.4996493733411187
2003-03-16,0.4621138503110751
2003-03-17,0.4321416113665233
2003-03-18,0.4079721507232657
2003-03-19,0.3882846845239592
2003-03-20,0.37208109546018425
2003-03-21,0.3586019493047947
2003-03-22,0.34726570760076186
2003-03-23,0.33762436506887017
2003-03-24,0.32933082133923014
2003-03-25,0.3221147068482905
2003-03-26,0.3157643481820055
2003-03-27,0.3101132254571235
2003-03-28,0.3050297397823261
2003-03-29,0.30240684719173316
2003-03-30,0.46068914509955405
2003-03-31,0.4598142181558878
2003-04-01,0.5889179339384686
2003-04-02,0.6416482378893711
2003-04-03,0.5862370862526786
2003-04-04,0.5161898447350799
2003-04-05,0.467929568148535
2003-04-06,0.4298713236713811
2003-04-07,0.3995775986174057
2003-04-08,0.3752355800824396
2003-04-09,0.3554864532624094
2003-04-10,0.3393042148155459
2003-04-11,0.3259088210258016
2003-04-12,0.3147033888548436
2003-04-13,0.3052284091882224
2003-04-14,0.2971281013337504
2003-04-15,0.29012550624488365
2003-04-16,0.28400391996988456
2003-04-17,0.27859296200932193
2003-04-18,0.27375805623376664
2003-04-19,0.26939244144231483
2003-04-20,0.26541106915470325
2003-04-21,0.26174591798189
2003-04-22,0.2583423774791516
2003-04-23,0.2551564439014235
2003-04-24,0.2521525355679135
2003-04-25,0.2496958285098693
2003-04-26,0.5248033327006463
2003-04-27,0.4973180742876111
2003-04-28,0.44765863188361527
2003-04-29,0.40050302593393733
2003-04-30,0.511506381592245
2003-05-01,0.5241219993373664
2003-05-02,0.4859011024444748
2003-05-03,0.42660674496857
2003-05-04,0.38850558198040336
2003-05-05,0.5401138893988872
2003-05-06,0.6546652488567143
2003-05-07,0.5354890261387929
2003-05-08,0.47229552220834253
2003-05-09,0.42844457142327075
2003-05-10,0.3937104089976377
2003-05-11,0.3669986607399944
2003-05-12,0.34993398509314716
2003-05-13,0.3577082476340758
2003-05-14,0.4315228530656296
2003-05-15,0.3738539620007881
2003-05-16,0.3447950608648344
2003-05-17,0.3372102509277444
2003-05-18,0.45545614911865123
2003-05-19,0.6262283095716571
2003-05-20,0.5141440492895883
2003-05-21,0.5078726681428932
2003-05-22,0.6303059478599206
2003-05-23,0.5210336539012111
2003-05-24,0.5082760664807977
2003-05-25,0.4918568532055512
2003-05-26,0.43287662165808377
2003-05-27,0.3916461382164013
2003-05-28,0.35904462981522095
2003-05-29,0.33303772811126
2003-05-30,0.31210530861016783
2003-05-31,0.29510291710940306
2003-06-01,0.2811628344600547
2003-06-02,0.26962279502034286
2003-06-03,0.25997418853640797
2003-06-04,0.2518241165357879
2003-06-05,0.24657810876592798
2003-06-06,0.2413947498048303
2003-06-07,0.23573522768741717
2003-06-08,0.24990402398062042
2003-06-09,0.25995578581713624
2003-06-10,0.32396859160503927
2003-06-11,0.28617981248724295
2003-06-12,0.2693454586754684
2003-06-13,0.2572090085489416
2003-06-14,0.3075154155176377
2003-06-15,0.28733750824938115
2003-06-16,0.26946587334332484
2003-06-17,0.26520821293060676
2003-06-18,0.2600052656713904
2003-06-19,0.24842322631699862
2003-06-20,0.2387791652767732
2003-06-21,0.2306742998561618
2003-06-22,0.22379378850574813
2003-06-23,0.22194304586631367
2003-06-24,0.21937927956143602
2003-06-25,0.21378778772417714
2003-06-26,0.20892364446530584
2003-06-27,0.20464997342347044
2003-06-28,0.20085572578846975
2003-06-29,0.1974525368140612
2003-06-30,0.323254210063388
2003-07-01,0.30691534795765013
2003-07-02,0.37706446210428707
2003-07-03,0.34764413736499383
2003-07-04,0.29363682401166363
2003-07-05,0.2612171169666415
2003-07-06,0.24560869142145025
2003-07-07,0.2328494637285481
2003-07-08,0.22232656020835784
2003-07-09,0.2135671027281766
2003-07-10,0.2062054380392193
2003-07-11,0.1999572729479728
2003-07-12,0.1946004254455157
2003-07-13,0.1899604033475062
2003-07-14,0.18589953114608512
2003-07-15,0.18230870279491798
2003-07-16,0.17910109059103374
2003-07-17,0.17620732023168972
2003-07-18,0.173571751315047
2003-07-19,0.17114959598524693
2003-07-20,0.16890467645377685
2003-07-21,0.16680767198689503
2003-07-22,0.16483474271435603
2003-07-23,0.16296644488604536
2003-07-24,0.16125817328697137
2003-07-25,0.16009307326045927
2003-07-26,0.4303632506463988
2003-07-27,0.19644238050275878
2003-07-28,0.18014094277923767
2003-07-29,0.1746559399328971
2003-07-30,0.44763871026374796
2003-07-31,0.22188188672182138
2003-08-01,0.20502114532815993
2003-08-02,0.1944619054198201
2003-08-03,0.1857300510645341
2003-08-04,0.17844449794797992
2003-08-05,0.17230933923443734
2003-08-06,0.16709359803899396
2003-08-07,0.16261608312362547
2003-08-08,0.15873398845772033
2003-08-09,0.1553342586731741
2003-08-10,0.15232701150503658
2003-08-11,0.14964049965908474
2003-08-12,0.14721723167567988
2003-08-13,0.1450109703455109
2003-08-14,0.14298439918132036
2003-08-15,0.14110730009066
2003-08-16,0.13935512415149595
2003-08-17,0.1377078660982586
2003-08-18,0.1362848302006917
2003-08-19,0.13493001222942264
2003-08-20,0.1334746892856523
2003-08-21,0.1320802200648795
2003-08-22,0.13073824881568769
2003-08-23,0.12944169808610992
2003-08-24,0.12818469856579254
2003-08-25,0.1269623702048013
2003-08-26,0.12577064498735457
2003-08-27,0.12460612303819035
2003-08-28,0.12349549271649445
2003-08-29,0.5738699606920943
2003-08-30,0.16144845498538693
2003-08-31,0.139463875400591
2003-09-01,0.13618700167144202
2003-09-02,0.13321959711729564
2003-09-03,0.13001847497923788
2003-09-04,0.1272155718428429
2003-09-05,0.12473764375057411
2003-09-06,0.16253698059217492
2003-09-07,0.13054228003116958
2003-09-08,0.12555769420688212
2003-09-09,0.12285553337054829
2003-09-10,0.21000557121295363
2003-09-11,0.1322215889597623
2003-09-12,0.12650125033502296
2003-09-13,0.12324413341781232
2003-09-14,0.12034677166918005
2003-09-15,0.11780356494852
2003-09-16,0.11554979983305451
2003-09-17,0.11353352889868594
2003-09-18,0.11171292536639373
2003-09-19,0.11005419553555616
2003-09-20,0.1085299461287007
2003-09-21,0.10711790200432608
2003-09-22,0.10655213649084054
2003-09-23,0.12346883884061005
2003-09-24,0.10928906410283112
2003-09-25,0.10641957064774456
2003-09-26,0.10477360484713445
2003-09-27,0.10326846360806645
2003-09-28,0.10188055126499092
2003-09-29,0.10059065091667847
2003-09-30,0.09938306519133937
2003-10-01,0.1814893745145673
2003-10-02,0.10819284875655306
2003-10-03,0.6207093527614137
2003-10-04,0.18338997822658176
2003-10-05,0.18451387870788571
2003-10-06,0.21622012665423918
2003-10-07,0.2614782601395284
2003-10-08,0.21853478467402088
2003-10-09,0.15957693317816415
2003-10-10,0.14673404094693052
2003-10-11,0.13697923482181804
2003-10-12,0.12898352539753954
2003-10-13,0.122380631254548
2003-10-14,0.1168858079185887
2003-10-15,0.11227655031223423
2003-10-16,0.10837813695931021
2003-10-17,0.10505273223374195
2003-10-18,0.10219112140023216
2003-10-19,0.09970640658333707
2003-10-20,0.09752917234721627
2003-10-21,0.09560375918410997
2003-10-22,0.09388537693079733
2003-10-23,0.09233785836244744
2003-10-24,0.09105134959675724
2003-10-25,0.09176471839716448
2003-10-26,0.09329209551794539
2003-10-27,0.09156897996864578
2003-10-28,0.08992478022087813
2003-10-29,0.08844418327461168
2003-10-30,0.08728790872176799
2003-10-31,0.13461828613489926
2003-11-01,0.1764623385814508
2003-11-02,0.2795806732501031
2003-11-03,0.28008294092485153
2003-11-04,0.16338127881111295
2003-11-05,0.14717468452361054
2003-11-06,0.13518665085076237
2003-11-07,0.1254506325660005
2003-11-08,0.11748894413321813
2003-11-09,0.11093216977354377
2003-11-10,0.10549306357561644
2003-11-11,0.10094712083166714
2003-11-12,0.10300454159706056
2003-11-13,0.10532408385743579
2003-11-14,0.10062548170518865
2003-11-15,0.09667365720462763
2003-11-16,0.3407810674891652
2003-11-17,0.3305913040037914
2003-11-18,0.23725202262611156
2003-11-19,0.1905840092117178
2003-11-20,0.16940871634904311
2003-11-21,0.15280833573176697
2003-11-22,0.26310365114728607
2003-11-23,0.1925213143752793
2003-11-24,0.20945825573140722
2003-11-25,0.1641104188529732
2003-11-26,0.22188123717531935
2003-11-27,0.162664589899063
2003-11-28,0.14703876399686017
2003-11-29,0.13724645523841236
2003-11-30,0.2171934301116176
2003-12-01,0.40059091516923234
2003-12-02,0.23841913682929114
2003-12-03,0.20662014319168087
2003-12-04,0.1830294159587386
2003-12-05,0.1642585076217902
2003-12-06,0.1495953491260625
2003-12-07,0.1380057083704626
2003-12-08,0.1279932214975219
2003-12-09,0.119808369303029
2003-12-10,0.11307053720989509
2003-12-11,0.11201821276584871
2003-12-12,0.282358786110193
2003-12-13,0.5524580427768871
2003-12-14,0.4197804260692064
2003-12-15,0.4383223343417071
2003-12-16,0.36725949114868905
2003-12-17,0.30024464688803504
2003-12-18,0.2581281389472775
2003-12-19,0.22514501725091615
2003-12-20,0.29991900512368946
2003-12-21,0.4371843832900853
2003-12-22,0.3294302915951015
2003-12-23,0.2879029685744829
2003-12-24,0.2803478113250938
2003-12-25,0.3671339904735946
2003-12-26,0.5742262365602269
2003-12-27,0.8411462896312397
2003-12-28,1.0783063228502783
2003-12-29,0.836830472412215
2003-12-30,0.6711938315905899
2003-12-31,0.5484914769586428
2004-01-01,0.46611532246051585
2004-01-02,0.39382551425505663
2004-01-03,0.3366131073594017
2004-01-04,0.2921464946490178
2004-01-05,0.5148579901004481
2004-01-06,0.4344149566676121
2004-01-07,0.36406056920400287
2004-01-08,0.43789733308401785
2004-01-09,0.5194409460776385
2004-01-10,0.42261150386845997
2004-01-11,0.9232639120154525
2004-01-12,1.6792872865246187
2004-01-13,1.857447156410488
2004-01-14,1.8883623042039368
2004-01-15,1.8399913029172776
2004-01-16,1.9441587723412292
2004-01-17,1.5751150492998762
2004-01-18,1.2345158485023109
2004-01-19,1.6801727304106187
2004-01-20,1.688909475498997
2004-01-21,1.363857350393176
2004-01-22,1.134595269432142
2004-01-23,0.9957235852133365
2004-01-24,0.9376523982874518
2004-01-25,0.7836696305048124
2004-01-26,0.654510202469296
2004-01-27,0.5568447267664207
2004-01-28,0.5343427688711099
2004-01-29,0.6524699776954584
2004-01-30,0.6263578752510202
2004-01-31,0.726994359635117
2004-02-01,0.9698403752837149
2004-02-02,0.9034001385332823
2004-02-03,0.7563224297153557
2004-02-04,0.6367332562047486
2004-02-05,0.5459551368953052
2004-02-06,0.5188722251204483
2004-02-07,0.5427716911869919
2004-02-08,0.8430918217642075
2004-02-09,0.7327856330659855
2004-02-10,0.6190159468237076
2004-02-11,0.6380993443335446
2004-02-12,0.570139546667534
2004-02-13,0.4955556633315327
2004-02-14,0.43840308002879436
2004-02-15,0.39375617351393305
2004-02-16,0.35857207329895724
2004-02-17,0.33604157133600426
2004-02-18,0.3404486410122655
2004-02-19,0.3354324314962848
2004-02-20,0.3116999937020481
2004-02-21,0.29255399861693115
2004-02-22,0.2769593418404173
2004-02-23,0.2641380785010405
2004-02-24,0.26755865523866934
2004-02-25,0.32780904519523996
2004-02-26,0.30693222255320024
2004-02-27,0.2952620815152427
2004-02-28,0.3276066145352962
2004-02-29,0.30568800264361656
2004-03-01,0.28590521734376484
2004-03-02,0.26980631796350746
2004-03-03,0.256611942889942
2004-03-04,0.24890823920301244
2004-03-05,0.34713682727075246
2004-03-06,0.3498791420434761
2004-03-07,0.405701836227472
2004-03-08,0.3725635781509203
2004-03-09,0.33705154203736276
2004-03-10,0.31717576029445976
2004-03-11,0.3031736526940255
2004-03-12,0.34142167353025327
2004-03-13,0.34036071261327283
2004-03-14,0.3109453994342963
2004-03-15,0.2881313788021725
2004-03-16,0.2697270525271632
2004-03-17,0.25474918646871575
2004-03-18,0.24244949424148618
2004-03-19,0.2778769631791433
2004-03-20,0.3758860749405528
2004-03-21,0.3596367623322754
2004-03-22,0.36668261226672266
2004-03-23,0.35740595378820217
2004-03-24,0.3214578268599771
2004-03-25,0.29523366570261866
2004-03-26,0.27420389459555417
2004-03-27,0.2571967463951252
2004-03-28,0.24332208290283894
2004-03-29,0.23190082794647957
2004-03-30,0.22241168256002763
2004-03-31,0.21445211115649584
2004-04-01,0.20770955920174994
2004-04-02,0.20194006678953044
2004-04-03,0.19759056264410613
2004-04-04,0.19777593069048358
2004-04-05,0.3006651691716594
2004-04-06,0.37723650550352544
2004-04-07,0.45949430765911664
2004-04-08,0.41385038082325704
2004-04-09,0.3623873754596372
2004-04-10,0.3250355385515442
2004-04-11,0.2954897004092104
2004-04-12,0.27193100368159256
2004-04-13,0.2529901278214974
2004-04-14,0.23763326527458362
2004-04-15,0.22507453709256764
2004-04-16,0.21471267155425988
2004-04-17,0.20763762905027447
2004-04-18,0.21586100083848572
2004-04-19,0.21930564165783115
2004-04-20,0.20929444663608857
2004-04-21,0.20689082272285134
2004-04-22,0.20956574639910494
2004-04-23,0.2033756478751251
2004-04-24,0.1955802371708016
2004-04-25,0.18900278125615802
2004-04-26,0.18340101651839968
2004-04-27,0.1785821661742525
2004-04-28,0.17439444889584274
2004-04-29,0.17071781912663722
2004-04-30,0.16749713948111325
2004-05-01,0.164583523646974
2004-05-02,0.16193364562598184
2004-05-03,0.15951498875818854
2004-05-04,0.16165751787504015
2004-05-05,0.1651005118251069
2004-05-06,0.16192400496074372
2004-05-07,0.2565921397694
2004-05-08,0.634122210570739
2004-05-09,0.39570447802133785
2004-05-10,0.3427200476307355
2004-05-11,0.30403896783078727
2004-05-12,0.27354392427843766
2004-05-13,0.24931243849927817
2004-05-14,0.22990569437687566
2004-05-15,0.21423884533833926
2004-05-16,0.20148823347891717
2004-05-17,0.19102441704051423
2004-05-18,0.18236341851982987
2004-05-19,0.17513095417590022
2004-05-20,0.16903599183399784
2004-05-21,0.166625744844102
2004-05-22,0.16423657788982318
2004-05-23,0.15956828654210903
2004-05-24,0.15553136653961827
2004-05-25,0.15200803118985748
2004-05-26,0.14890225457570777
2004-05-27,0.14613742381122138
2004-05-28,0.1436521790108006
2004-05-29,0.14139719589839095
2004-05-30,0.14325346199574518
2004-05-31,0.14494111279771685
2004-06-01,0.14205552404165903
2004-06-02,0.14325736496195543
2004-06-03,0.1444220988734926
2004-06-04,0.23295317600279808
2004-06-05,0.16349336297765593
2004-06-06,0.15506031051617528
2004-06-07,0.14957999071952582
2004-06-08,0.1449195171870417
2004-06-09,0.1409186994702009
2004-06-10,0.24357804511713566
2004-06-11,0.2378923946861438
2004-06-12,0.19938085457265245
2004-06-13,0.1667213844734042
2004-06-14,0.15830880566155678
2004-06-15,0.15131789419780153
2004-06-16,0.14546003877975788
2004-06-17,0.14050783657462348
2004-06-18,0.13820276707852344
2004-06-19,0.13751236990023588
2004-06-20,0.13391341795836983
2004-06-21,0.13296609429204573
2004-06-22,0.13339944145111152
2004-06-23,0.13078632149989208
2004-06-24,0.12859011057146844
2004-06-25,0.1259590245256754
2004-06-26,0.1236902248664324
2004-06-27,0.12200361824577999
2004-06-28,0.1197137849161456
2004-06-29,0.11754422361929993
2004-06-30,0.11558890083546636
2004-07-01,0.11381060884748818
2004-07-02,0.11413437824486933
2004-07-03,0.11547849722997346
2004-07-04,0.11392946012387196
2004-07-05,0.11295052565030912
2004-07-06,0.1118130507851669
2004-07-07,0.262254154605316
2004-07-08,0.14780536700022975
2004-07-09,0.3182829965298119
2004-07-10,0.36890039698159577
2004-07-11,0.20744117158564465
2004-07-12,0.18140591173407025
2004-07-13,0.16703227061171552
2004-07-14,0.15500107381003944
2004-07-15,0.1451907128694936
2004-07-16,0.13713080406805217
2004-07-17,0.13059887321879543
2004-07-18,0.12513147149448767
2004-07-19,0.12042495577117605
2004-07-20,0.12110139562906114
2004-07-21,0.1212502864997546
2004-07-22,0.3857453286295711
2004-07-23,0.24478264666129312
2004-07-24,0.18430602388837858
2004-07-25,0.1671482260803745
2004-07-26,0.1543128900115473
2004-07-27,0.14388096739790457
2004-07-28,0.13533954553488503
2004-07-29,0.12829278132893832
2004-07-30,0.12243347157194732
2004-07-31,0.11752194567552947
2004-08-01,0.11337028740350634
2004-08-02,0.10983046374192394
2004-08-03,0.10678533861370139
2004-08-04,0.3035416711658387
2004-08-05,0.23932101446624995
2004-08-06,0.14437663018702704
2004-08-07,0.13353794032555158
2004-08-08,0.12600398739343877
2004-08-09,0.11976720227273076
2004-08-10,0.15241667798645053
2004-08-11,0.13064343231099299
2004-08-12,0.41638098885215385
2004-08-13,0.46703466405844374
2004-08-14,0.2770447374759821
2004-08-15,0.22510638786098267
2004-08-16,0.20037258688455908
2004-08-17,0.18041197768728526
2004-08-18,0.4552235015237632
2004-08-19,0.3388249014489944
2004-08-20,0.44443023406390475
2004-08-21,0.3364157852872447
2004-08-22,0.2732061836639741
2004-08-23,0.2381205952760579
2004-08-24,0.24494781252821693
2004-08-25,0.38358205518003397
2004-08-26,0.26841966616925206
2004-08-27,0.5801749615252526
2004-08-28,0.41047134199408647
2004-08-29,0.3363638437885211
2004-08-30,0.2925662610102698
2004-08-31,0.2582403729420316
2004-09-01,0.22810152268198527
2004-09-02,0.20423142923267137
2004-09-03,0.18519231347562262
2004-09-04,0.16989710550507633
2004-09-05,0.1575204732708013
2004-09-06,0.14743170600719344
2004-09-07,0.13914585876622107
2004-09-08,0.13228790670813906
2004-09-09,0.12656624777240524
2004-09-10,0.12175297732658509
2004-09-11,0.13222002172010858
2004-09-12,0.14043877337929347
2004-09-13,0.2588168839631733
2004-09-14,0.18343240517231973
2004-09-15,0.1591444557925715
2004-09-16,0.14801794055761677
2004-09-17,0.13892127471716909
2004-09-18,0.18200125986180607
2004-09-19,0.16126789230660815
2004-09-20,0.1481456816622869
2004-09-21,0.13881921676242742
2004-09-22,0.21670133177277215
2004-09-23,0.4520021249348629
2004-09-24,0.4636513532140433
2004-09-25,0.34607857646154216
2004-09-26,0.2875391002004878
2004-09-27,0.25022300908227935
2004-09-28,0.22118945258970737
2004-09-29,0.19871590166865385
2004-09-30,0.18080649605628032
2004-10-01,0.16584511133411992
2004-10-02,0.15373387955739073
2004-10-03,0.1438586792963968
2004-10-04,0.1357463310841918
2004-10-05,0.14897489686201565
2004-10-06,0.1604592399567112
2004-10-07,0.1489953316432926
2004-10-08,0.13971036654845134
2004-10-09,0.13206830888498675
2004-10-10,0.12572967314192718
2004-10-11,0.12042998966594431
2004-10-12,0.11596218725778124
2004-10-13,0.11216336059953942
2004-10-14,0.15945181990192933
2004-10-15,0.15620665496107541
2004-10-16,0.15676679875585903
2004-10-17,0.2536874798316673
2004-10-18,0.17172879849873704
2004-10-19,0.15638890510119663
2004-10-20,0.780608340919582
2004-10-21,0.5590316469917308
2004-10-22,0.439577068444654
2004-10-23,0.3682610182887733
2004-10-24,0.31665101640264665
2004-10-25,0.2765298116786241
2004-10-26,0.2422790957591456
2004-10-27,0.3193005293138363
2004-10-28,0.32789741018842367
2004-10-29,0.3426299972834101
2004-10-30,0.275349788028747
2004-10-31,0.24132825193093202
2004-11-01,0.2830090616611353
2004-11-02,0.3333620270217606
2004-11-03,0.2629794009711995
2004-11-04,0.2318521011158606
2004-11-05,0.20780244673380066
2004-11-06,0.1988260600765147
2004-11-07,0.19319897071845624
2004-11-08,0.18477508220386538
2004-11-09,0.17073118479084692
2004-11-10,0.202798070628606
2004-11-11,0.17411552173006173
2004-11-12,0.18615131944668797
2004-11-13,0.21306116807031983
2004-11-14,0.1763582767337105
2004-11-15,0.16267228019174493
2004-11-16,0.1519024754049057
2004-11-17,0.14910887029839906
2004-11-18,1.1059311891701766
2004-11-19,0.9583427499017736
2004-11-20,0.7595157866576345
2004-11-21,0.6155847741835109
2004-11-22,0.5113596701741876
2004-11-23,0.4631280597813681
2004-11-24,0.3933589444423879
2004-11-25,0.33729071844119957
2004-11-26,0.3648963489141039
2004-11-27,0.3170032647416882
2004-11-28,0.4684267265828818
2004-11-29,0.3798701946024538
2004-11-30,0.32671679364906564
2004-12-01,0.28630891379187434
2004-12-02,0.2545452486260559
2004-12-03,0.22938623832833213
2004-12-04,0.20930778346849635
2004-12-05,0.19316238145480194
2004-12-06,0.18007997127728934
2004-12-07,0.16939648533822904
2004-12-08,0.1606019251365286
2004-12-09,0.153302321954235
2004-12-10,0.1471916583709453
2004-12-11,0.14203099417282
2004-12-12,0.13763284339987755
2004-12-13,0.13384940689216987
2004-12-14,0.1305636552658275
2004-12-15,0.1276825331156226
2004-12-16,0.27409116696799474
2004-12-17,0.9846464201332865
2004-12-18,0.8335370228186729
2004-12-19,0.8115209314063184
2004-12-20,0.6586681238171244
2004-12-21,0.5425162527744577
2004-12-22,0.5819433327594833
2004-12-23,0.5219174837490358
2004-12-24,0.7055460223722441
2004-12-25,0.9252829766268494
2004-12-26,0.8844126538957863
2004-12-27,0.7223739052157382
2004-12-28,0.9173241672074282
2004-12-29,0.7570271623409951
2004-12-30,0.6214414193409522
2004-12-31,0.5529934300839157
2005-01-01,0.5457367044925988
2005-01-02,0.46173753405974116
2005-01-03,0.3976342479742177
2005-01-04,0.3481963891363531
2005-01-05,0.3158507013387675
2005-01-06,0.3648176407457551
2005-01-07,0.316900947431069
2005-01-08,0.3161783678919797
2005-01-09,0.2845688659467948
2005-01-10,0.3198032293727749
2005-01-11,0.3163626721805097
2005-01-12,0.3689011341187293
2005-01-13,0.3217366345250146
2005-01-14,0.28817689036388866
2005-01-15,0.261978209677812
2005-01-16,0.24103777985626518
2005-01-17,0.4222075565618187
2005-01-18,0.8672742121610763
2005-01-19,0.788578588284576
2005-01-20,0.6672172942690578
2005-01-21,0.7517184880196924
2005-01-22,0.62952121070533
2005-01-23,0.5911225907051164
2005-01-24,0.5741642933169812
2005-01-25,0.4877130993346018
2005-01-26,0.4210147642324587
2005-01-27,0.36929164680702314
2005-01-28,0.38369586127434263
2005-01-29,0.33449736165001537
2005-01-30,0.3044500456970221
2005-01-31,0.3912470633892375
2005-02-01,0.39012036774785147
2005-02-02,0.4613244639572532
2005-02-03,0.44949769438663195
2005-02-04,0.3895213728735281
2005-02-05,0.3446743041671106
2005-02-06,0.30968758030637716
2005-02-07,0.2819687956926844
2005-02-08,0.25982800493489094
2005-02-09,0.241996296545849
2005-02-10,0.8408990513656204
2005-02-11,1.1267414680353018
2005-02-12,1.6004896322514843
2005-02-13,1.6461254869541977
2005-02-14,1.7940830750432717
2005-02-15,1.4823855651567375
2005-02-16,1.1739138410495755
2005-02-17,0.9481602044047602
2005-02-18,0.921543880483314
2005-02-19,1.0056948510362276
2005-02-20,1.1200808390884112
2005-02-21,1.0390779680424882
2005-02-22,0.8669072509412113
2005-02-23,0.7215358120603034
2005-02-24,0.6118933274391781
2005-02-25,0.5281059717321303
2005-02-26,0.5087710156532597
2005-02-27,0.46107290844182014
2005-02-28,0.41134694298511104
2005-03-01,0.37229973139806144
2005-03-02,0.34970554224041434
2005-03-03,0.3300677214705563
2005-03-04,0.3075161196272293
2005-03-05,0.31724274133915825
2005-03-06,0.3456459502031139
2005-03-07,0.4978124031235979
2005-03-08,0.47952237768998307
2005-03-09,0.4716446580456961
2005-03-10,0.4215022629679624
2005-03-11,0.3789137521448442
2005-03-12,0.49314250951299327
2005-03-13,0.4724891554419665
2005-03-14,0.41798477625295555
2005-03-15,0.37625732853168253
2005-03-16,0.34330439040299304
2005-03-17,0.31705428226675275
2005-03-18,0.2959597123331688
2005-03-19,0.27885627525816253
2005-03-20,0.2648614823270879
2005-03-21,0.2533020517387232
2005-03-22,0.2488052982651201
2005-03-23,0.2438318947763398
2005-03-24,0.266545944348866
2005-03-25,0.28377256123440137
2005-03-26,0.2674607582507516
2005-03-27,0.26015148420366313
2005-03-28,0.2530699176945756
2005-03-29,0.24209363247536897
2005-03-30,0.24192869220699212
2005-03-31,0.2409757169321093
2005-04-01,0.23149673886496458
2005-04-02,0.22352217995549936
2005-04-03,0.21675076818866593
2005-04-04,0.26467451020306926
2005-04-05,0.3078298674389998
2005-04-06,0.2895022307685072
2005-04-07,0.28368585552239284
2005-04-08,0.2925248074045278
2005-04-09,0.2877501723254165
2005-04-10,0.2672073020393361
2005-04-11,0.2510476751357191
2005-04-12,0.23783884552152804
2005-04-13,0.22719084829452854
2005-04-14,0.22310385415876266
2005-04-15,0.23443381712903308
2005-04-16,0.4583786444249613
2005-04-17,0.3830748061563014
2005-04-18,0.3586691686655366
2005-04-19,0.34031336150008124
2005-04-20,0.30819778646477053
2005-04-21,0.282616873614187
2005-04-22,0.2621100058107024
2005-04-23,0.2460205734671492
2005-04-24,0.265662085734986
2005-04-25,0.3871754953871192
2005-04-26,0.36465196182793164
2005-04-27,0.3207510710014955
2005-04-28,0.29263928407366785
2005-04-29,0.3347442994358627
2005-04-30,0.34072097864565326
2005-05-01,0.3064027808026546
2005-05-02,0.28677074259274654
2005-05-03,0.2884554092926862
2005-05-04,0.35379442630222097
2005-05-05,0.32363604715030164
2005-05-06,0.2942939442474393
2005-05-07,0.5285476868275756
2005-05-08,0.5685767788304406
2005-05-09,0.47755210332496106
2005-05-10,0.4095101565862877
2005-05-11,0.3618006516826093
2005-05-12,0.3242264535300042
2005-05-13,0.2945179388913723
2005-05-14,0.2709009444238408
2005-05-15,0.25187949630306694
2005-05-16,0.23643440130734972
2005-05-17,0.2238077302998223
2005-05-18,0.21339352164004743
2005-05-19,0.20472540997317037
2005-05-20,0.21494698319715735
2005-05-21,0.28092987368273264
2005-05-22,0.25042979855402536
2005-05-23,0.2331458415525877
2005-05-24,0.22001799407512398
2005-05-25,0.20922273885036582
2005-05-26,0.20026586719077574
2005-05-27,0.19276538459982026
2005-05-28,0.18642440839700317
2005-05-29,0.1821126530025893
2005-05-30,0.18267377329001844
2005-05-31,0.18116119466941707
2005-06-01,0.17611232549330147
2005-06-02,0.17174087043752118
2005-06-03,0.1679197958248825
2005-06-04,0.1645748373148431
2005-06-05,0.16157480532955604
2005-06-06,0.16022769781027826
2005-06-07,0.15870311327717831
2005-06-08,0.1560858683442237
2005-06-09,0.15370069468088374
2005-06-10,0.15150879525367236
2005-06-11,0.14947763186118576
2005-06-12,0.1475807882822456
2005-06-13,0.14579675111371562
2005-06-14,0.1441079467175346
2005-06-15,0.14292595705553526
2005-06-16,0.1415911636134315
2005-06-17,0.14002518338163766
2005-06-18,0.138524538405227
2005-06-19,0.1370802752867128
2005-06-20,0.1356847997304296
2005-06-21,0.134331818342421
2005-06-22,0.13301610193791996
2005-06-23,0.13173329410148507
2005-06-24,0.13047975591464123
2005-06-25,0.12925243967950195
2005-06-26,0.12804878595820327
2005-06-27,0.12686663941450446
2005-06-28,0.12570417985958504
2005-06-29,0.3712437861221884
2005-06-30,0.3469759107046316
2005-07-01,0.17026584252280855
2005-07-02,0.15377755376018237
2005-07-03,0.14794920716546386
2005-07-04,0.46353911065436226
2005-07-05,0.20695334101124918
2005-07-06,0.38613567588378733
2005-07-07,0.6678316654677648
2005-07-08,0.4439587004130679
2005-07-09,0.342116160944939
2005-07-10,0.2970586840630143
2005-07-11,0.26266746267752533
2005-07-12,0.23550475640126178
2005-07-13,0.21388935888920058
2005-07-14,0.19655878612172603
2005-07-15,0.18255813737035428
2005-07-16,0.17116026558132633
2005-07-17,0.1618079342387606
2005-07-18,0.1549263334519049
2005-07-19,0.1487842768274646
2005-07-20,0.14315443180568824
2005-07-21,0.13838332582835836
2005-07-22,0.13430359141872775
2005-07-23,0.13078220834465515
2005-07-24,0.1297220703390671
2005-07-25,0.13307422470321897
2005-07-26,0.1336016411140048
2005-07-27,0.13543841231711867
2005-07-28,0.13402605256185504
2005-07-29,0.3454478697074576
2005-07-30,0.27630843154135554
2005-07-31,0.2104899271502804
2005-08-01,0.272436178150477
2005-08-02,0.19571008147754196
2005-08-03,0.1793828550773687
2005-08-04,0.16686278837778967
2005-08-05,0.15893236715693354
2005-08-06,0.1532836174556941
2005-08-07,0.14740200518732974
2005-08-08,0.14106042384583828
2005-08-09,0.13501716725354526
2005-08-10,0.12993655421705125
2005-08-11,0.13273995291906057
2005-08-12,0.1361733513233281
2005-08-13,0.1337871006764252
2005-08-14,0.5228559495986167
2005-08-15,0.24279057967556042
2005-08-16,0.21311626918408344
2005-08-17,0.19280488089821138
2005-08-18,0.17651953390493105
2005-08-19,0.3791674587446876
2005-08-20,0.8017770122875567
2005-08-21,0.4380997446683668
2005-08-22,0.3662499526192413
2005-08-23,0.3148894294325652
2005-08-24,0.2744715407051525
2005-08-25,0.650255123575686
2005-08-26,0.4496591040286622
2005-08-27,0.37671200756326484
2005-08-28,0.32345975703295465
2005-08-29,0.2819783739558334
2005-08-30,0.24941765913546932
2005-08-31,0.22366693410235797
2005-09-01,0.20334386997490736
2005-09-02,0.18691584467867992
2005-09-03,0.17355526570575464
2005-09-04,0.16266998743816932
2005-09-05,0.15373224942913483
2005-09-06,0.14633467282120394
2005-09-07,0.14016105198726533
2005-09-08,0.134964660379825
2005-09-09,0.13119453511705984
2005-09-10,0.1567267666379347
2005-09-11,0.16674382920418018
2005-09-12,0.14760596518034938
2005-09-13,0.14057690578428586
2005-09-14,0.1347047225314548
2005-09-15,0.18745235318612094
2005-09-16,0.20722644221924505
2005-09-17,0.16226319470849426
2005-09-18,0.15156521346830704
2005-09-19,0.14331980022424162
2005-09-20,0.1364871853668574
2005-09-21,0.13077869463799588
2005-09-22,0.12596877952188643
2005-09-23,0.1218803486588902
2005-09-24,0.11837371134731
2005-09-25,0.11571680125772543
2005-09-26,0.11317354743759679
2005-09-27,0.1150931292879881
2005-09-28,0.11681077791340579
2005-09-29,0.28802762524573894
2005-09-30,0.18741759295608942
2005-10-01,0.25713651585005753
2005-10-02,0.23113823764874375
2005-10-03,0.1796570477632107
2005-10-04,0.1641504871244069
2005-10-05,0.1522178093538367
2005-10-06,0.14248640187066322
2005-10-07,0.13449048493677035
2005-10-08,0.1278696768735543
2005-10-09,0.12234362777186962
2005-10-10,0.1176931263375715
2005-10-11,0.1137459342561465
2005-10-12,0.11036609819808936
2005-10-13,0.10744583756887266
2005-10-14,0.10489935240350175
2005-10-15,0.10265807150427325
2005-10-16,0.10066698719536422
2005-10-17,0.09888181446771493
2005-10-18,0.0972667788922968
2005-10-19,0.09590286231288676
2005-10-20,0.09621862270354269
2005-10-21,0.19164061598358803
2005-10-22,0.6520224988328244
2005-10-23,0.336093331433401
2005-10-24,0.6751569500795337
2005-10-25,0.7480945305526658
2005-10-26,0.5285130642101462
2005-10-27,0.43478548421891233
2005-10-28,0.36510155132156225
2005-10-29,0.3112968944707822
2005-10-30,0.2694282638824179
2005-10-31,0.2366020362144562
2005-11-01,0.21067620210775337
2005-11-02,0.2854343617972694
2005-11-03,0.32525985009247965
2005-11-04,0.26023430055203595
2005-11-05,0.22919990233547663
2005-11-06,0.20514645962641123
2005-11-07,0.29508180812342627
2005-11-08,0.23907030654421632
2005-11-09,0.21217470070703273
2005-11-10,0.19826500844288375
2005-11-11,0.18805923567530783
2005-11-12,0.295685181026994
2005-11-13,0.2269287360316117
2005-11-14,0.20260669749283203
2005-11-15,0.37790819488746896
2005-11-16,0.3123985291894298
2005-11-17,0.40718112215333574
2005-11-18,0.316382908431587
2005-11-19,0.2738746449533993
2005-11-20,0.2413584315998607
2005-11-21,0.21565926920011083
2005-11-22,0.19519894128800178
2005-11-23,0.17879043217941223
2005-11-24,0.2927336480958284
2005-11-25,0.28737735132123515
2005-11-26,0.49453256820784747
2005-11-27,0.5831941288559478
2005-11-28,0.6170081574912503
2005-11-29,0.490970003007195
2005-11-30,0.41102868540890464
2005-12-01,0.3503525850395133
2005-12-02,0.3105429979087701
2005-12-03,0.305782911865188
2005-12-04,0.4616182409241895
2005-12-05,0.41101642125577675
2005-12-06,0.4168197612765708
2005-12-07,0.38744565707401263
2005-12-08,0.4254314224498765
2005-12-09,0.35138356095711015
2005-12-10,0.3049355804334604
2005-12-11,0.2690501540723882
2005-12-12,0.2443627257488495
2005-12-13,0.22658937170733062
2005-12-14,0.23155724588335172
2005-12-15,0.20833516387899506
2005-12-16,0.5389339149738045
2005-12-17,0.732428542183354
2005-12-18,0.8104103813972436
2005-12-19,0.7981202309362484
2005-12-20,0.6511254175197473
2005-12-21,0.538319872179139
2005-12-22,0.5121364185454313
2005-12-23,0.4360112580823008
2005-12-24,0.3741914796786563
2005-12-25,0.3265154820589882
2005-12-26,0.3202949556732341
2005-12-27,0.2853697455101751
2005-12-28,0.2565312174308019
2005-12-29,0.23380515913703412
2005-12-30,0.21557726691558612
2005-12-31,0.4356388110719183
2006-01-01,0.35838794388351164
2006-01-02,0.31240908520045635
2006-01-03,0.27812353572606713
2006-01-04,0.2510023249516274
2006-01-05,0.2293811367326852
2006-01-06,0.21200977811006952
2006-01-07,0.19794236273037444
2006-01-08,0.1864584028564312
2006-01-09,0.1770056147175695
2006-01-10,0.1691581217946394
2006-01-11,0.20443505996269165
2006-01-12,0.20657527767490028
2006-01-13,0.1923745367185653
2006-01-14,0.1812371634014904
2006-01-15,0.17206550037710588
2006-01-16,0.1644482778482489
2006-01-17,0.5516356658977857
2006-01-18,0.4528033115707504
2006-01-19,0.38451335936342507
2006-01-20,0.368808901557987
2006-01-21,0.3280447176165488
2006-01-22,0.2893050892360189
2006-01-23,0.2590581267537024
2006-01-24,0.2350429801821398
2006-01-25,0.21582801222059492
2006-01-26,0.20033380584194746
2006-01-27,0.1877408292300298
2006-01-28,0.1774227908535673
2006-01-29,0.16889812940572232
2006-01-30,0.161794422663475
2006-01-31,0.15582207892605376
2006-02-01,0.15075475245978803
2006-02-02,0.14641466698832847
2006-02-03,0.142661547707147
2006-02-04,0.1393842246120309
2006-02-05,0.14122919161285427
2006-02-06,0.14366004630920956
2006-02-07,0.13978495328866214
2006-02-08,0.19412244362990516
2006-02-09,0.258244301983817
2006-02-10,0.25116702946981606
2006-02-11,0.22162642782646125
2006-02-12,0.2903408556129224
2006-02-13,0.5790799255017611
2006-02-14,0.5850526515709983
2006-02-15,1.0796300803435892
2006-02-16,1.1177211397712223
2006-02-17,1.0951123830711011
2006-02-18,1.1887611091509216
2006-02-19,1.0399219473273085
2006-02-20,1.1483961815231818
2006-02-21,1.001240485858776
2006-02-22,0.810891508039881
2006-02-23,0.6653299186167989
2006-02-24,0.5555456791355597
2006-02-25,0.47180084391078053
2006-02-26,0.4073530606878426
2006-02-27,0.36435310017285777
2006-02-28,0.4662614426173621
2006-03-01,0.4629003742870586
2006-03-02,0.3984695374156297
2006-03-03,0.35078568424841167
2006-03-04,0.3134109838365568
2006-03-05,0.28387733449119296
2006-03-06,0.2603499295325016
2006-03-07,0.2734343894312766
2006-03-08,0.6196763084933401
2006-03-09,0.794967833127019
2006-03-10,0.9320699029102157
2006-03-11,0.8238528778766313
2006-03-12,0.6843368941571955
2006-03-13,0.5730079754861125
2006-03-14,0.48828920333526615
2006-03-15,0.42309714888451483
2006-03-16,0.3724960904622445
2006-03-17,0.33288851709372563
2006-03-18,0.30162803286213224
2006-03-19,0.27675114363122777
2006-03-20,0.2567893454345692
2006-03-21,0.249734104519844
2006-03-22,0.2458442578878917
2006-03-23,0.23361219500274322
2006-03-24,0.2771931805765496
2006-03-25,0.4383191159885638
2006-03-26,0.4423497730133605
2006-03-27,0.42126545172418584
2006-03-28,0.391852443808051
2006-03-29,0.36236736804199565
2006-03-30,0.9687469208374857
2006-03-31,1.2144855313959162
2006-04-01,1.1152481810927861
2006-04-02,1.0151959650198796
2006-04-03,1.0675720962011976
2006-04-04,0.9020983405428491
2006-04-05,0.7414568460165011
2006-04-06,0.6214535978133692
2006-04-07,0.5301200769080747
2006-04-08,0.46289563605850903
2006-04-09,0.40965400062778884
2006-04-10,0.3662915398351411
2006-04-11,0.33240346233087886
2006-04-12,0.32096853540088577
2006-04-13,0.3132450239101877
2006-04-14,0.2937075106877763
2006-04-15,0.30059485433868227
2006-04-16,0.42601860807679576
2006-04-17,0.4128507473337725
2006-04-18,0.3668630420865762
2006-04-19,0.3318624707163876
2006-04-20,0.3040867080275155
2006-04-21,0.28185641158220204
2006-04-22,0.2639106315668343
2006-04-23,0.24929570806697435
2006-04-24,0.2372854850256657
2006-04-25,0.22732350977682525
2006-04-26,0.2247398369930493
2006-04-27,0.22126492324517133
2006-04-28,0.21360433745000176
2006-04-29,0.20709136705429257
2006-04-30,0.2057645730803083
2006-05-01,0.21099159297796577
2006-05-02,0.20922050417659457
2006-05-03,0.20263419263279123
2006-05-04,0.1969905096995294
2006-05-05,0.19210828158127183
2006-05-06,0.18784088390576406
2006-05-07,0.19014527035613593
2006-05-08,0.4765922967895935
2006-05-09,0.4054254074435551
2006-05-10,0.33691697078756433
2006-05-11,0.30304370501873035
2006-05-12,0.27685303785099596
2006-05-13,0.256413219247853
2006-05-14,0.23970419507388707
2006-05-15,0.22579414646203846
2006-05-16,0.21482039960770247
2006-05-17,0.2091049853963207
2006-05-18,0.28220566948346837
2006-05-19,0.289532613535182
2006-05-20,0.7338830685416317
2006-05-21,0.5980752344369561
2006-05-22,0.49712367474686414
2006-05-23,0.4358675270124463
2006-05-24,0.3991651422642162
2006-05-25,0.7279080997997363
2006-05-26,0.9231825179966977
2006-05-27,1.0757701641307857
2006-05-28,0.8693713189264135
2006-05-29,0.7641307058880121
2006-05-30,0.7931558079694119
2006-05-31,0.7101013948075767
2006-06-01,0.6268360181646923
2006-06-02,0.5309518239600163
2006-06-03,0.4584315046149436
2006-06-04,0.402329937780681
2006-06-05,0.3585390765781153
2006-06-06,0.32406873338053743
2006-06-07,0.2967073711566857
2006-06-08,0.27480588191295435
2006-06-09,0.2571251043480421
2006-06-10,0.24272722307946118
2006-06-11,0.23089770230424667
2006-06-12,0.2210886798167372
2006-06-13,0.21287758602557671
2006-06-14,0.2150145458548696
2006-06-15,0.2167494520370726
2006-06-16,0.2087199209916376
2006-06-17,0.20192502095177225
2006-06-18,0.19612170126955894
2006-06-19,0.19111454702269404
2006-06-20,0.18674961939964482
2006-06-21,0.18299859586777711
2006-06-22,0.17960224131076843
2006-06-23,0.17650912617255576
2006-06-24,0.17370396743683933
2006-06-25,0.1783269497534846
2006-06-26,0.1891189716038485
2006-06-27,0.1802859375987368
2006-06-28,0.1760801397518562
2006-06-29,0.1723827939136531
2006-06-30,0.16909920456249053
2006-07-01,0.16615382251277191
2006-07-02,0.1634861402882506
2006-07-03,0.16104751808406806
2006-07-04,0.15879871769679565
2006-07-05,0.15784303947301978
2006-07-06,0.15671705601829358
2006-07-07,0.15470381360864824
2006-07-08,0.15272487976550683
2006-07-09,0.15083617114566855
2006-07-10,0.1490524206284649
2006-07-11,0.1473575571194879
2006-07-12,0.1457383801776662
2006-07-13,0.14418403334313515
2006-07-14,0.14268556309515454
2006-07-15,0.1412355651428623
2006-07-16,0.13982789986648994
2006-07-17,0.13845746270164908
2006-07-18,0.13711999832339022
2006-07-19,0.1358119498582886
2006-07-20,0.1345358562101114
2006-07-21,0.1332798787675459
2006-07-22,0.4991387181927744
2006-07-23,0.157592556279908
2006-07-24,0.1475019532952754
2006-07-25,0.1436346377965295
2006-07-26,0.14026788711800214
2006-07-27,0.13730766220370053
2006-07-28,0.1392993212210559
2006-07-29,0.13675500667482554
2006-07-30,0.1362998161774566
2006-07-31,0.13530255316771655
2006-08-01,0.13262156013932977
2006-08-02,0.13066590113899232
2006-08-03,0.5756869439299322
2006-08-04,0.2795176977665445
2006-08-05,0.18943219274668768
2006-08-06,0.1750777442234677
2006-08-07,0.16438738089168736
2006-08-08,0.15563039598385495
2006-08-09,0.14843184179135568
2006-08-10,0.14591999845900178
2006-08-11,0.3912264527802347
2006-08-12,0.21819812726409413
2006-08-13,0.1772830616394294
2006-08-14,0.44181140952316356
2006-08-15,0.2497672435775485
2006-08-16,0.21868832030965565
2006-08-17,0.20203565393412368
2006-08-18,0.18600679786916333
2006-08-19,0.17767683957824074
2006-08-20,0.1754444653292554
2006-08-21,0.4346336797128232
2006-08-22,0.24855779331753147
2006-08-23,0.2202538012792057
2006-08-24,0.3409354808901827
2006-08-25,0.8906019872076681
2006-08-26,0.5381155777631826
2006-08-27,0.43632672270926975
2006-08-28,0.5176401151530393
2006-08-29,0.6541541738502278
2006-08-30,0.48723553804279995
2006-08-31,0.40929183826034937
2006-09-01,0.3508074547518649
2006-09-02,0.3054053530118312
2006-09-03,0.2700876029321055
2006-09-04,0.24210692035786427
2006-09-05,0.21978500975397344
2006-09-06,0.2019094026335659
2006-09-07,0.18748332768737563
2006-09-08,0.17574933934746265
2006-09-09,0.16612808995772535
2006-09-10,0.15817373104282892
2006-09-11,0.15154116757244154
2006-09-12,0.1459618342100649
2006-09-13,0.14122564870808132
2006-09-14,0.1371674773045682
2006-09-15,0.13365691983672326
2006-09-16,0.13059055416764034
2006-09-17,0.12788601441163414
2006-09-18,0.1254774450054799
2006-09-19,0.12332011055753285
2006-09-20,0.12135776891249328
2006-09-21,0.11955740148953653
2006-09-22,0.11789556659016824
2006-09-23,0.11682434046609885
2006-09-24,0.11748396771778225
2006-09-25,0.11706626226215688
2006-09-26,0.1152651880721494
2006-09-27,0.11360862396377587
2006-09-28,0.11207387457096506
2006-09-29,0.11099867317423018
2006-09-30,0.11178790157032943
2006-10-01,0.11159962503018063
2006-10-02,0.10988082713317543
2006-10-03,0.10935867896915152
2006-10-04,0.12222638081427623
2006-10-05,0.15575136883377175
2006-10-06,0.5173987303984419
2006-10-07,0.22674976399308613
2006-10-08,0.19309892663529996
2006-10-09,0.17612297316533385
2006-10-10,0.1680560104188122
2006-10-11,0.15992879051109468
2006-10-12,0.14909412858421148
2006-10-13,0.14021988972437965
2006-10-14,0.13289794438290997
2006-10-15,0.1268089254145193
2006-10-16,0.12170374467960414
2006-10-17,0.11738715815535893
2006-10-18,0.11675518186159269
2006-10-19,0.11632092505829157
2006-10-20,0.11263430152648302
2006-10-21,0.10945682185287646
2006-10-22,0.2897471568098114
2006-10-23,0.2940726033401409
2006-10-24,0.286651622348491
2006-10-25,0.2116781204818672
2006-10-26,0.18892361292594742
2006-10-27,0.1714921595135573
2006-10-28,0.15918034252276705
2006-10-29,0.15224757778886774
2006-10-30,0.14287066163656242
2006-10-31,0.13507791109568712
2006-11-01,0.19904603963711962
2006-11-02,0.15557721766241814
2006-11-03,0.14450235758470986
2006-11-04,0.13642499391595084
2006-11-05,0.12866498890040404
2006-11-06,0.12223804655238218
2006-11-07,0.11687423928778955
2006-11-08,0.11236114938945153
2006-11-09,0.10853176784855602
2006-11-10,0.10525418773074809
2006-11-11,0.32831564131518376
2006-11-12,0.2385202824051953
2006-11-13,0.22377883144781271
2006-11-14,0.278946723339779
2006-11-15,0.24675852687080305
2006-11-16,0.24833156640038825
2006-11-17,0.213258954905733
2006-11-18,0.2899554115932439
2006-11-19,0.4587687391016304
2006-11-20,0.6590718931775282
2006-11-21,0.53711225378727
2006-11-22,0.49443386817105667
2006-11-23,0.8344395679417712
2006-11-24,0.6264381870198371
2006-11-25,0.5667005645240533
2006-11-26,0.4603776760364507
2006-11-27,0.3865237548725675
2006-11-28,0.36008031936475304
2006-11-29,0.31549049040656074
2006-11-30,0.27442953312159574
2006-12-01,0.2425393892281361
2006-12-02,0.21730995390338148
2006-12-03,0.35095921888895437
2006-12-04,0.5388234099344311
2006-12-05,0.611171578220806
2006-12-06,0.4936572492130314
2006-12-07,0.8338648099001952
2006-12-08,1.0997727936682145
2006-12-09,0.8781699431324522
2006-12-10,0.7071250940112385
2006-12-11,1.32656728275804
2006-12-12,1.2280033650067985
2006-12-13,0.9798381780544076
2006-12-14,0.7885386906737102
2006-12-15,0.6458456037650352
2006-12-16,0.9556574809552348
2006-12-17,0.7983812093072982
2006-12-18,0.6553633297827327
2006-12-19,0.5469894438004046
2006-12-20,0.4643017386332829
2006-12-21,0.4006503942837422
2006-12-22,0.35123695800240634
2006-12-23,0.31256008477245795
2006-12-24,0.2820415022153085
2006-12-25,0.25776647597153973
2006-12-26,0.23830174009282792
2006-12-27,0.22256645856465043
2006-12-28,0.20973989338736618
2006-12-29,0.19919474331102674
2006-12-30,0.5327385553365125
2006-12-31,0.5054635236761481
2007-01-01,0.7817986323953182
2007-01-02,0.9001096366789595
2007-01-03,0.748017222924897
2007-01-04,0.6867880886728597
2007-01-05,0.6447025156533029
2007-01-06,0.8193619544196867
2007-01-07,0.6914263817397096
2007-01-08,0.7320580182771677
2007-01-09,0.6242548696267428
2007-01-10,0.6743177245827141
2007-01-11,0.8462275710652692
2007-01-12,0.7149940032701357
2007-01-13,0.5969908477408034
2007-01-14,0.5081623931800641
2007-01-15,0.4398926308818299
2007-01-16,0.39620750619028716
2007-01-17,0.5459050626891981
2007-01-18,1.0019195225039403
2007-01-19,1.2519595624333417
2007-01-20,1.1589417017411454
2007-01-21,1.0793262442487024
2007-01-22,0.9376423882337939
2007-01-23,0.7734789946442451
2007-01-24,0.6473549314376562
2007-01-25,0.5516705128548564
2007-01-26,0.4782520582669895
2007-01-27,0.4445652038450309
2007-01-28,0.39375935808661056
2007-01-29,0.35529721512950463
2007-01-30,0.32484210426522037
2007-01-31,0.3005239488231229
2007-02-01,0.28194902346684103
2007-02-02,0.26705568618117
2007-02-03,0.25362072245594336
2007-02-04,0.24251418307017922
2007-02-05,0.23988237316933736
2007-02-06,0.26214227598360845
2007-02-07,0.3714069514701066
2007-02-08,0.6303548717643425
2007-02-09,0.5326859384058319
2007-02-10,0.4645048125962787
2007-02-11,0.6988476927672004
2007-02-12,1.1025427148741318
2007-02-13,0.9483543818532149
2007-02-14,1.0899604657970758
2007-02-15,0.9311441114378312
2007-02-16,0.7670598177636734
2007-02-17,0.6446683312284963
2007-02-18,0.5515129176997504
2007-02-19,0.4799499624659722
2007-02-20,0.42448018110196967
2007-02-21,0.4251324151851921
2007-02-22,0.42532782412642445
2007-02-23,0.38171472590119954
2007-02-24,0.4159765961077299
2007-02-25,0.9966194884836715
2007-02-26,1.0163580770696354
2007-02-27,1.0659185908407778
2007-02-28,1.027605317691178
2007-03-01,1.090290474208312
2007-03-02,1.1332892973447886
2007-03-03,1.1132819564900107
2007-03-04,0.9383059153072072
2007-03-05,1.11910046970874
2007-03-06,1.7932067090962909
2007-03-07,1.6258777400828297
2007-03-08,1.3090796952904469
2007-03-09,1.2566113792771458
2007-03-10,1.0940232310436229
2007-03-11,0.9013594442547433
2007-03-12,0.7578274267218984
2007-03-13,0.6490514018812878
2007-03-14,0.565809278393618
2007-03-15,0.5015052663529983
2007-03-16,0.4513718160013413
2007-03-17,0.41192895927688317
2007-03-18,0.49492708702627747
2007-03-19,0.6176552595921107
2007-03-20,0.5976079624684127
2007-03-21,0.7267495369592044
2007-03-22,0.6422138326098585
2007-03-23,0.5620674079966155
2007-03-24,0.500662372738104
2007-03-25,0.4503797439834312
2007-03-26,0.41083486170506817
2007-03-27,0.3794527531849691
2007-03-28,0.35431806208583105
2007-03-29,0.3339974868713434
2007-03-30,0.3328827798179865
2007-03-31,0.33685412722921243
2007-04-01,0.32239191352765956
2007-04-02,0.3072540261122123
2007-04-03,0.29472036478677544
2007-04-04,0.2842389641429403
2007-04-05,0.2753808652992947
2007-04-06,0.26781354602117713
2007-04-07,0.2612778589950757
2007-04-08,0.2555708172376063
2007-04-09,0.25053266003540337
2007-04-10,0.24603707484196036
2007-04-11,0.24198376168300553
2007-04-12,0.2382927474003607
2007-04-13,0.234900014946151
2007-04-14,0.23175412667456918
2007-04-15,0.22881360308518373
2007-04-16,0.22604487872364057
2007-04-17,0.22342070122512428
2007-04-18,0.2209188722246276
2007-04-19,0.2185212532040961
2007-04-20,0.21621297755162047
2007-04-21,0.21398182379312322
2007-04-22,0.21181771529680757
2007-04-23,0.20971231960081024
2007-04-24,0.2076587265023172
2007-04-25,0.20565118863413223
2007-04-26,0.20368491178484052
2007-04-27,0.20175588494631383
2007-04-28,0.19986074218819735
2007-04-29,0.1979966501066829
2007-04-30,0.1961612158826452
2007-05-01,0.1943524119942965
2007-05-02,0.1925685144244896
2007-05-03,0.19080805183055197
2007-05-04,0.18906976364181374
2007-05-05,0.1873525654451401
2007-05-06,0.18565552033369817
2007-05-07,0.18980154002139438
2007-05-08,0.29276089518297627
2007-05-09,0.4922366363217099
2007-05-10,0.2581506036981421
2007-05-11,0.24416333399178247
2007-05-12,0.23958344239035703
2007-05-13,0.23258629460570449
2007-05-14,0.23087918237929125
2007-05-15,0.23869064655668693
2007-05-16,0.5103886059279055
2007-05-17,0.4209946632147561
2007-05-18,0.5778584563847354
2007-05-19,0.46475735573471644
2007-05-20,0.40208044982321495
2007-05-21,0.3576935489379331
2007-05-22,0.32092310399349366
2007-05-23,0.29188963787999406
2007-05-24,0.2687725484206204
2007-05-25,0.25032240294288427
2007-05-26,0.25710213095931456
2007-05-27,0.26584182370888904
2007-05-28,0.2485115279386005
2007-05-29,0.23439180199181012
2007-05-30,0.2222240636451924
2007-05-31,0.22265844980003832
2007-06-01,0.44060640298419473
2007-06-02,0.31501903472232234
2007-06-03,0.28365339780316734
2007-06-04,0.26078329225908664
2007-06-05,0.24243219790817574
2007-06-06,0.22757909054871373
2007-06-07,0.21545051389978406
2007-06-08,0.20661950489837946
2007-06-09,0.20983998702093323
2007-06-10,0.2092399926268298
2007-06-11,0.19993378237090229
2007-06-12,0.19215876404721624
2007-06-13,0.18560704396196692
2007-06-14,0.36251093044658095
2007-06-15,0.393107974489273
2007-06-16,0.29714240632087136
2007-06-17,0.3598410337520182
2007-06-18,0.28848182914245163
2007-06-19,0.25969930555934656
2007-06-20,0.2408730368199057
2007-06-21,0.23060127957851909
2007-06-22,0.22296746572105386
2007-06-23,0.2141191811541321
2007-06-24,0.20407297866658577
2007-06-25,0.19834215564189953
2007-06-26,0.20515326037395223
2007-06-27,0.2078400566337336
2007-06-28,0.19669782172289996
2007-06-29,0.19688046428079742
2007-06-30,0.19773848049353493
2007-07-01,0.18845662409679595
2007-07-02,0.48492515701959543
2007-07-03,0.3326971983260851
2007-07-04,0.41353444635366304
2007-07-05,0.4201346084575938
2007-07-06,0.3333918286097432
2007-07-07,0.2939054649773711
2007-07-08,0.2664493321834155
2007-07-09,0.31917421888842684
2007-07-10,0.28361563150536157
2007-07-11,0.25580011460491947
2007-07-12,0.2349102834403557
2007-07-13,0.21979849177670144
2007-07-14,0.20661416304075372
2007-07-15,0.19502628707017675
2007-07-16,0.202004580769217
2007-07-17,0.20675500309958794
2007-07-18,0.19478175193131356
2007-07-19,0.18492469160418878
2007-07-20,0.30580617748296096
2007-07-21,0.2386965269821458
2007-07-22,0.2203790776450497
2007-07-23,0.3545507844295223
2007-07-24,0.3178348078786232
2007-07-25,0.263649202176259
2007-07-26,0.23908268975607663
2007-07-27,0.22477032373590697
2007-07-28,0.5158389625743617
2007-07-29,0.47560828908828273
2007-07-30,0.3638469993054973
2007-07-31,0.3179970496973896
2007-08-01,0.28308958862129263
2007-08-02,0.25971519041265584
2007-08-03,0.24006710943422035
2007-08-04,0.22113130031131292
2007-08-05,0.20584113997990036
2007-08-06,0.20083673593440018
2007-08-07,0.195821585312252
2007-08-08,0.1864981200127557
2007-08-09,0.5099260803125524
2007-08-10,0.34853515277799074
2007-08-11,0.2947458419299646
2007-08-12,0.2641200466610284
2007-08-13,0.23982003142844407
2007-08-14,0.22038836701117717
2007-08-15,0.20483361498863775
2007-08-16,0.2028932804435599
2007-08-17,0.20006923611761282
2007-08-18,0.18804302011829807
2007-08-19,0.240171496848419
2007-08-20,0.37746373181349585
2007-08-21,0.3564744231465747
2007-08-22,0.7208558588181578
2007-08-23,0.4848121886526539
2007-08-24,0.4028583031895025
2007-08-25,0.3489149295553408
2007-08-26,0.30687089781369925
2007-08-27,0.27384035129710416
2007-08-28,0.24768671523013455
2007-08-29,0.2268161206958462
2007-08-30,0.21003042441256825
2007-08-31,0.19642249020488203
2007-09-01,0.18530088630301014
2007-09-02,0.17613526323927386
2007-09-03,0.28181853572577503
2007-09-04,0.25915348868506966
2007-09-05,0.22616435491217854
2007-09-06,0.20907761704578545
2007-09-07,0.19501097384845498
2007-09-08,0.1835383994648542
2007-09-09,0.17410409640232308
2007-09-10,0.16696306405810893
2007-09-11,0.1607172409232934
2007-09-12,0.15501995718487405
2007-09-13,0.15017274580073273
2007-09-14,0.14601040220382627
2007-09-15,0.14240127091158386
2007-09-16,0.13924094390881103
2007-09-17,0.145579505899166
2007-09-18,0.31360856913839247
2007-09-19,0.20081257728759158
2007-09-20,0.18494271334372525
2007-09-21,0.17361486866621198
2007-09-22,0.1643134605230471
2007-09-23,0.15661258478809154
2007-09-24,0.15335018161501943
2007-09-25,0.15064843402129882
2007-09-26,0.15282593510523998
2007-09-27,0.16079536881980475
2007-09-28,0.3655610173782609
2007-09-29,0.3616534106979303
2007-09-30,0.25097400904261524
2007-10-01,0.4702776506807495
2007-10-02,0.3275084381662459
2007-10-03,0.7182432014774154
2007-10-04,0.48913429794731894
2007-10-05,0.4094400427856633
2007-10-06,0.35115609421291644
2007-10-07,0.3058666136587587
2007-10-08,0.2703960184870352
2007-10-09,0.4754650503785562
2007-10-10,0.3885604253133061
2007-10-11,0.3296715829254496
2007-10-12,0.28959344322141434
2007-10-13,0.258073401281042
2007-10-14,0.23309363068098318
2007-10-15,0.21314562232799958
2007-10-16,0.19709347175181088
2007-10-17,0.19807553972907135
2007-10-18,0.20001605498863087
2007-10-19,0.1862939262913896
2007-10-20,0.17509575657406648
2007-10-21,0.16588987447162243
2007-10-22,0.15825865801667707
2007-10-23,0.1518782100119082
2007-10-24,0.14649598976720354
2007-10-25,0.1419141045213385
2007-10-26,0.1379767473056561
2007-10-27,0.13456069409382632
2007-10-28,0.1315680732477113
2007-10-29,0.7033213061051939
2007-10-30,0.510068703071301
2007-10-31,0.41627662460832715
2007-11-01,0.35566936099168384
2007-11-02,0.3089625773870713
2007-11-03,0.27396620268569744
2007-11-04,0.24800070338726418
2007-11-05,0.22428230874662747
2007-11-06,0.20646974341759672
2007-11-07,0.19163283764460917
2007-11-08,0.30822585749647763
2007-11-09,0.473361614084502
2007-11-10,0.40230242404503946
2007-11-11,0.44712595578475983
2007-11-12,0.4008769164538159
2007-11-13,0.7564590885593452
2007-11-14,0.5930955883247707
2007-11-15,0.4887392884905189
2007-11-16,0.4139840995635884
2007-11-17,0.3564576689115466
2007-11-18,0.31171571191004127
2007-11-19,0.31668809121371205
2007-11-20,0.4425973000777217
2007-11-21,0.4968266473868848
2007-11-22,0.4027784000754329
2007-11-23,0.34779041636884694
2007-11-24,0.3056741800665141
2007-11-25,0.27554014398801235
2007-11-26,0.32971371375731046
2007-11-27,0.31502786173193587
2007-11-28,0.27509470756590704
2007-11-29,0.3810905651100071
2007-11-30,0.40578334513709263
2007-12-01,0.8018613190156626
2007-12-02,1.07393386128579
2007-12-03,1.2051513159021847
2007-12-04,1.01676412138887
2007-12-05,0.8741134574367101
2007-12-06,1.276228296062847
2007-12-07,1.3570186696817792
2007-12-08,1.403357868085503
2007-12-09,1.4122495053291386
2007-12-10,1.3649930147624765
2007-12-11,1.263904283540678
2007-12-12,1.0283078353735347
2007-12-13,0.8359211884265383
2007-12-14,0.6923414543360079
2007-12-15,0.5837025834443977
2007-12-16,0.5007245645611752
2007-12-17,0.4367724270908551
2007-12-18,0.38705177381143013
2007-12-19,0.3480640205840755
2007-12-20,0.3172327940940238
2007-12-21,0.2926446783181408
2007-12-22,0.272867329804596
2007-12-23,0.2568205622812587
2007-12-24,0.2436840976167077
2007-12-25,0.23283096096691738
2007-12-26,0.23308463586166725
2007-12-27,0.23579863130400566
2007-12-28,0.2257958717925892
2007-12-29,0.3441945533383346
2007-12-30,0.3450359195424813
2007-12-31,0.31022333479115144
2008-01-01,0.2849004453811868
2008-01-02,0.264741582903331
2008-01-03,0.2778620168228113
2008-01-04,0.27205743188816905
2008-01-05,0.991163500358791
2008-01-06,0.8495104574396861
2008-01-07,0.8798647822672256
2008-01-08,0.7449363108620949
2008-01-09,0.7872938148328466
2008-01-10,0.6740052509028227
2008-01-11,0.7024140693040858
2008-01-12,0.6706855150523787
2008-01-13,0.5718142780241918
2008-01-14,0.49181743209887047
2008-01-15,0.589148932629382
2008-01-16,0.6801220897433323
2008-01-17,0.6251533962026303
2008-01-18,0.7065922067801367
2008-01-19,0.6535458838441349
2008-01-20,0.5572248100822225
2008-01-21,0.5054180574679029
2008-01-22,0.7568591072405083
2008-01-23,0.654736938177109
2008-01-24,0.7025806487344309
2008-01-25,0.6128953846031507
2008-01-26,0.5257714090274977
2008-01-27,0.4593231335715016
2008-01-28,0.4076974603987135
2008-01-29,0.36723806789834607
2008-01-30,0.4492869244349347
2008-01-31,0.4937948749615499
2008-02-01,0.5715868881681562
2008-02-02,0.49576280538538536
2008-02-03,0.4354350207252738
2008-02-04,0.6057826274188448
2008-02-05,0.7171129688004011
2008-02-06,0.979945232384333
2008-02-07,0.8460833320124096
2008-02-08,0.7042501584789638
2008-02-09,0.5982306453448104
2008-02-10,0.5171317767147118
2008-02-11,0.45452723546331075
2008-02-12,0.4057687011861189
2008-02-13,0.36746100273092325
2008-02-14,0.3371017375580731
2008-02-15,0.312830912173872
2008-02-16,0.2932551132389944
2008-02-17,0.27732276247128557
2008-02-18,0.26423477000271456
2008-02-19,0.25337996964280884
2008-02-20,0.24428807109928138
2008-02-21,0.2365951063017413
2008-02-22,0.23001786334415034
2008-02-23,0.22433483772097249
2008-02-24,0.2193719454617803
2008-02-25,0.21952667735405929
2008-02-26,0.3234393707162504
2008-02-27,0.3406128165715563
2008-02-28,0.5608667989737497
2008-02-29,0.8479397345282244
2008-03-01,0.908043715840817
2008-03-02,0.7907693396197145
2008-03-03,0.9024441057396246
2008-03-04,1.0177923102366624
2008-03-05,0.8681151780291826
2008-03-06,0.720672400047602
2008-03-07,0.6102175480553332
2008-03-08,0.5258572023969531
2008-03-09,0.5742425966240909
2008-03-10,1.0195489462372624
2008-03-11,1.4194543958962305
2008-03-12,1.2767522024222997
2008-03-13,1.16143876880061
2008-03-14,1.0918391777251146
2008-03-15,0.9917254242976442
2008-03-16,1.490813238189148
2008-03-17,1.3222842218764093
2008-03-18,1.0666028898143096
2008-03-19,0.8948289244689089
2008-03-20,1.2572879520583176
2008-03-21,1.8121771612810942
2008-03-22,1.7957336469246652
2008-03-23,1.5069167314333314
2008-03-24,1.3767253378877042
2008-03-25,1.2563466764919724
2008-03-26,1.2157994175727151
2008-03-27,1.1448087064344377
2008-03-28,1.18546944028874
2008-03-29,1.0144226092725999
2008-03-30,0.8777245893654925
2008-03-31,0.7741857895117588
2008-04-01,0.667862349599032
2008-04-02,0.586360283314914
2008-04-03,0.5232983285357198
2008-04-04,0.4758952811946085
2008-04-05,0.48144411587361424
2008-04-06,0.484201763969375
2008-04-07,0.4428340876020596
2008-04-08,0.40998885459419404
2008-04-09,0.38367805926192694
2008-04-10,0.362397432551448
2008-04-11,0.34501426311570976
2008-04-12,0.3306695891159516
2008-04-13,0.3313863077014491
2008-04-14,0.4328235875853486
2008-04-15,0.452897239600865
2008-04-16,0.41258306094504643
2008-04-17,0.383363843472879
2008-04-18,0.3598650439142878
2008-04-19,0.3461050270724942
2008-04-20,0.334338928414274
2008-04-21,0.31964653136964244
2008-04-22,0.30743159461990716
2008-04-23,0.2987717417584876
2008-04-24,0.29393350456336914
2008-04-25,0.286267906895721
2008-04-26,0.27887234761995283
2008-04-27,0.27245253453582546
2008-04-28,0.506743101823096
2008-04-29,0.5076888661134675
2008-04-30,0.5243078217373259
2008-05-01,0.5203595610169772
2008-05-02,0.4607558018459473
2008-05-03,0.4163855602403233
2008-05-04,0.38186660018499624
2008-05-05,0.3543547703704523
2008-05-06,0.3322251992872387
2008-05-07,0.3142571611081359
2008-05-08,0.2995269238995221
2008-05-09,0.287330756885778
2008-05-10,0.2771291225676006
2008-05-11,0.26850589128170466
2008-05-12,0.26113830346192385
2008-05-13,0.2547746858855639
2008-05-14,0.24921780639885713
2008-05-15,0.25147277444670596
2008-05-16,0.4688243516379294
2008-05-17,0.6907936093215962
2008-05-18,0.4996959226974929
2008-05-19,0.4405857550179935
2008-05-20,0.39672001867610307
2008-05-21,0.36213032716917165
2008-05-22,0.33461229169635326
2008-05-23,0.3125233757943748
2008-05-24,0.2966560037474804
2008-05-25,0.2858507203405263
2008-05-26,0.2780632669870751
2008-05-27,0.272291260030663
2008-05-28,0.2623403857712559
2008-05-29,0.2587362269082917
2008-05-30,0.2592908800211245
2008-05-31,0.2510926650318474
2008-06-01,0.24290030434869261
2008-06-02,0.24271438113246133
2008-06-03,0.24648149066556235
2008-06-04,0.24068245616808925
2008-06-05,0.23851067567389025
2008-06-06,0.9840349725711531
2008-06-07,0.6249952625807939
2008-06-08,0.5246544303526955
2008-06-09,0.4580453422210074
2008-06-10,0.4063127385097667
2008-06-11,0.3657846913801937
2008-06-12,0.8732923394254977
2008-06-13,0.6611065296577873
2008-06-14,0.5643109915016485
2008-06-15,0.4921292485362643
2008-06-16,0.43342035001960605
2008-06-17,0.3876132081364707
2008-06-18,0.351566321196739
2008-06-19,0.3307422966552996
2008-06-20,0.3136023509493067
2008-06-21,0.292435110942512
2008-06-22,0.275278310449904
2008-06-23,0.2612520132349279
2008-06-24,0.2496775502994876
2008-06-25,0.24205493577110038
2008-06-26,0.23560580323546834
2008-06-27,0.22825050484506507
2008-06-28,0.22184677569788916
2008-06-29,0.21623859919710944
2008-06-30,0.2113544146457674
2008-07-01,0.20705522630416195
2008-07-02,0.20781245157502878
2008-07-03,0.2973652149130916
2008-07-04,0.23900064123838607
2008-07-05,0.22935775304582925
2008-07-06,0.22220385316616154
2008-07-07,0.2897079719063597
2008-07-08,0.32678870717199376
2008-07-09,0.31169373595918953
2008-07-10,0.49006699909198875
2008-07-11,0.3742746341780992
2008-07-12,0.32462230825094857
2008-07-13,0.2910992864885616
2008-07-14,0.26953861302224896
2008-07-15,0.2521427444346361
2008-07-16,0.2433559938029196
2008-07-17,0.23746556610606606
2008-07-18,0.226104462878864
2008-07-19,0.2163538099461263
2008-07-20,0.20820477095153378
2008-07-21,0.20134914492792577
2008-07-22,0.19549312883253775
2008-07-23,0.19043996194208257
2008-07-24,0.18604347619579095
2008-07-25,0.18217847017424008
2008-07-26,0.17874557929674828
2008-07-27,0.31769108406293983
2008-07-28,0.21494332325662838
2008-07-29,0.20261983921794377
2008-07-30,0.19490644809527422
2008-07-31,0.19543649964582296
2008-08-01,0.19458526722382555
2008-08-02,0.18778003402086332
2008-08-03,1.1690106923421004
2008-08-04,0.5963032504949625
2008-08-05,0.49605461869476025
2008-08-06,0.4263737523405296
2008-08-07,0.6943000535288629
2008-08-08,0.6171415103980352
2008-08-09,0.49925267398013146
2008-08-10,0.43114886531354574
2008-08-11,0.3783762043806514
2008-08-12,0.35263919683637485
2008-08-13,0.34884111385077415
2008-08-14,0.32202318876666597
2008-08-15,0.29113137353805746
2008-08-16,0.266937753225241
2008-08-17,0.2475270775088275
2008-08-18,0.2342032069424741
2008-08-19,0.22849707050911475
2008-08-20,0.2238820149860139
2008-08-21,0.2137959867166179
2008-08-22,0.229362459820625
2008-08-23,0.2507029562817029
2008-08-24,0.23800585459239554
2008-08-25,0.223780318600764
2008-08-26,0.21152492990185587
2008-08-27,0.20142221261520474
2008-08-28,0.19302296961125565
2008-08-29,0.18597511849281656
2008-08-30,0.1800046174432859
2008-08-31,0.17773641668425197
2008-09-01,0.17551296753145565
2008-09-02,0.22046966151636824
2008-09-03,0.21188491795172884
2008-09-04,0.19646919090852125
2008-09-05,0.21959215188880407
2008-09-06,0.2029331053762409
2008-09-07,0.26160694987116545
2008-09-08,0.21657814031973865
2008-09-09,0.20247874614814462
2008-09-10,0.19189713784542708
2008-09-11,0.18314151060081338
2008-09-12,0.18978680739006837
2008-09-13,0.2367929061847445
2008-09-14,0.20549880614592475
2008-09-15,0.19302197729084045
2008-09-16,0.1834243632308424
2008-09-17,0.17545635423883188
2008-09-18,0.16878178128739071
2008-09-19,0.1631388063130828
2008-09-20,0.1583224495349611
2008-09-21,0.1541714704147709
2008-09-22,0.15055845599290024
2008-09-23,0.15641270596955087
2008-09-24,0.167098427606848
2008-09-25,0.16370767029694164
2008-09-26,0.15782724573914156
2008-09-27,0.15286885483068244
2008-09-28,0.14861631963397734
2008-09-29,0.14493331849319405
2008-09-30,0.4662282171627133
2008-10-01,0.5730019376029767
2008-10-02,0.4152599072238792
2008-10-03,0.7514399390072518
2008-10-04,0.512202390021809
2008-10-05,1.0789314173138973
2008-10-06,0.9189631747100191
2008-10-07,0.7491908825914386
2008-10-08,0.673688987234907
2008-10-09,0.5590190428372629
2008-10-10,0.47093972914205406
2008-10-11,0.4038268968659236
2008-10-12,0.3518593778326362
2008-10-13,0.311286940022603
2008-10-14,0.27935516147446227
2008-10-15,0.27339927925875857
2008-10-16,0.2856234416897368
2008-10-17,0.27153851471206164
2008-10-18,0.24768768178500042
2008-10-19,0.2286034688814688
2008-10-20,0.2131885326059566
2008-10-21,0.35470810471594544
2008-10-22,0.3063762193241205
2008-10-23,0.2734609199488261
2008-10-24,0.24996012255395003
2008-10-25,0.23178768315896323
2008-10-26,0.4435354222033905
2008-10-27,0.47619969206329954
2008-10-28,0.38531898161720896
2008-10-29,0.33635959491347783
2008-10-30,0.2988503525706279
2008-10-31,0.2692632444119965
2008-11-01,0.45050747023243853
2008-11-02,0.37192476428828775
2008-11-03,0.3254821914818841
2008-11-04,0.29044336919462727
2008-11-05,0.26272792670832196
2008-11-06,0.24063150831720925
2008-11-07,0.22924748309803025
2008-11-08,0.22146869975193853
2008-11-09,0.3618379542227501
2008-11-10,0.4606837111370519
2008-11-11,0.7404101500195827
2008-11-12,0.5849831665402404
2008-11-13,0.49042106168511496
2008-11-14,0.4237694797845384
2008-11-15,0.37402323458161574
2008-11-16,0.3727926149191514
2008-11-17,0.3308551530568355
2008-11-18,0.3190701970941194
2008-11-19,0.28798311973131285
2008-11-20,0.2614295260788299
2008-11-21,0.5560911294931827
2008-11-22,0.7879543792764813
2008-11-23,0.8130955616256518
2008-11-24,0.8784802251171198
2008-11-25,0.7716284626491648
2008-11-26,0.6288357170026276
2008-11-27,0.5385368427156236
2008-11-28,0.4723506100203589
2008-11-29,0.4088827779351119
2008-11-30,0.5180579761591367
2008-12-01,0.4450236867443893
2008-12-02,0.6898136344064886
2008-12-03,0.899508768514783
2008-12-04,0.8602796747128423
2008-12-05,1.1510395559269953
2008-12-06,1.0690460242425843
2008-12-07,0.8738131381948367
2008-12-08,0.7192674190545226
2008-12-09,0.6925889017905617
2008-12-10,0.6480811279803013
2008-12-11,0.5411737816997703
2008-12-12,0.46724581803839765
2008-12-13,0.41019636013815264
2008-12-14,0.36567816111424917
2008-12-15,0.3306439113237739
2008-12-16,0.3028407519066409
2008-12-17,0.29573068837571365
2008-12-18,0.29364517014508607
2008-12-19,0.2857641613809805
2008-12-20,0.26837451349157654
2008-12-21,0.2522867453543039
2008-12-22,0.23921321262204812
2008-12-23,0.2284206790464698
2008-12-24,0.2194270774531387
2008-12-25,0.21185979248184914
2008-12-26,0.20542905003229175
2008-12-27,0.19990833644883751
2008-12-28,0.19511972309832845
2008-12-29,0.19092279801576906
2008-12-30,0.18720626812257649
2008-12-31,0.18388155152527744
2009-01-01,0.1808778619589737
2009-01-02,0.1781384185958548
2009-01-03,0.1756175093374898
2009-01-04,0.17327820483903753
2009-01-05,0.17109057119643434
2009-01-06,0.1690302666151923
2009-01-07,0.1670774351215958
2009-01-08,0.16521583107792412
2009-01-09,0.1634321237931308
2009-01-10,0.16171534323090841
2009-01-11,0.16005643669114886
2009-01-12,0.1738661333463465
2009-01-13,0.5927492488490546
2009-01-14,0.5023395916271283
2009-01-15,0.42824237587667474
2009-01-16,0.37286893879823474
2009-01-17,0.3371530102031601
2009-01-18,0.582154276837643
2009-01-19,0.7966092704845966
2009-01-20,0.8482661544031515
2009-01-21,0.7036816994307484
2009-01-22,0.7884336288151802
2009-01-23,1.5987806096987003
2009-01-24,1.4019322389253286
2009-01-25,1.108777478244073
2009-01-26,0.8954683649281816
2009-01-27,0.7362504151179721
2009-01-28,0.6162012786110196
2009-01-29,0.52481772074541
2009-01-30,0.45461915229093286
2009-01-31,0.40021944324923714
2009-02-01,0.35770124888195
2009-02-02,0.3313151285866961
2009-02-03,0.312087890748739
2009-02-04,0.28963573622916833
2009-02-05,0.2939463974344803
2009-02-06,0.2973755247605266
2009-02-07,0.2997591431763758
2009-02-08,0.2828660792670078
2009-02-09,0.8090843102841498
2009-02-10,1.26328025222827
2009-02-11,1.2510041518739499
2009-02-12,1.0679230216280897
2009-02-13,0.8857689548654751
2009-02-14,0.7317084795785327
2009-02-15,0.6401646819508804
2009-02-16,0.694069573034762
2009-02-17,0.7287074738343325
2009-02-18,0.6312957269368593
2009-02-19,0.5399192777920327
2009-02-20,0.47025707628275254
2009-02-21,0.41623283729934596
2009-02-22,0.3743346475307987
2009-02-23,0.3573796139576808
2009-02-24,0.3440016499416912
2009-02-25,0.31666907662064053
2009-02-26,0.2947453623745577
2009-02-27,0.2770100567850469
2009-02-28,0.26253294925450027
2009-03-01,0.25060530385301494
2009-03-02,0.24068370334247338
2009-03-03,0.2323490006384331
2009-03-04,0.24356867456073503
2009-03-05,0.2546563174310716
2009-03-06,0.24306883286045375
2009-03-07,0.23341939856287405
2009-03-08,0.237152170105021
2009-03-09,0.25952021214816484
2009-03-10,0.6756127482868403
2009-03-11,0.6030569282053283
2009-03-12,0.5202680915587908
2009-03-13,0.4578704383702224
2009-03-14,0.4036027769004211
2009-03-15,0.36117655438423063
2009-03-16,0.3277307844387156
2009-03-17,0.3011410528190834
2009-03-18,0.2798216170129401
2009-03-19,0.2625797994005096
2009-03-20,0.24851215912740596
2009-03-21,0.23692977244458302
2009-03-22,0.22730399590005382
2009-03-23,0.30570439324598525
2009-03-24,0.36471591504267736
2009-03-25,0.9028448589022289
2009-03-26,0.9608239270607792
2009-03-27,0.8549247026795084
2009-03-28,1.1198639395698493
2009-03-29,0.9556771586761617
2009-03-30,0.783022644000747
2009-03-31,0.6549146209126518
2009-04-01,0.5575894241230449
2009-04-02,0.4829604186506571
2009-04-03,0.4252206169283594
2009-04-04,0.3801569480455131
2009-04-05,0.34468349016957783
2009-04-06,0.3165198125231255
2009-04-07,0.29635022668519323
2009-04-08,0.3253801907297948
2009-04-09,0.34282269627949224
2009-04-10,0.31450922826073313
2009-04-11,0.2928487341384198
2009-04-12,0.2749014586214665
2009-04-13,0.2597216357434779
2009-04-14,0.24728318224052584
2009-04-15,0.2376024617492206
2009-04-16,0.2598718796877335
2009-04-17,0.7978644634622397
2009-04-18,0.6690627315658854
2009-04-19,0.565687713779274
2009-04-20,0.4875730889277819
2009-04-21,0.4272440212388496
2009-04-22,0.38024644976327965
2009-04-23,0.34332081080492954
2009-04-24,0.3140620543845057
2009-04-25,0.29068074194456534
2009-04-26,0.3002597144120996
2009-04-27,0.32920289662835006
2009-04-28,0.32790958988684754
2009-04-29,0.30064061520872803
2009-04-30,0.2793382152653406
2009-05-01,0.26211147316659944
2009-05-02,0.24805785866605526
2009-05-03,0.23648837173509885
2009-05-04,0.22687438942923635
2009-05-05,0.2188079310192981
2009-05-06,0.2119723654673682
2009-05-07,0.2061206608783994
2009-05-08,0.20105912386312538
2009-05-09,0.19663516470196016
2009-05-10,0.1927280353683839
2009-05-11,0.1915276073830228
2009-05-12,0.38768623799333546
2009-05-13,0.3077543235994592
2009-05-14,0.5916108266671283
2009-05-15,0.5130427787074799
2009-05-16,0.41482831318930996
2009-05-17,0.3740149412122089
2009-05-18,0.34857915126844546
2009-05-19,0.31562001657607447
2009-05-20,0.28824141861229463
2009-05-21,0.26634797939041105
2009-05-22,0.24869403094686235
2009-05-23,0.2343369680662796
2009-05-24,0.222558703044392
2009-05-25,0.21280872177680735
2009-05-26,0.5134158405321222
2009-05-27,0.37765554507829274
2009-05-28,0.32607536404117904
2009-05-29,0.29543903678599676
2009-05-30,0.271052843564584
2009-05-31,0.25148145536476596
2009-06-01,0.23564267772549366
2009-06-02,0.22271487786067926
2009-06-03,0.2120701662270027
2009-06-04,0.2032257593257458
2009-06-05,0.19580829491925733
2009-06-06,0.18952745414920338
2009-06-07,0.1845900217277409
2009-06-08,0.18176933962574404
2009-06-09,0.18253014546987512
2009-06-10,0.4144109401594828
2009-06-11,0.2865864941287343
2009-06-12,0.24725387871209528
2009-06-13,0.23014369609904806
2009-06-14,0.22382992308208113
2009-06-15,0.2201441165816839
2009-06-16,0.2084643748814693
2009-06-17,0.1982776753344054
2009-06-18,0.18981904104988165
2009-06-19,0.18273086796427185
2009-06-20,0.17673488099989262
2009-06-21,0.17532058425732588
2009-06-22,0.17384174149060713
2009-06-23,0.16888410834462786
2009-06-24,0.16459849778425598
2009-06-25,0.16085949448891237
2009-06-26,0.3517280518934558
2009-06-27,0.5584132948371129
2009-06-28,0.3046015453499355
2009-06-29,0.2702216942685957
2009-06-30,0.24594914404289694
2009-07-01,0.22652271924699763
2009-07-02,0.21085073831593473
2009-07-03,0.19810489402858367
2009-07-04,0.18765256613692405
2009-07-05,0.17997238455569117
2009-07-06,0.1790555384156298
2009-07-07,0.17917641932490344
2009-07-08,0.19821608981585384
2009-07-09,0.20009169656383183
2009-07-10,0.17702964553280895
2009-07-11,0.16985019886863548
2009-07-12,0.1683070057728122
2009-07-13,0.16505012107714226
2009-07-14,0.15926101855025818
2009-07-15,0.15433377629417902
2009-07-16,0.15010208094866265
2009-07-17,0.14660550984536957
2009-07-18,0.14494206589347713
2009-07-19,0.1495000221600718
2009-07-20,0.15147681175262212
2009-07-21,0.1468856620439814
2009-07-22,0.15327624203225468
2009-07-23,0.3261606966835922
2009-07-24,0.396814965540021
2009-07-25,0.22209619218765256
2009-07-26,0.20183282526838256
2009-07-27,0.18748173361235024
2009-07-28,0.1758060888316488
2009-07-29,0.1662310413691471
2009-07-30,0.15831394180696723
2009-07-31,0.1517119898620202
2009-08-01,0.1461582798258066
2009-08-02,0.3443030750032039
2009-08-03,0.1959200953143422
2009-08-04,0.179232183557431
2009-08-05,0.16828041203650612
2009-08-06,0.15928497018336327
2009-08-07,0.1518356417527711
2009-08-08,0.14561428498807147
2009-08-09,0.1403728545337473
2009-08-10,0.13591698554524873
2009-08-11,0.13257530554112298
2009-08-12,0.12947194259270944
2009-08-13,0.4118623431699173
2009-08-14,0.17874614012815251
2009-08-15,0.16348560355777625
2009-08-16,0.1542277558275407
2009-08-17,0.14658287826910515
2009-08-18,0.14021776053054372
2009-08-19,0.1348728720965167
2009-08-20,0.1349166263096575
2009-08-21,0.13392110067592336
2009-08-22,0.12922053641023087
2009-08-23,0.1253273570328897
2009-08-24,0.12197222576118298
2009-08-25,0.11982752538433637
2009-08-26,0.11770386929673919
2009-08-27,0.11524151098279184
2009-08-28,0.1130514856027205
2009-08-29,0.11108579061360387
2009-08-30,0.10930523161644769
2009-08-31,0.10767809817982776
2009-09-01,0.1110802441785097
2009-09-02,0.1286257019508203
2009-09-03,0.2918248913631515
2009-09-04,0.1807191115658686
2009-09-05,0.12804060522815294
2009-09-06,0.12195866828187762
2009-09-07,0.11755741949089994
2009-09-08,0.11381129730375289
2009-09-09,0.1105940825397526
2009-09-10,0.10780564391160241
2009-09-11,0.10536621868025887
2009-09-12,0.10321202031282319
2009-09-13,0.10129184809159518
2009-09-14,0.10282413006222241
2009-09-15,0.10434566310772742
2009-09-16,0.10187857431582548
2009-09-17,0.09976769927174993
2009-09-18,0.09788851701007746
2009-09-19,0.09620014215164845
2009-09-20,0.09466953151530329
2009-09-21,0.09326989276884019
2009-09-22,0.09197943400591163
2009-09-23,0.09078037725874849
2009-09-24,0.08966717621810116
2009-09-25,0.08861267684383885
2009-09-26,0.08760891665616553
2009-09-27,0.08665242910943886
2009-09-28,0.08573647207245642
2009-09-29,0.08485545720933137
2009-09-30,0.08400474121969785
2009-10-01,0.08318045674485315
2009-10-02,0.08237937502761071
2009-10-03,0.08159879406919995
2009-10-04,0.08159030225406717
2009-10-05,0.273417075492812
2009-10-06,0.33828764463888206
2009-10-07,0.8068631332233597
2009-10-08,0.2742466835976858
2009-10-09,0.3560593424471696
2009-10-10,0.2523190881523341
2009-10-11,0.2820756035283561
2009-10-12,0.2246421996213308
2009-10-13,0.18765110133040563
2009-10-14,0.16758139756476695
2009-10-15,0.15181901501220782
2009-10-16,0.1404181668440381
2009-10-17,0.1413770752405932
2009-10-18,0.13635699278918836
2009-10-19,0.12602350062155887
2009-10-20,0.1180839018046352
2009-10-21,0.11196298039864361
2009-10-22,0.10676895406074101
2009-10-23,0.10210672968144496
2009-10-24,0.12074231410901026
2009-10-25,0.11617894387738946
2009-10-26,0.10874649399034768
2009-10-27,0.10351002716533027
2009-10-28,0.09912357856353482
2009-10-29,0.0954200703306095
2009-10-30,0.0922675356224954
2009-10-31,0.08956128963957438
2009-11-01,0.41930726155160913
2009-11-02,0.2054529184131015
2009-11-03,0.484216373085634
2009-11-04,0.5269788677896964
2009-11-05,0.5262644030275123
2009-11-06,0.4191688453289614
2009-11-07,0.4915030999850065
2009-11-08,0.3666324566255162
2009-11-09,0.3087093864989368
2009-11-10,0.2729454041465314
2009-11-11,0.24455842738486785
2009-11-12,0.244312427577563
2009-11-13,0.33148815983843094
2009-11-14,0.34890318527555747
2009-11-15,0.3315819479600018
2009-11-16,0.26755866386033794
2009-11-17,0.3476925656559122
2009-11-18,0.2741114555246864
2009-11-19,0.2379710772681978
2009-11-20,0.21029290979122225
2009-11-21,0.19216225009579033
2009-11-22,0.4637707812130248
2009-11-23,0.8691664363097534
2009-11-24,0.7924377097515806
2009-11-25,0.7480123166862948
2009-11-26,0.7925835794617906
2009-11-27,0.804350920703251
2009-11-28,0.8873306906136175
2009-11-29,0.7650967888741959
2009-11-30,0.6175102608878282
2009-12-01,0.5561703392074834
2009-12-02,0.5924348809458465
2009-12-03,0.580301001412094
2009-12-04,0.5264310936774897
2009-12-05,0.6696427570041846
2009-12-06,0.6581880877594704
2009-12-07,0.63619218760819
2009-12-08,0.619771700859339
2009-12-09,0.6117869032641882
2009-12-10,0.7998695581643281
2009-12-11,0.6546677224216014
2009-12-12,0.5429207015189236
2009-12-13,0.45801829897247587
2009-12-14,0.3927547866361068
2009-12-15,0.3421624815173659
2009-12-16,0.3026241308554784
2009-12-17,0.27147853428289126
2009-12-18,0.24675104824956476
2009-12-19,0.22696473453699348
2009-12-20,0.21100665152531617
2009-12-21,0.19803227176062985
2009-12-22,0.2290839428793819
2009-12-23,0.21680511852243234
2009-12-24,0.3457490451074434
2009-12-25,0.5801727170795388
2009-12-26,0.4770621823237855
2009-12-27,0.4306100119286451
2009-12-28,0.3742753805250731
2009-12-29,0.67939614223278
2009-12-30,0.7627810319745505
2009-12-31,0.632993843606894
2010-01-01,0.5280310183890186
2010-01-02,0.4486633886918667
2010-01-03,0.3875016590961919
2010-01-04,0.3399733719609819
2010-01-05,0.30273753757633914
2010-01-06,0.2733308368552243
2010-01-07,0.24992173234322504
2010-01-08,0.23113771068147135
2010-01-09,0.21594267058975433
2010-01-10,0.20354907277113443
2010-01-11,0.19335443517082498
2010-01-12,0.1848950427214885
2010-01-13,0.17781193960111022
2010-01-14,0.2532762196827231
2010-01-15,0.224604099706646
2010-01-16,0.4803910548877021
2010-01-17,0.5673058000781176
2010-01-18,0.47861082175369746
2010-01-19,0.4092693868240694
2010-01-20,0.35629672513659877
2010-01-21,0.3149511415349168
2010-01-22,0.28242027418700827
2010-01-23,0.362940947836365
2010-01-24,0.37458799638526274
2010-01-25,0.32595095531946083
2010-01-26,0.29094207238453496
2010-01-27,0.26347043686687355
2010-01-28,0.3607976673716256
2010-01-29,0.7061667703129562
2010-01-30,0.5918230726324784
2010-01-31,0.5062658906298012
2010-02-01,0.4877704962474665
2010-02-02,0.6848387022770518
2010-02-03,0.8142045767401561
2010-02-04,0.6804636179454167
2010-02-05,0.6752475558599311
2010-02-06,0.5752622084944701
2010-02-07,0.48735218816715004
2010-02-08,0.4291368141989816
2010-02-09,0.382111732787237
2010-02-10,0.33858170022508793
2010-02-11,0.30435057408543903
2010-02-12,0.27721235291633123
2010-02-13,0.2555218430438413
2010-02-14,0.23804267826105233
2010-02-15,0.22383905766706821
2010-02-16,0.21219791025029847
2010-02-17,0.21415613942136177
2010-02-18,0.22641149882967218
2010-02-19,0.2185078899673919
2010-02-20,0.20724410134518975
2010-02-21,0.2787249684654767
2010-02-22,0.6321092516670924
2010-02-23,0.8506873724877546
2010-02-24,0.7919742253753661
2010-02-25,0.8829492707456493
2010-02-26,1.2531044470701684
2010-02-27,1.134814054302023
2010-02-28,1.9438073749221143
2010-03-01,1.6880906546515801
2010-03-02,1.3208629759956885
2010-03-03,1.0555388803774595
2010-03-04,0.8589722522832819
2010-03-05,0.7185589668554657
2010-03-06,0.6474450886334414
2010-03-07,0.589068405269181
2010-03-08,0.5142505224002875
2010-03-09,0.4493513156640733
2010-03-10,0.3988949493680886
2010-03-11,0.35932798268055666
2010-03-12,0.32803441084776597
2010-03-13,0.30307192654257337
2010-03-14,0.2829869460887869
2010-03-15,0.26668354383994036
2010-03-16,0.25332969146209944
2010-03-17,0.24228958036616913
2010-03-18,0.2330743585689348
2010-03-19,0.23394840843860856
2010-03-20,0.25436632315342456
2010-03-21,0.3245730570645315
2010-03-22,0.32393772582359004
2010-03-23,0.2970821677327515
2010-03-24,0.27624113529824895
2010-03-25,0.30257302284798526
2010-03-26,0.3217503487214458
2010-03-27,0.2955353065939104
2010-03-28,0.3408427297283732
2010-03-29,0.7241006358281932
2010-03-30,0.7136688488416749
2010-03-31,0.6664866624538092
2010-04-01,0.5679199970286698
2010-04-02,0.510107306925047
2010-04-03,0.5480456386614438
2010-04-04,0.5742341429568775
2010-04-05,0.4956054477445248
2010-04-06,0.4326924610822396
2010-04-07,0.38456245382557674
2010-04-08,0.3753058901722078
2010-04-09,0.3652239204699775
2010-04-10,0.3312077442249551
2010-04-11,0.304162353354078
2010-04-12,0.28248735920029094
2010-04-13,0.2649656703699806
2010-04-14,0.25067578784362626
2010-04-15,0.23891532913182867
2010-04-16,0.22914554825617509
2010-04-17,0.22095075899465358
2010-04-18,0.21400843019259888
2010-04-19,0.20806698679583568
2010-04-20,0.20292921843887157
2010-04-21,0.19843979899028766
2010-04-22,0.19447584103773877
2010-04-23,0.1909397058395558
2010-04-24,0.18775350004421923
2010-04-25,0.18485484143646827
2010-04-26,0.1821935848711771
2010-04-27,0.1797292786628147
2010-04-28,0.17742917953997442
2010-04-29,0.17551938990803026
2010-04-30,0.17357413746336195
2010-05-01,0.17157619373315972
2010-05-02,0.37077608121196
2010-05-03,0.3294570977732346
2010-05-04,0.2688422480516067
2010-05-05,0.2481884872073631
2010-05-06,0.23205904537826624
2010-05-07,0.21891322551496142
2010-05-08,0.2081060181058431
2010-05-09,0.19914178785081035
2010-05-10,0.1916374616113122
2010-05-11,0.35958481345167953
2010-05-12,0.28242668629359186
2010-05-13,0.2578133091776458
2010-05-14,0.23986380992732703
2010-05-15,0.22413208946431154
2010-05-16,0.21130945086585054
2010-05-17,0.2009504970703079
2010-05-18,0.19225063984486834
2010-05-19,0.18489530641035656
2010-05-20,0.17868355370022315
2010-05-21,0.17338668947706526
2010-05-22,0.16882514335221266
2010-05-23,0.1648572609406738
2010-05-24,0.16137080550969632
2010-05-25,0.1582764762468599
2010-05-26,0.5242695303664988
2010-05-27,0.28122539629535614
2010-05-28,0.2513646094947199
2010-05-29,0.2342576748231686
2010-05-30,0.27649445805784634
2010-05-31,0.2467822879911076
2010-06-01,0.22605149459691423
2010-06-02,0.21048762493889586
2010-06-03,0.19782398841033277
2010-06-04,0.1874343548023805
2010-06-05,0.17883727914674585
2010-06-06,0.18238835334873085
2010-06-07,0.18498121210869836
2010-06-08,0.17642849459714335
2010-06-09,0.7182783639646303
2010-06-10,0.37654908244030266
2010-06-11,0.3160630894031123
2010-06-12,0.2811808998785584
2010-06-13,0.2536182865810555
2010-06-14,0.23166836626478982
2010-06-15,0.21405044057025716
2010-06-16,0.19979683309357535
2010-06-17,0.1881713598868504
2010-06-18,0.17861034106792448
2010-06-19,0.1709759083797263
2010-06-20,0.1650954897079485
2010-06-21,0.15948001004389079
2010-06-22,0.1545245387269686
2010-06-23,0.15026923067128464
2010-06-24,0.14657932097633955
2010-06-25,0.1433479721227736
2010-06-26,0.14049013364954008
2010-06-27,0.13793783069264043
2010-06-28,0.1356365303541974
2010-06-29,0.13354232566061583
2010-06-30,0.13161974300977283
2010-07-01,0.1298400275038013
2010-07-02,0.12817979634290255
2010-07-03,0.13937850483740324
2010-07-04,0.13266618496730645
2010-07-05,0.1287475135870686
2010-07-06,0.1266902198086415
2010-07-07,0.12480950060100025
2010-07-08,0.12307545269521507
2010-07-09,0.12146379552143231
2010-07-10,0.25171825960895644
2010-07-11,0.13421907735864055
2010-07-12,0.20362179627466934
2010-07-13,0.13704200326392524
2010-07-14,0.4909449286989256
2010-07-15,0.18794400064075165
2010-07-16,0.16989706462403983
2010-07-17,0.15921667970444614
2010-07-18,0.15045008396804563
2010-07-19,0.14319655081784613
2010-07-20,0.13714513888800903
2010-07-21,0.13205330072753782
2010-07-22,0.12773089456920445
2010-07-23,0.12471518719601338
2010-07-24,0.12192998077094326
2010-07-25,0.11895973946796556
2010-07-26,0.1163533770336206
2010-07-27,0.11404526232638239
2010-07-28,0.11198187780659069
2010-07-29,0.11050096709229351
2010-07-30,0.10900004661372042
2010-07-31,0.10735981036822269
2010-08-01,0.1058494592205112
2010-08-02,0.10588309417649973
2010-08-03,0.1058568672029385
2010-08-04,0.15261738430287777
2010-08-05,0.12199146208431955
2010-08-06,0.1067599627087219
2010-08-07,0.1048557466793067
2010-08-08,0.10357673765454274
2010-08-09,0.10195667332163093
2010-08-10,0.12684161233699387
2010-08-11,0.13015842775906875
2010-08-12,0.10445986601809432
2010-08-13,0.10290579980824577
2010-08-14,0.10208947351518577
2010-08-15,0.5008920011155126
2010-08-16,1.61830727744855
2010-08-17,0.7102743981860137
2010-08-18,0.5861342277735888
2010-08-19,0.47461048231091546
2010-08-20,0.3962271932137291
2010-08-21,0.3359168797362951
2010-08-22,0.28914610628294996
2010-08-23,0.5848656322679302
2010-08-24,0.4136210318681279
2010-08-25,0.359269845620329
2010-08-26,0.4047324125533891
2010-08-27,0.49677474726274684
2010-08-28,0.36213508308098735
2010-08-29,0.4451020275753754
2010-08-30,0.5754538946825366
2010-08-31,0.42324574271476906
2010-09-01,0.3580905398104317
2010-09-02,0.30906992767026936
2010-09-03,0.27078738480202047
2010-09-04,0.2406624276124325
2010-09-05,0.2167789743982638
2010-09-06,0.20732333419794544
2010-09-07,0.2623581872059124
2010-09-08,1.1283148168376622
2010-09-09,0.7416843316562493
2010-09-10,0.5951673319235393
2010-09-11,0.4938947532955383
2010-09-12,0.47291609529192047
2010-09-13,0.4314456065851057
2010-09-14,0.3803808453271755
2010-09-15,0.41510449897901475
2010-09-16,0.545561440718851
2010-09-17,0.420757114002543
2010-09-18,0.36000698183148433
2010-09-19,0.3141186869759283
2010-09-20,0.27817245663403295
2010-09-21,0.24979501144606786
2010-09-22,0.22722006245009244
2010-09-23,0.32180629751900097
2010-09-24,0.31695030524139034
2010-09-25,0.5831027668030686
2010-09-26,1.2919556006820734
2010-09-27,0.9659068770470199
2010-09-28,0.7707804051518412
2010-09-29,0.6320259033834171
2010-09-30,0.5369690283163114
2010-10-01,0.7141717559775889
2010-10-02,0.7967285450809648
2010-10-03,0.6406890955929612
2010-10-04,0.534139344870833
2010-10-05,0.45402772829974253
2010-10-06,0.3923000565921258
2010-10-07,0.3443366709605049
2010-10-08,0.30676274612862214
2010-10-09,0.27709047376857204
2010-10-10,0.2534704321095836
2010-10-11,0.2345169371236203
2010-10-12,0.2191841117730008
2010-10-13,0.20667710720900476
2010-10-14,0.19638793787787948
2010-10-15,0.2707591464215664
2010-10-16,0.33539230445153106
2010-10-17,0.282903851921495
2010-10-18,0.25676814544927934
2010-10-19,0.34131014377593183
2010-10-20,0.8269528146967029
2010-10-21,0.6228999917355463
2010-10-22,0.5190300306316662
2010-10-23,0.6446003340867522
2010-10-24,0.5977740411582869
2010-10-25,0.4958281873421826
2010-10-26,0.4251824416090187
2010-10-27,0.44810389772088244
2010-10-28,0.39801912867988115
2010-10-29,0.3491852010279068
2010-10-30,0.3986182019773688
2010-10-31,0.42616101355653074
2010-11-01,0.3624955316129294
2010-11-02,0.32105224964676404
2010-11-03,0.28962121218256526
2010-11-04,0.2646390969155281
2010-11-05,0.24462152286482763
2010-11-06,0.36997449139199684
2010-11-07,0.3368340602741297
2010-11-08,0.30205777638499076
2010-11-09,0.7450363077773886
2010-11-10,0.7802763223847612
2010-11-11,1.0924505214903149
2010-11-12,1.1953862581426005
2010-11-13,3.7229126160962402
2010-11-14,4.416791822011521
2010-11-15,3.0198040996659476
2010-11-16,2.015042068255264
2010-11-17,1.5657398729266028
2010-11-18,1.2427352866696293
2010-11-19,1.0050272421416637
2010-11-20,0.8281310019264515
2010-11-21,0.6951078689608908
2010-11-22,0.5940839864176687
2010-11-23,0.5319610079291242
2010-11-24,0.5636214624771334
2010-11-25,0.5516568484032739
2010-11-26,0.4952054581206004
2010-11-27,0.4385192121003438
2010-11-28,0.3957788182058081
2010-11-29,0.36201235239139096
2010-11-30,0.3350993986044233
2010-12-01,0.31345668029806306
2010-12-02,0.2958930246520452
2010-12-03,0.2815058916623204
2010-12-04,0.2696068792449256
2010-12-05,0.753791063203733
2010-12-06,0.6488203710083247
2010-12-07,0.5553517867947732
2010-12-08,0.4853875747241568
2010-12-09,0.4599580167423781
2010-12-10,0.45096148992989776
2010-12-11,0.4179721714177665
2010-12-12,0.38456069972772683
2010-12-13,0.35374281640634403
2010-12-14,0.3270783822666498
2010-12-15,0.3056769789423703
2010-12-16,0.552473577694555
2010-12-17,0.4884769324701588
2010-12-18,0.4325615681769525
2010-12-19,0.3888478637190908
2010-12-20,0.3543734775742688
2010-12-21,0.3269473392479232
2010-12-22,0.30493549430509526
2010-12-23,0.2871100790565424
2010-12-24,0.2725417558692839
2010-12-25,0.2605223895938058
2010-12-26,0.250508978199782
2010-12-27,0.24208266233552242
2010-12-28,0.23491852760351073
2010-12-29,0.3239825401470508
2010-12-30,0.3342837727857347
2010-12-31,0.3451239830669153
2011-01-01,0.6861331599748679
2011-01-02,0.688178504651824
2011-01-03,0.6168806495916985
2011-01-04,0.5416265204158183
2011-01-05,0.4723228984834824
2011-01-06,0.9123779904353632
2011-01-07,0.9933104647046299
2011-01-08,1.1953975576582059
2011-01-09,1.1075964837695582
2011-01-10,0.9161175506695994
2011-01-11,0.9040357050095361
2011-01-12,1.2912535273354324
2011-01-13,2.2852924828608843
2011-01-14,2.3293828744109035
2011-01-15,1.8567243255827979
2011-01-16,1.4627822550022789
2011-01-17,1.175784874398054
2011-01-18,1.0468173931200306
2011-01-19,0.9564116420246777
2011-01-20,0.8076853007181529
2011-01-21,0.6875713431010712
2011-01-22,0.602199956589245
2011-01-23,0.5643595933156152
2011-01-24,0.5290839899706706
2011-01-25,0.8242537903939895
2011-01-26,0.7799694379255765
2011-01-27,0.6701824155937924
2011-01-28,0.5830526119883438
2011-01-29,0.5160171406024996
2011-01-30,0.4638284567380646
2011-01-31,0.42282446720378547
2011-02-01,0.3903120704494423
2011-02-02,0.36768536802900237
2011-02-03,0.38934263342607783
2011-02-04,0.3767419982529609
2011-02-05,0.35240726622363683
2011-02-06,0.33302047290368864
2011-02-07,0.3171555568707242
2011-02-08,0.3040425602970683
2011-02-09,0.29309222025971954
2011-02-10,0.4265627952000073
2011-02-11,0.5066585735285968
2011-02-12,0.45581655482595
2011-02-13,0.41271213769775733
2011-02-14,0.38388580537808065
2011-02-15,0.37190113825794535
2011-02-16,0.3527077315789091
2011-02-17,0.3307724375000504
2011-02-18,0.3129966373841862
2011-02-19,0.3285334703566094
2011-02-20,0.32973724571312096
2011-02-21,0.3109977678949741
2011-02-22,0.29606691148870784
2011-02-23,0.4239802022194949
2011-02-24,0.6047021427591165
2011-02-25,0.5106523761682421
2011-02-26,0.6298613274067966
2011-02-27,0.5986045379991639
2011-02-28,0.5284150545751344
2011-03-01,0.468963217207031
2011-03-02,0.4208765307745395
2011-03-03,0.38306082798534674
2011-03-04,0.3530492619911189
2011-03-05,0.32901673199308584
2011-03-06,0.3095958437887773
2011-03-07,0.29375454845079896
2011-03-08,0.28070850573941314
2011-03-09,0.2698577551618926
2011-03-10,0.2607405675924136
2011-03-11,0.25299955062569507
2011-03-12,0.246356568573091
2011-03-13,0.24183138992834277
2011-03-14,0.2373446033205222
2011-03-15,0.2325696456007075
2011-03-16,0.2283171101859763
2011-03-17,0.22449207239126565
2011-03-18,0.2559162033188532
2011-03-19,0.2848649454293856
2011-03-20,0.27003379429033764
2011-03-21,0.2578014526052608
2011-03-22,0.2476289302754557
2011-03-23,0.23908518612645013
2011-03-24,0.23183602789533778
2011-03-25,0.2256209705513619
2011-03-26,0.22023595637926255
2011-03-27,0.21552036804933186
2011-03-28,0.21134720798474393
2011-03-29,0.20761562868457692
2011-03-30,0.22474449036240393
2011-03-31,0.25429223350164
2011-04-01,0.25323172865159066
2011-04-02,0.24112963515861352
2011-04-03,0.2645904508615407
2011-04-04,0.2854091846417338
2011-04-05,0.2691222411548438
2011-04-06,0.25514741684294084
2011-04-07,0.24181600485327612
2011-04-08,0.2308216308625255
2011-04-09,0.22167148259662847
2011-04-10,0.213981938513124
2011-04-11,0.2074550465054209
2011-04-12,0.2021947353549314
2011-04-13,0.1974331545651088
2011-04-14,0.19311707019260585
2011-04-15,0.18930409013126917
2011-04-16,0.18590094036113616
2011-04-17,0.18283308565066836
2011-04-18,0.1800408204909485
2011-04-19,0.1774761409856189
2011-04-20,0.1751003143165237
2011-04-21,0.1728819816638234
2011-04-22,0.17079567109777283
2011-04-23,0.16882062703565356
2011-04-24,0.16693988524516593
2011-04-25,0.1651395391322932
2011-04-26,0.1634081556598233
2011-04-27,0.16173630877738132
2011-04-28,0.1636130387747306
2011-04-29,0.1658429837697604
2011-04-30,0.1633177238933671
2011-05-01,0.1609333239791301
2011-05-02,0.15873186542260428
2011-05-03,0.15668277700805763
2011-05-04,0.15476123300583675
2011-05-05,0.15294700975640615
2011-05-06,0.15122358232937963
2011-05-07,0.14957740815296436
2011-05-08,0.14799735686119408
2011-05-09,0.146474254943989
2011-05-10,0.145000520878363
2011-05-11,0.14356987183258452
2011-05-12,0.14217708718507824
2011-05-13,0.14081781729490772
2011-05-14,0.13948842843070317
2011-05-15,0.1381858766820044
2011-05-16,0.13690760517064252
2011-05-17,0.13565146004779813
2011-05-18,0.1344156216789877
2011-05-19,0.1331985481410137
2011-05-20,0.1319989287251513
2011-05-21,0.1308156455927947
2011-05-22,0.13025483729292536
2011-05-23,0.12970528231359024
2011-05-24,0.12841798244292293
2011-05-25,0.1271664232273789
2011-05-26,0.12594879608689818
2011-05-27,0.12533492392258735
2011-05-28,0.12462054055764045
2011-05-29,0.12334598808750019
2011-05-30,0.12211285372461933
2011-05-31,0.12106146254737872
2011-06-01,0.12001867001944093
2011-06-02,0.11884865401302926
2011-06-03,0.11770903822987984
2011-06-04,0.1165965315855897
2011-06-05,0.11651678599849975
2011-06-06,0.12990219556375296
2011-06-07,0.1751338307123201
2011-06-08,0.11848150401394146
2011-06-09,0.11535199152245292
2011-06-10,0.11457906653965588
2011-06-11,0.11377515827441963
2011-06-12,0.11224935734485396
2011-06-13,0.11082680004259694
2011-06-14,0.10949162653383304
2011-06-15,0.10823020339772178
2011-06-16,0.10733521337426859
2011-06-17,0.10652399160118815
2011-06-18,0.10605156446168999
2011-06-19,0.13123519577370327
2011-06-20,0.12968950612354316
2011-06-21,0.10555268346837147
2011-06-22,0.1060045120431471
2011-06-23,0.1126475681600323
2011-06-24,0.10342486460363898
2011-06-25,0.10200773740854237
2011-06-26,0.10064790121626303
2011-06-27,0.09935194612123749
2011-06-28,0.09980249197422474
2011-06-29,0.1000648913836628
2011-06-30,0.0983712130371608
2011-07-01,0.09699761786506268
2011-07-02,0.09572433970388462
2011-07-03,0.09453518539644488
2011-07-04,0.0934169035802615
2011-07-05,0.09235861970038879
2011-07-06,0.09164035907429825
2011-07-07,0.09090531225618553
2011-07-08,0.08991117005631355
2011-07-09,0.0891003345600906
2011-07-10,0.08827788660556231
2011-07-11,0.08736729031650792
2011-07-12,0.08648951006086956
2011-07-13,0.08570485097853973
2011-07-14,0.08520434489169955
2011-07-15,0.08459522735182595
2011-07-16,0.4351126183938872
2011-07-17,0.12349658350471944
2011-07-18,0.10274950706745968
2011-07-19,0.2076086072017647
2011-07-20,0.12416834868179578
2011-07-21,0.10098492198758724
2011-07-22,0.19271711257884425
2011-07-23,0.12441844491795573
2011-07-24,0.1005997884189005
2011-07-25,0.0966494339527177
2011-07-26,0.09327195362156836
2011-07-27,0.09036667875844805
2011-07-28,0.088064721111067
2011-07-29,0.08593285790393922
2011-07-30,0.08399030328446927
2011-07-31,0.08227463644575633
2011-08-01,0.08074567825758967
2011-08-02,0.07937094060831243
2011-08-03,0.07879716444348663
2011-08-04,0.07890941267127155
2011-08-05,0.07788617163567088
2011-08-06,0.07773713293650959
2011-08-07,0.10031314688322555
2011-08-08,0.15594049671566682
2011-08-09,0.09608032266167614
2011-08-10,0.08110236440421917
2011-08-11,0.0794589392591432
2011-08-12,0.0782219783446219
2011-08-13,0.07799187816413454
2011-08-14,0.5555135679784191
2011-08-15,0.13690134880753782
2011-08-16,0.12039359596015425
2011-08-17,0.11114054576482114
2011-08-18,0.27589875364981475
2011-08-19,0.13820231930389199
2011-08-20,0.12309710204729962
2011-08-21,0.11335839469005358
2011-08-22,0.14309279801399974
2011-08-23,0.882158535061783
2011-08-24,0.3178179675932639
2011-08-25,0.26268250948039185
2011-08-26,0.3617365973747888
2011-08-27,0.2790035428936838
2011-08-28,0.231320615159298
2011-08-29,0.20110182213137287
2011-08-30,0.17722016152407813
2011-08-31,0.15823000662346035
2011-09-01,0.14302877347272383
2011-09-02,0.13077968816453453
2011-09-03,0.2852865030029977
2011-09-04,0.33713529244010254
2011-09-05,0.2352907256857896
2011-09-06,0.2725549214689491
2011-09-07,0.27436954846629863
2011-09-08,0.23175462072389233
2011-09-09,0.25515237093237314
2011-09-10,0.19669632043096127
2011-09-11,0.23691833495376105
2011-09-12,0.19586497819047624
2011-09-13,0.1731310298856177
2011-09-14,0.1559881307238457
2011-09-15,0.1422155957011592
2011-09-16,0.1310754187766181
2011-09-17,0.22311606967039077
2011-09-18,0.31017749183380366
2011-09-19,0.20734344230317434
2011-09-20,0.1823757872624194
2011-09-21,0.16361523284885163
2011-09-22,0.14857948404060223
2011-09-23,0.13644694234290994
2011-09-24,0.12658978898730852
2011-09-25,0.11852532901486805
2011-09-26,0.1118802958471008
2011-09-27,0.10636446753951495
2011-09-28,0.10175102760264843
2011-09-29,0.09786184851753277
2011-09-30,0.09455639429549145
2011-10-01,0.09172330196340367
2011-10-02,0.08927395899641094
2011-10-03,0.08713757704377269
2011-10-04,0.08525739397133852
2011-10-05,0.08358773150019945
2011-10-06,0.08771740502047214
2011-10-07,0.09599772433984283
2011-10-08,0.23002892672905415
2011-10-09,0.20919220897086968
2011-10-10,0.1415163627526932
2011-10-11,0.1296511451711654
2011-10-12,0.12120005405350909
2011-10-13,0.11299837428397837
2011-10-14,0.1062606580605922
2011-10-15,0.10068690400455482
2011-10-16,0.09604147496883082
2011-10-17,0.09213973780893175
2011-10-18,0.09725243553687296
2011-10-19,0.10992775384662294
2011-10-20,0.10162101575454206
2011-10-21,0.09621843618808597
2011-10-22,0.09203245517164788
2011-10-23,0.08850088288837483
2011-10-24,0.08549753276213563
2011-10-25,0.21338849454170195
2011-10-26,0.1287459286741403
2011-10-27,0.11663717888496195
2011-10-28,0.10854604208681846
2011-10-29,0.10189847268835434
2011-10-30,0.09639876249511647
2011-10-31,0.09181588967782822
2011-11-01,0.12781302281954024
2011-11-02,0.11190234146278692
2011-11-03,0.1034655759663682
2011-11-04,0.09748792893657106
2011-11-05,0.09271138419846353
2011-11-06,0.08866792605132227
2011-11-07,0.0851218013301384
2011-11-08,0.08211221531315561
2011-11-09,0.0795374112391788
2011-11-10,0.07731618736766531
2011-11-11,0.07538358163818352
2011-11-12,0.07368743231376491
2011-11-13,0.07218570859531297
2011-11-14,0.07084442937644087
2011-11-15,0.06963603349071427
2011-11-16,0.06853809820389706
2011-11-17,0.06753232753776166
2011-11-18,0.06660375057879002
2011-11-19,0.06574008387983594
2011-11-20,0.0649312226044239
2011-11-21,0.0641688330653805
2011-11-22,0.06344602541209884
2011-11-23,0.06275708989564371
2011-11-24,0.062097283737538735
2011-11-25,0.06146265840660132
2011-11-26,0.0608499192632384
2011-11-27,0.060256311208502195
2011-11-28,0.05967952528639836
2011-11-29,0.05911762221622577
2011-11-30,0.05856896964091445
2011-12-01,0.22727829811424471
2011-12-02,0.18344377943920745
2011-12-03,0.4070017813830748
2011-12-04,0.5647478594161294
2011-12-05,0.3901409940771836
2011-12-06,0.3543407386419657
2011-12-07,0.5784657872831116
2011-12-08,0.38932600597007827
2011-12-09,0.46362835605504266
2011-12-10,0.3491595808840764
2011-12-11,0.3155124847662813
2011-12-12,0.4124401715182449
2011-12-13,0.7154287202572592
2011-12-14,1.0107309704764043
2011-12-15,0.8896949942452003
2011-12-16,1.9603054889453304
2011-12-17,1.841444074614606
2011-12-18,1.7527110957016891
2011-12-19,1.6656493053697083
2011-12-20,1.496876809891661
2011-12-21,1.4124210701065631
2011-12-22,1.1472532885440738
2011-12-23,1.0477637516688245
2011-12-24,0.9168502348438646
2011-12-25,0.7437183075298545
2011-12-26,0.6101793794483578
2011-12-27,0.509286450461922
2011-12-28,0.4321453387324053
2011-12-29,0.580155693584951
2011-12-30,0.5771047831129007
2011-12-31,0.6306160887450963
2012-01-01,0.7413318984674001
2012-01-02,0.8486227240733766
2012-01-03,0.9343220158238074
2012-01-04,1.0666139941787545
2012-01-05,1.6536841883791913
2012-01-06,1.4143398420019426
2012-01-07,1.2683644077684904
2012-01-08,1.0348801598562984
2012-01-09,0.8585073005063472
2012-01-10,0.7136459443683894
2012-01-11,0.5976755404046056
2012-01-12,0.5094646125115271
2012-01-13,0.4416403250508824
2012-01-14,0.38903388205395745
2012-01-15,0.347882137508948
2012-01-16,0.3154197899130832
2012-01-17,0.28959717711642635
2012-01-18,0.3073330398251882
2012-01-19,0.8390939689399347
2012-01-20,1.0986521853456837
2012-01-21,1.0518071927801198
2012-01-22,0.865955876825351
2012-01-23,0.735545119685555
2012-01-24,0.7711365562166482
2012-01-25,0.6962690895364824
2012-01-26,0.7625825571680901
2012-01-27,0.7138922725663829
2012-01-28,0.6835671892965401
2012-01-29,0.5810761194224152
2012-01-30,0.5007917564805489
2012-01-31,0.4391513298816179
2012-02-01,0.39114272335546946
2012-02-02,0.35342773839748726
2012-02-03,0.32354471548557734
2012-02-04,0.2996630818679469
2012-02-05,0.2804108625503305
2012-02-06,0.26475223417761484
2012-02-07,0.2518997777465389
2012-02-08,0.24125103763228595
2012-02-09,0.23234227081824174
2012-02-10,0.22481446347882408
2012-02-11,0.21838817633982968
2012-02-12,0.21284479506896362
2012-02-13,0.26403044303128526
2012-02-14,0.44948318603923304
2012-02-15,0.7910236301980368
2012-02-16,0.7642615364446321
2012-02-17,0.6615445294157628
2012-02-18,0.7699304257257197
2012-02-19,0.6591160245670424
2012-02-20,0.558746222657014
2012-02-21,0.4827631605203317
2012-02-22,0.4240257279167618
2012-02-23,0.3905863110509871
2012-02-24,0.3641037353851511
2012-02-25,0.33101233297592353
2012-02-26,0.3046750812064603
2012-02-27,0.28353858907121204
2012-02-28,0.26642716567052965
2012-02-29,0.2524499722479468
2012-03-01,0.240927503109747
2012-03-02,0.23133820190498308
2012-03-03,0.2232793843786682
2012-03-04,0.2741160507745711
2012-03-05,0.7076208473594493
2012-03-06,0.7548103491532067
2012-03-07,1.058641200420556
2012-03-08,0.909002656422211
2012-03-09,0.7472978988519882
2012-03-10,0.6273021744752739
2012-03-11,0.5359358962312346
2012-03-12,0.4657266848145249
2012-03-13,0.4112948456304936
2012-03-14,0.36872803825989925
2012-03-15,0.33515430146537245
2012-03-16,0.3084469714052495
2012-03-17,0.2870184474076873
2012-03-18,0.27432782606800366
2012-03-19,0.26320569485071404
2012-03-20,0.2500931712352572
2012-03-21,0.23924365788871427
2012-03-22,0.23018307981669586
2012-03-23,0.2225413510406481
2012-03-24,0.21603060469605254
2012-03-25,0.21042577405221088
2012-03-26,0.20555003442830153
2012-03-27,0.20126382056241454
2012-03-28,0.19745649190827744
2012-03-29,0.19403997166747286
2012-03-30,0.19094386608225952
2012-03-31,0.1881117003923881
2012-04-01,0.18549800186286955
2012-04-02,0.18306602878736286
2012-04-03,0.180785994605543
2012-04-04,0.17863367333864466
2012-04-05,0.17658930005752738
2012-04-06,0.17463670063006564
2012-04-07,0.17409319905769458
2012-04-08,0.17502269063993559
2012-04-09,0.283842299231786
2012-04-10,0.6007117271606537
2012-04-11,0.4626029577711542
2012-04-12,0.4141412376143965
2012-04-13,0.36135589442797666
2012-04-14,0.32265591724614745
2012-04-15,0.29209805690473883
2012-04-16,0.2677740255304719
2012-04-17,0.2622064986229801
2012-04-18,0.381547308942253
2012-04-19,0.3398118484603713
2012-04-20,0.32351662475807974
2012-04-21,0.5148415906644458
2012-04-22,0.45452750519026175
2012-04-23,0.4310419497694789
2012-04-24,0.4189385382200199
2012-04-25,0.38916477256530796
2012-04-26,0.706173401375242
2012-04-27,0.575808957427995
2012-04-28,0.5494839292406563
2012-04-29,0.5088561574286096
2012-04-30,0.45578970845798644
2012-05-01,0.4326349187624685
2012-05-02,0.8594896938061721
2012-05-03,0.6882404143066511
2012-05-04,0.5864033571760462
2012-05-05,0.6857917033452079
2012-05-06,0.589305162554797
2012-05-07,0.5014197151673313
2012-05-08,0.4348676884383266
2012-05-09,0.5772366088485846
2012-05-10,0.5374705821378756
2012-05-11,0.4595981147960359
2012-05-12,0.40300125204821513
2012-05-13,0.3588377745425522
2012-05-14,0.32408587795714267
2012-05-15,0.48424911029301704
2012-05-16,0.46165763187299086
2012-05-17,0.4000444321263587
2012-05-18,0.35655507728001257
2012-05-19,0.3223152637721092
2012-05-20,0.30550233021327394
2012-05-21,0.2907634218834437
2012-05-22,0.26973438928546073
2012-05-23,0.25273521277445343
2012-05-24,0.23888275759782707
2012-05-25,0.22749208895690354
2012-05-26,0.21803814972182398
2012-05-27,0.21011601750495454
2012-05-28,0.20341164647962115
2012-05-29,0.19809142987481299
2012-05-30,0.19335337505497951
2012-05-31,0.18892743791246225
2012-06-01,0.18503155965508633
2012-06-02,0.18156779193883385
2012-06-03,0.19152553931452201
2012-06-04,0.2876690153756516
2012-06-05,0.21687374937553727
2012-06-06,0.33972252489157256
2012-06-07,0.42751157858854333
2012-06-08,0.31798186723427485
2012-06-09,0.28035313360771186
2012-06-10,0.25782458041715195
2012-06-11,0.2979670782437064
2012-06-12,0.7500184978300672
2012-06-13,0.49145103710193183
2012-06-14,0.4202539029794825
2012-06-15,0.7904736853066648
2012-06-16,0.8699618638056535
2012-06-17,0.6739501019074341
2012-06-18,1.0240489485324165
2012-06-19,0.8264736675979494
2012-06-20,0.6791579555072159
2012-06-21,0.5936598915808932
2012-06-22,0.5257023732927284
2012-06-23,0.4536818415933596
2012-06-24,0.4730902071065501
2012-06-25,0.45317963943948963
2012-06-26,0.39620662787682465
2012-06-27,0.3530235318165862
2012-06-28,0.31902528203796987
2012-06-29,0.2936317287970996
2012-06-30,0.27228024432128867
2012-07-01,0.2544760287605057
2012-07-02,0.2399896866892732
2012-07-03,0.22809825472442372
2012-07-04,0.21824758466276817
2012-07-05,0.4920893397657431
2012-07-06,0.36388977743695233
2012-07-07,0.33079624315677947
2012-07-08,0.7080026199485566
2012-07-09,0.497550334879506
2012-07-10,0.4337975445306763
2012-07-11,0.4183166777420133
2012-07-12,0.4563838342829519
2012-07-13,0.5254378180504033
2012-07-14,0.5607792242083511
2012-07-15,1.0808528371546335
2012-07-16,0.8757250351470242
2012-07-17,0.7138652689212264
2012-07-18,0.5988855038844968
2012-07-19,0.5113610200924464
2012-07-20,0.4639646882914639
2012-07-21,0.43060904883428547
2012-07-22,0.38265901973767874
2012-07-23,0.34371603455541816
2012-07-24,0.31293216262712986
2012-07-25,0.28839269448738636
2012-07-26,0.26866448915602664
2012-07-27,0.262283866081459
2012-07-28,0.2748926604695869
2012-07-29,0.28912530473577946
2012-07-30,0.2719931051088811
2012-07-31,0.25625447049583794
2012-08-01,0.24191428199375417
2012-08-02,0.23013190689538746
2012-08-03,0.22901137488986886
2012-08-04,0.22667049362987735
2012-08-05,0.21815137395820558
2012-08-06,0.21035766524192745
2012-08-07,0.20341420603645086
2012-08-08,0.19749151122849506
2012-08-09,0.19238790387838953
2012-08-10,0.1879446102655389
2012-08-11,0.18403606889134794
2012-08-12,0.18056255735055757
2012-08-13,0.1774445516812538
2012-08-14,0.17461838844500577
2012-08-15,0.17203291199981827
2012-08-16,0.16964687089027808
2012-08-17,0.16742688680894824
2012-08-18,0.16534586335983784
2012-08-19,0.1633817342410079
2012-08-20,0.1615164745606287
2012-08-21,0.1597353170291866
2012-08-22,0.15802612832950105
2012-08-23,0.15637891121519568
2012-08-24,0.1548550214680708
2012-08-25,0.15352462411458137
2012-08-26,0.16257749060403384
2012-08-27,0.1591850507453529
2012-08-28,0.15524761520670505
2012-08-29,0.15294733843200647
2012-08-30,0.15259917463157946
2012-08-31,0.19074383340850512
2012-09-01,0.16010893288484002
2012-09-02,0.15403359433227123
2012-09-03,0.15107761772005696
2012-09-04,0.14842860709003533
2012-09-05,0.1460318050514389
2012-09-06,0.14384314842305929
2012-09-07,0.14182705584828587
2012-09-08,0.13995469894655663
2012-09-09,0.1382026455577507
2012-09-10,0.13655179065995182
2012-09-11,0.18834081641602793
2012-09-12,0.14480201400648543
2012-09-13,0.19185395993860302
2012-09-14,0.15219389133651787
2012-09-15,0.14158789628345642
2012-09-16,0.13852469144878451
2012-09-17,0.13581100646920843
2012-09-18,0.13341424545468308
2012-09-19,0.13123016836259432
2012-09-20,0.1292266758981098
2012-09-21,0.1273853547018454
2012-09-22,0.1256791060086214
2012-09-23,0.1240858859132763
2012-09-24,0.18871367124691377
2012-09-25,0.1724613288410126
2012-09-26,0.13360597505083974
2012-09-27,0.1525511403040639
2012-09-28,0.1314313604163536
2012-09-29,0.12755138184155104
2012-09-30,0.12477934465897149
2012-10-01,0.12232375657010046
2012-10-02,0.12218720779350689
2012-10-03,0.26389279072717126
2012-10-04,0.7751553953124163
2012-10-05,0.5255922011054595
2012-10-06,0.6061136095847751
2012-10-07,0.3999952856779628
2012-10-08,0.34597474904881964
2012-10-09,0.30590836076043637
2012-10-10,0.26838155725323426
2012-10-11,0.24273129506691724
2012-10-12,0.29499068764259834
2012-10-13,0.40891479045731316
2012-10-14,0.29261638945200413
2012-10-15,0.335263715447701
2012-10-16,0.35668570329318533
2012-10-17,0.3573825604969576
2012-10-18,0.2945552404294979
2012-10-19,0.2547429865219011
2012-10-20,0.2286573772444307
2012-10-21,0.207874782379179
2012-10-22,0.19119374990089197
2012-10-23,0.1777035081223676
2012-10-24,0.16670972302674927
2012-10-25,0.17484448726704852
2012-10-26,0.5166026197793324
2012-10-27,0.3349159082277761
2012-10-28,0.2892941494995306
2012-10-29,0.4740069946021422
2012-10-30,0.4288514193111402
2012-10-31,0.3498063173284604
2012-11-01,0.3645904561616611
2012-11-02,0.5281462098499715
2012-11-03,0.5966519386328984
2012-11-04,0.5625051572872083
2012-11-05,0.5736972172700218
2012-11-06,0.489115681177178
2012-11-07,0.42673906315900156
2012-11-08,0.3636458173658082
2012-11-09,0.3732397418327342
2012-11-10,0.3862056093332675
2012-11-11,0.3206631961919876
2012-11-12,0.282989119052982
2012-11-13,0.25964208143408224
2012-11-14,0.24317578804124795
2012-11-15,0.22201565233184664
2012-11-16,0.2050276461990197
2012-11-17,0.19127125450471397
2012-11-18,0.3765394495824128
2012-11-19,0.306837629368812
2012-11-20,0.2709762356562419
2012-11-21,0.244370318432497
2012-11-22,0.224145065387463
2012-11-23,0.4333427673716814
2012-11-24,0.36776086240888545
2012-11-25,0.3153517885938959
2012-11-26,0.2790592078300632
2012-11-27,0.2505853467164552
2012-11-28,0.22793797821150685
2012-11-29,0.20982377288204454
2012-11-30,0.19515102446554708
2012-12-01,0.22688437533430802
2012-12-02,0.3409490152345083
2012-12-03,0.4976229265500029
2012-12-04,0.5700755611646313
2012-12-05,0.6749786655968205
2012-12-06,0.5657105229284806
2012-12-07,0.6835846577430363
2012-12-08,0.5544285861742204
2012-12-09,0.5958998559611073
2012-12-10,0.6436101270873472
2012-12-11,0.5317710858918777
2012-12-12,0.44955218083380216
2012-12-13,0.3869678116880639
2012-12-14,0.6288476930721312
2012-12-15,0.5998596191301998
2012-12-16,0.539876238799921
2012-12-17,0.5203877899502095
2012-12-18,0.4877568075351366
2012-12-19,0.41475849810405924
2012-12-20,0.8168118412493727
2012-12-21,0.7243960355007033
2012-12-22,1.472099618958412
2012-12-23,1.724952267274551
2012-12-24,1.466995630412857
2012-12-25,1.5626932612426876
2012-12-26,1.7756979814074194
2012-12-27,2.0442220543651923
2012-12-28,1.8401619441409178
2012-12-29,1.5476781316404198
2012-12-30,1.5381071820687842
2012-12-31,1.4036198792189918
2013-01-01,1.5945441128832745
2013-01-02,1.3440933493711118
2013-01-03,1.1165249843099685
2013-01-04,0.9221386498016554
2013-01-05,0.7863901654132387
2013-01-06,0.671367254734395
2013-01-07,0.5771012735414013
2013-01-08,0.5047793495397952
2013-01-09,0.5747489638657118
2013-01-10,0.5195457455876202
2013-01-11,0.5162570720943462
2013-01-12,0.5444169377421411
2013-01-13,0.4821791914774971
2013-01-14,0.43104685177458996
2013-01-15,0.3909055211423913
2013-01-16,0.3591121474607835
2013-01-17,0.33370524117993955
2013-01-18,0.31321747598468686
2013-01-19,0.29654298640682863
2013-01-20,0.28284248984193333
2013-01-21,0.27147483805478706
2013-01-22,0.261947216667006
2013-01-23,0.2538786230364491
2013-01-24,0.24697288079252985
2013-01-25,0.24099855947127102
2013-01-26,0.23577393229667987
2013-01-27,0.4191353848866585
2013-01-28,0.45577643123287276
2013-01-29,0.8773767820994375
2013-01-30,0.9612794243407864
2013-01-31,0.8901258873442582
2013-02-01,1.2552689856187025
2013-02-02,1.1785856902302667
2013-02-03,1.0240671571493172
2013-02-04,0.9023501401388043
2013-02-05,0.9753702158629625
2013-02-06,1.2462396888645964
2013-02-07,1.260572330314013
2013-02-08,1.1380544772617085
2013-02-09,0.9392086761473246
2013-02-10,0.7902924820709858
2013-02-11,0.7132857026292228
2013-02-12,0.6197291550286887
2013-02-13,0.5412983227382052
2013-02-14,0.5019649080579601
2013-02-15,0.5563710740842801
2013-02-16,0.47988151555236963
2013-02-17,0.4323537926597298
2013-02-18,0.3950930777405754
2013-02-19,0.36546632227622206
2013-02-20,0.3416935804438837
2013-02-21,0.3224399477630778
2013-02-22,0.3066969652968499
2013-02-23,0.2936975668694268
2013-02-24,0.29439140552268045
2013-02-25,0.4217138502006375
2013-02-26,0.4514008823133784
2013-02-27,0.401110402437979
2013-02-28,0.3680394962833613
2013-03-01,0.3416490067583269
2013-03-02,0.3203972817183485
2013-03-03,0.3031241796361631
2013-03-04,0.28895045122138746
2013-03-05,0.2772052873801258
2013-03-06,0.26737369894594903
2013-03-07,0.25905799015582576
2013-03-08,0.278095534785254
2013-03-09,0.546646477412236
2013-03-10,0.6400712267924596
2013-03-11,0.5502341767376921
2013-03-12,0.4820848283142212
2013-03-13,0.4291452500911576
2013-03-14,0.3887158984397144
2013-03-15,0.3867674087505193
2013-03-16,0.4330595145373664
2013-03-17,0.3955840355698696
2013-03-18,0.36772764648629935
2013-03-19,0.3571530035577299
2013-03-20,0.4781201853197569
2013-03-21,0.4524565980109621
2013-03-22,0.40415806882317157
2013-03-23,0.3820203057161704
2013-03-24,0.3884843162537431
2013-03-25,0.3846919280228829
2013-03-26,0.35568188638342696
2013-03-27,0.32830810202381894
2013-03-28,0.3063384603791897
2013-03-29,0.2885465724739151
2013-03-30,0.2740044656188966
2013-03-31,0.26200521249101816
2013-04-01,0.2520068513741991
2013-04-02,0.24359140369964116
2013-04-03,0.23643469244422777
2013-04-04,0.2302839525651996
2013-04-05,0.22494110736155593
2013-04-06,0.22025019560547943
2013-04-07,0.21608786098695446
2013-04-08,0.21235611598904747
2013-04-09,0.2410772717704548
2013-04-10,0.3274927297401793
2013-04-11,0.36763556916669554
2013-04-12,0.4140212617174619
2013-04-13,0.37404956942584394
2013-04-14,0.3350389489701408
2013-04-15,0.30762538349055646
2013-04-16,0.2856382198725723
2013-04-17,0.26785254477845083
2013-04-18,0.2533548062988025
2013-04-19,0.245592923884815
2013-04-20,0.23847389982734993
2013-04-21,0.22892140534177685
2013-04-22,0.2208951531266082
2013-04-23,0.21408769004280506
2013-04-24,0.20825467743287662
2013-04-25,0.20320448741490393
2013-04-26,0.20156858918442064
2013-04-27,0.19940838448534703
2013-04-28,0.19518657076849136
2013-04-29,0.1914419015452645
2013-04-30,0.18808890839439987
2013-05-01,0.18634654451155816
2013-05-02,0.18415018956186943
2013-05-03,0.18131605859007174
2013-05-04,0.17871411011245777
2013-05-05,0.17630533437128804
2013-05-06,0.1740576066605568
2013-05-07,0.27031965238208355
2013-05-08,0.5822772934616017
2013-05-09,0.3810161454938559
2013-05-10,0.3300944117112367
2013-05-11,0.37293646484978343
2013-05-12,0.4088932774396891
2013-05-13,0.3581453583308294
2013-05-14,0.3169618670757341
2013-05-15,0.2964243743007584
2013-05-16,0.39004493940215657
2013-05-17,0.4221047017651167
2013-05-18,0.34903720540866584
2013-05-19,0.31198730948004255
2013-05-20,0.28441398401542556
2013-05-21,0.5197960579272011
2013-05-22,0.441234789490327
2013-05-23,0.4018696037457983
2013-05-24,0.45269829035245257
2013-05-25,0.37857394226015617
2013-05-26,0.39723781833270544
2013-05-27,0.3659722730513053
2013-05-28,0.3339782017312016
2013-05-29,0.47621089102381653
2013-05-30,0.4353317847893829
2013-05-31,0.3733899856929299
2013-06-01,0.33243973982880937
2013-06-02,0.3001657980587192
2013-06-03,0.27452630158503116
2013-06-04,0.2539900628866446
2013-06-05,0.2374045135293993
2013-06-06,0.22389593761431362
2013-06-07,0.2127976066579249
2013-06-08,0.2035975679025408
2013-06-09,0.1959004049904661
2013-06-10,0.18939901898688583
2013-06-11,0.18385365475087875
2013-06-12,0.17907620688544712
2013-06-13,0.17773875084828847
2013-06-14,0.17605068786223318
2013-06-15,0.17202933847293025
2013-06-16,0.16848556761310074
2013-06-17,0.16949391351756668
2013-06-18,0.16947243743167997
2013-06-19,0.1664287065496511
2013-06-20,0.165217428699219
2013-06-21,0.6241729277730597
2013-06-22,0.335583931474751
2013-06-23,0.2882905412984635
2013-06-24,0.2617337338244328
2013-06-25,0.24010095933826267
2013-06-26,0.22270762437843727
2013-06-27,0.22064695899726625
2013-06-28,0.2755823002186011
2013-06-29,0.36785874337722535
2013-06-30,0.26985375472441847
2013-07-01,0.24488325952937093
2013-07-02,0.22612985175118694
2013-07-03,0.3182943464877174
2013-07-04,0.2670930984859899
2013-07-05,0.24191257359504026
2013-07-06,0.22349158350593942
2013-07-07,0.20859663942572013
2013-07-08,0.19645448396277657
2013-07-09,0.1864734269026774
2013-07-10,0.17819796006387736
2013-07-11,0.1712754066798539
2013-07-12,0.16543123255012301
2013-07-13,0.16045064154877114
2013-07-14,0.1561647652162788
2013-07-15,0.15244023489089123
2013-07-16,0.1491712612712597
2013-07-17,0.14627358468605642
2013-07-18,0.14367982957536304
2013-07-19,0.14133591915092097
2013-07-20,0.13919829492315516
2013-07-21,0.13723175049078187
2013-07-22,0.13540773648529217
2013-07-23,0.133703028638699
2013-07-24,0.13279420603899703
2013-07-25,0.13174876374137504
2013-07-26,0.13016147371339662
2013-07-27,0.6208107672536097
2013-07-28,0.19267156769878355
2013-07-29,0.33490306290866306
2013-07-30,0.29557730547281497
2013-07-31,0.20853297955771713
2013-08-01,0.1914294707608373
2013-08-02,0.1786389456877977
2013-08-03,0.16819479967600284
2013-08-04,0.15959733325713063
2013-08-05,0.15246077586956638
2013-08-06,0.14648564660929508
2013-08-07,0.3713066428330829
2013-08-08,0.19150058640290055
2013-08-09,0.17521093229918996
2013-08-10,0.16470951790034938
2013-08-11,0.15607297725396221
2013-08-12,0.14891162856007217
2013-08-13,0.14292295522567983
2013-08-14,0.1378708718909199
2013-08-15,0.1335702195659312
2013-08-16,0.1298750961791079
2013-08-17,0.12667002006855274
2013-08-18,0.15522251245181312
2013-08-19,0.1354542764571475
2013-08-20,0.12950322057884944
2013-08-21,0.12587976784230742
2013-08-22,0.12273935683119304
2013-08-23,0.11999149649800678
2013-08-24,0.17660930953021733
2013-08-25,0.1322592338592509
2013-08-26,0.12594240935428422
2013-08-27,0.12221436837900751
2013-08-28,0.11899675161407412
2013-08-29,0.11619342327757638
2013-08-30,0.1137277333355225
2013-08-31,0.11153833111905902
2013-09-01,0.10957593020121596
2013-09-02,0.10780079643318609
2013-09-03,0.10618078860802178
2013-09-04,0.10468982353810052
2013-09-05,0.10330666862970019
2013-09-06,0.10221612229423022
2013-09-07,0.10111538350613967
2013-09-08,0.1001252700456441
2013-09-09,0.10047667271231114
2013-09-10,0.14176809581524893
2013-09-11,0.44295401387328864
2013-09-12,0.13463633675189812
2013-09-13,0.1256849193088881
2013-09-14,0.3539143608701563
2013-09-15,0.2587787722415044
2013-09-16,0.17628845453306705
2013-09-17,0.3283045064062662
2013-09-18,0.36011278528136753
2013-09-19,0.22340255791708694
2013-09-20,0.1902111293677087
2013-09-21,0.17218563681703627
2013-09-22,0.15769842361376185
2013-09-23,0.1459736988690484
2013-09-24,0.13641650907378053
2013-09-25,0.12856889978235908
2013-09-26,0.12207635157737222
2013-09-27,0.11666293646055552
2013-09-28,0.1121128003422165
2013-09-29,0.108256269541188
2013-09-30,0.10495936143561384
2013-10-01,0.10211581825798322
2013-10-02,0.09964102309623935
2013-10-03,0.09808114488693687
2013-10-04,0.09936193847890594
2013-10-05,0.09927671999154698
2013-10-06,0.09688597670612438
2013-10-07,0.09478326526778252
2013-10-08,0.09291846459725607
2013-10-09,0.19513709492824527
2013-10-10,0.4059130146939447
2013-10-11,0.2162226307191274
2013-10-12,0.1647863200328258
2013-10-13,0.5097426975966779
2013-10-14,0.6251070133569434
2013-10-15,0.37689412044379483
2013-10-16,0.35502401305736225
2013-10-17,0.32234016894871403
2013-10-18,0.26196751013478387
2013-10-19,0.22818680081686527
2013-10-20,0.20205513703057743
2013-10-21,0.18123364744128048
2013-10-22,0.33757496091459777
2013-10-23,0.30795700605014836
2013-10-24,0.23841547590974022
2013-10-25,0.21362085521951368
2013-10-26,0.1946425935506909
2013-10-27,0.27646923135938817
2013-10-28,0.28325122004007713
2013-10-29,0.3782185659697737
2013-10-30,0.2718190829840374
2013-10-31,0.23614314716923482
2013-11-01,0.2871745013020317
2013-11-02,0.6302384873763519
2013-11-03,0.695057259406648
2013-11-04,0.8909815482288351
2013-11-05,1.0429839892568429
2013-11-06,1.086998989443873
2013-11-07,1.4882637844055517
2013-11-08,1.577415089563676
2013-11-09,1.309820342135028
2013-11-10,1.2300335001326779
2013-11-11,0.9801486178198057
2013-11-12,0.8628840793999929
2013-11-13,0.7098471764921745
2013-11-14,0.7926968992647052
2013-11-15,0.6574328934645792
2013-11-16,0.5458819230209527
2013-11-17,0.4618789027829184
2013-11-18,0.39726103492279075
2013-11-19,0.388923508833754
2013-11-20,0.633767386486109
2013-11-21,0.6801931977430399
2013-11-22,0.5625421767788125
2013-11-23,0.4753687330257877
2013-11-24,0.40912491159275083
2013-11-25,0.3577669414558906
2013-11-26,0.31762059067744064
2013-11-27,0.28598390039426497
2013-11-28,0.27123242434794265
2013-11-29,0.26209598230777925
2013-11-30,0.29115660462922616
2013-12-01,0.27343136806722673
2013-12-02,0.2495273613310084
2013-12-03,0.23137826748529824
2013-12-04,0.22841020314263846
2013-12-05,0.2549768296306349
2013-12-06,0.22916465378940418
2013-12-07,0.21437599257552317
2013-12-08,0.20271523281079876
2013-12-09,0.1928480664224331
2013-12-10,0.18465125287425355
2013-12-11,0.17777581049111413
2013-12-12,0.171954369159058
2013-12-13,0.166977609235912
2013-12-14,0.2289812647503656
2013-12-15,0.2156442078125649
2013-12-16,0.2012493531264737
2013-12-17,0.19041452528945993
2013-12-18,0.18146202230922615
2013-12-19,0.5347905352427258
2013-12-20,0.4277489772718876
2013-12-21,0.4396830146477435
2013-12-22,0.7186595338838311
2013-12-23,0.5990566701097824
2013-12-24,1.3167773418062485
2013-12-25,1.3600969995429149
2013-12-26,1.0978976143754715
2013-12-27,1.235588910872163
2013-12-28,1.609471239130671
2013-12-29,1.4216310710527607
2013-12-30,1.166814139084613
2013-12-31,1.0281066122648899
2014-01-01,0.9315685480266175
2014-01-02,0.8968837727482883
2014-01-03,0.8955810524746214
2014-01-04,0.7872868304253083
2014-01-05,0.6582977880769266
2014-01-06,0.6463972205752847
2014-01-07,0.5575651649083523
2014-01-08,0.5149417597144015
2014-01-09,0.6203037518161489
2014-01-10,0.5356346815097234
2014-01-11,0.4644405951454904
2014-01-12,0.4099481274670993
2014-01-13,0.3673391625293021
2014-01-14,0.48412454567960284
2014-01-15,0.6372898862305453
2014-01-16,0.7193626957848854
2014-01-17,0.7769353781142225
2014-01-18,0.658020934551835
2014-01-19,0.5596838134403954
2014-01-20,0.96955668621092
2014-01-21,0.8558213886580176
2014-01-22,0.7101264095622031
2014-01-23,0.859382870225683
2014-01-24,0.7444588422962167
2014-01-25,0.6762256595809166
2014-01-26,0.9725748493326072
2014-01-27,1.1496842254924757
2014-01-28,0.9719615262575184
2014-01-29,0.8018019526793058
2014-01-30,0.6747563559250579
2014-01-31,0.5889573207485328
2014-02-01,0.9995129105506356
2014-02-02,0.8765881897542726
2014-02-03,0.7308739028833364
2014-02-04,0.6223942508152257
2014-02-05,0.5475533146415716
2014-02-06,0.7932273518872345
2014-02-07,0.8899391559799988
2014-02-08,1.041533050481485
2014-02-09,0.9279929163040758
2014-02-10,0.8026252424013068
2014-02-11,0.8864076917661946
2014-02-12,0.954198536230597
2014-02-13,0.9448640882136923
2014-02-14,0.9707335674568321
2014-02-15,0.8245771658607951
2014-02-16,0.6973414835290653
2014-02-17,0.6012448941283458
2014-02-18,0.5293981408238136
2014-02-19,0.4737986197877322
2014-02-20,0.5668720874900792
2014-02-21,0.5932242798813214
2014-02-22,0.5433838824275171
2014-02-23,0.48359258336030914
2014-02-24,0.4355849308640652
2014-02-25,0.5374070157608588
2014-02-26,0.503626740748499
2014-02-27,0.5579218989230753
2014-02-28,0.7518234274712347
2014-03-01,0.6799118136485269
2014-03-02,0.5914965950647573
2014-03-03,0.7164247545342789
2014-03-04,0.6939192659062864
2014-03-05,0.6034207680456612
2014-03-06,0.5288524495346233
2014-03-07,0.47134660972950515
2014-03-08,0.4263552391433431
2014-03-09,0.3908353957965203
2014-03-10,0.36253775623005396
2014-03-11,0.339785878137185
2014-03-12,0.32132064276015476
2014-03-13,0.30618953567426227
2014-03-14,0.2936671053827153
2014-03-15,0.283197319883186
2014-03-16,0.2743514491129116
2014-03-17,0.2667970533965603
2014-03-18,0.2602749828629282
2014-03-19,0.2545822010183229
2014-03-20,0.24955887424781495
2014-03-21,0.31571020785428866
2014-03-22,0.4283739241257994
2014-03-23,0.40941140131276815
2014-03-24,0.37067758218539426
2014-03-25,0.3422616952167031
2014-03-26,0.31945653589715206
2014-03-27,0.3039183005320866
2014-03-28,0.3118509914156175
2014-03-29,0.310428563992239
2014-03-30,0.2930804502704874
2014-03-31,0.27886204771540274
2014-04-01,0.2671037913611876
2014-04-02,0.257283234453671
2014-04-03,0.24899704380250834
2014-04-04,0.24193210571623935
2014-04-05,0.23584406446790288
2014-04-06,0.23068092283391414
2014-04-07,0.2557168910226292
2014-04-08,0.2878719998504402
2014-04-09,0.26999848651920183
2014-04-10,0.2575411974547436
2014-04-11,0.24719436119445715
2014-04-12,0.23851674837735726
2014-04-13,0.23116477604131833
2014-04-14,0.2248708781645231
2014-04-15,0.21942562418809156
2014-04-16,0.21466429588556166
2014-04-17,0.21045674808078887
2014-04-18,0.20669970455334055
2014-04-19,0.20331087142461327
2014-04-20,0.200224415298592
2014-04-21,0.31109739959389926
2014-04-22,0.2717600488917875
2014-04-23,0.2534184065882706
2014-04-24,0.24076791966719277
2014-04-25,0.2373101522389782
2014-04-26,0.23181462105825554
2014-04-27,0.22241677235560867
2014-04-28,0.2145312925459798
2014-04-29,0.20801518616039616
2014-04-30,0.20235836017002073
2014-05-01,0.20860430548304623
2014-05-02,0.21362551619359826
2014-05-03,0.20627000528031095
2014-05-04,0.20001496749809602
2014-05-05,0.19464710902341212
2014-05-06,0.28918813276520583
2014-05-07,0.2607586808241112
2014-05-08,0.4395885655524055
2014-05-09,0.30104537674142623
2014-05-10,0.36543743795633366
2014-05-11,0.3061714205437162
2014-05-12,0.3412020947628975
2014-05-13,0.4650781982710752
2014-05-14,0.35635056406567217
2014-05-15,0.3162137828729395
2014-05-16,0.2873282656025564
2014-05-17,0.26429255379837274
2014-05-18,0.2457704203337122
2014-05-19,0.23075262201026803
2014-05-20,0.30204048856677657
2014-05-21,0.2817767850764802
2014-05-22,0.2533403070730601
2014-05-23,0.2376192176791747
2014-05-24,0.22722673873659435
2014-05-25,0.2156630850421559
2014-05-26,0.20762848059993858
2014-05-27,0.20026511203811195
2014-05-28,0.19259196026716063
2014-05-29,0.18611580450838808
2014-05-30,0.1805980667504277
2014-05-31,0.1758499592854628
2014-06-01,0.1717227016805609
2014-06-02,0.16809851949774246
2014-06-03,0.16505191621464152
2014-06-04,0.43349423409129684
2014-06-05,0.263556646317105
2014-06-06,0.2318510135678247
2014-06-07,0.21645828997282376
2014-06-08,0.20391993389301208
2014-06-09,0.20056550389716357
2014-06-10,0.44985457165200854
2014-06-11,0.2836465437783902
2014-06-12,0.2545895664747187
2014-06-13,0.23415920737784335
2014-06-14,0.21770017574523517
2014-06-15,0.20433268657952194
2014-06-16,0.19338566351239064
2014-06-17,0.18434401805804304
2014-06-18,0.1768100585352571
2014-06-19,0.1704750259288511
2014-06-20,0.1650979480009375
2014-06-21,0.16048982327981226
2014-06-22,0.15650171546310956
2014-06-23,0.1530157368567503
2014-06-24,0.14993818038564394
2014-06-25,0.14719425953566487
2014-06-26,0.14472405881085862
2014-06-27,0.2062943443766928
2014-06-28,0.22792693619155313
2014-06-29,0.4437778946433755
2014-06-30,0.20891539677176998
2014-07-01,0.19197541220670242
2014-07-02,0.1807988784889076
2014-07-03,0.17160504721018643
2014-07-04,0.1639779503703964
2014-07-05,0.20088044549606185
2014-07-06,0.3705965061776439
2014-07-07,0.2046665012375244
2014-07-08,0.44466659281394366
2014-07-09,1.13696106111813
2014-07-10,0.6229131633274939
2014-07-11,1.0488372022136054
2014-07-12,0.7572432067710033
2014-07-13,0.6346124780257553
2014-07-14,0.5428018465272143
2014-07-15,0.4579570766369821
2014-07-16,0.39277967311092715
2014-07-17,0.3422563007799164
2014-07-18,0.3027739131923802
2014-07-19,0.27205569017908365
2014-07-20,0.2600677060156619
2014-07-21,0.2465610077649226
2014-07-22,0.22684702538537782
2014-07-23,0.21094632783341336
2014-07-24,0.19802136066907972
2014-07-25,0.18742847096215634
2014-07-26,0.17867307203878602
2014-07-27,0.17171657244024896
2014-07-28,0.30560001670650966
2014-07-29,0.3542980173554821
2014-07-30,0.25029653408385083
2014-07-31,0.22742795765556287
2014-08-01,0.21048289818461582
2014-08-02,0.19675206513667717
2014-08-03,0.2518633864759758
2014-08-04,0.2245032746612157
2014-08-05,0.2060985022360867
2014-08-06,0.2111141460286101
2014-08-07,0.20871518565416425
2014-08-08,0.29865231546891463
2014-08-09,0.2831718718851313
2014-08-10,0.32192652165342045
2014-08-11,0.2746910139618535
2014-08-12,0.36812983880465894
2014-08-13,0.26456661037182466
2014-08-14,0.2492119696311379
2014-08-15,0.2605463966766512
2014-08-16,0.23305183568063426
2014-08-17,0.21639802236817188
2014-08-18,0.20646245263935428
2014-08-19,0.195933940703782
2014-08-20,0.2005535775872693
2014-08-21,0.19965637697218955
2014-08-22,0.19522416373300022
2014-08-23,0.2729053803497464
2014-08-24,0.21426870557787733
2014-08-25,0.7207784508798127
2014-08-26,1.4698856736886157
2014-08-27,1.042791090281281
2014-08-28,0.8480940180283306
2014-08-29,0.71752821008763
2014-08-30,0.6226812282639237
2014-08-31,0.5690613682112166
2014-09-01,0.47783521639661725
2014-09-02,0.40829790741574973
2014-09-03,0.3557714073084877
2014-09-04,0.31475677929822893
2014-09-05,0.2824734840082274
2014-09-06,0.2568607434114663
2014-09-07,0.23637887877824312
2014-09-08,0.2198688556010594
2014-09-09,0.20645201159740792
2014-09-10,0.19545781744963853
2014-09-11,0.18637138706067957
2014-09-12,0.1787950306965915
2014-09-13,0.17241988042448675
2014-09-14,0.16700479931488077
2014-09-15,0.16236059875346467
2014-09-16,0.15833815245737673
2014-09-17,0.15481939093957364
2014-09-18,0.16050299567676382
2014-09-19,0.16502093739694967
2014-09-20,0.29787497592739476
2014-09-21,0.37233290913751
2014-09-22,0.2721118362851523
2014-09-23,0.24492189103941464
2014-09-24,0.26339449608357124
2014-09-25,0.24512519673156086
2014-09-26,0.22359094455150452
2014-09-27,0.2072075567163013
2014-09-28,0.19391899590144238
2014-09-29,0.18504135740823532
2014-09-30,0.1774696993150461
2014-10-01,0.16941563065261378
2014-10-02,0.1626817040624483
2014-10-03,0.157002330566853
2014-10-04,0.17816115609967795
2014-10-05,0.19920337591060414
2014-10-06,0.2743988054693622
2014-10-07,0.3312852254399832
2014-10-08,0.5367576130554671
2014-10-09,0.3775539335472067
2014-10-10,0.32093691839475963
2014-10-11,0.48118293932452216
2014-10-12,0.593353503877789
2014-10-13,0.44121276477614385
2014-10-14,0.3763608695030252
2014-10-15,0.3348500853286012
2014-10-16,0.34761102476689903
2014-10-17,0.3352357284603186
2014-10-18,0.2870068783430509
2014-10-19,0.257352914816711
2014-10-20,0.2341407505365717
2014-10-21,0.34033596098577057
2014-10-22,0.29575686898793
2014-10-23,0.263228824688393
2014-10-24,0.28755633642046613
2014-10-25,0.2691254387605713
2014-10-26,0.23944058932283463
2014-10-27,0.21974348258639886
2014-10-28,0.20387044690151454
2014-10-29,0.3279162523659878
2014-10-30,0.27519546673901923
2014-10-31,0.24668968252860976
2014-11-01,0.22531157943650112
2014-11-02,0.20813740049483542
2014-11-03,0.6472204515682328
2014-11-04,0.5358996863069391
2014-11-05,0.4409040948979382
2014-11-06,0.3780177457237139
2014-11-07,0.34400401478680714
2014-11-08,0.31227745036878124
2014-11-09,0.2778026366288931
2014-11-10,0.2508290673627313
2014-11-11,0.22932338666687346
2014-11-12,0.21204318915475381
2014-11-13,0.19804836092571218
2014-11-14,0.3563779858945924
2014-11-15,0.9352656185372896
2014-11-16,0.7067812929323973
2014-11-17,0.5848559338369402
2014-11-18,0.5131821835122411
2014-11-19,0.4346100322119227
2014-11-20,0.3751225967629317
2014-11-21,0.32900292245237045
2014-11-22,0.29284965365893495
2014-11-23,0.26428395175823755
2014-11-24,0.2424513669806334
2014-11-25,0.22640315898516386
2014-11-26,0.22418750783991956
2014-11-27,0.23222955342475393
2014-11-28,0.21979666406104129
2014-11-29,0.20530666677149687
2014-11-30,0.19413008450646427
2014-12-01,0.18556678572614904
2014-12-02,0.18351148954136542
2014-12-03,0.18283747135239137
2014-12-04,0.17523129320213013
2014-12-05,0.17830755327545897
2014-12-06,0.22542337070326365
2014-12-07,0.376022559483053
2014-12-08,0.423232247569743
2014-12-09,0.4197469849761761
2014-12-10,0.536752677214425
2014-12-11,0.6194658281413582
2014-12-12,1.081240951176726
2014-12-13,0.8921808973021187
2014-12-14,0.7226220642077847
2014-12-15,0.7431014636164835
2014-12-16,0.6216187226502864
2014-12-17,0.7828475032314494
2014-12-18,0.7424048817280618
2014-12-19,1.0679487704835668
2014-12-20,0.894713952049325
2014-12-21,0.7292347085411817
2014-12-22,0.6063685105134696
2014-12-23,0.5129665234375912
2014-12-24,0.5305955770324338
2014-12-25,0.5099082535283896
2014-12-26,0.5389216212135296
2014-12-27,1.0515375048899496
2014-12-28,0.9001985018637493
2014-12-29,0.7359501689600555
2014-12-30,0.7228256990741161
2014-12-31,0.6095550054543272
2015-01-01,0.5189082217551387
2015-01-02,0.5684993212508284
2015-01-03,1.1538420831366674
2015-01-04,0.9998612812347175
2015-01-05,0.8138892492150412
2015-01-06,0.67671788782537
2015-01-07,0.5727590223834775
2015-01-08,1.8906866742639217
2015-01-09,1.9445135381631058
2015-01-10,1.7405540752188873
2015-01-11,1.4412921843457465
2015-01-12,1.1555622175720819
2015-01-13,1.1017109144221704
2015-01-14,1.26062625878756
2015-01-15,1.3395678065900505
2015-01-16,1.202634354559246
2015-01-17,0.9873888969491694
2015-01-18,0.9695940446050105
2015-01-19,1.0125974179366375
2015-01-20,0.8919205335392223
2015-01-21,0.7521691163318454
2015-01-22,0.6422669370967901
2015-01-23,0.558219163892517
2015-01-24,0.7107640575491362
2015-01-25,0.7143996235397195
2015-01-26,0.774144466524751
2015-01-27,0.675295886780305
2015-01-28,0.8185423025399231
2015-01-29,0.8277295052234978
2015-01-30,0.8775194269815546
2015-01-31,0.7940806918132898
2015-02-01,1.0381933491916326
2015-02-02,0.9578360617980848
2015-02-03,0.8182300161418908
2015-02-04,0.6961805237521471
2015-02-05,0.6027970679531635
2015-02-06,0.530944599914681
2015-02-07,0.4751426130968934
2015-02-08,0.4314073550993354
2015-02-09,0.3968157433744879
2015-02-10,0.36920415715721705
2015-02-11,0.34695803214890447
2015-02-12,0.3288633326983869
2015-02-13,0.31400067043208996
2015-02-14,0.3088903086627573
2015-02-15,0.30546901976305374
2015-02-16,0.294139726249434
2015-02-17,0.28856272042927616
2015-02-18,0.28420222255218175
2015-02-19,0.27585060878186746
2015-02-20,0.8704039412495729
2015-02-21,1.1162893852637428
2015-02-22,1.023124808297782
2015-02-23,1.2848353706781301
2015-02-24,1.19192719188476
2015-02-25,1.160584820312567
2015-02-26,1.2676056431156624
2015-02-27,1.0738117479808873
2015-02-28,0.8879536498577889
2015-03-01,0.8423414652689787
2015-03-02,0.8362859379111538
2015-03-03,0.7846840145728313
2015-03-04,0.6809984667283778
2015-03-05,0.5922753329933528
2015-03-06,0.5242439280738683
2015-03-07,0.4712915654586942
2015-03-08,0.4296959487188196
2015-03-09,0.39672042708608357
2015-03-10,0.37033563918783985
2015-03-11,0.34902460544352243
2015-03-12,0.3316448333893117
2015-03-13,0.3173298114785977
2015-03-14,0.30541800047906104
2015-03-15,0.29540120992323887
2015-03-16,0.2868867665984093
2015-03-17,0.2795695809624899
2015-03-18,0.2732113749790117
2015-03-19,0.26762513145794514
2015-03-20,0.2626633782841648
2015-03-21,0.25820930861972624
2015-03-22,0.2541700121130235
2015-03-23,0.25047128725219675
2015-03-24,0.3035154815369044
2015-03-25,0.639216107300922
2015-03-26,0.6156350930006372
2015-03-27,0.536403911289979
2015-03-28,0.4816909556430355
2015-03-29,1.1054835937800507
2015-03-30,1.0363317290324117
2015-03-31,0.9916312814300894
2015-04-01,0.8490979172852873
2015-04-02,1.3235675287759956
2015-04-03,1.172745052659825
2015-04-04,0.9594341771595055
2015-04-05,0.8025277463805143
2015-04-06,0.6827837379104206
2015-04-07,0.591466321746959
2015-04-08,0.521163604870099
2015-04-09,0.46653693346057246
2015-04-10,0.42370278047154036
2015-04-11,0.4051588310225178
2015-04-12,0.39003296099435225
2015-04-13,0.36274380354205166
2015-04-14,0.34075023418943334
2015-04-15,0.32286552676571806
2015-04-16,0.30818007335481984
2015-04-17,0.2960003143058336
2015-04-18,0.28579409523399574
2015-04-19,0.2771506859761657
2015-04-20,0.26975130354328875
2015-04-21,0.26334722265173566
2015-04-22,0.2577434100337496
2015-04-23,0.252786209807311
2015-04-24,0.2483540206244259
2015-04-25,0.26429164681123424
2015-04-26,0.46117698704035326
2015-04-27,0.36768364877489473
2015-04-28,0.33850996072951905
2015-04-29,0.3167736280129339
2015-04-30,0.30121941954194237
2015-05-01,0.28760519223349706
2015-05-02,0.27511999752508315
2015-05-03,0.2923706936808216
2015-05-04,0.5206781480384197
2015-05-05,0.5483244511805058
2015-05-06,0.4530924357003272
2015-05-07,0.3989042899206708
2015-05-08,0.3631063729663315
2015-05-09,0.3346610927735208
2015-05-10,0.3118584638671944
2015-05-11,0.2934148235762586
2015-05-12,0.27835955594567713
2015-05-13,0.26595376037697166
2015-05-14,0.2642011071663351
2015-05-15,0.26786502926150285
2015-05-16,0.25967810495176685
2015-05-17,0.24986686305419167
2015-05-18,0.24158930074502857
2015-05-19,0.24002897600788872
2015-05-20,0.23743859778608856
2015-05-21,0.23079520562812253
2015-05-22,0.2248708514000536
2015-05-23,0.21971894008280604
2015-05-24,0.21519125756399005
2015-05-25,0.21117011678896733
2015-05-26,0.20756194576914036
2015-05-27,0.20429204539614834
2015-05-28,0.201300552776397
2015-05-29,0.2005134940204788
2015-05-30,0.19933239696821972
2015-05-31,0.20394390071563775
2015-06-01,0.20796483186041162
2015-06-02,0.2040171992473566
2015-06-03,0.20009102734406894
2015-06-04,0.19617633538397247
2015-06-05,0.4505895839869656
2015-06-06,0.283512410310061
2015-06-07,0.2598272008461005
2015-06-08,0.244244465373559
2015-06-09,0.23150819139360132
2015-06-10,0.22100360494207075
2015-06-11,0.212258295676676
2015-06-12,0.20490712112979784
2015-06-13,0.19866629009172768
2015-06-14,0.19331408712570072
2015-06-15,0.18867643939230827
2015-06-16,0.18461604017307934
2015-06-17,0.1810241029943934
2015-06-18,0.20963223015805346
2015-06-19,0.19190217262035655
2015-06-20,0.18784347675489765
2015-06-21,0.1856991041515538
2015-06-22,0.743010713208891
2015-06-23,0.33602796054630696
2015-06-24,0.2939059717256132
2015-06-25,0.26819641823642076
2015-06-26,0.24763065667435932
2015-06-27,0.23104395006575004
2015-06-28,0.21755410133891526
2015-06-29,0.20648843419406857
2015-06-30,0.19733080165263572
2015-07-01,0.18968281537167153
2015-07-02,0.18323526171686724
2015-07-03,0.1777468756380145
2015-07-04,0.17302847073622227
2015-07-05,0.16894082881987546
2015-07-06,0.1653493433428261
2015-07-07,0.16216202404420332
2015-07-08,0.1611117681017211
2015-07-09,0.15980192575574184
2015-07-10,0.15697644111905468
2015-07-11,0.15442359214206755
2015-07-12,0.15209670360159228
2015-07-13,0.15042331272786735
2015-07-14,0.14900259576568245
2015-07-15,0.14720887582058625
2015-07-16,0.14535984325075457
2015-07-17,0.14357068839892193
2015-07-18,0.14188311205044446
2015-07-19,0.25581035454739914
2015-07-20,0.17313179056585268
2015-07-21,0.14818473790222486
2015-07-22,0.14515337505987583
2015-07-23,0.14245617019584136
2015-07-24,0.1400335469341062
2015-07-25,0.29391138238110354
2015-07-26,0.2021114799817035
2015-07-27,0.1595561440946567
2015-07-28,0.1488160730969368
2015-07-29,0.14464741624746405
2015-07-30,0.14170664314366102
2015-07-31,0.13896424377174274
2015-08-01,0.13601262899090927
2015-08-02,0.13339494189792214
2015-08-03,0.13105140999993772
2015-08-04,0.12915425855529167
2015-08-05,0.1273065180715638
2015-08-06,0.12548464686506772
2015-08-07,0.12379922864734434
2015-08-08,0.12222813846676157
2015-08-09,0.12075308696224196
2015-08-10,0.11935911221035517
2015-08-11,0.11803393944966377
2015-08-12,0.11676747059333425
2015-08-13,0.11638556546803709
2015-08-14,0.18117455260048546
2015-08-15,0.49215852920086073
2015-08-16,0.14389879244258263
2015-08-17,0.13452028295191168
2015-08-18,0.1305341753434265
2015-08-19,0.12659256111157088
2015-08-20,0.1230587813393741
2015-08-21,0.11999700649615658
2015-08-22,0.11731885317962526
2015-08-23,0.11515388309664147
2015-08-24,0.1158874151688588
2015-08-25,0.17543501809959536
2015-08-26,0.1282490069628498
2015-08-27,0.407090226108467
2015-08-28,0.14968801932561668
2015-08-29,0.1382740528925637
2015-08-30,0.13161483891093928
2015-08-31,0.12686149965096602
2015-09-01,0.12396690951676531
2015-09-02,0.12236584330315638
2015-09-03,0.14789719064307094
2015-09-04,0.12532056778358813
2015-09-05,0.11942635676663098
2015-09-06,0.11542764055838163
2015-09-07,0.11200692888715612
2015-09-08,0.10905413005649399
2015-09-09,0.10648165848445425
2015-09-10,0.1042195570442041
2015-09-11,0.10221173768086243
2015-09-12,0.1686413360232515
2015-09-13,0.135124119531747
2015-09-14,0.19168589779871004
2015-09-15,0.11917034887460953
2015-09-16,0.2859133586976344
2015-09-17,0.26209315222222984
2015-09-18,0.20932489761472498
2015-09-19,0.15338866874163376
2015-09-20,0.14129858400219839
2015-09-21,0.13227080815793
2015-09-22,0.1489106928747174
2015-09-23,0.15351364150921173
2015-09-24,0.13837057415902268
2015-09-25,0.1242454997884137
2015-09-26,0.11798327439947581
2015-09-27,0.11276083185870905
2015-09-28,0.10837086748331341
2015-09-29,0.10465008097697663
2015-09-30,0.10146944849726784
2015-10-01,0.098726588979283
2015-10-02,0.0963399301406546
2015-10-03,0.09424422620001993
2015-10-04,0.09238709672890082
2015-10-05,0.23637679167002487
2015-10-06,0.18911988595735443
2015-10-07,0.1398299853480163
2015-10-08,0.1646233254771627
2015-10-09,0.12529400435695642
2015-10-10,0.11724116252578702
2015-10-11,0.11112723537070927
2015-10-12,0.10603478030937596
2015-10-13,0.10176002433979602
2015-10-14,0.10729223645160628
2015-10-15,0.15341561287054828
2015-10-16,0.27423532303990966
2015-10-17,0.19991032867914618
2015-10-18,0.14531220128133363
2015-10-19,0.13307146312124285
2015-10-20,0.12368690843397018
2015-10-21,0.11734759108685437
2015-10-22,0.1150281120682739
2015-10-23,0.11070539236893073
2015-10-24,0.1052097738939996
2015-10-25,0.10176166895462957
2015-10-26,0.09934746473205797
2015-10-27,0.09562896566384478
2015-10-28,0.09365899896774484
2015-10-29,0.09236879493969163
2015-10-30,0.08960075622133
2015-10-31,0.08720801124381049
2015-11-01,0.08512221636230004
2015-11-02,0.08328772986768322
2015-11-03,0.08165976344531181
2015-11-04,0.08021950920097663
2015-11-05,0.07975641673770312
2015-11-06,0.08521158951300652
2015-11-07,0.0893471741607929
2015-11-08,0.08636563797620973
2015-11-09,0.08380543358607569
2015-11-10,0.08159054245475132
2015-11-11,0.07965766829984638
2015-11-12,0.0779559693067415
2015-11-13,0.0792716907982094
2015-11-14,0.13347442770014764
2015-11-15,0.0952684523256372
2015-11-16,0.2351049187300074
2015-11-17,0.39346912664504347
2015-11-18,0.2152985302016632
2015-11-19,0.7575177713413471
2015-11-20,0.5026761212560785
2015-11-21,0.6363266625398017
2015-11-22,0.5603828455100055
2015-11-23,0.4297387153773078
2015-11-24,0.5629759222498073
2015-11-25,0.7000971707559268
2015-11-26,0.5175053997113294
2015-11-27,0.42468522740561787
2015-11-28,0.369983282859712
2015-11-29,0.4504205227615794
2015-11-30,0.9339567169843536
2015-12-01,1.1573781861201453
2015-12-02,0.8920952670872705
2015-12-03,0.7117043271963146
2015-12-04,0.7045512463140198
2015-12-05,0.5738088512445463
2015-12-06,0.47401507377534685
2015-12-07,0.39841434582715024
2015-12-08,0.42871661899419516
2015-12-09,0.3639563373448376
2015-12-10,0.3132031928870282
2015-12-11,1.1586461128563503
2015-12-12,0.911475968655675
2015-12-13,0.7293353766922127
2015-12-14,0.5965859813886778
2015-12-15,0.6204267569151303
2015-12-16,0.6696491283502387
2015-12-17,0.5501887658695997
2015-12-18,0.46112242236505274
2015-12-19,0.39343846860501247
2015-12-20,0.3473190983899724
2015-12-21,0.3623672345510802
2015-12-22,0.4356610658222016
2015-12-23,0.40620684669066215
2015-12-24,0.44306461793870655
2015-12-25,0.48565900326619693
2015-12-26,0.4091630748067006
2015-12-27,0.3538052860847116
2015-12-28,0.3111973008421623
2015-12-29,0.2777289001506755
2015-12-30,0.2512321248118575
2015-12-31,0.32008756715433123
2016-01-01,0.31887365581885047
2016-01-02,0.6025413768639264
2016-01-03,0.9565078888993348
2016-01-04,0.8299795012234649
2016-01-05,0.6778369721211169
2016-01-06,0.5870131402029642
2016-01-07,0.885300954622901
2016-01-08,0.7367880008024215
2016-01-09,0.6079515443897557
2016-01-10,0.5919573404181417
2016-01-11,0.6855119932148774
2016-01-12,0.6299437398134888
2016-01-13,0.6076259945725934
2016-01-14,0.7937661430112719
2016-01-15,1.3188257468248177
2016-01-16,1.1956790744836647
2016-01-17,1.0016214631689861
2016-01-18,0.8164275550335107
2016-01-19,0.6755320987661472
2016-01-20,0.5688795303779907
2016-01-21,0.49296512682853794
2016-01-22,0.6373792326000206
2016-01-23,0.5592279730261623
2016-01-24,0.4872685597342916
2016-01-25,0.4297764005681195
2016-01-26,0.38022737665788525
2016-01-27,0.6453843735035424
2016-01-28,0.605857248042708
2016-01-29,0.5168482257417731
2016-01-30,1.072136309133241
2016-01-31,0.9719852986839338
2016-02-01,0.8502001607494147
2016-02-02,1.5009590383511455
2016-02-03,1.3064842828644485
2016-02-04,1.296899371710574
2016-02-05,1.0837994284347827
2016-02-06,0.8835649359198595
2016-02-07,0.8496531091627498
2016-02-08,1.1923393824915989
2016-02-09,1.9059164770493675
2016-02-10,1.9274367986925682
2016-02-11,1.7015977561020466
2016-02-12,1.3736405890653405
2016-02-13,1.2198186077861792
2016-02-14,1.21320704367695
2016-02-15,1.0983779370804576
2016-02-16,0.914866071578634
2016-02-17,0.7671699187356661
2016-02-18,0.658660330201729
2016-02-19,0.6056134997564592
2016-02-20,1.4985729894913569
2016-02-21,1.4173606909013392
2016-02-22,1.8262778948011762
2016-02-23,1.7475367590133153
2016-02-24,1.4217363643488115
2016-02-25,1.1515007666290127
2016-02-26,0.9518216790706319
2016-02-27,0.8021807368443685
2016-02-28,0.688872310473771
2016-02-29,0.602220927893826
2016-03-01,0.6319184429050176
2016-03-02,0.831520932007578
2016-03-03,0.8778886000436964
2016-03-04,1.239308618179513
2016-03-05,1.0902054998718047
2016-03-06,1.2130117894600836
2016-03-07,1.1837498720713857
2016-03-08,1.0371247868240625
2016-03-09,0.8630017028724689
2016-03-10,0.7385013427361274
2016-03-11,0.643575934553675
2016-03-12,0.5704898958607003
2016-03-13,0.5136791879853161
2016-03-14,0.46910089675429173
2016-03-15,0.4337896007112822
2016-03-16,0.4055510844043906
2016-03-17,0.38274847404119994
2016-03-18,0.36415132697058555
2016-03-19,0.34882809159110706
2016-03-20,0.33606876481007547
2016-03-21,0.3253287851857447
2016-03-22,0.31618799955325105
2016-03-23,0.3083204234296499
2016-03-24,0.3014717948021296
2016-03-25,0.4389167046917239
2016-03-26,0.45435162813267554
2016-03-27,0.6877814505067862
2016-03-28,0.9796370039786808
2016-03-29,0.8631168234863313
2016-03-30,0.748462372844133
2016-03-31,0.7157011568000565
2016-04-01,0.6483787843673475
2016-04-02,0.5690553235906418
2016-04-03,0.5081734555175982
2016-04-04,0.460710275454067
2016-04-05,0.4319169726242123
2016-04-06,0.41022333564549013
2016-04-07,0.39452509383016343
2016-04-08,0.3765700546089769
2016-04-09,0.3600498557508221
2016-04-10,0.3450772950151109
2016-04-11,0.32944262382593487
2016-04-12,0.3164816963758988
2016-04-13,0.30567432985567305
2016-04-14,0.31770916406767996
2016-04-15,0.4334850609544416
2016-04-16,0.4580845324614178
2016-04-17,0.4163512527041664
2016-04-18,0.38437113714161203
2016-04-19,0.3587315800030377
2016-04-20,0.3380159480705154
2016-04-21,0.32111768387588735
2016-04-22,0.3071969895347085
2016-04-23,0.29672147474714
2016-04-24,0.29782186625586266
2016-04-25,0.5440375030808894
2016-04-26,0.5712402069728056
2016-04-27,0.6898107907369359
2016-04-28,0.60245809046883
2016-04-29,0.5789745249318691
2016-04-30,0.5573917333526551
2016-05-01,0.48848145226068423
2016-05-02,0.4388131474630082
2016-05-03,0.40412519879307834
2016-05-04,0.37486737021018807
2016-05-05,0.3488289295128694
2016-05-06,0.3278281267114208
2016-05-07,0.31073317249253
2016-05-08,0.29668264800507343
2016-05-09,0.28501895794159643
2016-05-10,0.2808684027323749
2016-05-11,0.2765367487032784
2016-05-12,0.2677393120682262
2016-05-13,0.2602318827308378
2016-05-14,0.25376027924647615
2016-05-15,0.24812049617648188
2016-05-16,0.24315197202909777
2016-05-17,0.23872776285530226
2016-05-18,0.23474706952383018
2016-05-19,0.23112952332420408
2016-05-20,0.2278107930926099
2016-05-21,0.22473919128630593
2016-05-22,0.34941474472142775
2016-05-23,0.35829178242991694
2016-05-24,0.28805855317964907
2016-05-25,0.2722952627505108
2016-05-26,0.26016869499261264
2016-05-27,0.6181618961550167
2016-05-28,0.4180615253361671
2016-05-29,0.3748224199943826
2016-05-30,0.8914660487444176
2016-05-31,0.6891208639141627
2016-06-01,0.6186752473769243
2016-06-02,0.547989869225095
2016-06-03,0.5502209139238279
2016-06-04,0.5177546502190702
2016-06-05,0.44646482735553894
2016-06-06,0.5808662263759728
2016-06-07,0.6874408969326472
2016-06-08,0.5554575728190331
2016-06-09,0.4821624735173125
2016-06-10,0.4269637026489668
2016-06-11,0.4349083523436792
2016-06-12,0.4807084513131679
2016-06-13,0.43087589926933
2016-06-14,0.3962607211268548
2016-06-15,0.4556744486967099
2016-06-16,0.5040875383149246
2016-06-17,0.5542758895577103
2016-06-18,0.5511607422363758
2016-06-19,0.46565667790290716
2016-06-20,0.5363524162382287
2016-06-21,0.5204440650140133
2016-06-22,0.4495935306706265
2016-06-23,0.8909723547047307
2016-06-24,0.7745867978088442
2016-06-25,0.648661857427084
2016-06-26,0.8218305669816149
2016-06-27,0.7330450685327344
2016-06-28,0.6448825779744357
2016-06-29,0.5734164896183604
2016-06-30,0.6033208758812291
2016-07-01,0.6997556074201755
2016-07-02,0.6157595603015543
2016-07-03,0.5271070918676555
2016-07-04,0.4643335018944788
2016-07-05,0.41542215555337175
2016-07-06,0.3769830542324885
2016-07-07,0.3465081086879589
2016-07-08,0.3221332899735634
2016-07-09,0.3024622917008241
2016-07-10,0.2864414416263138
2016-07-11,0.27327012062982775
2016-07-12,0.26301183302836184
2016-07-13,0.2586811137562897
2016-07-14,0.2614928277217491
2016-07-15,0.2566460183716359
2016-07-16,0.24776848521123682
2016-07-17,0.24023787461292412
2016-07-18,0.23378611437141192
2016-07-19,0.22819944000918543
2016-07-20,0.2233097920017201
2016-07-21,0.21898443542950116
2016-07-22,0.21511807663444726
2016-07-23,0.21231830212002722
2016-07-24,0.20954701336269585
2016-07-25,0.20644614553758145
2016-07-26,0.20358654684508729
2016-07-27,0.20092842016724713
2016-07-28,0.1998295819065338
2016-07-29,0.19914441156525417
2016-07-30,0.1965902930071137
2016-07-31,0.19406857035595304
2016-08-01,0.19170099133935392
2016-08-02,0.49651201777348136
2016-08-03,0.6661004929526116
2016-08-04,0.37800276999126986
2016-08-05,0.33611208441343915
2016-08-06,0.3059370325717718
2016-08-07,0.28189472164463225
2016-08-08,0.2625755326771406
2016-08-09,0.24691714377992013
2016-08-10,0.23411332862258036
2016-08-11,0.224794672725645
2016-08-12,0.21644009803214306
2016-08-13,0.2087387832248031
2016-08-14,0.20221216442801335
2016-08-15,0.1966261278658109
2016-08-16,0.191795675145795
2016-08-17,0.18757502502672463
2016-08-18,0.18384878474914965
2016-08-19,0.180525226285403
2016-08-20,0.17792324942128415
2016-08-21,0.17962714876807065
2016-08-22,0.1804496236415586
2016-08-23,0.17689628958243955
2016-08-24,0.17369184391643402
2016-08-25,0.1708057790752503
2016-08-26,0.16818145788546623
2016-08-27,0.16577331967458125
2016-08-28,0.16354458494724528
2016-08-29,0.16170113093071922
2016-08-30,0.15984916562574616
2016-08-31,0.15795329484314086
2016-09-01,0.1561548623558579
2016-09-02,0.15443947493362664
2016-09-03,0.1527950434716905
2016-09-04,0.19205358698520625
2016-09-05,0.15871616672045932
2016-09-06,0.15432038216119678
2016-09-07,0.15201212794275099
2016-09-08,0.14988779003334124
2016-09-09,0.14791642477755487
2016-09-10,0.14607291857464916
2016-09-11,0.1443655070015536
2016-09-12,0.14273247983868398
2016-09-13,0.14115851856236203
2016-09-14,0.1396512495779997
2016-09-15,0.13833030940825872
2016-09-16,0.13700042833659468
2016-09-17,0.1357453514285844
2016-09-18,0.13449662579348823
2016-09-19,0.1331635827625757
2016-09-20,0.13186745202946762
2016-09-21,0.13060403210764296
2016-09-22,0.12936967231313762
2016-09-23,0.12816131733097497
2016-09-24,0.12697640318546155
2016-09-25,0.12595835346613446
2016-09-26,0.12492457541386591
2016-09-27,0.12376800736016652
2016-09-28,0.12263256690577552
2016-09-29,0.12152469954281771
2016-09-30,0.1204291013909871
2016-10-01,0.11988312653193568
2016-10-02,0.11961047363432396
2016-10-03,0.11853591100721572
2016-10-04,0.11733800140542645
2016-10-05,0.1161776899357716
2016-10-06,0.11505043447988232
2016-10-07,0.11395229457265776
2016-10-08,0.1128799805862275
2016-10-09,0.11183073901581098
2016-10-10,0.11095299688404497
2016-10-11,0.11008672800720344
2016-10-12,0.10915909849057594
2016-10-13,0.10825671278295412
2016-10-14,0.13438690875126516
2016-10-15,0.2679696044086541
2016-10-16,0.11540409483982915
2016-10-17,0.11141854007817636
2016-10-18,0.11182172186661399
2016-10-19,0.3475586722209883
2016-10-20,0.20108042495285725
2016-10-21,0.12791938098241892
2016-10-22,0.12202385361392383
2016-10-23,0.11788211713402345
2016-10-24,0.11434444897709845
2016-10-25,0.11129511614716066
2016-10-26,0.1086421900605571
2016-10-27,0.10631235347494837
2016-10-28,0.10424690636340395
2016-10-29,0.10239867848921715
2016-10-30,0.10072963143915037
2016-10-31,0.09920898766671282
2016-11-01,0.09781176438256867
2016-11-02,0.0965176199277914
2016-11-03,0.09530994243519114
2016-11-04,0.09446758366002017
2016-11-05,0.09415377595592817
2016-11-06,0.0932785579828288
2016-11-07,0.09323110470576053
2016-11-08,0.09333386976545673
2016-11-09,0.39180159361658573
2016-11-10,0.14403358166177907
2016-11-11,0.1561026023029112
2016-11-12,0.14493823418620563
2016-11-13,0.13386965764043204
2016-11-14,0.12832541217041024
2016-11-15,0.13747087967805674
2016-11-16,0.34296576199617285
2016-11-17,0.28028032854715096
2016-11-18,0.515912403139985
2016-11-19,0.26086516603235005
2016-11-20,0.4605614001480414
2016-11-21,0.2993765173807626
2016-11-22,0.251208138573842
2016-11-23,0.2196180225592034
2016-11-24,0.1948287238455733
2016-11-25,0.17511176787114294
2016-11-26,0.15932010847193204
2016-11-27,0.14658422892130865
2016-11-28,0.1362406161629216
2016-11-29,0.12777979670098463
2016-11-30,0.12080827912511845
2016-12-01,0.11502046957575555
2016-12-02,0.11017779813124344
2016-12-03,0.10609309961019837
2016-12-04,0.10261885128751047
2016-12-05,0.09963826141609834
2016-12-06,0.09705847879777924
2016-12-07,0.09480539033051925
2016-12-08,0.09281961450526476
2016-12-09,0.09105340070211726
2016-12-10,0.08946821822552924
2016-12-11,0.09037542791921593
2016-12-12,0.09436388517891921
2016-12-13,0.10015544354517325
2016-12-14,0.10214173423951761
2016-12-15,0.09832029251033925
2016-12-16,0.09508906520841187
2016-12-17,0.0923163278685224
2016-12-18,0.08991620581653885
2016-12-19,0.08782007534866632
2016-12-20,0.08597289257532209
2016-12-21,0.15710992789148465
2016-12-22,0.3049335555517784
2016-12-23,0.17057015526856859
2016-12-24,0.1628775123134489
2016-12-25,0.14438281834132982
2016-12-26,0.15947455811672315
2016-12-27,0.13358338525881783
2016-12-28,0.12329396134957417
2016-12-29,0.11515801872645366
2016-12-30,0.10846564024256154
2016-12-31,0.10292093761282602
2017-01-01,0.09829281831089258
2017-01-02,0.09627894509032801
2017-01-03,0.12057014814851301
2017-01-04,0.19076698104946557
2017-01-05,0.1259882736291866
2017-01-06,0.11657455285740326
2017-01-07,0.109255014475867
2017-01-08,0.103214431480541
2017-01-09,0.20638969957970368
2017-01-10,0.19718777966378045
2017-01-11,0.16256552436533722
2017-01-12,0.44253395089508135
2017-01-13,0.6545616655322413
2017-01-14,0.5240647826952741
2017-01-15,0.49408780555561727
2017-01-16,0.39548068437261225
2017-01-17,0.33121290052064084
2017-01-18,0.28164221355463753
2017-01-19,0.24301226303774284
2017-01-20,0.21268851940412917
2017-01-21,0.1887160360782104
2017-01-22,0.1696325293538972
2017-01-23,0.15433603800692497
2017-01-24,0.14199031818999233
2017-01-25,0.13195660060432704
2017-01-26,0.12374394517528547
2017-01-27,0.124396780863052
2017-01-28,0.11857620085320147
2017-01-29,0.2329691783877247
2017-01-30,0.38233372058587384
2017-01-31,0.2774533391589154
2017-02-01,0.23892403175805935
2017-02-02,0.20971812724216787
2017-02-03,0.1866032772672943
2017-02-04,0.2910286339237946
2017-02-05,0.46802516304759867
2017-02-06,0.3678832761521313
2017-02-07,0.4000509111577763
2017-02-08,0.33815472795390783
2017-02-09,0.28683409530399867
2017-02-10,0.24869086772732363
2017-02-11,0.21884550259678612
2017-02-12,0.19522127187038193
2017-02-13,0.17638878619511209
2017-02-14,0.16127016696604737
2017-02-15,0.1490469454461652
2017-02-16,0.13909357211972104
2017-02-17,0.1309290092001476
2017-02-18,0.12418120825660169
2017-02-19,0.11856084811895412
2017-02-20,0.11567857139322006
2017-02-21,0.20958269427349874
2017-02-22,0.28648500011054323
2017-02-23,0.30646973897282964
2017-02-24,0.27961752234459064
2017-02-25,0.23593218949340675
2017-02-26,0.2084215056285527
2017-02-27,0.3907640996811926
2017-02-28,0.45339523944861754
2017-03-01,0.4368052431979836
2017-03-02,0.3798551916325188
2017-03-03,0.32092660283760865
2017-03-04,0.29709482073358456
2017-03-05,0.46848431799442447
2017-03-06,0.4902377433177801
2017-03-07,0.4019049277475682
2017-03-08,0.5704643504151383
2017-03-09,0.4935471208472511
2017-03-10,0.4102437753289931
2017-03-11,0.34851143572837606
2017-03-12,0.30064304281309645
2017-03-13,0.26324001170081235
2017-03-14,0.23379336489104893
2017-03-15,0.21043851749683598
2017-03-16,0.1917788229529053
2017-03-17,0.1767604100391819
2017-03-18,0.4161964648236342
2017-03-19,0.36147778734798225
2017-03-20,0.30887005613732516
2017-03-21,0.27009446494455375
2017-03-22,0.2396014377780851
2017-03-23,0.21544228448954308
2017-03-24,0.19615938383797657
2017-03-25,0.1806542686917022
2017-03-26,0.16809332767878515
2017-03-27,0.15783978476708044
2017-03-28,0.14940421615846103
2017-03-29,0.14240826452963146
2017-03-30,0.13655783036497895
2017-03-31,0.13162312443795685
2017-04-01,0.13037759941468763
2017-04-02,0.12928785728234796
2017-04-03,0.12526450721139945
2017-04-04,0.12179957298600608
2017-04-05,0.11879023076848211
2017-04-06,0.11615175089613466
2017-04-07,0.113816389016004
2017-04-08,0.11172977855036613
2017-04-09,0.10984813319086088
2017-04-10,0.1081360675459015
2017-04-11,0.1065648918928123
2017-04-12,0.10511127230229562
2017-04-13,0.10375617363329294
2017-04-14,0.10248402248737132
2017-04-15,0.1016327793385896
2017-04-16,0.10065124997999407
2017-04-17,0.09955278228614657
2017-04-18,0.09970042370190123
2017-04-19,0.09903138320381621
2017-04-20,0.09778462056793012
2017-04-21,0.09661040852753888
2017-04-22,0.09549832806148645
2017-04-23,0.09443918216976543
2017-04-24,0.0934253765282989
2017-04-25,0.09248005723833473
2017-04-26,0.09154770754734298
2017-04-27,0.09063145158378187
2017-04-28,0.08974183873777301
2017-04-29,0.0888757161656993
2017-04-30,0.08803043958532962
2017-05-01,0.08720378909629863
2017-05-02,0.08639389644654694
2017-05-03,0.08621721884452327
2017-05-04,0.08663898747678117
2017-05-05,0.08587661125559
2017-05-06,0.0850725768509623
2017-05-07,0.0841789570977312
2017-05-08,0.08325345473859556
2017-05-09,0.0823671971490096
2017-05-10,0.08151478526347454
2017-05-11,0.08069173108056507
2017-05-12,0.0808004914165344
2017-05-13,0.08077623213677418
2017-05-14,0.07980632012636757
2017-05-15,0.07888788993716316
2017-05-16,0.07801411939158977
2017-05-17,0.07717860539522828
2017-05-18,0.11471187105743634
2017-05-19,0.10338695154380263
2017-05-20,0.08702403799202031
2017-05-21,0.08162719224933931
2017-05-22,0.07988125515056328
2017-05-23,0.07832973995839404
2017-05-24,0.07693863307845202
2017-05-25,0.07568036103222216
2017-05-26,0.07453251244051977
2017-05-27,0.07347681685723399
2017-05-28,0.07249833665465623
2017-05-29,0.07158482513910176
2017-05-30,0.07072621489436505
2017-05-31,0.0699142085466926
2017-06-01,0.06914195038387246
2017-06-02,0.0684037620318765
2017-06-03,0.06769534068275843
2017-06-04,0.06701208586555546
2017-06-05,0.06635077765669022
2017-06-06,0.06638711544057858
2017-06-07,0.06707345484156901
2017-06-08,0.06578795682188887
2017-06-09,0.18950369754089624
2017-06-10,0.07204032430873288
2017-06-11,0.06789773325905925
2017-06-12,0.06664859925599873
2017-06-13,0.06552290375322943
2017-06-14,0.06449977849255972
2017-06-15,0.06356220578669565
2017-06-16,0.06269626811299787
2017-06-17,0.06189055188910969
2017-06-18,0.06113567206561677
2017-06-19,0.060423891762850644
2017-06-20,0.059748816958147453
2017-06-21,0.05910515064949798
2017-06-22,0.058488494316404856
2017-06-23,0.05789518711760731
2017-06-24,0.05732217529379379
2017-06-25,0.0567669058207787
2017-06-26,0.056227239589825395
2017-06-27,0.05586588789502405
2017-06-28,0.05573969808282744
2017-06-29,0.055710268884199714
2017-06-30,0.05485118770147939
2017-07-01,0.2715945796995834
2017-07-02,0.06115202515445575
2017-07-03,0.05654832984035057
2017-07-04,0.05560078654219323
2017-07-05,0.05473909813794769
2017-07-06,0.05429429345919099
2017-07-07,0.05381180416686122
2017-07-08,0.05305212329649755
2017-07-09,0.052348322279282815
2017-07-10,0.05169197738384496
2017-07-11,0.051106218821901535
2017-07-12,0.05093693896288106
2017-07-13,0.05069767507211501
2017-07-14,0.05014243525799066
2017-07-15,0.04959205601806577
2017-07-16,0.04902100030499817
2017-07-17,0.04847929899316347
2017-07-18,0.04796284123115741
2017-07-19,0.047556681632690286
2017-07-20,0.04744505671306299
2017-07-21,0.047177462494248194
2017-07-22,0.04684716827717499
2017-07-23,0.046588953908524494
2017-07-24,0.2561795885327969
2017-07-25,0.05247907462420697
2017-07-26,0.048306914533526785
2017-07-27,0.04741536511463002
2017-07-28,0.04660861712588716
2017-07-29,0.045876137302164756
2017-07-30,0.045205814511524244
2017-07-31,0.04458769571739968
2017-08-01,0.04401358082202686
2017-08-02,0.04347669752976622
2017-08-03,0.04297381778871843
2017-08-04,0.042496251305031874
2017-08-05,0.04329666511240282
2017-08-06,0.04285541336149251
2017-08-07,0.0421244297185708
2017-08-08,0.19166419927001288
2017-08-09,0.047411857776607565
2017-08-10,0.0440812776857483
2017-08-11,0.04343540466972184
2017-08-12,0.06836517947015218
2017-08-13,0.045060247973917084
2017-08-14,0.04269460939381692
2017-08-15,0.04217137416699094
2017-08-16,0.04164086384692361
2017-08-17,0.07257657077463904
2017-08-18,0.15318573966081878
2017-08-19,0.05348541550643179
2017-08-20,0.04331474775193841
2017-08-21,0.04219766055184132
2017-08-22,0.04121792966558771
2017-08-23,0.04035183354766146
2017-08-24,0.039580042389341354
2017-08-25,0.03888676049820103
2017-08-26,0.0382590451610862
2017-08-27,0.03768626376159464
2017-08-28,0.037159659625134296
2017-08-29,0.0366720036894534
2017-08-30,0.12631260027649518
2017-08-31,0.08705923311410498
2017-09-01,0.05485191118493838
2017-09-02,0.03851260114437435
2017-09-03,0.037685777631038385
2017-09-04,0.03695010935583053
2017-09-05,0.036290479795070864
2017-09-06,0.03572308307163007
2017-09-07,0.035188012047282884
2017-09-08,0.05930151306700134
2017-09-09,0.09675053453846709
2017-09-10,0.04072795158708392
2017-09-11,0.03737321948602309
2017-09-12,0.04436539120945691
2017-09-13,0.08699202645546021
2017-09-14,0.1847118668970755
2017-09-15,0.15267238335816039
2017-09-16,0.04696629022808249
2017-09-17,0.04321881702303967
2017-09-18,0.0699321092978454
2017-09-19,0.045903793716005926
2017-09-20,0.042419904525712704
2017-09-21,0.04058133853358106
2017-09-22,0.03901892624464619
2017-09-23,0.037682304976728094
2017-09-24,0.0365308895860934
2017-09-25,0.035531865685274854
2017-09-26,0.0346586177880074
2017-09-27,0.03388949301341773
2017-09-28,0.03329593684903099
2017-09-29,0.03410419341761211
2017-09-30,0.03748362466331977
2017-10-01,0.03558907333114578
2017-10-02,0.064210471596901
2017-10-03,0.044287489048126634
2017-10-04,0.03480309821316664
2017-10-05,0.03417014801467589
2017-10-06,0.059454695951653265
2017-10-07,0.06085396494718529
2017-10-08,0.03547819125231728
2017-10-09,0.03388475709743586
2017-10-10,0.0329572076832372
2017-10-11,0.032146212773741474
2017-10-12,0.03143179435772965
2017-10-13,0.030797634454647862
2017-10-14,0.030230368391906435
2017-10-15,0.029719021816214827
2017-10-16,0.029254560676689093
2017-10-17,0.02882953033483751
2017-10-18,0.02843776524286191
2017-10-19,0.02807415468938393
2017-10-20,0.0288954201311936
2017-10-21,0.03044857603087873
2017-10-22,0.23182871693012794
2017-10-23,0.042333534131835764
2017-10-24,0.07693840085494444
2017-10-25,0.03997098812210433
2017-10-26,0.04499635465949922
2017-10-27,0.03713232201765803
2017-10-28,0.034915974796525334
2017-10-29,0.0567819278127013
2017-10-30,0.03621542835652402
2017-10-31,0.03390984588541994
2017-11-01,0.03259922974772362
2017-11-02,0.031476609379700995
2017-11-03,0.03050859008732849
2017-11-04,0.02985796616017382
2017-11-05,0.03032794396571148
2017-11-06,0.030888080951735286
2017-11-07,0.03027877034611971
2017-11-08,0.02960595223773967
2017-11-09,0.02959491956160623
2017-11-10,0.09678416265535113
2017-11-11,0.10656136509782001
2017-11-12,0.3904473016782127
2017-11-13,0.1195092476920311
2017-11-14,0.0755150259216653
2017-11-15,0.0665294599016995
2017-11-16,0.05961649349844917
2017-11-17,0.053985678996976184
2017-11-18,0.09373642616957979
2017-11-19,0.05680404711164874
2017-11-20,0.2022828158976313
2017-11-21,0.1383329319104516
2017-11-22,0.07619047260752267
2017-11-23,0.06750246872874027
2017-11-24,0.46139185737955657
2017-11-25,0.17694968304307188
2017-11-26,0.13226411228284057
2017-11-27,0.44298137188214953
2017-11-28,0.2541553983939176
2017-11-29,0.2826129205812215
2017-11-30,0.41583356728821447
2017-12-01,0.2465336505301278
2017-12-02,0.20491851649914275
2017-12-03,0.17260881080134327
2017-12-04,0.21667041478417973
2017-12-05,0.1494077412624882
2017-12-06,0.1290457157752455
2017-12-07,0.327912724295869
2017-12-08,0.1864525907753394
2017-12-09,0.15749538142986103
2017-12-10,0.3296055728920056
2017-12-11,0.9520086506442049
2017-12-12,0.6771020221981278
2017-12-13,0.9828649785095377
2017-12-14,1.5855582034132072
2017-12-15,1.1966404068859375
2017-12-16,1.0170561330611787
2017-12-17,0.9852607086942048
2017-12-18,0.8564536896422242
2017-12-19,0.6750884534543892
2017-12-20,0.5649095144943357
2017-12-21,0.5317613660191312
2017-12-22,0.47066564826290924
2017-12-23,0.3861286019054047
2017-12-24,0.3250170227026015
2017-12-25,0.277874615256029
2017-12-26,0.3439652770127714
2017-12-27,0.43356558870038114
2017-12-28,0.33818952520956397
2017-12-29,0.7050957093033641
2017-12-30,0.7285284956000867
2017-12-31,1.0952285101919406
2018-01-01,1.0980758843867426
2018-01-02,0.9442873862977702
2018-01-03,1.1806023671126284
2018-01-04,1.2952381273725668
2018-01-05,1.1901495217509854
2018-01-06,0.9482327351947117
2018-01-07,0.7615354046560433
2018-01-08,0.6222693416291346
2018-01-09,0.5169194929513026
2018-01-10,0.5290952525766482
2018-01-11,0.45539960608878044
2018-01-12,0.3890244277590788
2018-01-13,0.3381104669730233
2018-01-14,0.29833635913797096
2018-01-15,0.6500284970470617
2018-01-16,0.629235776024797
2018-01-17,0.5229591753227545
2018-01-18,0.6416758436071178
2018-01-19,0.5883436804075168
2018-01-20,0.7791097470985716
2018-01-21,0.9296822234368659
2018-01-22,0.8192811633282232
2018-01-23,0.671078542855763
2018-01-24,0.5622639724145517
2018-01-25,0.505488536404058
2018-01-26,0.4343814140147228
2018-01-27,0.3853286353829437
2018-01-28,0.3582692216750321
2018-01-29,0.34367358966588296
2018-01-30,0.3046422076906239
2018-01-31,0.5285410692280211
2018-02-01,0.4858487863131209
2018-02-02,0.6452646650577215
2018-02-03,0.5763709662797537
2018-02-04,0.4862779485328379
2018-02-05,0.4191422888012559
2018-02-06,0.3673044330163863
2018-02-07,0.32677532121256475
2018-02-08,0.29482740747457914
2018-02-09,0.273294822547559
2018-02-10,0.3219865172580956
2018-02-11,0.4243998002692985
2018-02-12,0.36537205877815143
2018-02-13,0.32436735725162463
2018-02-14,0.30049955130909
2018-02-15,0.400955192660226
2018-02-16,0.34828131483121294
2018-02-17,0.31086057189534333
2018-02-18,0.2819653987488901
2018-02-19,0.25892750331335584
2018-02-20,0.24040851490950166
2018-02-21,0.22539769721055694
2018-02-22,0.2131264905617615
2018-02-23,0.20300671084090793
2018-02-24,0.19458548268965223
2018-02-25,0.1875121175414836
2018-02-26,0.1815135903027896
2018-02-27,0.17637625560486933
2018-02-28,0.17193212609640438
2018-03-01,0.16804851017219016
2018-03-02,0.1679045204433197
2018-03-03,0.17086230235604258
2018-03-04,0.19207275041090086
2018-03-05,0.20894617147202857
2018-03-06,0.19754083205984377
2018-03-07,0.23413278512797123
2018-03-08,0.4166016276872701
2018-03-09,0.4037335250868159
2018-03-10,0.3657264461431851
2018-03-11,0.6799716530549892
2018-03-12,0.6297015024371032
2018-03-13,0.6460395974817971
2018-03-14,0.5435670401143131
2018-03-15,0.5930257042477721
2018-03-16,0.5503750901588865
2018-03-17,0.46571552851153464
2018-03-18,0.4021329181229789
2018-03-19,0.3527607369978399
2018-03-20,0.3141102544846687
2018-03-21,0.2836073308968713
2018-03-22,0.3398180813382323
2018-03-23,0.3580507013734043
2018-03-24,0.31720290486435065
2018-03-25,0.2860266568669814
2018-03-26,0.26124553630240877
2018-03-27,0.33811459812550626
2018-03-28,0.4995130299062691
2018-03-29,0.43027970211521493
2018-03-30,0.4169862790935752
2018-03-31,0.43209175096653557
2018-04-01,0.382057503588817
2018-04-02,0.3515948559006125
2018-04-03,0.3209965767182657
2018-04-04,0.299863858554696
2018-04-05,0.28404683653857304
2018-04-06,0.2614830676332098
2018-04-07,0.24193650433532654
2018-04-08,0.2261318387737352
2018-04-09,0.21715378689806775
2018-04-10,0.21686172060965478
2018-04-11,0.20807623840893377
2018-04-12,0.19815772570003287
2018-04-13,0.18990176658147886
2018-04-14,0.1844814751996515
2018-04-15,0.1792090598935834
2018-04-16,0.17381433016524106
2018-04-17,0.16917111997411796
2018-04-18,0.16513491834154875
2018-04-19,0.16159073063553198
2018-04-20,0.1584471144045312
2018-04-21,0.15563106246535993
2018-04-22,0.15308406225942509
2018-04-23,0.15075904604938456
2018-04-24,0.14861801944047853
2018-04-25,0.1466302090716151
2018-04-26,0.1447706096184425
2018-04-27,0.14301883936397694
2018-04-28,0.14135823528434668
2018-04-29,0.30625702381915726
2018-04-30,0.4218207377801451
2018-05-01,0.29864923377417
2018-05-02,0.26525381882388305
2018-05-03,0.24036308702087952
2018-05-04,0.22047247734113076
2018-05-05,0.204452591685786
2018-05-06,0.19144722389323654
2018-05-07,0.1808029589751504
2018-05-08,0.1720180267551804
2018-05-09,0.1647048428750084
2018-05-10,0.15856236515441366
2018-05-11,0.15335554683828434
2018-05-12,0.14889996119224969
2018-05-13,0.14716325980232628
2018-05-14,0.14595911342688014
2018-05-15,0.14230939891740516
2018-05-16,0.13911386293737077
2018-05-17,0.13628968235596506
2018-05-18,0.1337693496347881
2018-05-19,0.13149868320680724
2018-05-20,0.12968722175626055
2018-05-21,0.1278475054640431
2018-05-22,0.1282288499730531
2018-05-23,0.2313722566079438
2018-05-24,0.19125285470161044
2018-05-25,0.1520601710216797
2018-05-26,0.14535785573119944
2018-05-27,0.1413675342235768
2018-05-28,0.13756789647275
2018-05-29,0.3684946141601701
2018-05-30,0.18578466408010127
2018-05-31,0.17222761803846698
2018-06-01,0.6605073273375778
2018-06-02,0.33055508995097277
2018-06-03,0.2834434671898976
2018-06-04,0.2506936311559925
2018-06-05,0.22479563092671795
2018-06-06,0.20416310767166326
2018-06-07,0.19614799596745017
2018-06-08,0.18838068800639884
2018-06-09,0.1748065543270041
2018-06-10,0.1637461047848322
2018-06-11,0.15466819133480406
2018-06-12,0.14715747607025936
2018-06-13,0.14089172147979603
2018-06-14,0.1356196026366038
2018-06-15,0.13114412441815268
2018-06-16,0.1273101477881489
2018-06-17,0.123994949580298
2018-06-18,0.12110103664691689
2018-06-19,0.11855064592362397
2018-06-20,0.1162815128568228
2018-06-21,0.11424359949784353
2018-06-22,0.11239655264093827
2018-06-23,0.11070772019911995
2018-06-24,0.10915059655177729
2018-06-25,0.10770359908530835
2018-06-26,0.10634910158786946
2018-06-27,0.1050726677040783
2018-06-28,0.10386244085662948
2018-06-29,0.10270865702455034
2018-06-30,0.1016032543532282
2018-07-01,0.10053955936174758
2018-07-02,0.09951203395287589
2018-07-03,0.09851607084977572
2018-07-04,0.09775160523583909
2018-07-05,0.0969596572835753
2018-07-06,0.0959938121287211
2018-07-07,0.09505412231257752
2018-07-08,0.09413789636521126
2018-07-09,0.09324256920135969
2018-07-10,0.09236598662951635
2018-07-11,0.09150633488637372
2018-07-12,0.09066208283129305
2018-07-13,0.08983193441873626
2018-07-14,0.08901478953596316
2018-07-15,0.08820971166588419
2018-07-16,0.08741590113161916
2018-07-17,0.08663267291621411
2018-07-18,0.0858594382406878
2018-07-19,0.08509568923593025
2018-07-20,0.0843409861666451
2018-07-21,0.08359494676454787
2018-07-22,0.08285723730816598
2018-07-23,0.08212756515158773
2018-07-24,0.08140567245735898
2018-07-25,0.08069133093179472
2018-07-26,0.07998433739614566
2018-07-27,0.0792845100558461
2018-07-28,0.07859573967994384
2018-07-29,0.07791099455885832
2018-07-30,0.07723128426216444
2018-07-31,0.07655823350591542
2018-08-01,0.07589172055650022
2018-08-02,0.07523163262295444
2018-08-03,0.07457786535226453
2018-08-04,0.07393032166752073
2018-08-05,0.07328891077993399
2018-08-06,0.07265354734782084
2018-08-07,0.07202415075996113
2018-08-08,0.07142753612899486
2018-08-09,0.09176955401668568
2018-08-10,0.07136850820942343
2018-08-11,0.06969026844283256
2018-08-12,0.06907857056734143
2018-08-13,0.12643397973859133
2018-08-14,0.07027731899231841
2018-08-15,0.06760124530858498
2018-08-16,0.06698693146551292
2018-08-17,0.24538205146813685
2018-08-18,0.0703163104795886
2018-08-19,0.066374415492341
2018-08-20,0.06565427558407184
2018-08-21,0.06496398534533247
2018-08-22,0.06429950279145293
2018-08-23,0.06365745867402108
2018-08-24,0.06303503813342022
2018-08-25,0.06267615572091549
2018-08-26,0.06700118466890227
2018-08-27,0.06182130201482897
2018-08-28,0.06120219176569109
2018-08-29,0.06062355705459532
2018-08-30,0.06007565291542705
2018-08-31,0.059507146574121726
2018-09-01,0.058937046122787
2018-09-02,0.058381407238703255
2018-09-03,0.05783869494669066
2018-09-04,0.12200779892824824
2018-09-05,0.05998994702316527
2018-09-06,0.05710531814109007
2018-09-07,0.056571719606797514
2018-09-08,0.05604670535481269
2018-09-09,0.05547520487817634
2018-09-10,0.054923300822075555
2018-09-11,0.054388598286021606
2018-09-12,0.05386902433689684
2018-09-13,0.053362837103732935
2018-09-14,0.05286856974230892
2018-09-15,0.0523849843171195
2018-09-16,0.051911033764880384
2018-09-17,0.0514458304592246
2018-09-18,0.050988620179766624
2018-09-19,0.05053876051548611
2018-09-20,0.05009570291426497
2018-09-21,0.04982667608646927
2018-09-22,0.24967781167257344
2018-09-23,0.5338125722288857
2018-09-24,0.06496232483332229
2018-09-25,0.05746830016737087
2018-09-26,0.055733833542447604
2018-09-27,0.05423041109098367
2018-09-28,0.05291671054301727
2018-09-29,0.05175932355459095
2018-09-30,0.05073115414363392
2018-10-01,0.050087713062066
2018-10-02,0.049679074645241295
2018-10-03,0.048869133377066165
2018-10-04,0.04808572917247351
2018-10-05,0.04736956579269532
2018-10-06,0.04670986733707038
2018-10-07,0.04609773738665199
2018-10-08,0.04552583193785322
2018-10-09,0.044988074187329495
2018-10-10,0.04447942437443166
2018-10-11,0.044503317515079695
2018-10-12,0.04450675530920876
2018-10-13,0.04393860949697919
2018-10-14,0.04340599819170147
2018-10-15,0.04290390398973356
2018-10-16,0.042427880798083094
2018-10-17,0.041974227253629
2018-10-18,0.04153985547855533
2018-10-19,0.04112218407600148
2018-10-20,0.04071905067303944
2018-10-21,0.04032864026998551
2018-10-22,0.03997330450124578
2018-10-23,0.0396237078080652
2018-10-24,0.039258351668126794
2018-10-25,0.03890159279638251
2018-10-26,0.03885526421450373
2018-10-27,0.03893371732209965
2018-10-28,0.03855976431895527
2018-10-29,0.038151597550694125
2018-10-30,0.6767181210679466
2018-10-31,0.07013971147015137
2018-11-01,0.070940837300843
2018-11-02,0.0564813911879263
2018-11-03,0.05283161866621724
2018-11-04,0.05013500403558524
2018-11-05,0.047865735141871535
2018-11-06,0.045943580681094186
2018-11-07,0.04474385800848602
2018-11-08,0.043829378571466376
2018-11-09,0.04247026545833497
2018-11-10,0.06417359805948576
2018-11-11,0.2446206424973821
2018-11-12,0.2901526986857772
2018-11-13,0.07837713399493919
2018-11-14,0.06910458177221311
2018-11-15,0.06344994337604608
2018-11-16,0.05880382069536503
2018-11-17,0.05496461556026468
2018-11-18,0.051773655635334835
2018-11-19,0.049105493959430147
2018-11-20,0.04686052971644323
2018-11-21,0.04495936369658148
2018-11-22,0.04333845794064295
2018-11-23,0.04194678152813155
2018-11-24,0.13687387034327245
2018-11-25,0.05684371677703279
2018-11-26,0.0902552150290532
2018-11-27,0.05435415589129817
2018-11-28,0.15764176529510152
2018-11-29,0.1278772227674473
2018-11-30,0.06599887285753869
2018-12-01,0.09299430197215641
2018-12-02,0.45691820920439613
2018-12-03,0.25542122338079853
2018-12-04,0.1443206572597238
2018-12-05,0.12356187987773008
2018-12-06,0.11649873233985235
2018-12-07,0.4407885978690948
2018-12-08,0.4100067043612768
2018-12-09,0.31308447641496856
2018-12-10,0.22243012440131313
2018-12-11,0.18686613264631513
2018-12-12,0.1595112275711248
2018-12-13,0.13790984926935226
2018-12-14,0.12074602744305026
2018-12-15,0.10702573782354018
2018-12-16,0.25129891988925385
2018-12-17,0.15917641029692808
2018-12-18,0.12749310571935948
2018-12-19,0.13890662614232463
2018-12-20,0.13413049398318128
2018-12-21,0.4738936212159701
2018-12-22,0.3018437635800079
2018-12-23,0.5082044387417904
2018-12-24,0.3624350575417588
2018-12-25,0.28581247309448266
2018-12-26,0.23930296766351952
2018-12-27,0.2033006669923962
2018-12-28,0.17505035482459205
2018-12-29,0.1561870577839815
2018-12-30,0.14175869836761476
2018-12-31,0.1372644890743908
2019-01-01,0.12208814237125955
2019-01-02,0.10996876991330169
2019-01-03,0.10064425175357294
2019-01-04,0.0930529204975256
2019-01-05,0.08954329646751792
2019-01-06,0.08708498992974528
2019-01-07,0.09945337183742493
2019-01-08,0.11278934057645883
2019-01-09,0.13661482160884345
2019-01-10,0.10245230665977485
2019-01-11,0.1846600780302394
2019-01-12,0.1745392847666848
2019-01-13,0.3122839844612639
2019-01-14,0.23586945299550335
2019-01-15,0.19073652154087783
2019-01-16,0.16560304521242283
2019-01-17,0.3619122189306525
2019-01-18,0.264676063865713
2019-01-19,0.2148247575756933
2019-01-20,0.1855399325174515
2019-01-21,0.16241606872922296
2019-01-22,0.14403630727378056
2019-01-23,0.12933246517222366
2019-01-24,0.11749359912140361
2019-01-25,0.2151952403315617
2019-01-26,0.25440299833705
2019-01-27,0.5112743359166472
2019-01-28,0.6048597689392335
2019-01-29,0.4445731151898666
2019-01-30,0.5092314174485991
2019-01-31,0.39414548339538685
2019-02-01,0.47507004263300995
2019-02-02,1.129289173584593
2019-02-03,0.8647575545540191
2019-02-04,0.7317070694878725
2019-02-05,0.5949748971681125
2019-02-06,0.5970208133382949
2019-02-07,0.6286391360414777
2019-02-08,0.7775664229196225
2019-02-09,0.6699467276208696
2019-02-10,1.3393241579794741
2019-02-11,1.050496951645846
2019-02-12,0.8298717863227049
2019-02-13,0.6690260617329064
2019-02-14,0.5479922510836605
2019-02-15,0.4560704207516673
2019-02-16,0.38564671042989307
2019-02-17,0.33124351369533744
2019-02-18,0.28887993815960417
2019-02-19,0.2556355069049345
2019-02-20,0.22934887562991166
2019-02-21,0.2084074218386434
2019-02-22,0.19159874331841145
2019-02-23,0.17800481520031644
2019-02-24,0.16692585424840486
2019-02-25,0.15782507769792983
2019-02-26,0.1502882959967208
2019-02-27,0.14399412957077995
2019-02-28,0.14222092559284102
2019-03-01,0.1782443154426195
2019-03-02,0.19648961417846486
2019-03-03,0.2208987954755651
2019-03-04,0.3230243269813506
2019-03-05,0.4077083792738348
2019-03-06,0.3541637321710361
2019-03-07,0.6784800903397893
2019-03-08,0.6197492747159933
2019-03-09,0.5255791380209329
2019-03-10,0.6776616254805958
2019-03-11,0.5569571251996343
2019-03-12,0.4694431725464075
2019-03-13,0.4289185761714509
2019-03-14,0.9834223286191599
2019-03-15,1.3305632720788918
2019-03-16,1.1433210313458126
2019-03-17,1.0637666887749087
2019-03-18,0.9161854668317492
2019-03-19,0.7498359189370057
2019-03-20,0.617372507534996
2019-03-21,0.517304513005171
2019-03-22,0.4407598348204693
2019-03-23,0.38169934369610026
2019-03-24,0.33574698323799373
2019-03-25,0.2997011483204115
2019-03-26,0.2711984641664773
2019-03-27,0.24847974780539542
2019-03-28,0.2302253374921757
2019-03-29,0.21543806192500514
2019-03-30,0.20335928287186147
2019-03-31,0.19340813242857302
2019-04-01,0.1851371722079652
2019-04-02,0.19788211012361703
2019-04-03,0.22036887081520964
2019-04-04,0.21511538105617548
2019-04-05,0.20224895096647386
2019-04-06,0.19168123654834857
2019-04-07,0.1981756048241851
2019-04-08,0.20295245936314157
2019-04-09,0.24212332589483895
2019-04-10,0.24517189027638853
2019-04-11,0.22461840041168704
2019-04-12,0.20911621220396745
2019-04-13,0.1964976540396267
2019-04-14,0.1861407929807081
2019-04-15,0.17756732729283767
2019-04-16,0.17040728885613884
2019-04-17,0.164372945296113
2019-04-18,0.15923936787869242
2019-04-19,0.15482986615705233
2019-04-20,0.15100500162520714
2019-04-21,0.14765425142146774
2019-04-22,0.14468964700145434
2019-04-23,0.14204089375809478
2019-04-24,0.14015545597738274
2019-04-25,0.1433689006182938
2019-04-26,0.14446619270902017
2019-04-27,0.14462899746245153
2019-04-28,0.17876797295057847
2019-04-29,0.17160984478186803
2019-04-30,0.16211370242454484
2019-05-01,0.15531772563957735
2019-05-02,0.15696837890020224
2019-05-03,0.1599207949418427
2019-05-04,0.33430730400036796
2019-05-05,0.22877655620831774
2019-05-06,0.2025099927889273
2019-05-07,0.187574302123899
2019-05-08,0.19142299184922687
2019-05-09,0.20829664756620017
2019-05-10,0.18819094118491708
2019-05-11,0.17831383369594297
2019-05-12,0.16812766202341645
2019-05-13,0.15926047599406867
2019-05-14,0.15190522791487773
2019-05-15,0.14575211947673455
2019-05-16,0.1405593169971677
2019-05-17,0.1361371084371075
2019-05-18,0.13233597342662065
2019-05-19,0.14066097680404005
2019-05-20,0.14794453161931898
2019-05-21,0.1416264046282763
2019-05-22,0.13640636926656832
2019-05-23,0.13197177911955568
2019-05-24,0.12816954107751252
2019-05-25,0.12490304215623554
2019-05-26,0.1220346688910922
2019-05-27,0.11991479714122012
2019-05-28,0.12352482240458591
2019-05-29,0.12565595270808746
2019-05-30,0.1221594999087088
2019-05-31,0.11912073680830787
2019-06-01,0.11645725400715358
2019-06-02,0.11410036155311605
2019-06-03,0.11199496271143884
2019-06-04,0.11217071796083943
2019-06-05,0.4241849928958687
2019-06-06,0.2034473578358091
2019-06-07,0.1695168690800212
2019-06-08,0.15475395189038219
2019-06-09,0.14545550715332242
2019-06-10,0.13739218647016513
2019-06-11,0.13071057451401655
2019-06-12,0.22504682286593683
2019-06-13,0.30539928301050073
2019-06-14,0.17701012047606843
2019-06-15,0.4529231875014472
2019-06-16,0.2552513817879335
2019-06-17,0.22220658884996977
2019-06-18,0.1990600577232202
2019-06-19,0.2706498465160489
2019-06-20,0.21958324313235036
2019-06-21,0.19502093264303377
2019-06-22,0.1774138354419547
2019-06-23,0.1632347078644103
2019-06-24,0.15173304085703168
2019-06-25,0.142334075798664
2019-06-26,0.13459499906320727
2019-06-27,0.12817271782176032
2019-06-28,0.12279998122188773
2019-06-29,0.11826756307303754
2019-06-30,0.11441088029916346
2019-07-01,0.11109988054653469
2019-07-02,0.10823135539252765
2019-07-03,0.10572306477244457
2019-07-04,0.103509222070837
2019-07-05,0.10153700730384586
2019-07-06,0.09976386137592895
2019-07-07,0.09815537685214383
2019-07-08,0.09668364657205719
2019-07-09,0.09532596534533877
2019-07-10,0.09406380518049014
2019-07-11,0.09288200334392815
2019-07-12,0.09186089490654385
2019-07-13,0.09083793600232175
2019-07-14,0.08981433615962721
2019-07-15,0.08883559211910193
2019-07-16,0.08789555950868964
2019-07-17,0.08698903819574377
2019-07-18,0.08611170023787147
2019-07-19,0.08525993497893082
2019-07-20,0.08456183784022209
2019-07-21,0.0838406436927035
2019-07-22,0.08302295286311477
2019-07-23,0.08222532802005965
2019-07-24,0.08144571910897079
2019-07-25,0.08068229511322063
2019-07-26,0.07993351090883591
2019-07-27,0.3269054655806484
2019-07-28,0.08716731951636619
2019-07-29,0.08185091738403813
2019-07-30,0.08061109675536901
2019-07-31,0.07946938245233166
2019-08-01,0.07840983494461838
2019-08-02,0.07741940126570823
2019-08-03,0.07648736288026678
2019-08-04,0.07560489479166119
2019-08-05,0.07476471230307956
2019-08-06,0.07396078710137692
2019-08-07,0.07318811836004206
2019-08-08,0.07244254765709034
2019-08-09,0.07174184388054237
2019-08-10,0.07104607577261628
2019-08-11,0.07035994337633839
2019-08-12,0.06981081691075079
2019-08-13,0.06941893334559504
2019-08-14,0.06895156154733685
2019-08-15,0.06835976110971737
2019-08-16,0.06769041242655309
2019-08-17,0.06720196067913918
2019-08-18,0.387182489371239
2019-08-19,0.0771193112486942
2019-08-20,0.07138691161970694
2019-08-21,0.0699230767256732
2019-08-22,0.06861574097040925
2019-08-23,0.06743797977619169
2019-08-24,0.06636789724934535
2019-08-25,0.06538763417212394
2019-08-26,0.0644825823378169
2019-08-27,0.06364076002844894
2019-08-28,0.06293735749882731
2019-08-29,0.06252387227497051
2019-08-30,0.06196637405138933
2019-08-31,0.06122124750943531
2019-09-01,0.060516201230000795
2019-09-02,0.059845515669252274
2019-09-03,0.05920432297849431
2019-09-04,0.058668833773001854
2019-09-05,0.05812893033128119
2019-09-06,0.05753799798392727
2019-09-07,0.05700606176342075
2019-09-08,0.056477612283427285
2019-09-09,0.055930401476609874
2019-09-10,0.05539768991441373
2019-09-11,0.05491775401205784
2019-09-12,0.054437486770057046
2019-09-13,0.0539324967728291
2019-09-14,0.053437438504935264
2019-09-15,0.05295196563255004
2019-09-16,0.052475217395997115
2019-09-17,0.05200646192691522
2019-09-18,0.051545075407608
2019-09-19,0.05109052474500921
2019-09-20,0.05064235314122061
2019-09-21,0.05020016805600016
2019-09-22,0.049828230445144756
2019-09-23,0.049451023650621845
2019-09-24,0.2672416706565882
2019-09-25,0.0626993573519886
2019-09-26,0.2261218552000909
2019-09-27,0.06396622097289954
2019-09-28,0.05195895182395304
2019-09-29,0.19648152244510628
2019-09-30,0.06225441530177891
2019-10-01,0.5683139397528466
2019-10-02,0.12766599183191601
2019-10-03,0.07804200057356749
2019-10-04,0.10563480841125
2019-10-05,0.08295900106434169
2019-10-06,0.44341296134011926
2019-10-07,0.13320679899057628
2019-10-08,0.3226938635881331
2019-10-09,0.24143148954750018
2019-10-10,0.16401776617437133
2019-10-11,0.1230992784986164
2019-10-12,0.10908775582455445
2019-10-13,0.09846962146108029
2019-10-14,0.08976648705209346
2019-10-15,0.08257084057775015
2019-10-16,0.4193288694097861
2019-10-17,0.1715932641410676
2019-10-18,0.16235666316887853
2019-10-19,0.2144935257005407
2019-10-20,0.21304581795969757
2019-10-21,0.30338930124773006
2019-10-22,0.18046651127382443
2019-10-23,0.14960539343975035
2019-10-24,0.13167345053946425
2019-10-25,0.1173402164124278
2019-10-26,0.10781376948420247
2019-10-27,0.21140292325543542
2019-10-28,0.13486133998882646
2019-10-29,0.11878842896806745
2019-10-30,0.1071588415185557
2019-10-31,0.0977487430392195
2019-11-01,0.10937388328935672
2019-11-02,0.20835479635420073
2019-11-03,0.2624867595074783
2019-11-04,0.18791759387513615
2019-11-05,0.14895986482609483
2019-11-06,0.1376446078885907
2019-11-07,0.2649397053243808
2019-11-08,0.15959333282966134
2019-11-09,0.13948791928654436
2019-11-10,0.12446279121808863
2019-11-11,0.17351044039916563
2019-11-12,0.16832390397534006
2019-11-13,0.19048402512120202
2019-11-14,0.18764884336677048
2019-11-15,0.14029949630887165
2019-11-16,0.12506151546334968
2019-11-17,0.11317608141882142
2019-11-18,0.2231335478966836
2019-11-19,0.14875317753240855
2019-11-20,0.13133107911795197
2019-11-21,0.11839597536239353
2019-11-22,0.10794945468797623
2019-11-23,0.09945916058147068
2019-11-24,0.09251438454926393
2019-11-25,0.08679649419559622
2019-11-26,0.08205698491582418
2019-11-27,0.2530192273122483
2019-11-28,0.2910863521433201
2019-11-29,0.2482332487528892
2019-11-30,0.19243078492217427
2019-12-01,0.16724222138160946
2019-12-02,0.17714012267512416
2019-12-03,0.14713283558870782
2019-12-04,0.131329364096242
2019-12-05,0.11893315479926936
2019-12-06,0.3534734114572147
2019-12-07,0.2118013567869078
2019-12-08,0.2959240275829215
2019-12-09,0.40387678894258805
2019-12-10,0.2807687128434649
2019-12-11,0.4062480258914875
2019-12-12,0.3376756235603093
2019-12-13,0.6954486120339644
2019-12-14,0.6747173817504303
2019-12-15,0.631107804071885
2019-12-16,0.5213625139618546
2019-12-17,0.4687699356941318
2019-12-18,0.38056755157214295
2019-12-19,0.31926678556744353
2019-12-20,0.3403638399193571
2019-12-21,0.3059249522154674
2019-12-22,0.6410310380227277
2019-12-23,0.5016712708032866
2019-12-24,0.5183024761889427
2019-12-25,0.4340941943859504
2019-12-26,0.4498055576734317
2019-12-27,0.507741982796978
2019-12-28,0.40311658291408975
2019-12-29,0.339518159692846
2019-12-30,0.29097859232908746
2019-12-31,0.25309714785858745
2020-01-01,0.2233129809370594
2020-01-02,0.19972442780276667
2020-01-03,0.21083921210376008
2020-01-04,0.19766624239267647
2020-01-05,0.17892728315074827
2020-01-06,0.17822475848197125
2020-01-07,0.16401530474092588
2020-01-08,0.26231838191609114
2020-01-09,0.2727298864261218
2020-01-10,0.49912249907379613
2020-01-11,0.38116448941637376
2020-01-12,0.32284635432434605
2020-01-13,0.27886096104403874
2020-01-14,0.30344886972019164
2020-01-15,0.290398507729876
2020-01-16,0.24847764240949288
2020-01-17,0.2377484991830252
2020-01-18,0.21312000912698967
2020-01-19,0.19241352606621345
2020-01-20,0.17601206385722226
2020-01-21,0.16276610550702386
2020-01-22,0.15198912006602733
2020-01-23,0.14315436337629642
2020-01-24,0.1358552967162022
2020-01-25,0.12977640547076547
2020-01-26,0.12467152979129559
2020-01-27,0.314407717873252
2020-01-28,0.6385620223769326
2020-01-29,0.48721496896651634
2020-01-30,0.42552405148552713
2020-01-31,0.3617223730541286
2020-02-01,0.9048571214988264
2020-02-02,1.161614119914701
2020-02-03,1.4464529567391802
2020-02-04,1.2415408705858693
2020-02-05,0.9821532534933212
2020-02-06,0.7872069123600306
2020-02-07,0.6417432257780981
2020-02-08,0.5836908941606798
2020-02-09,0.6968864365707089
2020-02-10,0.8419334540302449
2020-02-11,0.6851603195853571
2020-02-12,0.565741976251153
2020-02-13,0.7308869632797069
2020-02-14,0.6178104669333027
2020-02-15,0.5155967623946882
2020-02-16,0.9376425511916998
2020-02-17,0.9295667518519664
2020-02-18,0.7554102098465781
2020-02-19,0.7538541146671792
2020-02-20,0.8127574681963868
2020-02-21,0.6730547474147741
2020-02-22,0.5670740913916543
2020-02-23,0.6079796514613617
2020-02-24,0.5605553128757756
2020-02-25,0.6316927300896988
2020-02-26,0.6067906850233244
2020-02-27,0.8866955227164702
2020-02-28,0.9047059495123083
2020-02-29,0.8067497468026602
2020-03-01,0.6686146534888225
2020-03-02,0.623945387697601
2020-03-03,0.6512645835138445
2020-03-04,0.6254293238842255
2020-03-05,0.9186390554699093
2020-03-06,1.0581001362037135
2020-03-07,0.8879449614532205
2020-03-08,0.893706504696063
2020-03-09,0.7947556852038639
2020-03-10,1.335486603608733
2020-03-11,1.81873275536726
2020-03-12,1.5490082299866499
2020-03-13,1.2290195118039229
2020-03-14,0.993259114082557
2020-03-15,0.8178005152143141
2020-03-16,0.6858561252892802
2020-03-17,0.585650739206811
2020-03-18,0.5088293228461961
2020-03-19,0.4493969933929877
2020-03-20,0.45186097367695766
2020-03-21,0.4534904361614395
2020-03-22,0.4061678523412123
2020-03-23,0.36891639496795864
2020-03-24,0.33934958297209833
2020-03-25,0.31567463146996677
2020-03-26,0.29654711791185784
2020-03-27,0.2809514780634829
2020-03-28,0.26811530693975055
2020-03-29,0.2574473580417217
2020-03-30,0.24849231479638814
2020-03-31,0.24089753908395703
2020-04-01,0.2343884450667566
2020-04-02,0.22875013413678646
2020-04-03,0.2238136091054901
2020-04-04,0.21944536145181925
2020-04-05,0.2155394599556347
2020-04-06,0.21201150620058287
2020-04-07,0.2087939918732252
2020-04-08,0.2058327147410642
2020-04-09,0.2030839985856793
2020-04-10,0.2005125268630872
2020-04-11,0.19808964722244524
2020-04-12,0.19579203900116995
2020-04-13,0.1936006618116972
2020-04-14,0.19149992275966968
2020-04-15,0.18947701442416112
2020-04-16,0.18752138674629257
2020-04-17,0.18562432432985917
2020-04-18,0.19266662925584507
2020-04-19,0.1998284553888567
2020-04-20,0.19531894880252124
2020-04-21,0.19133942760571435
2020-04-22,0.1877959324018256
2020-04-23,0.18460875415551237
2020-04-24,0.1817141070140309
2020-04-25,0.17906075607385208
2020-04-26,0.17660740014409584
2020-04-27,0.1743206311905063
2020-04-28,0.17461838416844797
2020-04-29,0.17682415510192073
2020-04-30,0.1787074329099503
2020-05-01,0.17939238247898961
2020-05-02,0.17716748967919052
2020-05-03,0.1737969935214099
2020-05-04,0.17057823590028412
2020-05-05,0.16768259456804377
2020-05-06,0.16505255778920538
2020-05-07,0.16264185718092963
2020-05-08,0.16041313920288017
2020-05-09,0.15833614605069213
2020-05-10,0.1564365421750253
2020-05-11,0.15460694098110175
2020-05-12,0.15284608786313672
2020-05-13,0.1511639788429627
2020-05-14,0.14954929696131813
2020-05-15,0.14799271074381137
2020-05-16,0.14648650645069403
2020-05-17,0.14502429034741288
2020-05-18,0.14360074857836896
2020-05-19,0.1422114529369695
2020-05-20,0.14085270332169084
2020-05-21,0.1395213996066662
2020-05-22,0.13821493716661307
2020-05-23,0.13693112147828088
2020-05-24,0.13566809814887662
2020-05-25,0.13442429545318985
2020-05-26,0.13319837703908552
2020-05-27,0.13198920291925367
2020-05-28,0.1307957972315045
2020-05-29,0.12961732154054453
2020-05-30,0.12845305268664922
2020-05-31,0.1273023643731121
2020-06-01,0.12616471183430825
2020-06-02,0.12503961904711705
2020-06-03,0.12392666804617851
2020-06-04,0.1228299227603724
2020-06-05,0.28145254161028266
2020-06-06,0.1379106937241669
2020-06-07,0.1234262758980149
2020-06-08,0.2039001812187782
2020-06-09,0.12750569286505153
2020-06-10,0.12323910082958196
2020-06-11,0.12132087623018244
2020-06-12,0.11980825733485019
2020-06-13,0.11831815208137077
2020-06-14,0.11674729389763043
2020-06-15,0.11527848429985395
2020-06-16,0.11389589102352864
2020-06-17,0.2791418184006333
2020-06-18,0.16726360485552214
2020-06-19,0.12108438043401203
2020-06-20,0.11743769623172402
2020-06-21,0.11615715297837977
2020-06-22,0.11480280596284144
2020-06-23,0.11267264223205425
2020-06-24,0.11075477236623604
2020-06-25,0.10901298398234299
2020-06-26,0.1074172717682672
2020-06-27,0.10594326445529467
2020-06-28,0.10457110614643235
2020-06-29,0.10328457192068329
2020-06-30,0.1023299500397753
2020-07-01,0.1526243375693885
2020-07-02,0.10516312139299276
2020-07-03,0.10181911005853417
2020-07-04,0.10038710083866331
2020-07-05,0.09905872750008976
2020-07-06,0.09781660229524908
2020-07-07,0.09664723688299164
2020-07-08,0.13524753929501318
2020-07-09,0.09977751205172249
2020-07-10,0.09633554239077202
2020-07-11,0.09497600945519798
2020-07-12,0.09371511447168906
2020-07-13,0.0925370342727243
2020-07-14,0.09159459970042975
2020-07-15,0.0906532347599493
2020-07-16,0.0896448193443718
2020-07-17,0.08867254646776956
2020-07-18,0.0877232017465709
2020-07-19,0.08681097055356223
2020-07-20,0.08593093060108992
2020-07-21,0.08507892332865824
2020-07-22,0.08425148034559589
2020-07-23,0.0834457019672518
2020-07-24,0.08265915816591866
2020-07-25,0.08191249120495166
2020-07-26,0.08142454995917227
2020-07-27,0.08085843826366619
2020-07-28,0.08007645792238288
2020-07-29,0.07931448824541357
2020-07-30,0.07857045962172539
2020-07-31,0.07784248487061289
2020-08-01,0.07712897389852903
2020-08-02,0.07642858360704548
2020-08-03,0.0757401766367491
2020-08-04,0.07506278731688003
2020-08-05,0.07439559350515139
2020-08-06,0.0737378932533335
2020-08-07,0.07308908543521704
2020-08-08,0.07244865363493087
2020-08-09,0.07181615272345253
2020-08-10,0.07119119765593353
2020-08-11,0.07057345410721493
2020-08-12,0.06996263063163062
2020-08-13,0.06935847208904604
2020-08-14,0.06876150176407189
2020-08-15,0.06817026347416823
2020-08-16,0.0675952020625069
2020-08-17,0.06703392992314518
2020-08-18,0.06649517764429987
2020-08-19,0.06615596245182219
2020-08-20,0.0654402800362666
2020-08-21,0.0648862906307306
2020-08-22,0.06433402387189728
2020-08-23,0.06378582012653418
2020-08-24,0.0632705292768965
2020-08-25,0.06274346439220964
2020-08-26,0.06219929980877059
2020-08-27,0.0616632400489085
2020-08-28,0.0611315238970512
2020-08-29,0.06060471515138827
2020-08-30,0.060107171689122614
2020-08-31,0.05960853561039686
2020-09-01,0.05909545948481278
2020-09-02,0.05858835315025926
2020-09-03,0.058086990365789064
2020-09-04,0.05759758824693984
2020-09-05,0.05715930595603891
2020-09-06,0.05671026913138196
2020-09-07,0.056220605192849056
2020-09-08,0.05573708450117417
2020-09-09,0.055259430149468096
2020-09-10,0.054787365277236884
2020-09-11,0.054320649104722916
2020-09-12,0.053859071396271226
2020-09-13,0.05340244781084824
2020-09-14,0.05295061599204609
2020-09-15,0.05250343227547725
2020-09-16,0.05206076891242616
2020-09-17,0.05162251172583895
2020-09-18,0.051188558128898144
2020-09-19,0.0507588154481105
2020-09-20,0.05033319950248035
2020-09-21,0.049911633398326015
2020-09-22,0.049494046505910154
2020-09-23,0.049107512870534116
2020-09-24,0.1455149365617387
2020-09-25,0.19284913617843066
2020-09-26,1.4876580214162651
2020-09-27,0.574139995746275
2020-09-28,0.6147988058975768
2020-09-29,0.2695957009831163
2020-09-30,0.2070633259759568
2020-10-01,0.29418262582501903
2020-10-02,0.2503818632573997
2020-10-03,0.2591451675887742
2020-10-04,0.1913733793221493
2020-10-05,0.4909568519586615
2020-10-06,0.5340070086036564
2020-10-07,0.31226826167479316
2020-10-08,0.3839153696586188
2020-10-09,0.2924116839909839
2020-10-10,0.26163553780207593
2020-10-11,0.31813672765215045
2020-10-12,0.23336064014061905
2020-10-13,0.29674007386590523
2020-10-14,0.21021803049707477
2020-10-15,0.18146278107137692
2020-10-16,0.15963345526479253
2020-10-17,0.1422534686665217
2020-10-18,0.12832593288973806
2020-10-19,0.1170928340285523
2020-10-20,0.10860789711345557
2020-10-21,0.1848835922484862
2020-10-22,0.14604380062836628
2020-10-23,0.13210803149229775
2020-10-24,0.1240990287090676
2020-10-25,0.33609950939451
2020-10-26,0.1944461745327329
2020-10-27,0.2318733898293133
2020-10-28,0.3696599271456107
2020-10-29,0.2960961944785599
2020-10-30,0.2298299260582143
2020-10-31,0.22311779946815502
2020-11-01,0.26548375714502953
2020-11-02,0.2860443051183146
2020-11-03,0.213194795490231
2020-11-04,0.18562510449682523
2020-11-05,0.16445504723029067
2020-11-06,0.1475693540670099
2020-11-07,0.13401129529227138
2020-11-08,0.12305264149217848
2020-11-09,0.11413554197182905
2020-11-10,0.2874769100032803
2020-11-11,0.2096492355308275
2020-11-12,0.18253199014283392
2020-11-13,0.1655194717535144
2020-11-14,0.14956958582756105
2020-11-15,0.3614397092562393
2020-11-16,0.30195874911587534
2020-11-17,0.23372448553081585
2020-11-18,0.20284541523984734
2020-11-19,0.1854758239240051
2020-11-20,0.17076177552589966
2020-11-21,0.15318887152675387
2020-11-22,0.155170872198689
2020-11-23,0.14276362421902553
2020-11-24,0.13062731489653065
2020-11-25,0.12105374562855625
2020-11-26,0.1132212517952516
2020-11-27,0.10676781937289233
2020-11-28,0.10141186288333039
2020-11-29,0.09693323007748716
2020-11-30,0.14710429121312846
2020-12-01,0.4232261784967446
2020-12-02,0.25686700223075626
2020-12-03,0.3183577912808024
2020-12-04,0.2670206172747621
2020-12-05,0.2233841150634055
2020-12-06,0.19550780985491456
2020-12-07,0.1736058403305634
2020-12-08,0.1561396770313149
2020-12-09,0.1421162840165914
2020-12-10,0.13078043135778158
2020-12-11,0.2498949334848084
2020-12-12,0.2106704394183503
2020-12-13,0.1776165999075212
2020-12-14,0.3431936091966539
2020-12-15,0.3693918328939756
2020-12-16,0.28284618468470235
2020-12-17,0.32392124372838565
2020-12-18,0.2590058724101891
2020-12-19,0.22435320761933833
2020-12-20,0.19757774573864242
2020-12-21,0.3069622601960445
2020-12-22,0.3541678201794434
2020-12-23,0.7274657794397749
2020-12-24,0.6480104971605346
2020-12-25,0.5143504977695602
2020-12-26,0.424429205852996
2020-12-27,0.910919789450483
2020-12-28,0.6931530621526667
2020-12-29,0.56046680995866
2020-12-30,0.5232303897641706
2020-12-31,0.5170645839395503
2021-01-01,0.42458824969346765
2021-01-02,0.3581122455906485
2021-01-03,0.30766244552215294
2021-01-04,0.28658655817907436
2021-01-05,0.2548556198676008
2021-01-06,0.2266363761519177
2021-01-07,0.2559100870328958
2021-01-08,0.22007252426071458
2021-01-09,0.198853832908245
2021-01-10,0.18217675601898464
2021-01-11,0.16870680804448623
2021-01-12,0.8261032080344748
2021-01-13,0.7906929562026765
2021-01-14,1.331093843558098
2021-01-15,1.0600473409624256
2021-01-16,0.8414963118610569
2021-01-17,0.8302517777543272
2021-01-18,0.6598447266565567
2021-01-19,0.8450230223834655
2021-01-20,0.7184328424048694
2021-01-21,1.1402589936658212
2021-01-22,0.9831659916762732
2021-01-23,1.0320312495134194
2021-01-24,0.8717263943631853
2021-01-25,0.7195694124493027
2021-01-26,0.5926897743625721
2021-01-27,0.5877987713846752
2021-01-28,1.1528524129268445
2021-01-29,1.4596515950674955
2021-01-30,1.5970540228986758
2021-01-31,1.4283003160830094
2021-02-01,1.2035786792109424
2021-02-02,1.1186036242275956
2021-02-03,1.527792001184623
2021-02-04,1.2871029336622868
2021-02-05,1.0282942538736386
2021-02-06,1.1746857699497968
2021-02-07,1.0511971133491123
2021-02-08,0.859141004443897
2021-02-09,0.7135720264896398
2021-02-10,0.6034399062884137
2021-02-11,0.5193226310447786
2021-02-12,0.45448669164202476
2021-02-13,0.40406850197074107
2021-02-14,0.37018617754662086
2021-02-15,0.5326699692867914
2021-02-16,0.5184809533954791
2021-02-17,0.4507549656582335
2021-02-18,0.5519184240824353
2021-02-19,0.48910387699944585
2021-02-20,0.43021031383726993
2021-02-21,0.3851117968726696
2021-02-22,0.34959911427287177
2021-02-23,0.32139295184989863
2021-02-24,0.2987950150104883
2021-02-25,0.2848195556320962
2021-02-26,0.2774541179858629
2021-02-27,0.26493331258304564
2021-02-28,0.2526150606498942
2021-03-01,0.24238043799320486
2021-03-02,0.23379515996751968
2021-03-03,0.22652035875563223
2021-03-04,0.5371755904519445
2021-03-05,0.4956782384989649
2021-03-06,0.431385354826862
2021-03-07,0.38367310269953653
2021-03-08,0.34620070127919417
2021-03-09,0.3195666069883835
2021-03-10,0.2988454872446402
2021-03-11,0.2897998456860627
2021-03-12,0.28964107221706736
2021-03-13,0.38761516362002807
2021-03-14,0.4364045112970642
2021-03-15,0.4619000824409765
2021-03-16,0.5906138370168427
2021-03-17,0.515205598307051
2021-03-18,0.4563750742996109
2021-03-19,0.40688339735688256
2021-03-20,0.3639736042123758
2021-03-21,0.33015335641505095
2021-03-22,0.303274171537155
2021-03-23,0.2817287096452026
2021-03-24,0.2643085541262405
2021-03-25,0.2500986972382116
2021-03-26,0.25349588577681
2021-03-27,0.2730887572533132
2021-03-28,0.27116075402173817
2021-03-29,0.2549121496105597
2021-03-30,0.24161737129444893
2021-03-31,0.23064755026490033
2021-04-01,0.2215108302644552
2021-04-02,0.21382695321263331
2021-04-03,0.20730032542888707
2021-04-04,0.20169997586739055
2021-04-05,0.1977331544860876
2021-04-06,0.20168162258295397
2021-04-07,0.20419235302476077
2021-04-08,0.19994720192158558
2021-04-09,0.19455059780791206
2021-04-10,0.6985921675993724
2021-04-11,0.5626192984029517
2021-04-12,0.4738245728326405
2021-04-13,0.4119714683502084
2021-04-14,0.36386838469081856
2021-04-15,0.32614905531750443
2021-04-16,0.2963270927657995
2021-04-17,0.27255422641530314
2021-04-18,0.2534456956263361
2021-04-19,0.23795635952620278
2021-04-20,0.2252919539863463
2021-04-21,0.21484495685465232
2021-04-22,0.20614784901100128
2021-04-23,0.19883878427734056
2021-04-24,0.19263618644729016
2021-04-25,0.18731982033074102
2021-04-26,0.18271659350138203
2021-04-27,0.1786898397297472
2021-04-28,0.17513118230680522
2021-04-29,0.17473900862197003
2021-04-30,0.17412828033199576
2021-05-01,0.17072805675276323
2021-05-02,0.16768499771498446
2021-05-03,0.16493637777758358
2021-05-04,0.16461728189196023
2021-05-05,0.16557819102689134
2021-05-06,0.16416961537406047
2021-05-07,0.1615386250301206
2021-05-08,0.15884440523306653
2021-05-09,0.1565916494228785
2021-05-10,0.15553821197370335
2021-05-11,0.1555670864265828
2021-05-12,0.15382522793236122
2021-05-13,0.15145290198862457
2021-05-14,0.14927358985620903
2021-05-15,0.14983394011789672
2021-05-16,0.1533792983172038
2021-05-17,0.24860081446727675
2021-05-18,0.3202088271601024
2021-05-19,0.31686697859430885
2021-05-20,0.22554721989061355
2021-05-21,0.21200721938938757
2021-05-22,0.22513536959688843
2021-05-23,0.20892275215626657
2021-05-24,0.3676347387984979
2021-05-25,0.3083629187609182
2021-05-26,0.3186192885563524
2021-05-27,0.25893078817376036
2021-05-28,0.23450615221684953
2021-05-29,0.21572962923379116
2021-05-30,0.20057667555486858
2021-05-31,0.1882504731050821
2021-06-01,0.17814178751767928
2021-06-02,0.16978195350550393
2021-06-03,0.16280836115965566
2021-06-04,0.7133926203153628
2021-06-05,0.3909637307872406
2021-06-06,0.3271797325858453
2021-06-07,0.2887061735453396
2021-06-08,0.25840389487949406
2021-06-09,0.23435285877690124
2021-06-10,0.21511584248647753
2021-06-11,0.19960949946550477
2021-06-12,0.18701151157274984
2021-06-13,0.17669359734579804
2021-06-14,0.16817276501810507
2021-06-15,0.16107555800037318
2021-06-16,0.15511163267155764
2021-06-17,0.1500540941254955
2021-06-18,0.5034058992600763
2021-06-19,0.5239428132179099
2021-06-20,0.31092615379721206
2021-06-21,0.7527096667040518
2021-06-22,0.6746039861977741
2021-06-23,0.49017346744368256
2021-06-24,0.4138145612866346
2021-06-25,0.3572096500596363
2021-06-26,0.3163910004532164
2021-06-27,0.2811656788770789
2021-06-28,0.2525689843285849
2021-06-29,0.8717367662785543
2021-06-30,1.4621471830970385
2021-07-01,1.0579610389050786
2021-07-02,0.8429244882809823
2021-07-03,0.9071557154064286
2021-07-04,1.1354254928813392
2021-07-05,0.9053412737372909
2021-07-06,0.7338855529082671
2021-07-07,0.6088194667724156
2021-07-08,0.5128692834730738
2021-07-09,0.43934820837237626
2021-07-10,0.49474687533863454
2021-07-11,0.452739887864864
2021-07-12,0.3915476545675049
2021-07-13,0.4222868012071428
2021-07-14,0.424129512538537
2021-07-15,1.6878804354334604
2021-07-16,1.3018435163048632
2021-07-17,1.0303539004956477
2021-07-18,0.8355945622234642
2021-07-19,0.6898198225442579
2021-07-20,0.5796196771739244
2021-07-21,0.4955252691959482
2021-07-22,0.43077271915074383
2021-07-23,0.38047848385338817
2021-07-24,0.34108158577786224
2021-07-25,0.32984862887012345
2021-07-26,0.3308330637218048
2021-07-27,0.3077903314721943
2021-07-28,0.2838226906847099
2021-07-29,0.2642462747506471
2021-07-30,0.24818544604812584
2021-07-31,0.23944807701175738
2021-08-01,0.41720997721595254
2021-08-02,0.4997524508994163
2021-08-03,0.46934657111789474
2021-08-04,0.38543424194925996
2021-08-05,0.3429213207075796
2021-08-06,0.6600319203377312
2021-08-07,0.5626537346210806
2021-08-08,0.6128474947128406
2021-08-09,0.7228386459773731
2021-08-10,0.6619119030272004
2021-08-11,0.5388451996654685
2021-08-12,0.4636433550100874
2021-08-13,0.4063790834690842
2021-08-14,0.36170951888656705
2021-08-15,0.3265702755148301
2021-08-16,0.3035000858688552
2021-08-17,0.2919505386328511
2021-08-18,0.27410443046186433
2021-08-19,0.2564591424201462
2021-08-20,0.242086428296465
2021-08-21,0.29314883895546023
2021-08-22,0.3367130748362626
2021-08-23,0.2897821342295967
2021-08-24,0.2677061407770649
2021-08-25,0.2504403611607127
2021-08-26,0.2385470383748943
2021-08-27,0.2284498013657037
2021-08-28,0.21987227684545027
2021-08-29,0.2133089787686041
2021-08-30,0.20575473289110435
2021-08-31,0.19908589845115132
2021-09-01,0.19338909760700063
2021-09-02,0.18847278972540163
2021-09-03,0.18418609194102553
2021-09-04,0.18040961425177238
2021-09-05,0.17704848249424587
2021-09-06,0.1740269975812326
2021-09-07,0.171284525826131
2021-09-08,0.16877232081096394
2021-09-09,0.16960625326854037
2021-09-10,0.17599331938014015
2021-09-11,0.1768634841953999
2021-09-12,0.17255917317632072
2021-09-13,0.16888186149061102
2021-09-14,0.1675126895211576
2021-09-15,0.16942069368053317
2021-09-16,0.16823216032088406
2021-09-17,0.16454580098242946
2021-09-18,0.16128381085799395
2021-09-19,0.15837026332718526
2021-09-20,0.15574237229883123
2021-09-21,0.15334972237882713
2021-09-22,0.15115168582344232
2021-09-23,0.149115409559466
2021-09-24,0.1472142395512082
2021-09-25,0.14542648231377317
2021-09-26,0.14373442752730192
2021-09-27,0.14431427667052008
2021-09-28,0.1448458016452507
2021-09-29,0.15312733751783372
2021-09-30,0.15120322773589454
2021-10-01,0.21387241887028416
2021-10-02,0.2743065651855837
2021-10-03,1.0195464006814516
2021-10-04,0.45598859624031324
2021-10-05,0.5820347874936443
2021-10-06,0.6552608340100218
2021-10-07,0.48586909808934653
2021-10-08,0.4119690575902572
2021-10-09,0.35638177194090187
2021-10-10,0.31307963347492984
2021-10-11,0.2790783948833753
2021-10-12,0.26065333949648134
2021-10-13,0.24589917302722353
2021-10-14,0.22566610049266703
2021-10-15,0.20936489856504228
2021-10-16,0.1961304887373545
2021-10-17,0.18529817412943425
2021-10-18,0.1763574904200924
2021-10-19,0.17354025557884808
2021-10-20,0.26855482062357233
2021-10-21,0.4555526579964666
2021-10-22,0.3131794894377375
2021-10-23,0.2765385230778475
2021-10-24,0.24930559275860173
2021-10-25,0.22760416946734732
2021-10-26,0.21017637896382882
2021-10-27,0.19607062993128224
2021-10-28,0.18456216650358545
2021-10-29,0.18301812363273373
2021-10-30,0.3696257228470942
2021-10-31,0.6373442195120456
2021-11-01,0.46443503505799794
2021-11-02,0.4621348934635589
2021-11-03,0.4564440228090784
2021-11-04,0.4389292980767536
2021-11-05,0.36229909937248506
2021-11-06,0.3169241583250316
2021-11-07,0.28262108375854295
2021-11-08,0.25623119614995876
2021-11-09,0.23365942429975992
2021-11-10,0.21554987786744398
2021-11-11,0.2009075059766703
2021-11-12,0.18897331956760233
2021-11-13,0.1943398459060349
2021-11-14,0.20556743890789964
2021-11-15,0.19587118989085398
2021-11-16,0.18445989930624054
2021-11-17,0.17507861057631705
2021-11-18,0.1672928204094173
2021-11-19,0.16077428030509908
2021-11-20,0.15526709303218286
2021-11-21,0.1729942336917479
2021-11-22,0.1752522415171248
2021-11-23,0.16622107353802665
2021-11-24,0.15923179023161063
2021-11-25,0.1533557504890655
2021-11-26,0.30763457135018557
2021-11-27,0.33941819815281704
2021-11-28,0.3431642677367441
2021-11-29,0.2803710382790073
2021-11-30,0.3535264866976848
2021-12-01,0.5033152431746094
2021-12-02,0.6659566073197484
2021-12-03,0.5981009732945297
2021-12-04,0.6802722076367376
2021-12-05,0.6263205166051855
2021-12-06,0.8520429091552576
2021-12-07,0.6834560739857984
2021-12-08,0.5638809726448475
2021-12-09,0.5042734817663422
2021-12-10,1.4734765201192195
2021-12-11,1.2579627431379945
2021-12-12,1.03221996667766
2021-12-13,0.8334960289509152
2021-12-14,0.6833442165800845
2021-12-15,0.5872885687264593
2021-12-16,0.5012510997656469
2021-12-17,0.43085341758810247
2021-12-18,0.37651077619274215
2021-12-19,0.3340912225849843
2021-12-20,0.30070649232447083
2021-12-21,0.27421826442211905
2021-12-22,0.2530305244592587
2021-12-23,0.24354396045118332
2021-12-24,0.3724052789871423
2021-12-25,0.5579512849928735
2021-12-26,0.5157125206542359
2021-12-27,0.48158642743552244
2021-12-28,0.6422742466422288
2021-12-29,0.6415912444955159
2021-12-30,0.5972428004122879
2021-12-31,0.5062329971511642
2022-01-01,0.43589435242487967
2022-01-02,0.618620948192638
2022-01-03,1.1328667444351248
2022-01-04,1.2251281576345334
2022-01-05,1.0121324514465093
2022-01-06,0.8260037311929262
2022-01-07,0.8774308201017362
2022-01-08,1.4225561262370414
2022-01-09,1.2979580721291148
2022-01-10,1.04928365638679
2022-01-11,0.8549934423732952
2022-01-12,0.7097596295849429
2022-01-13,0.5998837033449299
2022-01-14,0.5159653589038593
2022-01-15,0.4512864448832516
2022-01-16,0.4121288075852787
2022-01-17,0.3834238560880032
2022-01-18,0.34766886529866925
2022-01-19,0.33017322065976923
2022-01-20,0.3675103646562799
2022-01-21,0.3369319149565582
2022-01-22,0.3100910965168576
2022-01-23,0.2888328127207942
2022-01-24,0.27161867714044513
2022-01-25,0.2575532322577772
2022-01-26,0.24595356540975874
2022-01-27,0.2633570334137711
2022-01-28,0.26557571508723815
2022-01-29,0.25145748376274163
2022-01-30,0.24017687275522362
2022-01-31,0.2701737171419157
2022-02-01,0.3012590686120262
2022-02-02,0.33246224216236725
2022-02-03,0.2996878947686306
2022-02-04,0.3033202551422644
2022-02-05,0.28060536590461926
2022-02-06,0.7830450026071323
2022-02-07,0.6817795219577251
2022-02-08,0.5937806051938613
2022-02-09,0.516636044367667
2022-02-10,0.5879897756103953
2022-02-11,0.518942058886907
2022-02-12,0.4502733669000894
2022-02-13,0.3977483314715309
2022-02-14,0.375720267606753
2022-02-15,0.7551558792354299
2022-02-16,0.8581608311703744
2022-02-17,0.7477985691318252
2022-02-18,0.6925181268021915
2022-02-19,0.6130183247146205
2022-02-20,0.8022176885667172
2022-02-21,0.8105050933517651
2022-02-22,0.7155151241052331
2022-02-23,0.6043178228587965
2022-02-24,0.5884105325434171
2022-02-25,0.5261805968015422
2022-02-26,0.4593855843967269
2022-02-27,0.40798147910358673
2022-02-28,0.3676912412550679
2022-03-01,0.335838809269154
2022-03-02,0.3104389826200469
2022-03-03,0.2900072439320766
2022-03-04,0.27342515528273353
2022-03-05,0.2598441647965173
2022-03-06,0.24861623863987145
2022-03-07,0.23924341149961736
2022-03-08,0.2313408021916529
2022-03-09,0.22460929610044597
2022-03-10,0.21881522429967482
2022-03-11,0.21377514580993529
2022-03-12,0.20934437905217684
2022-03-13,0.2054083067960222
2022-03-14,0.2018757462518984
2022-03-15,0.20113874133417653
2022-03-16,0.1998502927767836
2022-03-17,0.19650774831277654
2022-03-18,0.1934675752768268
2022-03-19,0.1906777664314112
2022-03-20,0.18809546938160804
2022-03-21,0.18568603453897412
2022-03-22,0.18342135146382244
2022-03-23,0.1812785414218355
2022-03-24,0.17923892577016207
2022-03-25,0.17728720886648927
2022-03-26,0.17541082852205572
2022-03-27,0.17359943783435228
2022-03-28,0.17184449043864922
2022-03-29,0.17013890746934732
2022-03-30,0.16847680930826744
2022-03-31,0.166853298876913
2022-04-01,0.1702583090816413
2022-04-02,0.17515295159988933
2022-04-03,0.1732606680877897
2022-04-04,0.17650434883376506
2022-04-05,0.18811219272877208
2022-04-06,0.21552138404632315
2022-04-07,0.34447404072235793
2022-04-08,0.2633524971460179
2022-04-09,0.24213625843344314
2022-04-10,0.22557888577329396
2022-04-11,0.21211584454599455
2022-04-12,0.2010776281333334
2022-04-13,0.19822677988421242
2022-04-14,0.1951450704240866
2022-04-15,0.1868107770284246
2022-04-16,0.17982126358407627
2022-04-17,0.1739079840159042
2022-04-18,0.1688567718857531
2022-04-19,0.16449924013929848
2022-04-20,0.16070238990930016
2022-04-21,0.15736071716075148
2022-04-22,0.15439018309653063
2022-04-23,0.15172358370623432
2022-04-24,0.1493069757699355
2022-04-25,0.14880426482267614
2022-04-26,0.14801891394309338
2022-04-27,0.1456820889169133
2022-04-28,0.14354144648616513
2022-04-29,0.14156522102263822
2022-04-30,0.13972617263235002
2022-05-01,0.13800212917390495
2022-05-02,0.13637498865612377
2022-05-03,0.13482992869442595
2022-05-04,0.13335477777243449
2022-05-05,0.13193951345100693
2022-05-06,0.13057586055787118
2022-05-07,0.1292569684087575
2022-05-08,0.12797715072067511
2022-05-09,0.12673167542441735
2022-05-10,0.12551659432307774
2022-05-11,0.12432860466827585
2022-05-12,0.12316493638020147
2022-05-13,0.12202325993043346
2022-05-14,0.12090161092038791
2022-05-15,0.11979832818611695
2022-05-16,0.11871200289012358
2022-05-17,0.11764143655980973
2022-05-18,0.1165856064285943
2022-05-19,0.22428850843953677
2022-05-20,0.2499506393689627
2022-05-21,0.13173033699657097
2022-05-22,0.12638577674956833
2022-05-23,0.12501114707509678
2022-05-24,0.12486862608629201
2022-05-25,0.12256142232818062
2022-05-26,0.11982427913982256
2022-05-27,0.11740569336679378
2022-05-28,0.11524867797810269
2022-05-29,0.11332033712032823
2022-05-30,0.11155988579826161
2022-05-31,0.10994043947681532
2022-06-01,0.1084441601425381
2022-06-02,0.10705092193631423
2022-06-03,0.10574428713685019
2022-06-04,0.10486982137640583
2022-06-05,0.32167166807557607
2022-06-06,0.12156496665066263
2022-06-07,0.11515874442865326
2022-06-08,0.37996819054194236
2022-06-09,0.1455963825682158
2022-06-10,0.1338169370272347
2022-06-11,0.12723412022125508
2022-06-12,0.1217419823543746
2022-06-13,0.11712189568119032
2022-06-14,0.11320212705887207
2022-06-15,0.10984715700445735
2022-06-16,0.10694957542501564
2022-06-17,0.1044238975128323
2022-06-18,0.10220181941945868
2022-06-19,0.10026550771250492
2022-06-20,0.0985069185896786
2022-06-21,0.09690054295852978
2022-06-22,0.09543564593257829
2022-06-23,0.0942826320458434
2022-06-24,0.2651906232637569
2022-06-25,0.11252782191638154
2022-06-26,0.09917796296627952
2022-06-27,0.0978167540422404
2022-06-28,0.0964362485432483
2022-06-29,0.09438979509426787
2022-06-30,0.21618633249110844
2022-07-01,0.10526912870270365
2022-07-02,0.09890939257387721
2022-07-03,0.09612342632600494
2022-07-04,0.09370638103672889
2022-07-05,0.091590294705281
2022-07-06,0.08972067367547269
2022-07-07,0.0880536663628546
2022-07-08,0.08655386379073265
2022-07-09,0.0851925803049532
2022-07-10,0.08394650393115431
2022-07-11,0.08279663260755281
2022-07-12,0.08172743249260869
2022-07-13,0.08072616951966291
2022-07-14,0.07978237665697978
2022-07-15,0.07888742788142904
2022-07-16,0.07803419638167818
2022-07-17,0.07721677948265816
2022-07-18,0.0764302766044495
2022-07-19,0.075670609515858
2022-07-20,0.07499142169324576
2022-07-21,0.07438023842681735
2022-07-22,0.07368416060306718
2022-07-23,0.07298381205336214
2022-07-24,0.07230070585903577
2022-07-25,0.0716331915610789
2022-07-26,0.07097966564459714
2022-07-27,0.070338774402134
2022-07-28,0.0697093722390633
2022-07-29,0.0690904872530954
2022-07-30,0.06848129276159005
2022-07-31,0.06788108370319056
2022-08-01,0.06728925704274916
2022-08-02,0.06670529547108454
2022-08-03,0.06612875382199378
2022-08-04,0.06557541435964638
2022-08-05,0.06502798430540323
2022-08-06,0.06446942501530019
2022-08-07,0.06391635341628923
2022-08-08,0.06336962272626342
2022-08-09,0.06282897764209026
2022-08-10,0.062294194536614174
2022-08-11,0.061765076664856394
2022-08-12,0.06124145012880753
2022-08-13,0.0607231604762652
2022-08-14,0.06021006983041721
2022-08-15,0.05970205446434831
2022-08-16,0.05919900274905085
2022-08-17,0.058707755898715984
2022-08-18,0.058219814138202396
2022-08-19,0.05773127146269815
2022-08-20,0.0572466012262326
2022-08-21,0.05676608914190398
2022-08-22,0.056290168554070395
2022-08-23,0.05581875826504176
2022-08-24,0.055351783352198224
2022-08-25,0.054889174304680904
2022-08-26,0.05443086628834042
2022-08-27,0.053976798519277606
2022-08-28,0.053526913729424246
2022-08-29,0.05308115771021497
2022-08-30,0.05263947892258088
2022-08-31,0.05220182816332436
2022-09-01,0.05176815827946717
2022-09-02,0.051338423923455556
2022-09-03,0.05091258134319022
2022-09-04,0.050490588201765337
2022-09-05,0.050077583547767736
2022-09-06,0.04966992260292264
2022-09-07,0.049258949190908737
2022-09-08,0.1748390764623832
2022-09-09,0.08691274452318615
2022-09-10,0.04903501362317237
2022-09-11,0.0478401874471818
2022-09-12,0.0474295870425408
2022-09-13,0.047030665944643425
2022-09-14,0.27782622305451987
2022-09-15,0.0508714459114692
2022-09-16,0.14081948838623137
2022-09-17,0.2571217104236741
2022-09-18,0.05754830559607358
2022-09-19,0.04770054012190331
2022-09-20,0.04696174691865973
2022-09-21,0.04628540423394389
2022-09-22,0.045661530554226525
2022-09-23,0.04508189851437821
2022-09-24,0.0676442746644602
2022-09-25,0.046603640078147844
2022-09-26,0.21883841505745402
2022-09-27,0.20429864215636015
2022-09-28,0.05563128794318455
2022-09-29,0.04876060605155191
2022-09-30,0.04788726224891002
2022-10-01,0.21512943411501484
2022-10-02,0.2566374317462721
2022-10-03,0.062360860204855324
2022-10-04,0.05659176645608153
2022-10-05,0.05391499179078731
2022-10-06,0.05165698177156097
2022-10-07,0.04973920848814723
2022-10-08,0.0480988355747829
2022-10-09,0.046685398547177605
2022-10-10,0.045458227524650674
2022-10-11,0.044384437199972794
2022-10-12,0.04343735239680229
2022-10-13,0.04262301653060093
2022-10-14,0.04216035169188842
2022-10-15,0.04191980740184276
2022-10-16,0.04170762366332321
2022-10-17,0.04189881612691589
2022-10-18,0.04172907323164962
2022-10-19,0.04092985974656835
2022-10-20,0.04035493668856253
2022-10-21,0.039809061259391425
2022-10-22,0.03918435495323043
2022-10-23,0.03861322302846341
2022-10-24,0.06409241872422246
2022-10-25,0.04275360662917182
2022-10-26,0.04033651505810754
2022-10-27,0.03947676489753644
2022-10-28,0.03871225018687863
2022-10-29,0.038026981417117696
2022-10-30,0.03740785994849445
2022-10-31,0.03684753723519361
2022-11-01,0.03633128144555528
2022-11-02,0.03585273984850673
2022-11-03,0.03637672975240597
2022-11-04,0.046915208290082
2022-11-05,0.03792517671306261
2022-11-06,0.14568115485595395
2022-11-07,0.042389806240120294
2022-11-08,0.039683931501469656
2022-11-09,0.050856005875857924
2022-11-10,0.03985007666823741
2022-11-11,0.03816974693351565
2022-11-12,0.037173435119026536
2022-11-13,0.03630063074212617
2022-11-14,0.03553012368433581
2022-11-15,0.09734437171117187
2022-11-16,0.23578817231665913
2022-11-17,0.13255507969521493
2022-11-18,0.055497422903997694
2022-11-19,0.16391732991002872
2022-11-20,0.08456290793571601
2022-11-21,0.10212964963990671
2022-11-22,0.05844427206281503
2022-11-23,0.19210273259263946
2022-11-24,0.10197403551559596
2022-11-25,0.1829090301527088
2022-11-26,0.07691771925663622
2022-11-27,0.1255486337455519
2022-11-28,0.13984945837380502
2022-11-29,0.07668846072465847
2022-11-30,0.06863889183550322
2022-12-01,0.06266605967792972
2022-12-02,0.05777165212346814
2022-12-03,0.05373878433602822
2022-12-04,0.05039703763252601
2022-12-05,0.1790683389846226
2022-12-06,0.06985096865449822
2022-12-07,0.0818651813674147
2022-12-08,0.06163656761833796
2022-12-09,0.056741352498957925
2022-12-10,0.052932251472123965
2022-12-11,0.04976999491040127
2022-12-12,0.04712926566405571
2022-12-13,0.04491059324781305
2022-12-14,0.04303470208454066
2022-12-15,0.04143816751947119
2022-12-16,0.04007006015707169
2022-12-17,0.038889341218555744
2022-12-18,0.03786283159063803
2022-12-19,0.1982591096749594
2022-12-20,0.587411848552744
2022-12-21,0.30039670344385583
2022-12-22,0.4434463946568267
2022-12-23,0.5953641194213262
2022-12-24,0.36290398953900094
2022-12-25,0.6978921735550491
2022-12-26,0.4879134597146899
2022-12-27,0.37260611805949223
2022-12-28,0.3800728378224956
2022-12-29,0.4227456345171459
2022-12-30,0.5137026982594745
2022-12-31,0.3849016476866918
2023-01-01,0.4381185490883051
2023-01-02,0.47903424862093
2023-01-03,0.38479235027224085
2023-01-04,0.4373356886438691
2023-01-05,0.3584926190088962
2023-01-06,0.2923454641492916
2023-01-07,0.28213844186044595
2023-01-08,0.44140339493251424
2023-01-09,0.4084050504543004
2023-01-10,0.39757767331315885
2023-01-11,0.469859542405431
2023-01-12,0.5484696839973622
2023-01-13,0.41531411910546834
2023-01-14,0.7535155186584293
2023-01-15,0.6125879299252479
2023-01-16,0.915283123936523
2023-01-17,0.6865760398595708
2023-01-18,0.5528806961985934
2023-01-19,0.45360662812134
2023-01-20,0.42085498246814573
2023-01-21,0.36815044057819035
2023-01-22,0.3106189195609595
2023-01-23,0.2707682863486689
2023-01-24,0.23764072890753332
2023-01-25,0.21025685146854556
2023-01-26,0.20920684636116924
2023-01-27,0.19083693652262299
2023-01-28,0.17277203031754007
2023-01-29,0.1585058010319829
2023-01-30,0.15159971574689066
2023-01-31,0.15358184567031663
2023-02-01,0.14189384325761492
2023-02-02,0.1331686526801283
2023-02-03,0.12610214451177895
2023-02-04,0.13852399042186977
2023-02-05,0.1500392841218473
2023-02-06,0.13559433678102922
2023-02-07,0.12766856993852146
2023-02-08,0.12125556546486789
2023-02-09,0.115905052991874
2023-02-10,0.1114043408367154
2023-02-11,0.1075863081027349
2023-02-12,0.10431903393020782
2023-02-13,0.10149792723527667
2023-02-14,0.09903971998930274
2023-02-15,0.09687785797814091
2023-02-16,0.09495894573072033
2023-02-17,0.09323999111253124
2023-02-18,0.1004738291794147
2023-02-19,0.10778449113481925
2023-02-20,0.10369672469839857
2023-02-21,0.10021677671395952
2023-02-22,0.10052247956832298
2023-02-23,0.10252956772709194
2023-02-24,0.10044961373021849
2023-02-25,0.09717255358105376
2023-02-26,0.0943569094368003
2023-02-27,0.09191742803313131
2023-02-28,0.08978435783837639
2023-03-01,0.08790187849217927
2023-03-02,0.08622515041969196
2023-03-03,0.08471802574329051
2023-03-04,0.08335126393382015
2023-03-05,0.08210113469580614
2023-03-06,0.08200653104161243
2023-03-07,0.15598991083564587
2023-03-08,0.7645330809441511
2023-03-09,0.9678827466437753
2023-03-10,0.8487782912224704
2023-03-11,0.6782304346315181
2023-03-12,0.5529713550205986
2023-03-13,0.4681625596146395
2023-03-14,0.6626526631185612
2023-03-15,0.5612656587585284
2023-03-16,0.4585112686996809
2023-03-17,0.38352726918577185
2023-03-18,0.41954921752760826
2023-03-19,0.39918856162622435
2023-03-20,0.33568418491408303
2023-03-21,0.2892403908141038
2023-03-22,0.2542600101227038
2023-03-23,0.28175411802288525
2023-03-24,0.4330510754061816
2023-03-25,0.3670715983611073
2023-03-26,0.633400331836093
2023-03-27,0.502804648504147
2023-03-28,0.4183712145060468
2023-03-29,0.3554003112749422
2023-03-30,0.3959987249697861
2023-03-31,0.7404067437083596
2023-04-01,0.8394687349344571
2023-04-02,0.6954771672857109
2023-04-03,0.5667584330711825
2023-04-04,0.4723054612654507
2023-04-05,0.39998552635522433
2023-04-06,0.3857039411352936
2023-04-07,0.39331912419203685
2023-04-08,0.3520964101188467
2023-04-09,0.3072868038199344
2023-04-10,0.305157972752857
2023-04-11,0.316693318847243
2023-04-12,0.6654692448282157
2023-04-13,0.6952453933997086
2023-04-14,0.5679988427312658
2023-04-15,0.4762741059737868
2023-04-16,0.40635433383777153
2023-04-17,0.35148649329904647
2023-04-18,0.30872976169378685
2023-04-19,0.27514611572330133
2023-04-20,0.24865054394822883
2023-04-21,0.25870070668688805
2023-04-22,0.28171266898910885
2023-04-23,0.2868681172185128
2023-04-24,0.3169397510925767
2023-04-25,0.2875495693063724
2023-04-26,0.2577402907938864
2023-04-27,0.234661669831449
2023-04-28,0.2528166495969468
2023-04-29,0.2664629852974662
2023-04-30,0.24151068466897918
2023-05-01,0.22154951022730307
2023-05-02,0.20546846855608572
2023-05-03,0.1924101535401135
2023-05-04,0.18172000264370558
2023-05-05,0.1728952028070355
2023-05-06,0.16554725028465528
2023-05-07,0.2176091876191287
2023-05-08,0.20939250654243366
2023-05-09,0.8164828760541952
2023-05-10,1.110267889767802
2023-05-11,0.8733121015341037
2023-05-12,0.991596884368061
2023-05-13,0.7908499030756627
2023-05-14,0.6461734177715105
2023-05-15,0.5384756953211335
2023-05-16,0.4562902437881234
2023-05-17,0.39302410460166365
2023-05-18,0.3439119402857485
2023-05-19,0.3054755032954603
2023-05-20,0.2751528086715987
2023-05-21,0.2510407254602423
2023-05-22,0.23171433387620385
2023-05-23,0.21609885557218686
2023-05-24,0.20337798673084842
2023-05-25,0.19292769804081766
2023-05-26,0.18426802372459403
2023-05-27,0.17702767327446645
2023-05-28,0.1709178616722868
2023-05-29,0.16571282052832073
2023-05-30,0.16123518805218762
2023-05-31,0.15734498758107388
2023-06-01,0.15393126367017393
2023-06-02,0.15090569904476955
2023-06-03,0.14819771711410462
2023-06-04,0.1457507051146256
2023-06-05,0.14351908730602306
2023-06-06,0.14146604639654983
2023-06-07,0.13956174179391814
2023-06-08,0.13778191048038135
2023-06-09,0.13610676392135665
2023-06-10,0.13452011502395234
2023-06-11,0.1330086846241227
2023-06-12,0.13156154864288516
2023-06-13,0.13016969589061148
2023-06-14,0.12882567322894342
2023-06-15,0.12752329994839104
2023-06-16,0.1262574371751722
2023-06-17,0.12502380117251496
2023-06-18,0.12409269728378436
2023-06-19,0.12310762782371147
2023-06-20,0.33629256328062374
2023-06-21,0.13561030364863888
2023-06-22,0.43970486460364594
2023-06-23,0.16459528405583468
2023-06-24,0.15222937506288878
2023-06-25,0.14560186604311573
2023-06-26,0.1400367249658579
2023-06-27,0.13532199273328632
2023-06-28,0.13129103197500333
2023-06-29,0.12923602761466405
2023-06-30,0.12720010150366437
2023-07-01,0.1251143167718291
2023-07-02,0.12312670764893356
2023-07-03,0.12048502745588414
2023-07-04,0.11823207253861005
2023-07-05,0.1187194526915399
2023-07-06,0.11863147813007924
2023-07-07,0.11620907060902996
2023-07-08,0.11404677938761358
2023-07-09,0.11322067730264368
2023-07-10,0.11224012586650295
2023-07-11,0.11033504227154783
2023-07-12,0.1094272718131244
2023-07-13,0.10843143276403894
2023-07-14,0.10675514388985376
2023-07-15,0.11653822382957259
2023-07-16,0.10954372246943252
2023-07-17,0.10568264523764259
2023-07-18,0.10397251636409884
2023-07-19,0.10240964653021571
2023-07-20,0.10096938340978401
2023-07-21,0.09963164580272028
2023-07-22,0.09838002769454711
2023-07-23,0.1909199084867577
2023-07-24,0.42779354047879153
2023-07-25,0.1295453919730933
2023-07-26,0.11430732806181519
2023-07-27,0.49922903394722257
2023-07-28,0.168304427550913
2023-07-29,0.1460741583153981
2023-07-30,0.13768827002292192
2023-07-31,0.3895616821672212
2023-08-01,0.19303204045228547
2023-08-02,0.5782795973183762
2023-08-03,0.2744943741145315
2023-08-04,0.23326097932576098
2023-08-05,0.4109092970673564
2023-08-06,0.49726044792611995
2023-08-07,0.3104560562783076
2023-08-08,0.2657232093776869
2023-08-09,0.23291398065138624
2023-08-10,0.20678697847235825
2023-08-11,0.1858869171441444
2023-08-12,0.17740054683010156
2023-08-13,0.16879480465558372
2023-08-14,0.1553797500871473
2023-08-15,0.144482365472701
2023-08-16,0.13556881291500603
2023-08-17,0.1282232400926206
2023-08-18,0.12212298975723468
2023-08-19,0.1170163954634577
2023-08-20,0.11270618481932924
2023-08-21,0.10903699410495976
2023-08-22,0.10588591842073457
2023-08-23,0.10315531793013745
2023-08-24,0.1253989080809013
2023-08-25,0.8883931313032442
2023-08-26,0.32332028510337635
2023-08-27,0.2607614133314628
2023-08-28,0.22826223883044075
2023-08-29,0.20234392635007173
2023-08-30,0.29641629034022826
2023-08-31,0.24981567590727793
2023-09-01,0.47567550050243695
2023-09-02,0.28386264575146986
2023-09-03,0.24446061177134518
2023-09-04,0.21574276768844183
2023-09-05,0.19297966679907388
2023-09-06,0.17480833045882385
2023-09-07,0.16019965847099218
2023-09-08,0.14837129649897549
2023-09-09,0.13872463421888354
2023-09-10,0.13079887085077282
2023-09-11,0.12423726135756301
2023-09-12,0.11876212972885908
2023-09-13,0.11415624304071058
2023-09-14,0.11024883541649484
2023-09-15,0.10690505555814084
2023-09-16,0.12487806887631304
2023-09-17,0.12595612035723122
2023-09-18,0.11563816844766134
2023-09-19,0.11274067834110825
2023-09-20,0.1085497307593456
2023-09-21,0.5131713937814112
2023-09-22,0.30593184499471476
2023-09-23,0.21128707853924464
2023-09-24,0.1873035396707299
2023-09-25,0.1691404747129012
2023-09-26,0.15455028852125235
2023-09-27,0.14274794340767583
2023-09-28,0.13313285960790913
2023-09-29,0.12540524306199596
2023-09-30,0.11891976099473474
2023-10-01,0.11345090586956302
2023-10-02,0.10885979829961963
2023-10-03,0.10497374241471182
2023-10-04,0.10165639860739668
2023-10-05,0.0987996621482677
2023-10-06,0.09631746227792888
2023-10-07,0.09414100230175626
2023-10-08,0.09221508722847582
2023-10-09,0.09049527674935742
2023-10-10,0.08894566788418808
2023-10-11,0.08753716043423683
2023-10-12,0.0903102338195418
2023-10-13,0.1303216231418393
2023-10-14,0.1620744054561993
2023-10-15,0.10567107635700655
2023-10-16,0.10034181713811696
2023-10-17,0.09663204652881348
2023-10-18,0.18794988125748482
2023-10-19,0.11597323398614161
2023-10-20,0.3569997067542778
2023-10-21,0.2897889950397508
2023-10-22,0.20068789683320987
2023-10-23,0.3172430828087954
2023-10-24,0.29117269161962755
2023-10-25,0.5672596748367925
2023-10-26,0.37586520646134575
2023-10-27,0.45062153850191405
2023-10-28,0.36820117441269723
2023-10-29,0.3251244297918106
2023-10-30,0.7255164436911193
2023-10-31,0.5038976520186454
2023-11-01,0.568105981142646
2023-11-02,0.46218388449956654
2023-11-03,0.3762108015197285
2023-11-04,0.47423333306285903
2023-11-05,0.4340386655341288
2023-11-06,0.37713843100001454
2023-11-07,0.3127046499843036
2023-11-08,0.6568994386750013
2023-11-09,0.6564934657441279
2023-11-10,0.9486767165801743
2023-11-11,0.7118750413437547
2023-11-12,0.5781422469576089
2023-11-13,0.9104531649201221
2023-11-14,0.9183443448355121
2023-11-15,0.7274926146236069
2023-11-16,0.7285535919508468
2023-11-17,0.6160482117290821
2023-11-18,0.6883360715125219
2023-11-19,0.5920905760686862
2023-11-20,0.9466144770356157
2023-11-21,0.8051675775490611
2023-11-22,0.6525927132617317
2023-11-23,0.5406315620116692
2023-11-24,0.655503068230697
2023-11-25,0.8348499984489441
2023-11-26,0.6915644011262291
2023-11-27,1.231167851741805
2023-11-28,0.9984485792828081
2023-11-29,0.8292638208199534
2023-11-30,0.6848781545240658
2023-12-01,0.5701130141324736
2023-12-02,0.4828277217305721
2023-12-03,0.4157463572660863
2023-12-04,0.5623697524619973
2023-12-05,0.8052941274984082
2023-12-06,0.667211674442993
2023-12-07,0.5571037267353208
2023-12-08,0.5102772987754668
2023-12-09,0.755307487509686
2023-12-10,0.8205797466941109
2023-12-11,0.6787324904416293
2023-12-12,0.6815861583049703
2023-12-13,0.6571161331521266
2023-12-14,0.5557637234510472
2023-12-15,0.47593138002421287
2023-12-16,0.41432031802512254
2023-12-17,0.3663985654055341
2023-12-18,0.32880779937810667
2023-12-19,0.6847481649699043
2023-12-20,0.5867341589415795
2023-12-21,0.565913580373089
2023-12-22,0.6212960195405273
2023-12-23,0.5273386099777204
2023-12-24,0.9281563476455248
2023-12-25,1.2259205017544688
2023-12-26,1.0817707162921208
2023-12-27,0.8809140242723706
2023-12-28,0.7273389877899143
2023-12-29,0.9443862562902248
2023-12-30,0.8085161463046205
2023-12-31,0.6892053978115004
