time,Qrouted
1980-01-01,2.352285577374221
1980-01-02,1.9672873054219668
1980-01-03,1.6080982443294474
1980-01-04,1.5111847038436415
1980-01-05,1.2871548286099161
1980-01-06,1.2975219754560627
1980-01-07,3.162248844742068
1980-01-08,3.7980576298713182
1980-01-09,3.9703664545778654
1980-01-10,5.8584427084828645
1980-01-11,8.06113404134563
1980-01-12,10.925198254655681
1980-01-13,12.83535617785949
1980-01-14,10.800976106702299
1980-01-15,8.14362377178381
1980-01-16,6.346533206223682
1980-01-17,5.02809695674678
1980-01-18,4.037382077125224
1980-01-19,3.2972312991102135
1980-01-20,2.7382787262831605
1980-01-21,2.3122567362852546
1980-01-22,1.9846984108529002
1980-01-23,1.973078934224689
1980-01-24,2.8271945426140443
1980-01-25,2.6311069787910997
1980-01-26,2.793986209558659
1980-01-27,2.5468171868575173
1980-01-28,2.1587964002703384
1980-01-29,1.8736245017329336
1980-01-30,1.6514887089541395
1980-01-31,3.1878711837458344
1980-02-01,6.092896940637179
1980-02-02,6.205133698573859
1980-02-03,5.337305948223471
1980-02-04,5.002802050395462
1980-02-05,4.409683782909473
1980-02-06,3.6694076014795574
1980-02-07,3.064851852420008
1980-02-08,2.601141694403276
1980-02-09,2.245165044400551
1980-02-10,2.0265642848507226
1980-02-11,1.9575031859069307
1980-02-12,1.7484206040126775
1980-02-13,1.759591937965056
1980-02-14,2.2473918728260602
1980-02-15,3.0828679222819027
1980-02-16,4.004281764013741
1980-02-17,3.6948354941032187
1980-02-18,3.261900326726004
1980-02-19,2.871428802646669
1980-02-20,2.456257150780084
1980-02-21,2.142981896146715
1980-02-22,1.8992993382157846
1980-02-23,1.7081287021937832
1980-02-24,1.5568851514164377
1980-02-25,1.4362173104361478
1980-02-26,1.3391212839086177
1980-02-27,1.2603124594768833
1980-02-28,1.1957757901537216
1980-02-29,1.1424409410337233
1980-03-01,1.0979456460447772
1980-03-02,1.0604619524374523
1980-03-03,1.028567686731775
1980-03-04,1.0011507027642512
1980-03-05,0.9773370763406383
1980-03-06,0.9564369189886697
1980-03-07,0.937903244043066
1980-03-08,0.9213005647329404
1980-03-09,0.9062807932739428
1980-03-10,0.892564649261443
1980-03-11,0.8799272484880545
1980-03-12,0.868186880649477
1980-03-13,0.8571962318661798
1980-03-14,0.8468354905972791
1980-03-15,0.8370069111244915
1980-03-16,0.8276305100215628
1980-03-17,0.818640647011997
1980-03-18,0.8099832989458448
1980-03-19,0.8016138790895101
1980-03-20,0.7934954870296536
1980-03-21,0.78559749982495
1980-03-22,0.7778944345076434
1980-03-23,0.7704755232347128
1980-03-24,1.2213315589558775
1980-03-25,1.729379961261431
1980-03-26,2.3399737504563
1980-03-27,2.5729056318400803
1980-03-28,2.2630799144245897
1980-03-29,2.2616568394882717
1980-03-30,2.868135871359328
1980-03-31,3.2671133692233947
1980-04-01,3.048662488445139
1980-04-02,2.5973797516746413
1980-04-03,2.2182112786394756
1980-04-04,2.367716931131407
1980-04-05,2.5490403242706097
1980-04-06,2.190104637547575
1980-04-07,1.9093506893881154
1980-04-08,1.690157208478259
1980-04-09,1.5179789844044427
1980-04-10,1.3814454667026028
1980-04-11,1.272275597633534
1980-04-12,1.1843331219975954
1980-04-13,1.112899150420696
1980-04-14,1.4535939485598988
1980-04-15,2.679784737426297
1980-04-16,2.477354392603321
1980-04-17,2.322860232528925
1980-04-18,2.262426141563398
1980-04-19,1.9445123002931286
1980-04-20,1.7443638860501025
1980-04-21,1.6222670549322027
1980-04-22,1.480451609346492
1980-04-23,1.3523412976817584
1980-04-24,1.2496403604735624
1980-04-25,1.1667138756385786
1980-04-26,1.0991906848246351
1980-04-27,1.0437344782393436
1980-04-28,0.9977829583506005
1980-04-29,0.9593567541477542
1980-04-30,0.9269183696564015
1980-05-01,0.8992673199119549
1980-05-02,0.8756526278628912
1980-05-03,0.8550135086482825
1980-05-04,0.8367844337983384
1980-05-05,0.8206104577027314
1980-05-06,0.8548776713993756
1980-05-07,0.8935157094554418
1980-05-08,0.8721614334198654
1980-05-09,0.8516216661972232
1980-05-10,0.8314247380352691
1980-05-11,0.8393900488993831
1980-05-12,0.8311782435876381
1980-05-13,0.8092056360187175
1980-05-14,0.7900150673741971
1980-05-15,0.9199367920351585
1980-05-16,1.001164692555984
1980-05-17,0.9396243929732147
1980-05-18,1.3282498826277374
1980-05-19,1.3440735956862493
1980-05-20,1.198697756262628
1980-05-21,2.077073546616261
1980-05-22,3.8410679170923276
1980-05-23,3.376261968415464
1980-05-24,4.800938520220175
1980-05-25,4.854422794953176
1980-05-26,3.9388812522345487
1980-05-27,4.268746843581765
1980-05-28,6.763715498893895
1980-05-29,7.620255276669687
1980-05-30,6.553555215928184
1980-05-31,5.19261490172622
1980-06-01,4.646188763271213
1980-06-02,8.03275967203491
1980-06-03,7.872308473983124
1980-06-04,6.78827728536752
1980-06-05,5.851066812259006
1980-06-06,4.706329689676679
1980-06-07,3.8756016032443608
1980-06-08,3.2498941255689857
1980-06-09,2.7740010606533083
1980-06-10,2.4086768767657305
1980-06-11,2.125710475718223
1980-06-12,1.9694283251594982
1980-06-13,2.093689268688398
1980-06-14,2.125587586295246
1980-06-15,1.8939381119088659
1980-06-16,1.7214119983752785
1980-06-17,1.5842349392467343
1980-06-18,1.6579150671219096
1980-06-19,1.7559716077472292
1980-06-20,1.6043801965164475
1980-06-21,1.488342685117911
1980-06-22,1.394693450404272
1980-06-23,1.318434148363231
1980-06-24,1.2557625891550739
1980-06-25,1.2037678631623665
1980-06-26,1.160207927421682
1980-06-27,1.193952251616729
1980-06-28,1.23793849945071
1980-06-29,1.1855231921082672
1980-06-30,1.1697677772885418
1980-07-01,2.636395107190675
1980-07-02,4.403151223002635
1980-07-03,5.439188992254677
1980-07-04,4.756930341053703
1980-07-05,3.858078428103021
1980-07-06,3.231592225905899
1980-07-07,2.7551863105456076
1980-07-08,2.3895412273023475
1980-07-09,2.1063917346825014
1980-07-10,1.8852113127921737
1980-07-11,1.710951181280454
1980-07-12,1.572480823631597
1980-07-13,1.4614999635720871
1980-07-14,1.3717713308952797
1980-07-15,1.2985742311842154
1980-07-16,1.2383117410397446
1980-07-17,1.1882258695951204
1980-07-18,1.1462963235591996
1980-07-19,1.1106986438190276
1980-07-20,1.0801489308810204
1980-07-21,1.053708651405898
1980-07-22,1.0305829058682285
1980-07-23,1.0126191761517658
1980-07-24,1.082180958962393
1980-07-25,1.5426152025832238
1980-07-26,1.3588074215458485
1980-07-27,1.2729415794418089
1980-07-28,1.7673657270487675
1980-07-29,1.6341757571686157
1980-07-30,2.365271409988295
1980-07-31,2.5467376637459735
1980-08-01,2.783131542909913
1980-08-02,2.675477318321617
1980-08-03,2.2983690291634025
1980-08-04,2.0005014695697674
1980-08-05,1.782341711356117
1980-08-06,1.610626473653161
1980-08-07,1.474335129858437
1980-08-08,1.3652500555134512
1980-08-09,1.277196484388316
1980-08-10,1.2055012423202836
1980-08-11,1.1466037230893857
1980-08-12,1.0977738323481419
1980-08-13,1.0569058040988575
1980-08-14,1.0223663141999564
1980-08-15,0.9928817771031045
1980-08-16,0.9674541428427812
1980-08-17,0.945297578825484
1980-08-18,0.9257905639855147
1980-08-19,0.9084394328960053
1980-08-20,0.8928504800825877
1980-08-21,0.8787085026417719
1980-08-22,0.8660689307854373
1980-08-23,0.8681123222573337
1980-08-24,0.8668265629085066
1980-08-25,0.8527672526608089
1980-08-26,1.2067238785202314
1980-08-27,1.0685857353041652
1980-08-28,2.121163843602529
1980-08-29,1.604505478777156
1980-08-30,1.3725765244963881
1980-08-31,1.2611885449856526
1980-09-01,1.2213086190826872
1980-09-02,1.1777442052199594
1980-09-03,1.1019681685452825
1980-09-04,1.0400247980013004
1980-09-05,0.9890594906771009
1980-09-06,0.9467524612067656
1980-09-07,0.9113091844420754
1980-09-08,0.8813338978329591
1980-09-09,0.8557354055748824
1980-09-10,0.8336564673148773
1980-09-11,0.8144205319258707
1980-09-12,0.7974913153354874
1980-09-13,0.7824419514025287
1980-09-14,0.7689313219932558
1980-09-15,0.7566858026490092
1980-09-16,0.7612097855014404
1980-09-17,1.4448628734158593
1980-09-18,1.113104253266638
1980-09-19,1.0869191359358903
1980-09-20,1.1803969215462755
1980-09-21,1.030482310867083
1980-09-22,0.9650414146156047
1980-09-23,0.923905168087546
1980-09-24,0.8833833736825699
1980-09-25,0.8500231053836583
1980-09-26,0.8173926109484148
1980-09-27,0.7897901021895385
1980-09-28,0.7662459569196248
1980-09-29,0.7459684664048196
1980-09-30,0.728331975980664
1980-10-01,0.712839927564919
1980-10-02,0.6990966088919738
1980-10-03,0.6867854437435538
1980-10-04,0.6756522246203153
1980-10-05,0.6654921005484945
1980-10-06,0.6946132443615133
1980-10-07,0.8485653552966151
1980-10-08,0.7715471760825839
1980-10-09,0.7288742118909303
1980-10-10,0.7253915634541624
1980-10-11,0.7244827616539298
1980-10-12,1.5501383090166234
1980-10-13,1.8612128296523462
1980-10-14,1.5773024387280437
1980-10-15,1.3200932091408661
1980-10-16,1.4939762327826316
1980-10-17,1.3012859942741468
1980-10-18,1.3196506037148807
1980-10-19,1.3447804763738684
1980-10-20,1.1635746458594134
1980-10-21,1.0480967052135461
1980-10-22,0.9653392902196624
1980-10-23,0.8983845788289515
1980-10-24,0.8437956799790971
1980-10-25,0.7989354272165513
1980-10-26,0.7617683514976871
1980-10-27,0.7307146637877303
1980-10-28,0.7045418099441574
1980-10-29,0.6822833811282151
1980-10-30,0.6631780887567154
1980-10-31,0.6466235593980351
1980-11-01,0.6321411485440197
1980-11-02,0.6193489986782098
1980-11-03,0.6079413025835477
1980-11-04,0.5976722636984214
1980-11-05,0.5883436311330029
1980-11-06,0.5797949691832472
1980-11-07,0.5718960289307086
1980-11-08,0.564540743360525
1980-11-09,0.6051645287694039
1980-11-10,0.654003728338963
1980-11-11,0.8508012801150091
1980-11-12,0.8800971615596597
1980-11-13,1.9025868100493062
1980-11-14,1.7318442094210713
1980-11-15,1.4236296882803547
1980-11-16,1.2391394759405503
1980-11-17,1.1042741421118276
1980-11-18,1.392252911941515
1980-11-19,1.2525028775868952
1980-11-20,1.0951217572038336
1980-11-21,1.37287513920793
1980-11-22,1.5782372881207607
1980-11-23,1.6512688492888052
1980-11-24,1.4128687747397815
1980-11-25,1.232880158060455
1980-11-26,1.1021442494803568
1980-11-27,0.9981040821070084
1980-11-28,0.9147012114693287
1980-11-29,0.8473487989714714
1980-11-30,0.7925507979805779
1980-12-01,0.7476257349662666
1980-12-02,0.7105047115426818
1980-12-03,0.679582543418681
1980-12-04,0.6536072606520137
1980-12-05,0.6867796777735053
1980-12-06,0.7311680002101157
1980-12-07,1.049765991784403
1980-12-08,1.1304893034275991
1980-12-09,2.096634960545612
1980-12-10,1.9221064602497233
1980-12-11,1.6176286292562558
1980-12-12,3.309722652929047
1980-12-13,3.2690963931239154
1980-12-14,3.298979046295813
1980-12-15,2.8244180051137193
1980-12-16,2.8314692005581867
1980-12-17,2.465657556300735
1980-12-18,2.302198185613184
1980-12-19,2.038746514316694
1980-12-20,1.7528556384403302
1980-12-21,1.5261070881311394
1980-12-22,1.3485314843396266
1980-12-23,1.208393462476413
1980-12-24,1.0969587656577982
1980-12-25,1.0097880042250542
1980-12-26,0.9398907920008445
1980-12-27,0.8804357239395596
1980-12-28,0.8317053060126182
1980-12-29,0.7914383135318594
1980-12-30,0.7578837808171747
1980-12-31,0.7296785488594066
1981-01-01,0.7057559711299014
1981-01-02,0.6852773984750883
1981-01-03,0.6758736488414888
1981-01-04,0.668814465424453
1981-01-05,0.6525043406929723
1981-01-06,0.6382065563314875
1981-01-07,0.6255505439434053
1981-01-08,0.6142395984796708
1981-01-09,0.6040352781394372
1981-01-10,0.5947452876701406
1981-01-11,0.5862140243377347
1981-01-12,0.5783151693868945
1981-01-13,0.5709458583639037
1981-01-14,0.5640220756749147
1981-01-15,0.5702434893609508
1981-01-16,0.5943255720138633
1981-01-17,0.6635005200747405
1981-01-18,0.6506529416135469
1981-01-19,0.6273871176640292
1981-01-20,1.145978022928485
1981-01-21,1.5877410416647777
1981-01-22,1.4526722186189442
1981-01-23,2.457453848532419
1981-01-24,4.838246143177504
1981-01-25,6.359193137656607
1981-01-26,5.729055656956462
1981-01-27,4.551336863392693
1981-01-28,3.664729077158613
1981-01-29,3.055126877453178
1981-01-30,2.619706415163139
1981-01-31,2.2937823950002447
1981-02-01,1.9710425979558552
1981-02-02,2.0005528704515836
1981-02-03,1.8960331880245163
1981-02-04,1.6467190998621553
1981-02-05,3.102810100781719
1981-02-06,4.404435352360882
1981-02-07,5.073401330302873
1981-02-08,4.447222996359337
1981-02-09,4.1171535989648484
1981-02-10,3.518594409660843
1981-02-11,2.928564715444421
1981-02-12,2.4699141526132684
1981-02-13,2.1179991781220853
1981-02-14,1.845705212402465
1981-02-15,2.2810494647611415
1981-02-16,2.4101477250963086
1981-02-17,2.1121774457169153
1981-02-18,1.8411027088415286
1981-02-19,1.6323096145486116
1981-02-20,1.6969727539662447
1981-02-21,2.5268314934041514
1981-02-22,2.733647666748666
1981-02-23,2.4682501616560257
1981-02-24,2.139355954369859
1981-02-25,1.9530574623582033
1981-02-26,1.8981411425268757
1981-02-27,2.5689899263264855
1981-02-28,2.926360029190773
1981-03-01,2.606455269832757
1981-03-02,2.2231036268619446
1981-03-03,1.9396450167830501
1981-03-04,1.718636016894278
1981-03-05,1.5448905828716801
1981-03-06,1.407181703925341
1981-03-07,1.2971405092073323
1981-03-08,1.3031569822759024
1981-03-09,1.657448589128787
1981-03-10,2.3237775451580442
1981-03-11,2.4627618976799086
1981-03-12,2.962063754873356
1981-03-13,3.148662250920968
1981-03-14,3.8247663944728316
1981-03-15,4.8418458810409
1981-03-16,5.1723944486663465
1981-03-17,5.168731819162457
1981-03-18,4.827360144289053
1981-03-19,6.010648249219947
1981-03-20,6.167570806409681
1981-03-21,5.151226774377797
1981-03-22,4.191968685549278
1981-03-23,3.4850251571672444
1981-03-24,2.9496619446211714
1981-03-25,2.5403826323782903
1981-03-26,2.224641589556428
1981-03-27,1.9789084936969334
1981-03-28,1.7860029464446425
1981-03-29,1.6332660044010325
1981-03-30,1.628200238540258
1981-03-31,1.6176810157440917
1981-04-01,1.4978954642382794
1981-04-02,1.4009817614255038
1981-04-03,1.3221851156512079
1981-04-04,1.6917254727571756
1981-04-05,2.0605729442022906
1981-04-06,1.8155911224930472
1981-04-07,1.6506781559607588
1981-04-08,1.5192664615085887
1981-04-09,2.454731090277604
1981-04-10,2.7657537453990813
1981-04-11,2.3472005748818106
1981-04-12,2.092058504983886
1981-04-13,2.72595061509942
1981-04-14,3.0874503354483203
1981-04-15,2.876792333056219
1981-04-16,2.953551940398661
1981-04-17,2.8284150310056155
1981-04-18,3.1311188840342985
1981-04-19,3.5871793653289945
1981-04-20,3.5320611659580265
1981-04-21,3.1623050091660567
1981-04-22,2.69984367429849
1981-04-23,2.352268931874496
1981-04-24,2.082539091845892
1981-04-25,1.8714484328627303
1981-04-26,1.7048192005295963
1981-04-27,1.5721492378909676
1981-04-28,1.465595704930374
1981-04-29,1.3792571741016364
1981-04-30,1.3087410062901672
1981-05-01,1.2505009686122166
1981-05-02,1.2019300017579828
1981-05-03,1.2888081909824425
1981-05-04,2.610994377449076
1981-05-05,3.2014481281282166
1981-05-06,3.5045420426881795
1981-05-07,3.3080532523157675
1981-05-08,2.9570849786003404
1981-05-09,2.634731669132827
1981-05-10,2.3053645047685385
1981-05-11,2.0421692136321403
1981-05-12,1.8360589045755926
1981-05-13,1.6732627353867964
1981-05-14,1.543571680782618
1981-05-15,1.485600497216172
1981-05-16,1.4342171529681131
1981-05-17,1.3501422832492505
1981-05-18,1.2811362949020777
1981-05-19,1.507963663414612
1981-05-20,1.7856897010143318
1981-05-21,1.5888687385803493
1981-05-22,1.4696752515863611
1981-05-23,1.373488268422703
1981-05-24,1.2953321400526605
1981-05-25,1.231250207494163
1981-05-26,1.1782165300415854
1981-05-27,1.1339027912838329
1981-05-28,1.0972801517001052
1981-05-29,1.4631746184641432
1981-05-30,2.5769532513592446
1981-05-31,2.2984466501765466
1981-06-01,2.0133153388188805
1981-06-02,1.8148613045795574
1981-06-03,1.6399593019794712
1981-06-04,1.5012112430192472
1981-06-05,1.4144950035279011
1981-06-06,1.38365182381266
1981-06-07,1.521366609335038
1981-06-08,1.6030020141599062
1981-06-09,1.5815390884796718
1981-06-10,1.852605925812765
1981-06-11,1.650587749342887
1981-06-12,1.486752988054534
1981-06-13,1.3742795346999745
1981-06-14,1.34646563016702
1981-06-15,1.3554536164438147
1981-06-16,1.2721070467658186
1981-06-17,1.7708578193172073
1981-06-18,2.7375199740613074
1981-06-19,3.1716651024993703
1981-06-20,4.179175269574425
1981-06-21,3.7228169292065267
1981-06-22,3.066731135073116
1981-06-23,2.610483711748198
1981-06-24,2.2600262657024044
1981-06-25,1.9884587139830392
1981-06-26,1.7762190524162138
1981-06-27,1.6089472468721286
1981-06-28,1.476009489099123
1981-06-29,1.3694670286863488
1981-06-30,1.283347999187572
1981-07-01,1.2131281167070798
1981-07-02,1.1941292648394732
1981-07-03,1.5779770451639206
1981-07-04,1.5440504717950478
1981-07-05,1.3849879454412537
1981-07-06,1.396958139312411
1981-07-07,1.402235539494168
1981-07-08,1.3034157876812056
1981-07-09,1.223650664550616
1981-07-10,1.1584682143469698
1981-07-11,1.469770976429664
1981-07-12,2.220410048222784
1981-07-13,1.903712644777506
1981-07-14,1.6499133829707064
1981-07-15,2.2451186946082275
1981-07-16,3.7496984149400547
1981-07-17,3.238688531490672
1981-07-18,2.758843260498621
1981-07-19,3.585083784524775
1981-07-20,3.292907331553377
1981-07-21,2.758420470102335
1981-07-22,2.4616802756110845
1981-07-23,2.1957806883280404
1981-07-24,1.9362847817358826
1981-07-25,1.7329913592389856
1981-07-26,1.7276727747950147
1981-07-27,1.7142018874438316
1981-07-28,1.5576957997835361
1981-07-29,1.4344760424155334
1981-07-30,1.3343011664908868
1981-07-31,1.2525000003836169
1981-08-01,1.1856850461556667
1981-08-02,1.1306182720656277
1981-08-03,1.08481144790998
1981-08-04,1.0463413789252203
1981-08-05,1.0137134306720064
1981-08-06,1.000471773077559
1981-08-07,1.0021734716795698
1981-08-08,0.9809186644673983
1981-08-09,0.9555756814098092
1981-08-10,0.9716241195182221
1981-08-11,0.9880202835625503
1981-08-12,0.982588713109766
1981-08-13,0.9818613167526746
1981-08-14,0.9528190205324898
1981-08-15,0.9794845586884522
1981-08-16,1.0645977126546042
1981-08-17,1.3888816887311013
1981-08-18,1.2685549511285754
1981-08-19,1.2364579825141362
1981-08-20,1.3746666963073402
1981-08-21,1.2151653431206972
1981-08-22,1.1210009950153117
1981-08-23,1.1089798737469587
1981-08-24,1.1211998849880376
1981-08-25,1.0727896559834933
1981-08-26,1.0173379959434148
1981-08-27,0.9714005417213594
1981-08-28,0.9609196068062232
1981-08-29,0.9502979134297836
1981-08-30,0.9142735563773622
1981-08-31,0.8837255902020287
1981-09-01,0.8576705097516976
1981-09-02,0.835226882433662
1981-09-03,0.8156993058225243
1981-09-04,0.7985367355759037
1981-09-05,0.7833006957644512
1981-09-06,0.769640897011988
1981-09-07,0.7572764402472733
1981-09-08,0.7459812557219866
1981-09-09,0.7355727705483877
1981-09-10,0.7259030498424552
1981-09-11,0.7168518422768098
1981-09-12,0.708321098619423
1981-09-13,0.7126522286349246
1981-09-14,0.9019312498876447
1981-09-15,1.3234282276908074
1981-09-16,1.7249234528081197
1981-09-17,1.295473280010049
1981-09-18,1.1351835156816719
1981-09-19,1.0538362793988985
1981-09-20,0.9857834464942732
1981-09-21,0.9252872559749391
1981-09-22,0.8756518537302448
1981-09-23,0.8346106946449501
1981-09-24,0.8003820947937218
1981-09-25,1.9501607655725939
1981-09-26,1.8261514209239176
1981-09-27,2.8197554106109686
1981-09-28,2.6538541139555294
1981-09-29,3.1099912488951795
1981-09-30,3.0594137488332813
1981-10-01,2.5543466287485743
1981-10-02,2.310587307878464
1981-10-03,2.06001127880782
1981-10-04,2.876480196034518
1981-10-05,3.3843278361890974
1981-10-06,3.6396997593664295
1981-10-07,3.26906004084303
1981-10-08,2.721753522217337
1981-10-09,2.296229707900436
1981-10-10,1.9771108633650603
1981-10-11,1.729470191295558
1981-10-12,1.5495901665685112
1981-10-13,1.7455359256056415
1981-10-14,1.7458604804762252
1981-10-15,1.5280372295467115
1981-10-16,1.377390064319151
1981-10-17,1.257584127735038
1981-10-18,1.7291548099360459
1981-10-19,1.7671766642350564
1981-10-20,1.530602310180682
1981-10-21,1.3790494234384416
1981-10-22,1.4870468646733723
1981-10-23,1.4576234820794465
1981-10-24,1.3055343995314654
1981-10-25,1.2743591618143917
1981-10-26,1.2586272039319493
1981-10-27,1.1533087139866312
1981-10-28,1.0762310108482407
1981-10-29,1.0134303339994573
1981-10-30,0.9618311857842329
1981-10-31,0.9190674451315034
1981-11-01,0.890431715490017
1981-11-02,0.889943831133416
1981-11-03,1.5533007742533533
1981-11-04,2.1128086303791913
1981-11-05,1.9599756150935448
1981-11-06,2.951716796331992
1981-11-07,2.7211197460161576
1981-11-08,3.6226312224963295
1981-11-09,3.3947561525250314
1981-11-10,2.78354995077158
1981-11-11,2.357398109182111
1981-11-12,2.197101569549595
1981-11-13,2.0034592794028527
1981-11-14,2.0114280108255307
1981-11-15,1.9809842173565624
1981-11-16,3.3570199314107625
1981-11-17,3.276725091849164
1981-11-18,3.0381676850678985
1981-11-19,2.751382800692573
1981-11-20,3.5147230857515193
1981-11-21,3.8384512587823867
1981-11-22,5.380951084945081
1981-11-23,5.390994868754922
1981-11-24,4.420391116948263
1981-11-25,3.6239772099439875
1981-11-26,3.0303180503713407
1981-11-27,2.5783821935113362
1981-11-28,2.231194493852844
1981-11-29,1.9621336083447307
1981-11-30,1.7518370553474585
1981-12-01,1.6600331120608536
1981-12-02,2.791024719024128
1981-12-03,5.536770317799147
1981-12-04,6.068651126182104
1981-12-05,5.243583673644714
1981-12-06,4.252821928820917
1981-12-07,5.037842414019167
1981-12-08,6.159321707539463
1981-12-09,5.518813395735395
1981-12-10,6.884564847701611
1981-12-11,8.437990768898294
1981-12-12,7.456264516543186
1981-12-13,5.917258903125622
1981-12-14,4.812757885367707
1981-12-15,3.9887510079020045
1981-12-16,4.771752643745738
1981-12-17,5.083407107007559
1981-12-18,6.241277198120617
1981-12-19,6.8438841916802176
1981-12-20,5.9142112839623335
1981-12-21,6.509014363671113
1981-12-22,6.495232029132214
1981-12-23,5.899281293418241
1981-12-24,5.971083087920799
1981-12-25,5.252043364031115
1981-12-26,4.345985681498445
1981-12-27,3.678846557372852
1981-12-28,3.1718157088221814
1981-12-29,2.7827111981727772
1981-12-30,4.037347417368614
1981-12-31,4.551427274995624
1982-01-01,4.510922928874506
1982-01-02,4.015409688720458
1982-01-03,3.424849700543398
1982-01-04,2.983666420556826
1982-01-05,2.643367481102398
1982-01-06,2.378417985756216
1982-01-07,2.170219016714913
1982-01-08,2.0050971770147643
1982-01-09,1.8729130253356658
1982-01-10,1.7660870094835344
1982-01-11,1.6819929482507714
1982-01-12,1.6151045124707188
1982-01-13,1.625727725353446
1982-01-14,2.568270152555359
1982-01-15,4.0453387004370365
1982-01-16,4.097169119214151
1982-01-17,3.488794606488179
1982-01-18,3.0193828257828113
1982-01-19,2.660514651051442
1982-01-20,2.381828930536909
1982-01-21,2.163406450305646
1982-01-22,1.990638181772402
1982-01-23,1.9093937972055948
1982-01-24,2.7304510821259833
1982-01-25,2.794410721711856
1982-01-26,2.478332932512699
1982-01-27,2.2347388420376553
1982-01-28,2.0426875957544266
1982-01-29,1.8900638008141464
1982-01-30,1.7676477872565792
1982-01-31,1.668532277907886
1982-02-01,1.5875041001995698
1982-02-02,1.5206014182979004
1982-02-03,1.4647938009841361
1982-02-04,1.4177490946447502
1982-02-05,1.3776622015690794
1982-02-06,1.3928982497767644
1982-02-07,1.4544190151744407
1982-02-08,1.4449474125728106
1982-02-09,1.58569737259063
1982-02-10,2.201193912411014
1982-02-11,3.312663303958003
1982-02-12,3.2713277511863734
1982-02-13,2.8003777389092903
1982-02-14,2.5419948583607197
1982-02-15,2.6049682688133653
1982-02-16,2.37487590899641
1982-02-17,2.125660684127499
1982-02-18,1.9360567936498503
1982-02-19,1.7855146609619992
1982-02-20,1.6649073745537903
1982-02-21,2.20483685815558
1982-02-22,2.510489726447187
1982-02-23,2.270024038337751
1982-02-24,2.5756000817014475
1982-02-25,2.606545051133845
1982-02-26,2.3577824862363324
1982-02-27,2.1147264939584636
1982-02-28,1.9226652880438602
1982-03-01,1.7702984582007009
1982-03-02,1.6483383743494429
1982-03-03,1.5498275070789862
1982-03-04,1.4695152529844704
1982-03-05,1.4034117044575112
1982-03-06,1.3484652427845514
1982-03-07,1.3669288206064871
1982-03-08,1.4392436839187184
1982-03-09,1.882916547500016
1982-03-10,2.133832920758707
1982-03-11,1.9139747971818248
1982-03-12,1.7513195154484773
1982-03-13,1.621465232930369
1982-03-14,1.5169818566292272
1982-03-15,1.4321495076492268
1982-03-16,1.6835006972301345
1982-03-17,1.9123742355340696
1982-03-18,1.72532005175512
1982-03-19,1.595509356861888
1982-03-20,2.4403094658049045
1982-03-21,3.7424369840598444
1982-03-22,4.11904949409827
1982-03-23,3.9400698879583325
1982-03-24,3.8056346997384467
1982-03-25,3.5495189668184253
1982-03-26,3.8370767037209714
1982-03-27,3.8104663856190952
1982-03-28,4.519876522011317
1982-03-29,4.272682795854917
1982-03-30,3.6915960871537696
1982-03-31,3.899308361779637
1982-04-01,4.14213220984155
1982-04-02,4.04453655428711
1982-04-03,3.623570801115806
1982-04-04,3.091051208950487
1982-04-05,2.6867930435232186
1982-04-06,2.374418558009054
1982-04-07,2.130857454327332
1982-04-08,2.0436527148411088
1982-04-09,2.2062877700356256
1982-04-10,2.590664165338081
1982-04-11,2.9737213012693853
1982-04-12,2.815831225247482
1982-04-13,3.187839103539576
1982-04-14,3.5373813682712036
1982-04-15,3.26686168782888
1982-04-16,2.8164423090675257
1982-04-17,2.4769477242920472
1982-04-18,2.2128723762107345
1982-04-19,2.0637566126397666
1982-04-20,2.043179444313721
1982-04-21,2.0350292413630355
1982-04-22,2.1375330461058843
1982-04-23,2.754338744838481
1982-04-24,2.7490253710695813
1982-04-25,2.396467581556607
1982-04-26,2.5374847839720123
1982-04-27,5.913767338620178
1982-04-28,6.26454927236185
1982-04-29,5.018914497525041
1982-04-30,4.162032188043756
1982-05-01,3.516915806248498
1982-05-02,3.0263532601097736
1982-05-03,2.649731489415475
1982-05-04,2.3578945542960734
1982-05-05,2.129693336792887
1982-05-06,1.9496387960038304
1982-05-07,1.8062857301185522
1982-05-08,1.691106674228941
1982-05-09,1.5976987989722788
1982-05-10,1.5704175186989404
1982-05-11,1.5425317742876465
1982-05-12,1.4741769819326471
1982-05-13,1.4219002432929164
1982-05-14,1.4233582182146527
1982-05-15,1.403482254431956
1982-05-16,1.3554294271056142
1982-05-17,1.314536822010795
1982-05-18,1.2794986927095442
1982-05-19,1.2491498247161033
1982-05-20,1.2973318352015755
1982-05-21,1.3411211272456296
1982-05-22,1.2957918243124198
1982-05-23,1.5622199484461128
1982-05-24,1.6546159566449916
1982-05-25,1.7542811825142177
1982-05-26,2.0590874411278643
1982-05-27,2.0408300763313507
1982-05-28,1.8426845002407821
1982-05-29,2.313528367014906
1982-05-30,2.4804075698571704
1982-05-31,2.3960392324244313
1982-06-01,4.53020804338183
1982-06-02,4.6048848715147725
1982-06-03,3.7539855700482696
1982-06-04,3.1781127287034945
1982-06-05,2.73844842257961
1982-06-06,2.399849686025907
1982-06-07,2.1378643060547065
1982-06-08,2.9787655440355874
1982-06-09,3.054023246112275
1982-06-10,2.5927260756718047
1982-06-11,2.288001276025394
1982-06-12,2.050349129185969
1982-06-13,2.048984223507189
1982-06-14,2.0943811908143197
1982-06-15,1.9002401271436862
1982-06-16,1.7808076962564758
1982-06-17,2.029779086215032
1982-06-18,2.2161112907656557
1982-06-19,1.9591195092880882
1982-06-20,2.9269646851280875
1982-06-21,2.897217414498652
1982-06-22,2.7318794984531896
1982-06-23,3.4422156028568076
1982-06-24,3.108249969061422
1982-06-25,2.654432773989454
1982-06-26,4.064725613659047
1982-06-27,4.468121471918161
1982-06-28,7.834213194653377
1982-06-29,7.8073102497632965
1982-06-30,6.134757110497802
1982-07-01,4.99238651504655
1982-07-02,4.140891972203099
1982-07-03,3.499526067165391
1982-07-04,3.011615644900719
1982-07-05,2.6368988973167986
1982-07-06,2.3464521820809776
1982-07-07,2.119282110354065
1982-07-08,1.9400053715964651
1982-07-09,1.8089811004975331
1982-07-10,1.699132155309247
1982-07-11,1.7385797174021553
1982-07-12,1.856741324722216
1982-07-13,1.7680676304044438
1982-07-14,1.6576219124349236
1982-07-15,1.565234968364372
1982-07-16,1.4896103469602033
1982-07-17,1.7511131283411803
1982-07-18,1.9381030471914389
1982-07-19,1.762463948419992
1982-07-20,2.399452970379661
1982-07-21,2.2169668356468475
1982-07-22,1.9667887442775587
1982-07-23,1.8037448611000622
1982-07-24,1.8844334546130916
1982-07-25,2.0163028311887
1982-07-26,1.7995938053759686
1982-07-27,2.297026025811812
1982-07-28,2.7095180006430915
1982-07-29,2.575594452080703
1982-07-30,2.445207723730373
1982-07-31,2.2270551765801576
1982-08-01,1.987469273781319
1982-08-02,1.8156796815993452
1982-08-03,1.6788911179825499
1982-08-04,1.5690011233177514
1982-08-05,1.645438672144465
1982-08-06,1.8609931034542624
1982-08-07,1.72092241583496
1982-08-08,1.5979618426261881
1982-08-09,1.499706801196643
1982-08-10,1.4616212697242095
1982-08-11,1.4540945324161518
1982-08-12,1.4224816633137511
1982-08-13,1.4579586312246589
1982-08-14,1.4479932146331913
1982-08-15,1.3727907908172492
1982-08-16,1.346072700231349
1982-08-17,1.4907973997428898
1982-08-18,1.5532688087016246
1982-08-19,1.4205579266385928
1982-08-20,1.3960559122348484
1982-08-21,1.378085079012321
1982-08-22,1.3090345303100133
1982-08-23,1.2518286692115617
1982-08-24,1.2057576027268921
1982-08-25,1.2576758884855015
1982-08-26,1.2994751864592182
1982-08-27,1.2398259459140748
1982-08-28,1.1899795026051858
1982-08-29,1.1481658870791114
1982-08-30,1.1127364285059174
1982-08-31,1.0824060211707598
1982-09-01,1.056167913058367
1982-09-02,1.033271439274331
1982-09-03,1.021906957939258
1982-09-04,1.0924684507268805
1982-09-05,1.8566363596482576
1982-09-06,2.5316681027846553
1982-09-07,2.1438313048407562
1982-09-08,2.6511232027999254
1982-09-09,3.0556600743336126
1982-09-10,2.6254664894160853
1982-09-11,2.2490798594076833
1982-09-12,1.9815096584295684
1982-09-13,1.7723198840594847
1982-09-14,1.6073948059977843
1982-09-15,1.524095154213034
1982-09-16,1.4643973471974598
1982-09-17,1.3630098427242252
1982-09-18,1.2790724263523112
1982-09-19,1.6541394466214123
1982-09-20,1.7085433196453925
1982-09-21,1.5209134455629252
1982-09-22,1.4031787016020054
1982-09-23,1.3084486543291978
1982-09-24,1.231573631392481
1982-09-25,1.1686389764575826
1982-09-26,1.2671571330782918
1982-09-27,1.3731336812071149
1982-09-28,1.2952189193207326
1982-09-29,1.250220831995532
1982-09-30,1.1800317072739837
1982-10-01,1.1222558962833464
1982-10-02,1.0743786842618073
1982-10-03,1.034331483394123
1982-10-04,1.0005092677815761
1982-10-05,0.9716601220255399
1982-10-06,0.9468026862902956
1982-10-07,0.9251640529735706
1982-10-08,0.9061327625209478
1982-10-09,0.8892230210496286
1982-10-10,0.8740473108375811
1982-10-11,0.8602953155682286
1982-10-12,0.8477176238789084
1982-10-13,0.8361130682311728
1982-10-14,0.8253188438333043
1982-10-15,0.815202764050929
1982-10-16,0.8059807429498532
1982-10-17,0.7971613376675092
1982-10-18,0.7884345896636425
1982-10-19,0.853010715841915
1982-10-20,0.9289435461838869
1982-10-21,0.8952994933222445
1982-10-22,0.8670953326850045
1982-10-23,0.8429483088711806
1982-10-24,0.8220690976742216
1982-10-25,0.8038336448399849
1982-10-26,0.7877464523559855
1982-10-27,0.7734124959202305
1982-10-28,1.420807734557959
1982-10-29,1.8048042440046441
1982-10-30,2.391814729484913
1982-10-31,2.0276231718457476
1982-11-01,1.7258244542880063
1982-11-02,1.5265083014154817
1982-11-03,1.3695742553912815
1982-11-04,1.2605622523393303
1982-11-05,2.030899756793414
1982-11-06,2.0704965493354064
1982-11-07,1.772648419018253
1982-11-08,2.9698442925838333
1982-11-09,4.001992053242184
1982-11-10,3.503092204355245
1982-11-11,2.8703015566512087
1982-11-12,3.613753099325423
1982-11-13,3.336004376306476
1982-11-14,2.7506512557719858
1982-11-15,2.7653134071405447
1982-11-16,2.9111296645836595
1982-11-17,3.9663740783979615
1982-11-18,4.043025796134427
1982-11-19,3.4545308766785183
1982-11-20,2.892106847884666
1982-11-21,2.45961964083084
1982-11-22,2.1272424516947113
1982-11-23,1.8692892799391447
1982-11-24,2.097254925214384
1982-11-25,2.864026502077492
1982-11-26,3.597692980088706
1982-11-27,4.757896468140315
1982-11-28,4.93633433817587
1982-11-29,4.183615659408914
1982-11-30,3.4464008259164634
1982-12-01,2.901555413594895
1982-12-02,2.485537992909984
1982-12-03,2.2581850655440583
1982-12-04,2.0829332537245935
1982-12-05,1.8474095522803886
1982-12-06,1.6669491156594505
1982-12-07,1.9187189911526792
1982-12-08,2.6733884735804856
1982-12-09,2.9332063549356
1982-12-10,2.9372030427276807
1982-12-11,2.8014964328203167
1982-12-12,2.4634701848316123
1982-12-13,3.6381870934283125
1982-12-14,4.846649989200542
1982-12-15,4.425358379627413
1982-12-16,5.112485792837215
1982-12-17,5.649170418253555
1982-12-18,4.899077632780858
1982-12-19,4.012310449784741
1982-12-20,3.360931021010442
1982-12-21,2.8662287316389583
1982-12-22,2.4869749132698487
1982-12-23,2.1935873097865133
1982-12-24,1.9646179560075463
1982-12-25,1.7843659490935708
1982-12-26,2.302140528995871
1982-12-27,2.3340930050191324
1982-12-28,2.287038558446781
1982-12-29,2.1174124830800287
1982-12-30,1.8972640757370334
1982-12-31,1.729817216771375
1983-01-01,1.5965208012218908
1983-01-02,1.4894785096410372
1983-01-03,1.4027513306105197
1983-01-04,1.3318404321565394
1983-01-05,1.2733150841931593
1983-01-06,1.2245426115841689
1983-01-07,1.183490795635065
1983-01-08,1.1485821755803316
1983-01-09,1.1185858403557214
1983-01-10,1.0925365149199195
1983-01-11,1.069673665872588
1983-01-12,1.04939539347932
1983-01-13,1.0312233177139851
1983-01-14,1.0775633210248956
1983-01-15,1.118044738224282
1983-01-16,1.297937503074568
1983-01-17,1.938217725200069
1983-01-18,1.9206752299312002
1983-01-19,1.760953390349398
1983-01-20,1.6227009031210775
1983-01-21,1.4889432858477079
1983-01-22,1.3816899650299936
1983-01-23,1.2950405132882683
1983-01-24,1.2530107234900185
1983-01-25,1.4465753514881614
1983-01-26,1.960776661100432
1983-01-27,4.869369157127617
1983-01-28,6.794884719830531
1983-01-29,7.744543429965016
1983-01-30,7.218575797820585
1983-01-31,6.375596600668923
1983-02-01,5.3445654058739755
1983-02-02,4.355273129218034
1983-02-03,3.7115284324398257
1983-02-04,3.260986948572708
1983-02-05,2.800691373279724
1983-02-06,2.440119952402038
1983-02-07,2.1605632741355016
1983-02-08,1.9419574479465067
1983-02-09,1.7695255665103753
1983-02-10,1.632331974926572
1983-02-11,1.5222173837922648
1983-02-12,1.4330474297935094
1983-02-13,1.3601771490659633
1983-02-14,1.3000657784175995
1983-02-15,1.2499972745447776
1983-02-16,1.2639351937215761
1983-02-17,2.599082458896388
1983-02-18,3.208248023314917
1983-02-19,2.8093382078043
1983-02-20,2.8523174145952055
1983-02-21,4.018691189542525
1983-02-22,7.5299877729191005
1983-02-23,8.922280403983326
1983-02-24,8.856871318522659
1983-02-25,8.251975079546938
1983-02-26,7.303331040289426
1983-02-27,6.355757847493806
1983-02-28,5.349939496377675
1983-03-01,7.183610406270091
1983-03-02,7.472296151927352
1983-03-03,6.108863995963496
1983-03-04,5.161896761188243
1983-03-05,5.216638103837664
1983-03-06,4.801814420606316
1983-03-07,4.075269422828392
1983-03-08,4.142544996316248
1983-03-09,4.096443949362217
1983-03-10,3.4914235242464122
1983-03-11,3.0323937526914673
1983-03-12,2.678849591148231
1983-03-13,2.4039959877901222
1983-03-14,2.188341917038932
1983-03-15,2.0175757907464837
1983-03-16,1.8810971642230028
1983-03-17,1.7709904465212272
1983-03-18,2.495903891533001
1983-03-19,2.889356256777452
1983-03-20,2.571336412404541
1983-03-21,2.3527730896782995
1983-03-22,3.7279499004547745
1983-03-23,4.102765818660244
1983-03-24,3.7285200977898953
1983-03-25,3.7769343367164474
1983-03-26,4.036627607751523
1983-03-27,4.0290386021227915
1983-03-28,3.56652091189939
1983-03-29,3.079499042691044
1983-03-30,2.714425709739828
1983-03-31,2.4309611029973595
1983-04-01,2.2266687062416533
1983-04-02,2.061569494139798
1983-04-03,1.9161382347640368
1983-04-04,2.0285836692767947
1983-04-05,2.25005407909269
1983-04-06,2.1624684356924315
1983-04-07,1.9917535964177846
1983-04-08,1.9024584683887296
1983-04-09,1.9710052429137128
1983-04-10,2.023226554412384
1983-04-11,2.9747231407030448
1983-04-12,3.093083977297661
1983-04-13,2.677820171234998
1983-04-14,2.3902735230947947
1983-04-15,2.1651993973594674
1983-04-16,1.9874185716134145
1983-04-17,1.880168371836359
1983-04-18,1.7899251638810352
1983-04-19,1.6861108336812338
1983-04-20,1.6012561059860457
1983-04-21,1.5313774788623025
1983-04-22,1.4732477591513833
1983-04-23,1.8121841571000479
1983-04-24,2.283288667438319
1983-04-25,2.074582346158671
1983-04-26,1.9036175938023236
1983-04-27,1.766920598651349
1983-04-28,1.6569076612453715
1983-04-29,1.5795554849037323
1983-04-30,1.5114585169481856
1983-05-01,1.4759604647760236
1983-05-02,1.445361857822789
1983-05-03,1.3912794761698546
1983-05-04,1.3455907334046584
1983-05-05,2.091416424478863
1983-05-06,2.353490875918443
1983-05-07,2.152368643510299
1983-05-08,2.1400045988913012
1983-05-09,2.7120259830742017
1983-05-10,3.0618178607919404
1983-05-11,3.160541357126989
1983-05-12,2.919040995085387
1983-05-13,2.529484686749817
1983-05-14,2.2462229207562054
1983-05-15,2.0348871456600786
1983-05-16,1.8999016690065238
1983-05-17,1.8257364070880895
1983-05-18,1.724532044980388
1983-05-19,1.901413570071071
1983-05-20,2.0141435752088266
1983-05-21,1.848801445354589
1983-05-22,1.8749796079209684
1983-05-23,2.9803549732540078
1983-05-24,4.802783298266834
1983-05-25,4.975521668729708
1983-05-26,4.184576997171864
1983-05-27,3.5024938608953584
1983-05-28,2.998591370031305
1983-05-29,2.6122473493819776
1983-05-30,2.487122089704783
1983-05-31,2.4642440422752485
1983-06-01,4.039081348783189
1983-06-02,4.029958972741169
1983-06-03,3.3449721043816596
1983-06-04,2.8830643197138954
1983-06-05,2.527806687773818
1983-06-06,2.2520714692265553
1983-06-07,2.0361348972891125
1983-06-08,1.865520781743413
1983-06-09,1.7295110866299008
1983-06-10,1.6201054246029187
1983-06-11,1.5312864346055537
1983-06-12,2.165039322339035
1983-06-13,2.273067166556708
1983-06-14,2.0610250693223056
1983-06-15,3.326321396493075
1983-06-16,4.1243472567396156
1983-06-17,3.6222274583903062
1983-06-18,3.0563715706302155
1983-06-19,2.657676324395213
1983-06-20,2.349475925515252
1983-06-21,2.109248241576356
1983-06-22,1.9201382564847551
1983-06-23,1.836923961309149
1983-06-24,1.7692052847478787
1983-06-25,1.6485071804766858
1983-06-26,1.5506596340416536
1983-06-27,1.4708699303970338
1983-06-28,1.4051834017621962
1983-06-29,1.3505741138471448
1983-06-30,1.3047127227589443
1983-07-01,1.2657958758758312
1983-07-02,1.2324199134903664
1983-07-03,1.2034867151918627
1983-07-04,1.1781330472913354
1983-07-05,1.1556772149574064
1983-07-06,1.143334356921872
1983-07-07,1.1295905015496936
1983-07-08,1.111114464729299
1983-07-09,1.0983623629608434
1983-07-10,1.0861797878645816
1983-07-11,1.0706970156825362
1983-07-12,1.0563421749909772
1983-07-13,1.042945880037531
1983-07-14,1.0303514076984284
1983-07-15,1.0184314167064912
1983-07-16,1.0070821113104997
1983-07-17,0.9962186273403068
1983-07-18,0.9857713711034969
1983-07-19,0.9756831040185023
1983-07-20,0.9659066131822162
1983-07-21,0.9564028440391071
1983-07-22,0.9471393988003564
1983-07-23,0.9380893253506791
1983-07-24,0.9292301376324729
1983-07-25,0.9208251706743238
1983-07-26,0.9219406984046868
1983-07-27,0.9238994647080552
1983-07-28,0.9204825812904324
1983-07-29,1.1623601338685758
1983-07-30,0.9845389392604532
1983-07-31,0.9336510324001804
1983-08-01,0.916815741955733
1983-08-02,0.9016758437359237
1983-08-03,0.8879249103478486
1983-08-04,0.8753174929753008
1983-08-05,0.879859127900826
1983-08-06,0.8841282475516831
1983-08-07,0.8691153983795741
1983-08-08,0.8554657262328624
1983-08-09,0.8429978885221213
1983-08-10,0.831512027629114
1983-08-11,0.8208331352423492
1983-08-12,0.8702158009403204
1983-08-13,1.6004426536541168
1983-08-14,0.9955244353264286
1983-08-15,0.9067094842798807
1983-08-16,0.888675295652302
1983-08-17,0.8819038644628204
1983-08-18,0.8760781047076956
1983-08-19,0.865683726645167
1983-08-20,0.8357034110463983
1983-08-21,0.8159733310791016
1983-08-22,0.7986896784042815
1983-08-23,0.7834066038154299
1983-08-24,0.769737913081194
1983-08-25,0.996205081427306
1983-08-26,1.1104339465358837
1983-08-27,1.8148317021151856
1983-08-28,1.189383265450161
1983-08-29,1.2361573289415295
1983-08-30,3.739076936793333
1983-08-31,2.5362868210845098
1983-09-01,2.041312654310215
1983-09-02,1.7712260775468904
1983-09-03,1.5606454873490225
1983-09-04,1.395157502033862
1983-09-05,3.606832457383438
1983-09-06,3.2374687515078686
1983-09-07,2.650937820234857
1983-09-08,2.261849552399537
1983-09-09,2.2382688043199463
1983-09-10,2.0373806553921954
1983-09-11,1.7472416925277336
1983-09-12,1.550095056083013
1983-09-13,1.3946458602347838
1983-09-14,1.271172398818872
1983-09-15,1.172972784443229
1983-09-16,1.0933486510572938
1983-09-17,1.0283058686388715
1983-09-18,0.9749569513356083
1983-09-19,1.03714199314071
1983-09-20,1.7116659661727536
1983-09-21,2.7033628577496334
1983-09-22,2.3414935573788918
1983-09-23,1.9548178550221225
1983-09-24,1.8887789442658844
1983-09-25,1.829490881059063
1983-09-26,1.5895326489169124
1983-09-27,1.4287027885302186
1983-09-28,1.3840908075581622
1983-09-29,1.3484870462394616
1983-09-30,1.2249429268852463
1983-10-01,1.1344946694734013
1983-10-02,1.0612743709978252
1983-10-03,1.0134105636217665
1983-10-04,0.9751541434753858
1983-10-05,1.0200650243086216
1983-10-06,1.0637462165434928
1983-10-07,1.2599106690748092
1983-10-08,1.2698187614554526
1983-10-09,1.1366842263935613
1983-10-10,1.0588094811361997
1983-10-11,0.9953892468149403
1983-10-12,0.9433682428859834
1983-10-13,0.9003344224797769
1983-10-14,0.8644221648036594
1983-10-15,0.8341806351710973
1983-10-16,0.8084757670652897
1983-10-17,0.7864167918943227
1983-10-18,0.7849871495601368
1983-10-19,0.7901490274768116
1983-10-20,0.7689612438883165
1983-10-21,3.632126227447783
1983-10-22,4.983162578832749
1983-10-23,4.210509511631626
1983-10-24,3.386031632732429
1983-10-25,3.6902433737812532
1983-10-26,3.319904093129482
1983-10-27,2.73268863699334
1983-10-28,2.3163609913690544
1983-10-29,2.0988387707730465
1983-10-30,3.396651044989133
1983-10-31,4.229155969288029
1983-11-01,3.716696044201735
1983-11-02,3.044688682766758
1983-11-03,3.4056670082526903
1983-11-04,3.6375174434679995
1983-11-05,3.054142338054945
1983-11-06,3.3107067893483464
1983-11-07,4.9971935632636
1983-11-08,4.63590832357244
1983-11-09,3.9653738137292724
1983-11-10,3.3819547479524417
1983-11-11,2.912242570629294
1983-11-12,2.5435341515189864
1983-11-13,2.200132808218903
1983-11-14,1.937937085092553
1983-11-15,1.7328377697580326
1983-11-16,1.571059310173314
1983-11-17,2.5381219676972058
1983-11-18,2.817112588561208
1983-11-19,2.7438884048432044
1983-11-20,2.4379903290744704
1983-11-21,2.126299513693548
1983-11-22,2.608334531303694
1983-11-23,2.456906657797
1983-11-24,2.123404960497236
1983-11-25,1.882608016774175
1983-11-26,1.8740666178143224
1983-11-27,3.061600046481303
1983-11-28,4.918429727717327
1983-11-29,7.029744675848106
1983-11-30,7.579455870654704
1983-12-01,6.425003218167518
1983-12-02,5.487838755537112
1983-12-03,6.7367960279548464
1983-12-04,10.986980375959527
1983-12-05,11.410861330155157
1983-12-06,9.304701539126176
1983-12-07,7.427044472948926
1983-12-08,5.946515658674091
1983-12-09,6.18302933825001
1983-12-10,5.869893743862083
1983-12-11,5.637504097104511
1983-12-12,6.723418649044597
1983-12-13,6.57085875787983
1983-12-14,5.438941911341334
1983-12-15,4.502512482535753
1983-12-16,3.88047193678576
1983-12-17,3.9678934894238043
1983-12-18,4.1564782036999555
1983-12-19,3.701587121187355
1983-12-20,3.6504950238364238
1983-12-21,3.935697329239165
1983-12-22,4.914545019065369
1983-12-23,4.688777284315608
1983-12-24,3.926215500524983
1983-12-25,3.3732066874804745
1983-12-26,2.95004256345535
1983-12-27,2.6231246280345104
1983-12-28,2.3681870226540553
1983-12-29,2.167529517662902
1983-12-30,2.008121818904812
1983-12-31,1.8802891788565173
1984-01-01,1.7767908735795785
1984-01-02,1.6921674003167215
1984-01-03,1.6222735486467466
1984-01-04,1.563941390809647
1984-01-05,1.5147349738960614
1984-01-06,1.4727703355731927
1984-01-07,1.436582456104026
1984-01-08,1.4050262102400488
1984-01-09,1.37720213761183
1984-01-10,1.352400461317852
1984-01-11,1.3300586160981906
1984-01-12,1.3097288431766145
1984-01-13,1.2910533326735527
1984-01-14,1.2737450581220588
1984-01-15,1.2575729277481478
1984-01-16,1.2423502269073703
1984-01-17,1.2279255824658601
1984-01-18,1.2141758690453048
1984-01-19,1.2010006173863206
1984-01-20,1.1883175897992462
1984-01-21,1.176059266227379
1984-01-22,1.1641700436835605
1984-01-23,1.1526039967087545
1984-01-24,1.1413230806774102
1984-01-25,1.130295685913141
1984-01-26,1.1194954706570683
1984-01-27,1.108900416419575
1984-01-28,1.0984920612417994
1984-01-29,1.484036776529934
1984-01-30,2.164310032553847
1984-01-31,6.466495284088424
1984-02-01,6.995595896598213
1984-02-02,6.584121759477781
1984-02-03,7.509995362679731
1984-02-04,7.865055426086612
1984-02-05,7.9114591785948205
1984-02-06,8.749310856553725
1984-02-07,10.745504411035872
1984-02-08,12.104872196928497
1984-02-09,12.682860328965868
1984-02-10,11.280833037857176
1984-02-11,9.727247914246526
1984-02-12,8.030371711633114
1984-02-13,6.449820740468162
1984-02-14,6.484175615384753
1984-02-15,6.193006927071985
1984-02-16,6.283507028068349
1984-02-17,5.888927640965118
1984-02-18,5.5908372166840055
1984-02-19,6.720469839398756
1984-02-20,7.731022355273276
1984-02-21,6.902926431375456
1984-02-22,5.6532311275218925
1984-02-23,4.746222522346298
1984-02-24,4.050283740803856
1984-02-25,3.545295950730903
1984-02-26,3.1593853701268535
1984-02-27,2.9677055002591755
1984-02-28,2.832687151187205
1984-02-29,2.634575815648296
1984-03-01,2.743308032976205
1984-03-02,2.7027062847281353
1984-03-03,3.3315113815470654
1984-03-04,5.4836211133477795
1984-03-05,5.5311941527445
1984-03-06,5.031772106001443
1984-03-07,4.576328253554535
1984-03-08,4.664778177228549
1984-03-09,6.084440769696445
1984-03-10,6.130704924641691
1984-03-11,5.308137277314015
1984-03-12,4.508337524386195
1984-03-13,4.68337442963318
1984-03-14,4.888535402969677
1984-03-15,4.395123889485084
1984-03-16,4.235233253452246
1984-03-17,4.0917384175360665
1984-03-18,3.5824883123971016
1984-03-19,3.1750000035388157
1984-03-20,2.8590736042724196
1984-03-21,2.6117416777703655
1984-03-22,2.4162201585144136
1984-03-23,2.260132169125516
1984-03-24,2.1342736473706228
1984-03-25,2.673956010305979
1984-03-26,3.5641257395344432
1984-03-27,4.372687791199575
1984-03-28,4.649960576735374
1984-03-29,4.305279157001753
1984-03-30,4.893569321030555
1984-03-31,5.220130774696179
1984-04-01,4.729244552720794
1984-04-02,4.4801789277306785
1984-04-03,4.077131507692149
1984-04-04,3.5386080966164197
1984-04-05,3.137071578448825
1984-04-06,2.8256238305131505
1984-04-07,2.7526796159975997
1984-04-08,2.826349095687732
1984-04-09,2.692509985352142
1984-04-10,2.5899937496633894
1984-04-11,2.497494298763226
1984-04-12,2.3179046090821114
1984-04-13,2.173719667967612
1984-04-14,2.0571222663872284
1984-04-15,1.96186321168821
1984-04-16,1.8964557556985175
1984-04-17,1.837002823414134
1984-04-18,1.7781266999745338
1984-04-19,1.728001545879401
1984-04-20,1.701229623389508
1984-04-21,1.7407791087069195
1984-04-22,1.956105021788397
1984-04-23,2.8877337987762086
1984-04-24,2.906360009942603
1984-04-25,2.7467529211248993
1984-04-26,2.6006007842258563
1984-04-27,2.3717968365940343
1984-04-28,2.1903285884841224
1984-04-29,2.0453857011129397
1984-04-30,1.930320187352291
1984-05-01,1.8436365681718054
1984-05-02,2.7537609594594117
1984-05-03,2.973178765195179
1984-05-04,2.6040321691153476
1984-05-05,2.363824920552369
1984-05-06,2.1884881659636126
1984-05-07,2.598062285402008
1984-05-08,3.9550940310260017
1984-05-09,3.921550298930995
1984-05-10,3.6403853427419275
1984-05-11,3.386023519672215
1984-05-12,2.976123669732828
1984-05-13,2.652485455328945
1984-05-14,2.3996098124460423
1984-05-15,2.200434241059052
1984-05-16,2.042085838099721
1984-05-17,1.9150016584537408
1984-05-18,1.8120212452615505
1984-05-19,1.7277432965960138
1984-05-20,1.6580651955621493
1984-05-21,1.6844416631203336
1984-05-22,2.086638455107759
1984-05-23,2.065081109880935
1984-05-24,1.8988238947985516
1984-05-25,1.7882354531298146
1984-05-26,1.868045958950688
1984-05-27,1.9487766529186057
1984-05-28,1.8193400115670606
1984-05-29,1.8330572481295142
1984-05-30,1.8161075640203785
1984-05-31,1.7255148828512603
1984-06-01,1.6535965054314605
1984-06-02,1.5829481922702537
1984-06-03,1.5504130870220585
1984-06-04,1.53025852870146
1984-06-05,1.4789459294413325
1984-06-06,2.5713952591461564
1984-06-07,5.2536720671198225
1984-06-08,5.085011982609382
1984-06-09,4.643065733527892
1984-06-10,4.375167769645031
1984-06-11,4.669024560930867
1984-06-12,4.731498576121453
1984-06-13,4.896844166727307
1984-06-14,4.696737011544957
1984-06-15,4.0192561544654115
1984-06-16,3.416139037537882
1984-06-17,2.9708004595531246
1984-06-18,2.627499000226143
1984-06-19,2.541556365666819
1984-06-20,2.455419977482577
1984-06-21,2.300756249103975
1984-06-22,2.180462222098094
1984-06-23,2.0073574512303476
1984-06-24,1.8688495169710062
1984-06-25,1.75741045876246
1984-06-26,1.7529833594731254
1984-06-27,3.1046476058667722
1984-06-28,3.076050746110027
1984-06-29,2.6416407514145255
1984-06-30,2.3625861227593883
1984-07-01,2.1473486644832933
1984-07-02,1.9753416292540085
1984-07-03,1.8365398611136727
1984-07-04,1.7600464995015397
1984-07-05,1.807106822207988
1984-07-06,2.863541613669723
1984-07-07,4.111775979517429
1984-07-08,3.725158169308843
1984-07-09,3.148843943266422
1984-07-10,2.7507360229357105
1984-07-11,2.4428631925518496
1984-07-12,2.207319109108569
1984-07-13,2.0395046560127157
1984-07-14,1.9179737625211832
1984-07-15,1.7942708057412797
1984-07-16,1.6864685689377918
1984-07-17,1.7076722686126262
1984-07-18,1.8303657687466366
1984-07-19,2.652328982925827
1984-07-20,3.83478158134236
1984-07-21,3.485046137088933
1984-07-22,4.57876242972284
1984-07-23,4.460832735682921
1984-07-24,4.129774511443473
1984-07-25,3.89879754078026
1984-07-26,4.312120998444522
1984-07-27,4.454698465417605
1984-07-28,4.132183056102806
1984-07-29,3.552626948177512
1984-07-30,4.7843060448413075
1984-07-31,4.951068793248545
1984-08-01,4.159394594946982
1984-08-02,3.524547119287792
1984-08-03,3.0522315072228587
1984-08-04,2.688939613108128
1984-08-05,2.4068894324032297
1984-08-06,2.1858964927409352
1984-08-07,2.0111565861522327
1984-08-08,1.8717157209238275
1984-08-09,2.0407613497016936
1984-08-10,2.2615501943147973
1984-08-11,2.167572755371645
1984-08-12,2.034987930452426
1984-08-13,1.8756275233903528
1984-08-14,1.7919091380331427
1984-08-15,1.8178623924482
1984-08-16,1.7885964165701143
1984-08-17,1.6846857688612429
1984-08-18,1.5997361702714497
1984-08-19,1.5298188318290844
1984-08-20,1.471690493242691
1984-08-21,1.4228591740188
1984-08-22,1.381398954279114
1984-08-23,1.3499705785027725
1984-08-24,1.3201067785514362
1984-08-25,1.292141633025928
1984-08-26,1.2735523014680221
1984-08-27,1.2549522352662443
1984-08-28,1.2334651254094007
1984-08-29,1.2139856941362714
1984-08-30,1.1961874574084466
1984-08-31,1.179775867393561
1984-09-01,1.1674737153323422
1984-09-02,1.1542855211208374
1984-09-03,1.143191788307958
1984-09-04,1.2390486889115606
1984-09-05,2.408665116174258
1984-09-06,2.4388026204902635
1984-09-07,2.1975173359356384
1984-09-08,2.386905088369535
1984-09-09,2.2305294645840763
1984-09-10,3.580196787849413
1984-09-11,3.2615474375353983
1984-09-12,2.7978891248789135
1984-09-13,3.017874292227862
1984-09-14,3.2663536646459126
1984-09-15,3.6109786146245466
1984-09-16,3.1956222936784404
1984-09-17,2.728301268617802
1984-09-18,2.4487165071380885
1984-09-19,2.236439557924295
1984-09-20,2.009530310018454
1984-09-21,1.830509520047797
1984-09-22,1.6882272529789828
1984-09-23,1.5741463228257695
1984-09-24,1.4818560019839007
1984-09-25,1.4065075440637214
1984-09-26,1.3444087589701785
1984-09-27,1.2927302627364712
1984-09-28,1.2492908846033262
1984-09-29,1.212399684512256
1984-09-30,1.1807387972405052
1984-10-01,1.15327595380286
1984-10-02,1.1291987371531096
1984-10-03,1.1078648678627647
1984-10-04,1.0887643918954917
1984-10-05,1.0714907617716187
1984-10-06,1.0557186031079178
1984-10-07,1.0411865355612486
1984-10-08,1.027683835972204
1984-10-09,1.0150400374288486
1984-10-10,1.0031167828733554
1984-10-11,0.9918014182122601
1984-10-12,0.9810019336239743
1984-10-13,0.970642954305256
1984-10-14,0.9606625514862973
1984-10-15,1.3565115406010257
1984-10-16,3.0438984421350557
1984-10-17,2.58826031980011
1984-10-18,2.173826473897915
1984-10-19,1.9223560310004217
1984-10-20,1.7253661420282684
1984-10-21,1.569761200102155
1984-10-22,1.475992371588327
1984-10-23,1.6164636195384239
1984-10-24,2.6491431221450426
1984-10-25,3.02938899623541
1984-10-26,3.5323123304815183
1984-10-27,4.157461027514649
1984-10-28,3.695507575289034
1984-10-29,3.961024162270936
1984-10-30,4.048946875518042
1984-10-31,5.00135135394088
1984-11-01,4.564624756198012
1984-11-02,3.7429759720690563
1984-11-03,3.1697703393349603
1984-11-04,2.7126215130104243
1984-11-05,2.3614872309826302
1984-11-06,3.362282332424528
1984-11-07,3.5729504429810284
1984-11-08,3.043835462846365
1984-11-09,2.615246758016252
1984-11-10,2.2908869508745
1984-11-11,2.9962402030472695
1984-11-12,4.637015349559891
1984-11-13,5.529438246203007
1984-11-14,5.27415128743707
1984-11-15,6.513878036801114
1984-11-16,6.43047305197421
1984-11-17,5.290226290834524
1984-11-18,4.3423357084391245
1984-11-19,3.6383986208563477
1984-11-20,3.9337256894155463
1984-11-21,4.729266690703443
1984-11-22,4.265801744061663
1984-11-23,3.5884787479033555
1984-11-24,3.0743644776831673
1984-11-25,2.6804078976854147
1984-11-26,2.5050858367304714
1984-11-27,2.3360256110951445
1984-11-28,3.2053096914556107
1984-11-29,3.50204073992205
1984-11-30,3.0828723292069857
1984-12-01,3.3380916764585717
1984-12-02,4.164559430599236
1984-12-03,5.3423115536199
1984-12-04,4.995000920161062
1984-12-05,4.125421334261385
1984-12-06,3.4962035990242435
1984-12-07,3.5959968364989057
1984-12-08,3.6982269376736823
1984-12-09,3.283597617865004
1984-12-10,2.84972335859074
1984-12-11,2.5219486308011017
1984-12-12,2.266646139857712
1984-12-13,2.0659796295968604
1984-12-14,1.9068220375831075
1984-12-15,2.798878258872152
1984-12-16,3.2467483249015174
1984-12-17,4.623831458019684
1984-12-18,6.165393400954709
1984-12-19,8.26459703336002
1984-12-20,7.802581898229014
1984-12-21,6.22246707556723
1984-12-22,5.095645912837851
1984-12-23,4.255155238910517
1984-12-24,3.6215623901701988
1984-12-25,4.551475671524326
1984-12-26,7.760300937768791
1984-12-27,9.144296257720201
1984-12-28,7.876404993638764
1984-12-29,7.198860758704016
1984-12-30,7.1623919577166015
1984-12-31,7.433914433284927
1985-01-01,8.495447225767714
1985-01-02,7.73628956564509
1985-01-03,6.242689390481488
1985-01-04,5.1661703113267246
1985-01-05,4.361131835176988
1985-01-06,3.7526736620241876
1985-01-07,3.288091059620731
1985-01-08,3.1697235515794397
1985-01-09,4.216453947640637
1985-01-10,8.067655306963388
1985-01-11,8.824976847934302
1985-01-12,7.466689260337631
1985-01-13,6.249461788948246
1985-01-14,5.190993440644142
1985-01-15,4.399321995180282
1985-01-16,3.8007752640592454
1985-01-17,3.3435413011393647
1985-01-18,2.9907406007347004
1985-01-19,2.715830321812833
1985-01-20,2.49951102945688
1985-01-21,2.3276167551029996
1985-01-22,2.189657926068452
1985-01-23,2.0778035786290308
1985-01-24,1.986162819800508
1985-01-25,1.910272501433674
1985-01-26,1.8467285280467653
1985-01-27,1.792918219122232
1985-01-28,1.7468244406013165
1985-01-29,1.706881159177037
1985-01-30,1.7564370526045554
1985-01-31,1.7986821579127648
1985-02-01,1.743105873066292
1985-02-02,9.257990035965461
1985-02-03,17.930593349946943
1985-02-04,13.38274430295886
1985-02-05,10.591344978360683
1985-02-06,8.904061852137978
1985-02-07,7.256031539733423
1985-02-08,5.950359062235268
1985-02-09,4.98439957946921
1985-02-10,4.258536283577405
1985-02-11,3.9480395707044686
1985-02-12,3.694236998064094
1985-02-13,5.276762989244035
1985-02-14,5.922111521801789
1985-02-15,6.431358995256193
1985-02-16,8.32067459396468
1985-02-17,8.677631743419509
1985-02-18,7.332435218955702
1985-02-19,6.023404048917577
1985-02-20,5.062862824963602
1985-02-21,4.340869817587654
1985-02-22,6.348625263953697
1985-02-23,6.959114771978442
1985-02-24,5.826603638447367
1985-02-25,5.20528972482748
1985-02-26,4.630632594972736
1985-02-27,4.579392401508108
1985-02-28,4.273356633213776
1985-03-01,3.73602990027784
1985-03-02,3.336148212214553
1985-03-03,3.0254719340812692
1985-03-04,2.817024349629916
1985-03-05,3.9015037442676204
1985-03-06,4.340663801697212
1985-03-07,4.114505989573879
1985-03-08,3.770955793424146
1985-03-09,3.347216533431889
1985-03-10,3.0279884129270904
1985-03-11,2.777862338186262
1985-03-12,2.579913315626768
1985-03-13,3.424253898899472
1985-03-14,4.4250115661202605
1985-03-15,4.071559091743189
1985-03-16,5.506746950142723
1985-03-17,5.66874927281032
1985-03-18,4.751334333744328
1985-03-19,4.101853332347064
1985-03-20,3.606637650753656
1985-03-21,3.2251890534748964
1985-03-22,3.506492342370297
1985-03-23,4.283388880032899
1985-03-24,4.285498306897007
1985-03-25,3.8781176444768537
1985-03-26,3.4213971382056965
1985-03-27,3.3927277428952176
1985-03-28,3.3651358342422646
1985-03-29,3.1334783094096177
1985-03-30,2.9405133351604813
1985-03-31,2.768922201359196
1985-04-01,2.8627033045964296
1985-04-02,2.8751553255520257
1985-04-03,2.64148542319317
1985-04-04,2.458837639630132
1985-04-05,2.3124566715598474
1985-04-06,2.1939291683207904
1985-04-07,2.3439945875453825
1985-04-08,2.921617895172395
1985-04-09,2.8887954047670696
1985-04-10,2.6233197426290924
1985-04-11,2.4322567711193464
1985-04-12,2.2795458938496087
1985-04-13,2.1562540482171584
1985-04-14,2.055681382529816
1985-04-15,1.9727661794956006
1985-04-16,1.9036581051462793
1985-04-17,1.8454094467479294
1985-04-18,2.034237255741978
1985-04-19,2.225327329145408
1985-04-20,2.09834131674834
1985-04-21,1.9948334442263336
1985-04-22,2.0083533068612325
1985-04-23,2.0235181122269243
1985-04-24,1.9478087343005626
1985-04-25,1.8786928998211359
1985-04-26,1.8087268019213711
1985-04-27,1.7553135148794257
1985-04-28,1.7082591134979965
1985-04-29,1.663997362811445
1985-04-30,1.6290092906413056
1985-05-01,1.5971195588415636
1985-05-02,1.5665190391776689
1985-05-03,1.5391745758440825
1985-05-04,1.5145010875599036
1985-05-05,1.49201006773922
1985-05-06,1.9201279631659454
1985-05-07,2.042305668917907
1985-05-08,1.8767902767597109
1985-05-09,1.780606650488628
1985-05-10,1.7016689689146614
1985-05-11,1.636215268831135
1985-05-12,1.5813646846213676
1985-05-13,1.5348978011482524
1985-05-14,1.4950950812565675
1985-05-15,1.4606171404519344
1985-05-16,1.4304154159933988
1985-05-17,1.6285882987228384
1985-05-18,2.112983082169569
1985-05-19,2.026545712611886
1985-05-20,1.969692785198247
1985-05-21,1.8076196723640283
1985-05-22,1.703754718931334
1985-05-23,1.6189352227560698
1985-05-24,1.5491085858361329
1985-05-25,1.5361291485765831
1985-05-26,1.5238356136263411
1985-05-27,1.4677207580904705
1985-05-28,1.7362767294548986
1985-05-29,1.7789509502530514
1985-05-30,1.6322913694048633
1985-05-31,1.5499341896522367
1985-06-01,1.482160352079653
1985-06-02,1.4258266352568973
1985-06-03,1.378516998786625
1985-06-04,1.338363560737962
1985-06-05,1.3039143159585573
1985-06-06,1.2740346980096793
1985-06-07,1.24783383518571
1985-06-08,1.2246089559119697
1985-06-09,1.2038032253322823
1985-06-10,1.1996580179999745
1985-06-11,1.2070356792396704
1985-06-12,1.1911241142938043
1985-06-13,1.1702469509581748
1985-06-14,1.1513811617899745
1985-06-15,1.1342063459014364
1985-06-16,1.7527470674610433
1985-06-17,1.7998046049710634
1985-06-18,1.5172111889346074
1985-06-19,1.4066660248826774
1985-06-20,1.3376546426430898
1985-06-21,1.2806923179775584
1985-06-22,1.233210813786963
1985-06-23,1.193229448620187
1985-06-24,1.1592120652942925
1985-06-25,1.1299609282024792
1985-06-26,1.1045374712673532
1985-06-27,1.0822027155331997
1985-06-28,1.0623721982253318
1985-06-29,1.0587300743119858
1985-06-30,1.054330945218415
1985-07-01,1.0355066146745333
1985-07-02,1.0185145846773014
1985-07-03,1.0030844261734877
1985-07-04,0.9889401367435252
1985-07-05,0.9758597564524583
1985-07-06,0.9636773871326761
1985-07-07,0.9522271495558673
1985-07-08,0.9413904068791609
1985-07-09,0.93107992007177
1985-07-10,0.9212170662469611
1985-07-11,0.9117373741535891
1985-07-12,0.9090489054659742
1985-07-13,0.9131318649989154
1985-07-14,0.907449035655758
1985-07-15,0.8958890934674527
1985-07-16,0.899622560311557
1985-07-17,1.3368602532043257
1985-07-18,0.987417461275066
1985-07-19,0.9265824352872646
1985-07-20,0.9068494078645141
1985-07-21,0.8894339938139421
1985-07-22,0.8739027444111168
1985-07-23,0.8599105054693147
1985-07-24,0.8471813268179571
1985-07-25,0.835493741305717
1985-07-26,0.8246693569330242
1985-07-27,0.8145639747920771
1985-07-28,0.8050606425613337
1985-07-29,0.7960641985528732
1985-07-30,0.7874969690188608
1985-07-31,0.7792953617532707
1985-08-01,0.7714071592667539
1985-08-02,0.7637893602277087
1985-08-03,0.7564064522730632
1985-08-04,0.7492290254904033
1985-08-05,0.7422609642820762
1985-08-06,0.7354351466845762
1985-08-07,0.7287384560183893
1985-08-08,0.7221720216661796
1985-08-09,0.7174213599590349
1985-08-10,2.092350784986706
1985-08-11,0.9983384054257621
1985-08-12,0.8085396762652085
1985-08-13,0.7850724001501391
1985-08-14,0.7648991464871432
1985-08-15,0.7479854448713991
1985-08-16,1.0640184825956331
1985-08-17,0.8459481352327615
1985-08-18,0.7707179525335741
1985-08-19,0.749386868455226
1985-08-20,0.7309780582657397
1985-08-21,0.7149309326757033
1985-08-22,0.700800912116712
1985-08-23,0.6882339436150374
1985-08-24,0.6769469455041764
1985-08-25,0.6667127231574045
1985-08-26,0.6573482761480741
1985-08-27,0.6487056918499747
1985-08-28,0.6406650217190435
1985-08-29,0.6331286848901198
1985-08-30,0.6265670165592492
1985-08-31,0.6199883528324398
1985-09-01,0.6163643486828128
1985-09-02,0.6148653173144131
1985-09-03,0.609076829239315
1985-09-04,0.6021844876910377
1985-09-05,0.5956429816807834
1985-09-06,0.5894074655293502
1985-09-07,0.5834334593855981
1985-09-08,0.57768428439807
1985-09-09,0.572129613057326
1985-09-10,0.5667443029262664
1985-09-11,0.5615074555162055
1985-09-12,0.5564016546382212
1985-09-13,0.5514123482853965
1985-09-14,0.5465273456561707
1985-09-15,1.7340516908123487
1985-09-16,0.7730474439650618
1985-09-17,0.6325338592929058
1985-09-18,0.6125986468076479
1985-09-19,0.5955476741560808
1985-09-20,0.5808257654384057
1985-09-21,0.5728375416862118
1985-09-22,0.7110443594974479
1985-09-23,0.6233074779635718
1985-09-24,0.5754197953118861
1985-09-25,0.5614550754305307
1985-09-26,0.5494635149731857
1985-09-27,0.5393593490638424
1985-09-28,0.531941908336108
1985-09-29,0.5243942943124408
1985-09-30,0.5159937760367983
1985-10-01,0.5083570066877214
1985-10-02,0.7303672918123766
1985-10-03,0.5959024559513777
1985-10-04,0.5357100965083245
1985-10-05,0.5230444084249404
1985-10-06,0.5119555897705533
1985-10-07,0.5021558268708116
1985-10-08,0.49341400907428595
1985-10-09,2.504609220870472
1985-10-10,1.1511986142955755
1985-10-11,0.8765554443610794
1985-10-12,0.79914187134597
1985-10-13,0.751042687191188
1985-10-14,1.0519704603016995
1985-10-15,1.102450047763001
1985-10-16,2.101942154772208
1985-10-17,2.7746186518566645
1985-10-18,3.4962873626942454
1985-10-19,3.0112902710736997
1985-10-20,2.826542139155919
1985-10-21,2.3127695031432665
1985-10-22,2.115176882850274
1985-10-23,2.793039880601761
1985-10-24,2.320677154337504
1985-10-25,3.7963675269254913
1985-10-26,3.6601792134605944
1985-10-27,2.9708132712852606
1985-10-28,2.441056279767996
1985-10-29,2.0957577489537194
1985-10-30,1.97080871475947
1985-10-31,1.7091899512520816
1985-11-01,1.9116133344109307
1985-11-02,2.409992745886159
1985-11-03,2.5016613949817628
1985-11-04,2.5154996180231723
1985-11-05,2.4718510931427424
1985-11-06,2.8007464741204884
1985-11-07,2.436099187398162
1985-11-08,2.042297699987427
1985-11-09,1.7587870890647093
1985-11-10,1.7347132112079269
1985-11-11,1.7549114188885617
1985-11-12,1.7309700987163605
1985-11-13,1.5327953184733396
1985-11-14,1.3559825804040535
1985-11-15,1.2228480342260604
1985-11-16,1.116746353804525
1985-11-17,1.0315405692586548
1985-11-18,0.9670626589239927
1985-11-19,1.0776832511430021
1985-11-20,1.0727621731183412
1985-11-21,1.1289599383455287
1985-11-22,1.1055774620638592
1985-11-23,1.5602848505157227
1985-11-24,1.4503630663131535
1985-11-25,1.2747901364203347
1985-11-26,1.3415807312466892
1985-11-27,1.9943274470078223
1985-11-28,3.912270890380242
1985-11-29,4.321992062745614
1985-11-30,3.625916098810048
1985-12-01,2.968949642423589
1985-12-02,2.58700780903416
1985-12-03,2.2154891878178637
1985-12-04,1.9080448883257957
1985-12-05,1.6693859671372036
1985-12-06,1.6272489245368604
1985-12-07,1.974440505795174
1985-12-08,2.8064065967063154
1985-12-09,2.6076972179423064
1985-12-10,2.1902718644698953
1985-12-11,3.7625646467963705
1985-12-12,8.69040880970938
1985-12-13,14.00783495899482
1985-12-14,13.563588471245373
1985-12-15,10.81716122610834
1985-12-16,10.063090501970175
1985-12-17,10.011745561491965
1985-12-18,8.92972360610983
1985-12-19,7.83737544512181
1985-12-20,6.49587303587722
1985-12-21,6.838356560191865
1985-12-22,8.798399307383061
1985-12-23,8.107917398080897
1985-12-24,6.824863575471704
1985-12-25,6.186621256857929
1985-12-26,5.52264517570795
1985-12-27,5.744789679825907
1985-12-28,5.5870755573034545
1985-12-29,4.751145286604766
1985-12-30,3.9656753723983864
1985-12-31,3.379978929271749
1986-01-01,2.932888852064645
1986-01-02,2.5883558594039315
1986-01-03,2.3203939300214977
1986-01-04,2.1100820648505105
1986-01-05,1.943514689178138
1986-01-06,2.3567641497926943
1986-01-07,3.5349026255293623
1986-01-08,7.495690306364538
1986-01-09,10.381696638239918
1986-01-10,9.81870553208534
1986-01-11,8.992155889974105
1986-01-12,7.631776417441292
1986-01-13,6.7167687831692815
1986-01-14,5.781749956392748
1986-01-15,5.760343170970212
1986-01-16,5.244791634704683
1986-01-17,4.373474871673165
1986-01-18,3.734450047603584
1986-01-19,3.2476829272749446
1986-01-20,2.8732497051593153
1986-01-21,2.5824649443873517
1986-01-22,2.3545048912479247
1986-01-23,2.1741082093657558
1986-01-24,2.308435945491958
1986-01-25,2.3638690390207424
1986-01-26,2.167162783159048
1986-01-27,2.469082365436245
1986-01-28,2.682899072818442
1986-01-29,2.643076306793396
1986-01-30,6.593025944493198
1986-01-31,7.371388740497006
1986-02-01,7.162149434815792
1986-02-02,7.371440808300903
1986-02-03,6.378740564818774
1986-02-04,5.234683188922035
1986-02-05,4.52443502986118
1986-02-06,4.058497705388163
1986-02-07,3.669316075998559
1986-02-08,5.020302542979256
1986-02-09,8.66625054283199
1986-02-10,8.734123932285906
1986-02-11,6.949514566725206
1986-02-12,6.0205545370270315
1986-02-13,6.676104338305479
1986-02-14,6.732798660887703
1986-02-15,6.9237827200057405
1986-02-16,6.515120461258193
1986-02-17,5.522606820433438
1986-02-18,4.65423038750697
1986-02-19,3.999213867171985
1986-02-20,3.5014367385122522
1986-02-21,4.327671181921521
1986-02-22,5.009532187749618
1986-02-23,6.078078793657831
1986-02-24,6.238915169845041
1986-02-25,5.369726690252551
1986-02-26,4.53817594430745
1986-02-27,3.9194643874029205
1986-02-28,3.4683530680775054
1986-03-01,3.110226221655316
1986-03-02,2.820282528661821
1986-03-03,2.59237903893475
1986-03-04,2.411503661067001
1986-03-05,2.2665123074559346
1986-03-06,2.1678220737403144
1986-03-07,2.0849011994353543
1986-03-08,1.9993994006798899
1986-03-09,1.928117271455945
1986-03-10,1.8680989604871492
1986-03-11,1.8169829496428
1986-03-12,1.772941486225684
1986-03-13,1.9989770419632007
1986-03-14,2.2251072741756337
1986-03-15,2.6301278524756175
1986-03-16,2.8907326913030738
1986-03-17,2.8093576212435747
1986-03-18,2.9033042217668696
1986-03-19,2.996172010095837
1986-03-20,2.9589336812915175
1986-03-21,2.7311050068440355
1986-03-22,2.4814150147845018
1986-03-23,2.291180821421634
1986-03-24,2.260650822252044
1986-03-25,2.8525270051531
1986-03-26,3.6110699619652764
1986-03-27,3.565125037287434
1986-03-28,3.1551855120394605
1986-03-29,3.0750076121835446
1986-03-30,3.565569475004352
1986-03-31,3.584254623043684
1986-04-01,3.8861038849635183
1986-04-02,4.864292007160841
1986-04-03,7.955400039189164
1986-04-04,8.029004002538278
1986-04-05,6.4262407886674096
1986-04-06,5.44667731789255
1986-04-07,4.728028498854502
1986-04-08,4.035254736787515
1986-04-09,3.5082942279882516
1986-04-10,3.1038085998810225
1986-04-11,2.95960662141476
1986-04-12,2.8895036012738493
1986-04-13,2.90131061518962
1986-04-14,3.1086664247767763
1986-04-15,2.9116453333268146
1986-04-16,2.6347031340616986
1986-04-17,2.46242667486184
1986-04-18,2.4682874964244106
1986-04-19,2.457593560818461
1986-04-20,2.402283642495485
1986-04-21,2.7633212416492268
1986-04-22,3.9867386493261456
1986-04-23,3.9969073547887444
1986-04-24,3.440135591961063
1986-04-25,3.0390833037986273
1986-04-26,2.7280928341581934
1986-04-27,2.4847817095353775
1986-04-28,2.2925990964846426
1986-04-29,2.1393372633956163
1986-04-30,2.044077774174368
1986-05-01,1.9587417081698764
1986-05-02,2.506681641249943
1986-05-03,3.0475097453631297
1986-05-04,2.7535148997605323
1986-05-05,2.482718220587028
1986-05-06,2.415593857962679
1986-05-07,2.5785356052850745
1986-05-08,2.4689836006834422
1986-05-09,2.612629122212763
1986-05-10,2.5525416686625353
1986-05-11,2.3112877801523246
1986-05-12,2.139063060147834
1986-05-13,2.0017755446622996
1986-05-14,1.8905879033249195
1986-05-15,1.9201787718583436
1986-05-16,1.9335063089352609
1986-05-17,1.8313523725743315
1986-05-18,1.7472494365940403
1986-05-19,1.6776743874034008
1986-05-20,1.6300182264856211
1986-05-21,1.653994514515259
1986-05-22,1.6930948343012553
1986-05-23,1.9563453831144573
1986-05-24,2.0161329634140093
1986-05-25,1.8622155273345877
1986-05-26,1.9230677740029607
1986-05-27,1.9399687279062643
1986-05-28,1.8039298426887147
1986-05-29,1.7881150231600538
1986-05-30,1.7803297629897272
1986-05-31,1.6868791370116343
1986-06-01,1.7457933073057301
1986-06-02,2.790462298699779
1986-06-03,2.565651503844667
1986-06-04,2.26532153067759
1986-06-05,2.1248148868082635
1986-06-06,2.0297540961999445
1986-06-07,1.8793010788029285
1986-06-08,1.7583590743527167
1986-06-09,1.660430670028423
1986-06-10,1.6399880104415496
1986-06-11,1.6272045386157712
1986-06-12,1.5525521410381158
1986-06-13,1.4897354004455654
1986-06-14,1.436880979668814
1986-06-15,1.3920970844525569
1986-06-16,1.424466171957378
1986-06-17,1.462597787530575
1986-06-18,1.4086780805205004
1986-06-19,1.4412323848896114
1986-06-20,1.4693692325582797
1986-06-21,1.4123794342956202
1986-06-22,1.4185816658441492
1986-06-23,1.45799644422849
1986-06-24,1.428016914382871
1986-06-25,1.3714213451828876
1986-06-26,1.3234454558253537
1986-06-27,1.2990306982515885
1986-06-28,1.2737193459273477
1986-06-29,1.2555578236186127
1986-06-30,1.6008321102081806
1986-07-01,1.5898512463887229
1986-07-02,1.4573751468784522
1986-07-03,1.3841103811321227
1986-07-04,1.327673354016275
1986-07-05,1.3715113000063874
1986-07-06,1.4271984815957974
1986-07-07,1.3597764399288392
1986-07-08,1.300493039486838
1986-07-09,1.25013095382587
1986-07-10,1.2078217529479909
1986-07-11,1.1719125254592029
1986-07-12,1.1411150158029835
1986-07-13,1.114420128191788
1986-07-14,1.0910336697899419
1986-07-15,1.0703277595490734
1986-07-16,1.051803869140101
1986-07-17,1.0350645558584652
1986-07-18,1.0197917297119345
1986-07-19,1.0057298607499527
1986-07-20,0.9926729419090133
1986-07-21,0.980454321608808
1986-07-22,1.012768221411264
1986-07-23,1.058717051271247
1986-07-24,1.8809167690501998
1986-07-25,1.6315835731618151
1986-07-26,1.450020627369686
1986-07-27,1.3005135906663792
1986-07-28,1.2259953616799324
1986-07-29,1.1649046637862586
1986-07-30,1.1144186885591998
1986-07-31,1.0723007909147637
1986-08-01,1.0368202514620295
1986-08-02,1.0066305618700444
1986-08-03,0.9806787562667157
1986-08-04,0.9581374201098548
1986-08-05,0.9383533836951351
1986-08-06,0.9208087752736414
1986-08-07,0.9050912893491075
1986-08-08,0.8908713680407255
1986-08-09,0.877927699913574
1986-08-10,0.8659774310898847
1986-08-11,0.8548503110098196
1986-08-12,0.8444334874293409
1986-08-13,0.8346132381452108
1986-08-14,0.825296790809356
1986-08-15,0.8164082364636588
1986-08-16,0.8078852829937357
1986-08-17,0.8043905023673769
1986-08-18,0.8005333379891214
1986-08-19,0.7916316799514509
1986-08-20,0.7831166793165537
1986-08-21,0.7751887483091603
1986-08-22,0.767395679335051
1986-08-23,0.7597601132222862
1986-08-24,0.753767232154617
1986-08-25,0.790810999205617
1986-08-26,0.8100759421055864
1986-08-27,0.755958652771329
1986-08-28,0.7502051336422259
1986-08-29,0.9106402704563847
1986-08-30,0.7813947509474417
1986-08-31,0.7454153034254879
1986-09-01,0.8148296582786841
1986-09-02,0.8308247490116619
1986-09-03,0.9396144089178406
1986-09-04,1.1020872233793784
1986-09-05,0.8224999359237257
1986-09-06,0.7695036041032579
1986-09-07,0.7492740628289557
1986-09-08,1.493277870071326
1986-09-09,1.0800700904064617
1986-09-10,1.2145941848679245
1986-09-11,1.0366464617424531
1986-09-12,0.9151488547779327
1986-09-13,0.865644608134355
1986-09-14,0.8247607998122851
1986-09-15,0.7963257253125758
1986-09-16,0.7713558158864137
1986-09-17,0.7455989960464603
1986-09-18,0.7236224833904449
1986-09-19,0.7047165993892511
1986-09-20,0.688293804080988
1986-09-21,0.6738875691900458
1986-09-22,0.6611259453854125
1986-09-23,0.6497112387046086
1986-09-24,0.6394043056441415
1986-09-25,0.630012359263009
1986-09-26,0.6213794582567572
1986-09-27,0.6133790564770383
1986-09-28,0.605908142348918
1986-09-29,0.5988826106763535
1986-09-30,0.5922335938688486
1986-10-01,0.5859045431884635
1986-10-02,0.5798488986535636
1986-10-03,0.5770328578847687
1986-10-04,0.8955112136839319
1986-10-05,0.7583133054564432
1986-10-06,0.6547028983238704
1986-10-07,0.8597496915685005
1986-10-08,0.6959882702467065
1986-10-09,0.6453625885543742
1986-10-10,0.6253327361350178
1986-10-11,0.6081580950305904
1986-10-12,0.5932933700132225
1986-10-13,0.580305172910458
1986-10-14,0.5688476714893915
1986-10-15,0.558643844618417
1986-10-16,0.5494709812184146
1986-10-17,0.5411494091263463
1986-10-18,0.533533694961498
1986-10-19,0.5265057437424175
1986-10-20,0.5254103182732411
1986-10-21,0.5413350846603974
1986-10-22,0.6145063400963945
1986-10-23,0.5609613264869878
1986-10-24,0.539081805838531
1986-10-25,0.5281074566979365
1986-10-26,0.5183628593308818
1986-10-27,0.509629237798329
1986-10-28,0.5017300662363698
1986-10-29,1.2104795923363587
1986-10-30,1.0392562268586467
1986-10-31,0.9297327449665351
1986-11-01,0.988673956290293
1986-11-02,0.7824458175087413
1986-11-03,0.8812770464786345
1986-11-04,1.0242286489382477
1986-11-05,0.9918842524024871
1986-11-06,1.078005809842318
1986-11-07,0.8602501965015846
1986-11-08,1.2313144154183226
1986-11-09,1.0832542103582277
1986-11-10,1.8217088701836524
1986-11-11,1.3504898346328684
1986-11-12,1.139256147919269
1986-11-13,1.0123122348435911
1986-11-14,0.9113957919273185
1986-11-15,0.830610476621978
1986-11-16,0.7654889000385842
1986-11-17,0.7550551549032143
1986-11-18,0.7555072577733172
1986-11-19,0.8614002025520128
1986-11-20,0.7659457391206588
1986-11-21,1.1371457691525773
1986-11-22,0.9303577952858278
1986-11-23,1.31104488953295
1986-11-24,1.0793929592386764
1986-11-25,0.9425148434836729
1986-11-26,0.855352545519484
1986-11-27,0.78525811496766
1986-11-28,0.7288552979820175
1986-11-29,0.6841101568601814
1986-11-30,0.645733019061501
1986-12-01,0.6139736295517063
1986-12-02,0.5874912262099597
1986-12-03,0.5652315937687856
1986-12-04,0.546368626904572
1986-12-05,1.5548517779445676
1986-12-06,3.910990850505956
1986-12-07,3.5382150539072845
1986-12-08,2.8140634778738343
1986-12-09,3.7563511097504514
1986-12-10,4.538009661807012
1986-12-11,3.858334449464069
1986-12-12,3.3955776965817734
1986-12-13,3.1066476049033143
1986-12-14,4.001343462537063
1986-12-15,4.477430017940303
1986-12-16,4.19134306080168
1986-12-17,5.597295405556525
1986-12-18,5.106030050640816
1986-12-19,4.044722976334534
1986-12-20,4.605730440745194
1986-12-21,5.48741383388014
1986-12-22,5.06757163225829
1986-12-23,6.08904615812267
1986-12-24,7.27130799587486
1986-12-25,6.692707222765043
1986-12-26,9.144304209983689
1986-12-27,8.744443268568348
1986-12-28,8.946434505924595
1986-12-29,8.732203128941098
1986-12-30,7.427401352570963
1986-12-31,6.547339433658163
1987-01-01,5.476223349064619
1987-01-02,5.446194848772105
1987-01-03,5.14852861380482
1987-01-04,4.309557584178378
1987-01-05,3.585249826658325
1987-01-06,3.0422381702123964
1987-01-07,3.282783019339128
1987-01-08,3.086913625974686
1987-01-09,2.648283041448252
1987-01-10,2.325330175552835
1987-01-11,2.4007983074630994
1987-01-12,2.651514832063101
1987-01-13,2.428324051994625
1987-01-14,2.1462367842150414
1987-01-15,3.873580159631086
1987-01-16,5.878548506430973
1987-01-17,5.771522993115848
1987-01-18,4.769993838346262
1987-01-19,3.9506025803525664
1987-01-20,3.338314649434231
1987-01-21,2.872160475481127
1987-01-22,3.113118946342199
1987-01-23,3.0579423491223765
1987-01-24,3.2188031018555883
1987-01-25,2.9215870820074064
1987-01-26,2.5568248461071255
1987-01-27,4.993161340158967
1987-01-28,6.310456518107201
1987-01-29,5.78365182781807
1987-01-30,5.7081758733729435
1987-01-31,6.021134568819472
1987-02-01,5.825939142078347
1987-02-02,5.04504236908118
1987-02-03,4.21531640464099
1987-02-04,3.6079849127527424
1987-02-05,3.1252713607712326
1987-02-06,2.849812212693893
1987-02-07,2.997578979798423
1987-02-08,2.847033985645341
1987-02-09,2.520630876799157
1987-02-10,2.373266956166081
1987-02-11,2.9329178479927656
1987-02-12,3.468145777422755
1987-02-13,5.391486320259655
1987-02-14,5.546388640594986
1987-02-15,5.886922283213305
1987-02-16,6.0804481368807854
1987-02-17,5.273897785294842
1987-02-18,4.43005298699753
1987-02-19,4.945529941044296
1987-02-20,5.487904717343533
1987-02-21,5.813580169386785
1987-02-22,5.181882698740423
1987-02-23,4.314276966847673
1987-02-24,3.67763007325015
1987-02-25,4.167946839659347
1987-02-26,4.085100663908549
1987-02-27,3.482051609798425
1987-02-28,3.0452353851661855
1987-03-01,2.7080159613353216
1987-03-02,2.4452152076765876
1987-03-03,2.2384859913654567
1987-03-04,2.074334503763091
1987-03-05,1.9427506638367251
1987-03-06,1.8362489573952754
1987-03-07,1.7491896805098843
1987-03-08,1.6772939215284104
1987-03-09,1.6172938176998406
1987-03-10,1.5666781995131303
1987-03-11,1.5235061209236722
1987-03-12,1.4862691240611159
1987-03-13,1.4537887769838054
1987-03-14,1.425139938958016
1987-03-15,1.399592928123046
1987-03-16,1.3765696730700467
1987-03-17,1.3556102774579646
1987-03-18,1.336347386837856
1987-03-19,1.3184864359820925
1987-03-20,1.3017903532246218
1987-03-21,1.2860676609645232
1987-03-22,1.3467474984080354
1987-03-23,1.4281184002703438
1987-03-24,2.106433511890142
1987-03-25,3.829664832747387
1987-03-26,4.583926086104335
1987-03-27,4.473539397852634
1987-03-28,3.9290535206538237
1987-03-29,3.348910942306301
1987-03-30,2.901329520078399
1987-03-31,2.5565206034687376
1987-04-01,2.2884363889584036
1987-04-02,2.078112657194037
1987-04-03,1.911613274873256
1987-04-04,1.7786081007159134
1987-04-05,1.6713779853670114
1987-04-06,1.584111273189882
1987-04-07,1.5124015248870235
1987-04-08,1.452885616051714
1987-04-09,1.4281128970194674
1987-04-10,1.4110313111267745
1987-04-11,1.3660082932962554
1987-04-12,1.3274845928619705
1987-04-13,1.2942946725141973
1987-04-14,1.3494375590064471
1987-04-15,1.4084743953528822
1987-04-16,1.3565853802168217
1987-04-17,1.3125518393231783
1987-04-18,1.8173742638208472
1987-04-19,2.1244245945792746
1987-04-20,2.09361292036389
1987-04-21,2.3511618175885256
1987-04-22,2.3289328022644917
1987-04-23,2.056124921258869
1987-04-24,1.8676465521270025
1987-04-25,1.718096392231999
1987-04-26,1.598396227409416
1987-04-27,1.5017292495680803
1987-04-28,1.422947235413998
1987-04-29,1.3581354316413148
1987-04-30,1.4161533663420443
1987-05-01,1.465098872933681
1987-05-02,1.3899416752064477
1987-05-03,1.326814847770433
1987-05-04,1.2743566545269245
1987-05-05,1.6161234370616462
1987-05-06,2.0621961543047997
1987-05-07,2.526547554323376
1987-05-08,2.283152442429753
1987-05-09,2.058559840959931
1987-05-10,1.8987896990928077
1987-05-11,2.0238341048327704
1987-05-12,2.0729206651515257
1987-05-13,1.84211687301865
1987-05-14,3.6239361731536444
1987-05-15,4.026244892273181
1987-05-16,3.370832198566472
1987-05-17,2.8620266918276127
1987-05-18,2.487976033577677
1987-05-19,2.60435083775027
1987-05-20,2.9171831773138326
1987-05-21,3.4569654545996875
1987-05-22,3.6913800632350795
1987-05-23,3.227838060560407
1987-05-24,2.752804066758456
1987-05-25,2.4063159339910345
1987-05-26,2.1367643797231746
1987-05-27,1.9257203294220424
1987-05-28,1.7590416680240377
1987-05-29,1.6262517480755794
1987-05-30,1.5195261731786178
1987-05-31,1.4329769767648102
1987-06-01,1.3621419102191723
1987-06-02,1.3036167048029366
1987-06-03,1.2547879919336271
1987-06-04,1.213637754791082
1987-06-05,1.1785990602681482
1987-06-06,1.1484488581842245
1987-06-07,1.4142588776522658
1987-06-08,1.529070379148797
1987-06-09,1.3955865632864726
1987-06-10,1.3483417807550175
1987-06-11,1.303370902041505
1987-06-12,1.2444237662972981
1987-06-13,1.1952522218963513
1987-06-14,1.1539561543174173
1987-06-15,1.1189226346921357
1987-06-16,1.0888936866485166
1987-06-17,1.0628832778230812
1987-06-18,1.0401148793295698
1987-06-19,1.0199742097131548
1987-06-20,1.0019732636093706
1987-06-21,0.9857227798374074
1987-06-22,0.9709110588866686
1987-06-23,0.9572875845848451
1987-06-24,0.9446503005044605
1987-06-25,0.9340098676813232
1987-06-26,0.9318200931018912
1987-06-27,1.178405312390719
1987-06-28,1.1244347662243577
1987-06-29,1.6952022876544726
1987-06-30,2.1389918194662254
1987-07-01,1.6920633985708522
1987-07-02,1.4895276461979774
1987-07-03,1.3687317399514145
1987-07-04,1.271784061999406
1987-07-05,1.1933181494000722
1987-07-06,1.1292611620746218
1987-07-07,1.970625511361183
1987-07-08,3.383697648145354
1987-07-09,2.795550187041419
1987-07-10,2.3400668501201944
1987-07-11,2.0447419435666068
1987-07-12,1.80629206508081
1987-07-13,1.6193067351486874
1987-07-14,1.4714786120972845
1987-07-15,1.3536490781795385
1987-07-16,1.2589544171433729
1987-07-17,1.1822129769375518
1987-07-18,1.164989057668115
1987-07-19,2.3646114613214038
1987-07-20,2.6070144830528945
1987-07-21,2.1445903682291134
1987-07-22,1.898603313608234
1987-07-23,1.84973957411794
1987-07-24,1.7727181573073254
1987-07-25,1.6156200654822575
1987-07-26,2.1508304204430826
1987-07-27,2.1859878380054094
1987-07-28,2.0143319875312105
1987-07-29,1.905570590341943
1987-07-30,1.711218402202008
1987-07-31,1.543031167192593
1987-08-01,1.5618764280523154
1987-08-02,1.5929733790999838
1987-08-03,1.4403507287619062
1987-08-04,1.3558908591236625
1987-08-05,1.2853385430426592
1987-08-06,1.5585042214542024
1987-08-07,2.022666615993179
1987-08-08,2.261192877011285
1987-08-09,2.166766453371425
1987-08-10,1.9234281908180535
1987-08-11,1.6869633151276024
1987-08-12,1.5218401032954667
1987-08-13,1.390761560072292
1987-08-14,4.0858860766604845
1987-08-15,4.2427470645032415
1987-08-16,4.2873764493019335
1987-08-17,3.8308890621321976
1987-08-18,4.3976756395338095
1987-08-19,4.6993482395844355
1987-08-20,5.087185282274739
1987-08-21,5.284929073467102
1987-08-22,6.304445260917238
1987-08-23,6.724782250847657
1987-08-24,5.958618137398982
1987-08-25,4.859944160775666
1987-08-26,4.207183814928295
1987-08-27,3.728348391425513
1987-08-28,3.1313712391311674
1987-08-29,2.69001470927374
1987-08-30,2.350327114959774
1987-08-31,2.0865499245793355
1987-09-01,1.8799263213697202
1987-09-02,2.3221725310204597
1987-09-03,2.4886410007169015
1987-09-04,2.1561807595995632
1987-09-05,1.934149874905895
1987-09-06,1.759196795114093
1987-09-07,1.6201439238691064
1987-09-08,1.5701918137580124
1987-09-09,1.6096536878265777
1987-09-10,1.5659110865705825
1987-09-11,1.4630843806908291
1987-09-12,1.5329601407634739
1987-09-13,1.890537680688827
1987-09-14,1.8604530290331052
1987-09-15,1.6916429160294346
1987-09-16,2.616358997136082
1987-09-17,3.423651515085563
1987-09-18,3.328520329521526
1987-09-19,2.942427315908734
1987-09-20,2.5262407220070906
1987-09-21,2.218429681308647
1987-09-22,2.588220106265552
1987-09-23,3.523807983251197
1987-09-24,3.7042843100664284
1987-09-25,3.333360374848142
1987-09-26,2.8982944314338535
1987-09-27,2.5056896721112554
1987-09-28,2.208351209505799
1987-09-29,1.9764195241381968
1987-09-30,1.7939292502820792
1987-10-01,1.6490944160261025
1987-10-02,1.5850236766722823
1987-10-03,1.5939043405479898
1987-10-04,1.5326433648805755
1987-10-05,1.4376579520123265
1987-10-06,1.3601265003271494
1987-10-07,1.2964125808052593
1987-10-08,1.2435535058344784
1987-10-09,1.1992679199452199
1987-10-10,1.2213880536912145
1987-10-11,1.274168826732037
1987-10-12,1.2330972039925754
1987-10-13,1.1862320202225725
1987-10-14,1.2982513025546882
1987-10-15,1.4252810926925796
1987-10-16,1.6247948992352772
1987-10-17,2.4976520133095574
1987-10-18,2.6058849725428765
1987-10-19,3.0225587690459323
1987-10-20,2.7379348314710694
1987-10-21,2.3834948507466867
1987-10-22,2.145664434399894
1987-10-23,1.909477903377729
1987-10-24,1.725261242501826
1987-10-25,1.579284563466346
1987-10-26,1.712223168792561
1987-10-27,1.7809206634086534
1987-10-28,1.6030593584294375
1987-10-29,1.5929251023099347
1987-10-30,1.9888615471785895
1987-10-31,1.836995428998805
1987-11-01,1.9062545050959248
1987-11-02,1.7945637071943195
1987-11-03,6.0182417444186145
1987-11-04,8.016293596031744
1987-11-05,7.769650887338956
1987-11-06,6.68026221727492
1987-11-07,5.3996931144775075
1987-11-08,4.4075260884736
1987-11-09,3.6689261624020992
1987-11-10,3.1103018074035043
1987-11-11,2.6837158613446603
1987-11-12,2.354940056100559
1987-11-13,2.0992694836716064
1987-11-14,1.8986942965319422
1987-11-15,1.7399635306400991
1987-11-16,1.6132436109899064
1987-11-17,1.5111784510148925
1987-11-18,1.685610303167252
1987-11-19,1.8437256945665965
1987-11-20,1.6775141571451444
1987-11-21,1.5591830630783141
1987-11-22,1.4636540663699025
1987-11-23,1.3858312942547262
1987-11-24,1.3218397251916387
1987-11-25,1.2687136739693752
1987-11-26,1.224169625438415
1987-11-27,1.2691431247661262
1987-11-28,1.3688947385280736
1987-11-29,1.32487807634932
1987-11-30,2.7290241735323875
1987-12-01,2.8438938406776266
1987-12-02,2.488114407862983
1987-12-03,2.2234828674358
1987-12-04,1.9770594356652762
1987-12-05,1.7860652653245113
1987-12-06,1.6348609333449786
1987-12-07,1.5141211052374997
1987-12-08,1.4168636634487688
1987-12-09,1.3378219200595396
1987-12-10,1.442738214914128
1987-12-11,1.5940570062864692
1987-12-12,2.761550063326134
1987-12-13,3.0192860137661017
1987-12-14,3.949252192116486
1987-12-15,4.807993277419855
1987-12-16,4.396547424617286
1987-12-17,4.095920254754046
1987-12-18,4.035910566159527
1987-12-19,3.5237695892310454
1987-12-20,2.9832397403736857
1987-12-21,3.7717097190575166
1987-12-22,4.229965292146777
1987-12-23,3.726467111051193
1987-12-24,3.1422364887095675
1987-12-25,3.1409649401753583
1987-12-26,5.538754320509667
1987-12-27,6.346747405074965
1987-12-28,6.202502718588982
1987-12-29,5.376304830849771
1987-12-30,5.39929381367762
1987-12-31,5.352215405184939
1988-01-01,5.267593821800833
1988-01-02,5.303163401887947
1988-01-03,4.6520061785231865
1988-01-04,4.278183163668374
1988-01-05,5.212800379092202
1988-01-06,5.284250113448289
1988-01-07,7.587669687196612
1988-01-08,9.735935157015257
1988-01-09,9.047091639396061
1988-01-10,7.312315611076959
1988-01-11,5.904617941565044
1988-01-12,5.61823866550004
1988-01-13,6.413952662529734
1988-01-14,6.726671671389011
1988-01-15,6.116452719729234
1988-01-16,5.142315931313661
1988-01-17,4.984874018235048
1988-01-18,4.515469900818028
1988-01-19,3.855791135294965
1988-01-20,3.358286980386828
1988-01-21,3.1489792185895564
1988-01-22,2.916209892696422
1988-01-23,2.61238154205316
1988-01-24,2.886150831520339
1988-01-25,3.1876869488895956
1988-01-26,3.0692688186215746
1988-01-27,2.765290359892607
1988-01-28,2.709930094604852
1988-01-29,2.5505785918574704
1988-01-30,2.3221242622983325
1988-01-31,2.5709331003106226
1988-02-01,2.540026716393405
1988-02-02,2.305099829090809
1988-02-03,2.13039652358658
1988-02-04,1.9907209605231875
1988-02-05,1.8779657891174004
1988-02-06,1.7860371499650134
1988-02-07,1.7103216437611797
1988-02-08,1.647303110602941
1988-02-09,1.5942846992029391
1988-02-10,1.5491856397618173
1988-02-11,1.5103914925952668
1988-02-12,1.476642998185711
1988-02-13,1.4469530120913634
1988-02-14,1.4205440258634532
1988-02-15,1.3968008838881927
1988-02-16,1.3752347923380386
1988-02-17,1.3554557724724479
1988-02-18,1.3371514666901743
1988-02-19,1.401243138807139
1988-02-20,1.4709055467522516
1988-02-21,1.427964485626075
1988-02-22,1.3909000489023342
1988-02-23,1.3587501699319315
1988-02-24,1.3305530759887512
1988-02-25,1.3055509976637796
1988-02-26,1.2831442145112255
1988-02-27,1.262856061701641
1988-02-28,1.2443061368093213
1988-02-29,1.5049170443549678
1988-03-01,3.1021495890509994
1988-03-02,3.119314991923121
1988-03-03,2.672206379910856
1988-03-04,2.4575315706619056
1988-03-05,2.291359119600887
1988-03-06,2.065721166232171
1988-03-07,1.8874616657649204
1988-03-08,1.7456132969970415
1988-03-09,1.631722605333966
1988-03-10,1.5498737755006216
1988-03-11,1.4817702099884051
1988-03-12,1.5379276922095595
1988-03-13,2.690460440579425
1988-03-14,3.0658937076971693
1988-03-15,2.694882423219999
1988-03-16,2.366131698080876
1988-03-17,2.2058216425639157
1988-03-18,2.5885340296443213
1988-03-19,2.5715170958325593
1988-03-20,2.2578461509275227
1988-03-21,2.0316812067911
1988-03-22,1.853415160837696
1988-03-23,1.7116591492926656
1988-03-24,1.597928052851918
1988-03-25,1.505851042500377
1988-03-26,1.4306100278096838
1988-03-27,1.3685364438697176
1988-03-28,1.316819171866798
1988-03-29,1.273291208853778
1988-03-30,1.2362726410038853
1988-03-31,1.2044542127829934
1988-04-01,1.2031908790667074
1988-04-02,1.3834663589806866
1988-04-03,1.9586794768392977
1988-04-04,1.943111182791017
1988-04-05,1.762802882335725
1988-04-06,1.9650377272918353
1988-04-07,2.2106147160834637
1988-04-08,4.333492909224937
1988-04-09,4.779689287586351
1988-04-10,4.912826982719724
1988-04-11,4.875194231066593
1988-04-12,4.552709825668439
1988-04-13,4.142426143650241
1988-04-14,3.540905307616365
1988-04-15,3.020621218308777
1988-04-16,2.621822352945369
1988-04-17,2.493557473424642
1988-04-18,2.4144918710193615
1988-04-19,2.3109357219823727
1988-04-20,2.3121058292150325
1988-04-21,2.165021113350541
1988-04-22,1.958878250837088
1988-04-23,1.7936615703231442
1988-04-24,1.8304415404518959
1988-04-25,1.9280811812396672
1988-04-26,1.790316422844404
1988-04-27,3.454257877530018
1988-04-28,4.247041546409541
1988-04-29,3.6692585481514715
1988-04-30,3.1049273253194882
1988-05-01,3.255422393674555
1988-05-02,3.3313445728411852
1988-05-03,2.8468290237948444
1988-05-04,2.496848839916102
1988-05-05,2.370205032128242
1988-05-06,2.2528169262911586
1988-05-07,2.224655244008067
1988-05-08,2.916886547797866
1988-05-09,2.7075529100221263
1988-05-10,2.361430230834696
1988-05-11,2.1145802185858256
1988-05-12,1.9205970009066056
1988-05-13,1.7668084529762729
1988-05-14,1.643799659902827
1988-05-15,1.544520096709691
1988-05-16,1.5021462522062936
1988-05-17,1.5186908898955656
1988-05-18,1.5966119681894124
1988-05-19,1.6134322607338671
1988-05-20,1.5150029652553227
1988-05-21,2.3024329868392654
1988-05-22,3.223403102010627
1988-05-23,3.0948642982017827
1988-05-24,2.6706111533590136
1988-05-25,2.3463427073312526
1988-05-26,2.0937341082964145
1988-05-27,1.895466021874747
1988-05-28,1.7384874249564393
1988-05-29,1.6131080455496318
1988-05-30,1.512075526171457
1988-05-31,1.4299216393964536
1988-06-01,1.393148647193706
1988-06-02,1.3955952006507175
1988-06-03,1.3438175585792311
1988-06-04,1.2891983753925007
1988-06-05,1.2434271508949801
1988-06-06,1.2047044029829708
1988-06-07,1.171602058155977
1988-06-08,1.1430033852898718
1988-06-09,1.1180308811776158
1988-06-10,1.0959918504999824
1988-06-11,1.0763370945090753
1988-06-12,1.0586293740411292
1988-06-13,1.0425192054125774
1988-06-14,1.0277261897059138
1988-06-15,1.0140245407434
1988-06-16,1.0012318158425864
1988-06-17,0.9892001019921577
1988-06-18,0.9871183738708104
1988-06-19,0.9956824261065297
1988-06-20,0.983437055737466
1988-06-21,1.0982067199872956
1988-06-22,1.2336677818726747
1988-06-23,1.1182446077515762
1988-06-24,1.077049440448682
1988-06-25,1.043229314031807
1988-06-26,1.014324682538436
1988-06-27,0.9893635734249954
1988-06-28,0.9675811299737026
1988-06-29,0.9579367294025135
1988-06-30,0.9479286867676727
1988-07-01,0.9299018734081161
1988-07-02,0.9137184010334091
1988-07-03,0.8990959116174277
1988-07-04,0.885757642846707
1988-07-05,0.8734809369054233
1988-07-06,0.8620860350176239
1988-07-07,0.8515393882733163
1988-07-08,0.8444359526270024
1988-07-09,0.8353315047540913
1988-07-10,0.8257626514989956
1988-07-11,0.8166553784665981
1988-07-12,0.8079413780955887
1988-07-13,0.7995645279440168
1988-07-14,0.7914785858917058
1988-07-15,0.7837064592703714
1988-07-16,0.7761185653759385
1988-07-17,0.8693224125675973
1988-07-18,0.8566041242459607
1988-07-19,0.7955118186382643
1988-07-20,0.7826023537501311
1988-07-21,0.7708601713649555
1988-07-22,0.7600810942947134
1988-07-23,0.7501005580077983
1988-07-24,0.7407854623778034
1988-07-25,0.7320277950156701
1988-07-26,0.723739619734825
1988-07-27,0.7158491218923589
1988-07-28,0.7082974756235753
1988-07-29,0.7010363529684248
1988-07-30,0.694025936361058
1988-07-31,0.6872333273948162
1988-08-01,0.6806312687260337
1988-08-02,0.6741971143098033
1988-08-03,0.6679119972508542
1988-08-04,0.6617601554296947
1988-08-05,0.6557283834951825
1988-08-06,0.6498055863753687
1988-08-07,0.6455265987800592
1988-08-08,0.6412269048099606
1988-08-09,0.6352343776505572
1988-08-10,0.6293504980806812
1988-08-11,0.8284279462140173
1988-08-12,0.8367007377001655
1988-08-13,0.6664212898654348
1988-08-14,0.6348742051082524
1988-08-15,0.6323116699221222
1988-08-16,0.630903592597773
1988-08-17,0.6210858488966904
1988-08-18,0.6120028124516409
1988-08-19,0.6036516748525044
1988-08-20,0.5959087552219192
1988-08-21,0.5886737758065897
1988-08-22,0.5818651674142729
1988-08-23,0.5754163699736788
1988-08-24,0.5692729055999121
1988-08-25,0.5633900540106234
1988-08-26,0.5577309996054038
1988-08-27,0.5522653493683839
1988-08-28,0.5489776785882373
1988-08-29,0.5457691334768547
1988-08-30,0.5402374760750176
1988-08-31,0.5348942360183658
1988-09-01,0.5306603846482507
1988-09-02,0.5266629520043294
1988-09-03,0.5216055610656954
1988-09-04,0.5187480554265236
1988-09-05,0.5173192187148358
1988-09-06,0.5126318078104661
1988-09-07,0.5082215401621072
1988-09-08,0.5039213034523202
1988-09-09,0.4987487223016665
1988-09-10,0.49377089753084324
1988-09-11,0.4897552229039017
1988-09-12,0.48574669984653557
1988-09-13,0.4810428566534233
1988-09-14,0.4764800168318058
1988-09-15,0.47204507013809865
1988-09-16,0.46772288188889277
1988-09-17,0.4635008150665039
1988-09-18,0.4593682900510562
1988-09-19,0.4556181293646631
1988-09-20,0.4518379823002474
1988-09-21,0.4478677356490008
1988-09-22,0.44600701769742845
1988-09-23,0.4443814975637604
1988-09-24,0.4400819334587343
1988-09-25,0.4359113807936943
1988-09-26,0.4318624771618895
1988-09-27,0.4279205309967658
1988-09-28,0.424073283605188
1988-09-29,0.42104027155498014
1988-09-30,0.4181679049123154
1988-10-01,0.4143640890498486
1988-10-02,0.4106479460859113
1988-10-03,0.4070138428315224
1988-10-04,0.40345338823737137
1988-10-05,0.3999595242495502
1988-10-06,0.3965262978446753
1988-10-07,0.39314867392528347
1988-10-08,0.4955348894720744
1988-10-09,0.43586600531588515
1988-10-10,0.3920569213713041
1988-10-11,1.0934747237268745
1988-10-12,0.8841856828931216
1988-10-13,0.47619843659763866
1988-10-14,0.42792598640335267
1988-10-15,0.44832555189745205
1988-10-16,0.4558183344743882
1988-10-17,0.4088701115380869
1988-10-18,0.3997834556557193
1988-10-19,0.39177457915757546
1988-10-20,0.38465406500300925
1988-10-21,0.3782660930785064
1988-10-22,0.37248448163892506
1988-10-23,0.367206726076636
1988-10-24,0.36234930341634697
1988-10-25,0.36002194642102686
1988-10-26,0.5604950438700086
1988-10-27,0.5386346053756815
1988-10-28,0.39906088086143027
1988-10-29,0.37709796516672944
1988-10-30,2.200921230526722
1988-10-31,1.2758785149290544
1988-11-01,1.1754395383376857
1988-11-02,1.1385546259651396
1988-11-03,0.9075478388949513
1988-11-04,0.8786051785197501
1988-11-05,1.6871909199031823
1988-11-06,1.0928293730950143
1988-11-07,0.9056395180241062
1988-11-08,0.8019790498588676
1988-11-09,0.7192990361100694
1988-11-10,0.6597423293491586
1988-11-11,0.7661729819693983
1988-11-12,0.7776571590289204
1988-11-13,0.849874765452533
1988-11-14,0.6881926944921545
1988-11-15,0.6180607272142692
1988-11-16,0.5713904205103036
1988-11-17,0.5332665470178065
1988-11-18,0.5019146131166137
1988-11-19,0.47595340818623816
1988-11-20,0.45430238850046
1988-11-21,0.516513923355158
1988-11-22,2.903676165948751
1988-11-23,4.424814981131758
1988-11-24,4.623708556838755
1988-11-25,4.535488508080015
1988-11-26,3.6921064449681302
1988-11-27,3.395364142490433
1988-11-28,3.6861597945218336
1988-11-29,3.792108291779201
1988-11-30,3.15318824613689
1988-12-01,2.556438288645534
1988-12-02,2.1225364755567977
1988-12-03,1.7897520559548779
1988-12-04,1.5324454461781991
1988-12-05,1.6228831925998515
1988-12-06,1.656715936544088
1988-12-07,2.161291506523525
1988-12-08,1.9094777836387917
1988-12-09,2.4635398334648833
1988-12-10,2.644796139835759
1988-12-11,7.120754672165784
1988-12-12,8.082918710866428
1988-12-13,6.496057697849923
1988-12-14,5.9430962564737255
1988-12-15,5.174373718994196
1988-12-16,4.633398587668083
1988-12-17,5.1250919023810555
1988-12-18,4.53139669547152
1988-12-19,3.921847090647845
1988-12-20,3.3330702978474824
1988-12-21,3.3798111983974035
1988-12-22,3.013506645902329
1988-12-23,2.52404082648081
1988-12-24,2.1630975837145576
1988-12-25,1.8840271784497775
1988-12-26,2.740919418106616
1988-12-27,2.6803954281085858
1988-12-28,2.2602247247587983
1988-12-29,1.963212013520342
1988-12-30,1.7320846536273284
1988-12-31,1.550739745072744
1989-01-01,1.4072942697667088
1989-01-02,1.29290538966484
1989-01-03,1.2009409989028492
1989-01-04,1.1263905765456472
1989-01-05,1.0654427285580184
1989-01-06,1.0151795525189842
1989-01-07,0.9733536691182616
1989-01-08,0.9382242820784987
1989-01-09,5.835965423775023
1989-01-10,9.343947474454787
1989-01-11,8.556061391783613
1989-01-12,7.89956105163515
1989-01-13,7.063227349268886
1989-01-14,5.797894664251648
1989-01-15,5.1004005945672075
1989-01-16,4.328418808908725
1989-01-17,4.602220862074677
1989-01-18,4.210155684151981
1989-01-19,3.4787966407355273
1989-01-20,2.945740495449496
1989-01-21,2.7367866960530165
1989-01-22,5.050477452480689
1989-01-23,8.492447775741738
1989-01-24,8.185726433352682
1989-01-25,7.434963930867524
1989-01-26,6.4168779101097
1989-01-27,5.167564259294727
1989-01-28,4.257104244212681
1989-01-29,3.573156157439953
1989-01-30,3.0541922964504393
1989-01-31,2.6566317474355197
1989-02-01,2.3492515865099457
1989-02-02,2.1094462312992746
1989-02-03,1.9206892258512729
1989-02-04,1.861114947953406
1989-02-05,1.828784502276761
1989-02-06,1.696323916519451
1989-02-07,1.5894445767351357
1989-02-08,1.502596959975542
1989-02-09,1.431356135928504
1989-02-10,1.3723454316748376
1989-02-11,1.3229720325307033
1989-02-12,1.2812333336037718
1989-02-13,1.2455740302798082
1989-02-14,1.2147798969129953
1989-02-15,1.1878983006826973
1989-02-16,1.1641783410995024
1989-02-17,1.1430254965304818
1989-02-18,1.1672482134515958
1989-02-19,1.2143402297002965
1989-02-20,1.6430127739542242
1989-02-21,1.787075979245296
1989-02-22,1.6200499850047656
1989-02-23,1.6379334890458586
1989-02-24,1.61639951773832
1989-02-25,1.4960844802478244
1989-02-26,1.4045271532366739
1989-02-27,1.3298713441897043
1989-02-28,1.2684303681196898
1989-03-01,1.2173798008623784
1989-03-02,1.174542798402188
1989-03-03,1.3411196283250026
1989-03-04,1.5856549176398602
1989-03-05,1.474043621034836
1989-03-06,1.3783712200586373
1989-03-07,1.6173416384005745
1989-03-08,2.3234840492697155
1989-03-09,2.379866439215554
1989-03-10,2.4064160725549146
1989-03-11,2.319803302974081
1989-03-12,2.029465961988413
1989-03-13,1.8177996150994664
1989-03-14,1.6508728572431606
1989-03-15,1.5181103254858284
1989-03-16,1.411616112623656
1989-03-17,1.3254499824961308
1989-03-18,1.2551111613211468
1989-03-19,1.1971667645214608
1989-03-20,1.3734697096916664
1989-03-21,2.3359827735400187
1989-03-22,2.3225998462276545
1989-03-23,2.0712980815148145
1989-03-24,2.083540458252696
1989-03-25,2.0237692710157935
1989-03-26,1.8657885785170063
1989-03-27,3.363638849139672
1989-03-28,3.568747830382131
1989-03-29,3.9370814147593642
1989-03-30,3.64247115512196
1989-03-31,3.259138023875139
1989-04-01,2.997185745008182
1989-04-02,2.5626594951875026
1989-04-03,2.2378947419088004
1989-04-04,1.9854326032434573
1989-04-05,1.7874831581461281
1989-04-06,1.6309504102471617
1989-04-07,1.5592481539701761
1989-04-08,1.5385032550741873
1989-04-09,1.454379379230146
1989-04-10,1.3629311966342084
1989-04-11,1.2882995776213733
1989-04-12,1.226957627115907
1989-04-13,1.1760648557849478
1989-04-14,1.133431750366221
1989-04-15,1.0973610639246099
1989-04-16,1.1961168293369215
1989-04-17,1.6375760498884002
1989-04-18,1.6072422726558024
1989-04-19,1.4724194882170503
1989-04-20,1.40105334839308
1989-04-21,1.3140487228013884
1989-04-22,1.238829275874933
1989-04-23,1.2064892268468512
1989-04-24,1.1756022461047662
1989-04-25,1.1240597111541246
1989-04-26,1.0808933816219946
1989-04-27,1.044508537879725
1989-04-28,1.0135330729728012
1989-04-29,0.9868931858725576
1989-04-30,0.9637444916726651
1989-05-01,0.9434199833942966
1989-05-02,0.9253904916717385
1989-05-03,0.9092344728949217
1989-05-04,0.8946148025593467
1989-05-05,0.8812608596360012
1989-05-06,0.8689546292535981
1989-05-07,0.8575198731370105
1989-05-08,0.8468136538232082
1989-05-09,0.8367196734683681
1989-05-10,0.827143017953878
1989-05-11,0.8180059940637987
1989-05-12,0.809244820424726
1989-05-13,0.8008069879565105
1989-05-14,0.7926491473565419
1989-05-15,0.7847354129843107
1989-05-16,0.7770359968962111
1989-05-17,0.998197695830967
1989-05-18,0.9498177713597246
1989-05-19,1.1782093654129229
1989-05-20,1.0392193171656257
1989-05-21,0.9572427869096579
1989-05-22,0.9332525231086418
1989-05-23,0.9118474366188124
1989-05-24,0.8769514304468973
1989-05-25,0.9965652731212455
1989-05-26,1.078871030117466
1989-05-27,0.9662673472599307
1989-05-28,0.9217952831256415
1989-05-29,0.881637150373204
1989-05-30,0.8480198139081034
1989-05-31,0.8196211708226239
1989-06-01,1.3259813772970208
1989-06-02,1.4222349518373854
1989-06-03,1.1635941459978263
1989-06-04,1.0524547352017748
1989-06-05,0.9836472881694603
1989-06-06,0.9274815628515206
1989-06-07,0.8812527329558693
1989-06-08,0.8428755011672496
1989-06-09,0.8107331485311958
1989-06-10,0.7835655852145661
1989-06-11,0.7603857532625108
1989-06-12,0.7404167943079241
1989-06-13,0.7230445332933751
1989-06-14,0.7077813349455631
1989-06-15,0.6942384587154259
1989-06-16,0.6821048026983827
1989-06-17,0.671130478249737
1989-06-18,0.6658648413871322
1989-06-19,0.671826331396261
1989-06-20,0.856809648583536
1989-06-21,1.239037843022989
1989-06-22,0.8598078225116285
1989-06-23,0.8007719128749238
1989-06-24,0.784935129720063
1989-06-25,1.4993266671600642
1989-06-26,1.5216073372394614
1989-06-27,1.152584913803195
1989-06-28,1.020277014736006
1989-06-29,0.9413742474178823
1989-06-30,0.8774864452589751
1989-07-01,0.8253538658687889
1989-07-02,0.7830779992344469
1989-07-03,0.7705211420284085
1989-07-04,0.7806200677396218
1989-07-05,0.7601578461357431
1989-07-06,0.7271493323504451
1989-07-07,0.6993930929234394
1989-07-08,0.6759041495152002
1989-07-09,0.6558447009074264
1989-07-10,0.6385533490000962
1989-07-11,0.6235056905613076
1989-07-12,0.6110378607201106
1989-07-13,0.6404251179397221
1989-07-14,0.6743462317168766
1989-07-15,0.6381103933380651
1989-07-16,0.6330848803337117
1989-07-17,0.618436499387265
1989-07-18,0.6055181596945207
1989-07-19,0.5929840494605317
1989-07-20,0.5801430678292551
1989-07-21,0.5687589138479285
1989-07-22,0.5774569825150658
1989-07-23,0.584021938438517
1989-07-24,0.5712458735099784
1989-07-25,0.5594096257397482
1989-07-26,0.5485070109606976
1989-07-27,0.53875971129191
1989-07-28,0.5299644210377626
1989-07-29,0.5219565893783052
1989-07-30,0.514602858552747
1989-07-31,0.5077948108753053
1989-08-01,0.5024173374129034
1989-08-02,0.49822205921962764
1989-08-03,0.4925157249646497
1989-08-04,0.4909301187794853
1989-08-05,0.4956635656913999
1989-08-06,0.8344040979611984
1989-08-07,1.947056567434653
1989-08-08,2.0408329889222983
1989-08-09,2.0846287775636316
1989-08-10,1.6502366609289896
1989-08-11,1.3612350654498642
1989-08-12,1.1819533655935557
1989-08-13,1.0842688360665245
1989-08-14,1.0074234460788074
1989-08-15,0.9209440115793752
1989-08-16,0.8387586656044833
1989-08-17,0.772453448221376
1989-08-18,0.7186350600160671
1989-08-19,0.6746346383471061
1989-08-20,1.7445786008690973
1989-08-21,1.4064554477820954
1989-08-22,1.1776899313478884
1989-08-23,1.030391076396935
1989-08-24,1.2524883166197656
1989-08-25,1.1352207423613716
1989-08-26,1.0704504765841074
1989-08-27,1.0125761564908762
1989-08-28,0.9161966440162059
1989-08-29,2.476999616989534
1989-08-30,4.851328563804979
1989-08-31,4.054320412474531
1989-09-01,3.1744135907172724
1989-09-02,3.823502223388959
1989-09-03,3.4416664115695412
1989-09-04,2.763353568777321
1989-09-05,2.2983223775683883
1989-09-06,1.942148367989889
1989-09-07,1.667082033624529
1989-09-08,1.4529605626277773
1989-09-09,1.2849944702760638
1989-09-10,1.1522399754469228
1989-09-11,1.0465325584200504
1989-09-12,0.9617345232879524
1989-09-13,0.8931988248789232
1989-09-14,0.8373834479072436
1989-09-15,0.7915716485819108
1989-09-16,0.753667337400433
1989-09-17,0.7220442701458082
1989-09-18,0.695434092205955
1989-09-19,0.6728426584444317
1989-09-20,0.6534870834998119
1989-09-21,0.6367480975295717
1989-09-22,0.6221337772781466
1989-09-23,0.6092517848734136
1989-09-24,0.5977880077758442
1989-09-25,0.5874900423474269
1989-09-26,0.5995673878145004
1989-09-27,0.6131127203083223
1989-09-28,0.5985905547544105
1989-09-29,0.5857527077693009
1989-09-30,0.5743664195125459
1989-10-01,0.5641721395039662
1989-10-02,0.5549607177325926
1989-10-03,0.5465630502009283
1989-10-04,0.5388419702049593
1989-10-05,0.5316858720202501
1989-10-06,0.5351294371014327
1989-10-07,0.5406411609086962
1989-10-08,0.5352858381702525
1989-10-09,0.5285441882168272
1989-10-10,0.5201762273805423
1989-10-11,0.5125086051422306
1989-10-12,0.5054399280499192
1989-10-13,0.49887230888150497
1989-10-14,0.49272574585317797
1989-10-15,0.48693467054461853
1989-10-16,0.4814451974632887
1989-10-17,0.4762129252186383
1989-10-18,0.47120117297551367
1989-10-19,0.4663795616189132
1989-10-20,0.46172286884452013
1989-10-21,0.4572101026434046
1989-10-22,0.4528237494591283
1989-10-23,0.44854916247440896
1989-10-24,0.4443740626453779
1989-10-25,0.4402881307081142
1989-10-26,0.4362826727872103
1989-10-27,0.4323503457087004
1989-10-28,0.6843072787940945
1989-10-29,0.693428229118599
1989-10-30,0.559259136773027
1989-10-31,0.526140029615843
1989-11-01,0.5061031540701211
1989-11-02,0.48909990910046397
1989-11-03,0.4745472011538377
1989-11-04,0.46198197617883513
1989-11-05,0.4510350195663975
1989-11-06,0.4505183269197175
1989-11-07,0.45240794743459783
1989-11-08,0.44178782819553414
1989-11-09,0.43241430859791846
1989-11-10,0.42409311427334767
1989-11-11,0.41663917251600485
1989-11-12,0.40990269125102446
1989-11-13,0.403762050315495
1989-11-14,0.39811820389837665
1989-11-15,0.40832561595146516
1989-11-16,0.4212019117818741
1989-11-17,0.41733331512610755
1989-11-18,0.4191709229977921
1989-11-19,1.4536097261628587
1989-11-20,3.160057460459351
1989-11-21,2.1642539180024456
1989-11-22,1.9642756448445138
1989-11-23,2.4583934489190913
1989-11-24,2.2840344712093636
1989-11-25,1.9522217886828404
1989-11-26,1.6257276846443516
1989-11-27,1.3807789713121965
1989-11-28,1.1934787314804856
1989-11-29,1.0463342289045272
1989-11-30,0.9299203390371128
1989-12-01,0.8371804340953081
1989-12-02,0.7627919158540101
1989-12-03,0.7027121912146116
1989-12-04,0.7129523240694672
1989-12-05,1.1869159801541889
1989-12-06,1.4428929009965696
1989-12-07,1.2043341111119903
1989-12-08,1.0400529485609886
1989-12-09,0.9264770575932034
1989-12-10,0.9933944248122701
1989-12-11,1.8144912762369774
1989-12-12,1.5580642072559077
1989-12-13,1.3246525060718897
1989-12-14,1.1490698491997033
1989-12-15,1.1613275371203966
1989-12-16,2.9055707246498383
1989-12-17,3.579123293093087
1989-12-18,3.3923445692614673
1989-12-19,2.982533354637928
1989-12-20,2.473524370269121
1989-12-21,2.056767825173517
1989-12-22,2.3559458394365995
1989-12-23,2.366176536288511
1989-12-24,2.8914278488372953
1989-12-25,2.739637222473372
1989-12-26,2.2892124115663606
1989-12-27,1.9262409766515243
1989-12-28,1.6511639385939325
1989-12-29,1.4370951037823971
1989-12-30,1.5283584695610692
1989-12-31,1.4167871510031602
1990-01-01,1.2443096202036212
1990-01-02,1.1175678941672758
1990-01-03,1.0165247267244377
1990-01-04,2.0445218332395734
1990-01-05,2.5803348513718074
1990-01-06,2.515088334590976
1990-01-07,2.190594193886802
1990-01-08,1.8617533380963964
1990-01-09,1.6081101233263364
1990-01-10,1.411419674483538
1990-01-11,1.2567165343851816
1990-01-12,2.0381771608117636
1990-01-13,2.3290273509021935
1990-01-14,3.4960451164958193
1990-01-15,3.2656273694236475
1990-01-16,2.870351842866125
1990-01-17,2.476476707012124
1990-01-18,2.092003243122256
1990-01-19,1.8016032703297478
1990-01-20,1.575779340930863
1990-01-21,1.3987673238852374
1990-01-22,1.2589287214256992
1990-01-23,1.1475988050689863
1990-01-24,1.0582763162843543
1990-01-25,0.986047632987749
1990-01-26,0.927173661863932
1990-01-27,0.8787908320360626
1990-01-28,0.8386928679265525
1990-01-29,0.8051702687880847
1990-01-30,0.7768913636571603
1990-01-31,1.2026046399169366
1990-02-01,1.6423945232067705
1990-02-02,1.5550146552986848
1990-02-03,1.3700064090738195
1990-02-04,1.2312321641984676
1990-02-05,1.1207783369843318
1990-02-06,1.0321881485327482
1990-02-07,0.9605811656132454
1990-02-08,0.9022432296415593
1990-02-09,0.8543296250764766
1990-02-10,0.9948804339203178
1990-02-11,1.206510392442014
1990-02-12,1.1274624541183165
1990-02-13,1.0300280873114565
1990-02-14,1.4001339837402584
1990-02-15,2.0629217446292634
1990-02-16,1.9317342262058759
1990-02-17,1.858546905588743
1990-02-18,2.122857052399167
1990-02-19,1.915694267235658
1990-02-20,2.947268970128086
1990-02-21,4.2193861051376205
1990-02-22,4.512904159148269
1990-02-23,3.8463916593244165
1990-02-24,3.1378595002110905
1990-02-25,3.181838810580285
1990-02-26,5.970505475810342
1990-02-27,6.7925631650995975
1990-02-28,5.642303145571592
1990-03-01,4.505786611210875
1990-03-02,3.677393085055453
1990-03-03,3.053976817782326
1990-03-04,2.580305123549476
1990-03-05,2.217125268860753
1990-03-06,1.9362281711649685
1990-03-07,1.717131569926525
1990-03-08,1.882372880841995
1990-03-09,2.197154692721831
1990-03-10,1.92657705841609
1990-03-11,2.1381562683739297
1990-03-12,2.0150847969931345
1990-03-13,1.7806238118637774
1990-03-14,3.469080978597276
1990-03-15,3.063095704702347
1990-03-16,2.761334413640494
1990-03-17,2.876698618229522
1990-03-18,2.6949692755773085
1990-03-19,2.402145481681273
1990-03-20,2.1431963156419127
1990-03-21,4.352667192819175
1990-03-22,4.751866773056848
1990-03-23,3.8217520416328674
1990-03-24,3.187503402125733
1990-03-25,2.7057298510298295
1990-03-26,2.3363709098018615
1990-03-27,2.0506655013747928
1990-03-28,1.8277492157817488
1990-03-29,1.6523400526504985
1990-03-30,1.5592244127316404
1990-03-31,1.5289026297038717
1990-04-01,1.711012137052242
1990-04-02,2.042690394200022
1990-04-03,2.0043401158720293
1990-04-04,2.1416057305389686
1990-04-05,2.101679991941349
1990-04-06,1.893458577528038
1990-04-07,1.7713157406944362
1990-04-08,1.6274853410614991
1990-04-09,1.4916276624480416
1990-04-10,1.3826838980754916
1990-04-11,1.3284814886850527
1990-04-12,1.2861419749477978
1990-04-13,1.2154740339312349
1990-04-14,1.1571639241998848
1990-04-15,1.10875826449634
1990-04-16,1.0995175150714984
1990-04-17,1.104280071591328
1990-04-18,1.1417124927517073
1990-04-19,1.39622064749826
1990-04-20,1.849770097827088
1990-04-21,1.8305041154977622
1990-04-22,1.637023931843495
1990-04-23,1.4881420933023242
1990-04-24,1.3692512770390473
1990-04-25,1.273673370277905
1990-04-26,1.1961822778619842
1990-04-27,1.1328071240310595
1990-04-28,1.1603216207532414
1990-04-29,1.75407494891265
1990-04-30,1.923460762381781
1990-05-01,3.2848993774217945
1990-05-02,4.945337281479144
1990-05-03,4.572009760625353
1990-05-04,3.6938694292985166
1990-05-05,3.083927199206739
1990-05-06,2.6287028172376075
1990-05-07,3.7484935784066704
1990-05-08,5.035934565413345
1990-05-09,5.479449135907291
1990-05-10,6.148004187411818
1990-05-11,5.846272850719732
1990-05-12,4.975753007254815
1990-05-13,4.138005199832251
1990-05-14,3.464124889831423
1990-05-15,2.9389187731626123
1990-05-16,2.537042153332637
1990-05-17,2.2267368119354614
1990-05-18,2.035627004379723
1990-05-19,2.6948296641851393
1990-05-20,2.775150675129073
1990-05-21,2.380917224454853
1990-05-22,2.1327750430947954
1990-05-23,1.9905180323481801
1990-05-24,1.9126844424012812
1990-05-25,1.8908319686467996
1990-05-26,1.822165818242663
1990-05-27,2.0068253487486842
1990-05-28,2.3545521918549337
1990-05-29,2.2359234570050606
1990-05-30,1.9654003595845813
1990-05-31,1.77855421465591
1990-06-01,1.6303326329376435
1990-06-02,1.5136629314651022
1990-06-03,1.4762216420864753
1990-06-04,1.426321481388104
1990-06-05,1.345821265226246
1990-06-06,1.2796549805970534
1990-06-07,1.2248953216560956
1990-06-08,1.2674065929034464
1990-06-09,1.6151470349375467
1990-06-10,1.6480739441294843
1990-06-11,1.7057933531308176
1990-06-12,2.417604040704949
1990-06-13,3.482805551178115
1990-06-14,3.7124380880835486
1990-06-15,3.3341384880547777
1990-06-16,3.0720647701955706
1990-06-17,2.752018095743393
1990-06-18,2.4383463638824585
1990-06-19,2.2848141298620246
1990-06-20,2.0468604496550005
1990-06-21,1.838186196605393
1990-06-22,1.6733382569781536
1990-06-23,1.5420871003467675
1990-06-24,1.4366807265655288
1990-06-25,1.3512841039948753
1990-06-26,1.2814740120032735
1990-06-27,1.229574831342244
1990-06-28,1.3570397228733972
1990-06-29,3.3641800603785863
1990-06-30,3.204342411670402
1990-07-01,2.6542755734997536
1990-07-02,2.306355594244936
1990-07-03,2.0362375348955246
1990-07-04,1.824961532221227
1990-07-05,1.6582976359121215
1990-07-06,1.525705315901517
1990-07-07,1.4193133499695751
1990-07-08,1.333199195650891
1990-07-09,1.2628748971670154
1990-07-10,1.2049169484840536
1990-07-11,1.156887317382571
1990-07-12,1.1164408284031502
1990-07-13,1.0820212545370087
1990-07-14,1.0525152543965306
1990-07-15,1.0269566906199483
1990-07-16,1.0045842704616568
1990-07-17,0.9847954414545602
1990-07-18,0.9671112721168412
1990-07-19,0.951149554270347
1990-07-20,0.9366040953722029
1990-07-21,0.9232286976775486
1990-07-22,0.9108247052191634
1990-07-23,0.8992312807183609
1990-07-24,0.888317781553717
1990-07-25,0.8779777572593074
1990-07-26,0.8681242052624821
1990-07-27,0.8586858071396816
1990-07-28,0.8504516939804915
1990-07-29,0.8716703274667981
1990-07-30,0.9027820974229988
1990-07-31,0.8783021184839875
1990-08-01,0.9387710245578481
1990-08-02,1.0481005028338528
1990-08-03,0.9329345923511063
1990-08-04,0.883538622236529
1990-08-05,0.8642279492372634
1990-08-06,0.8710460203636714
1990-08-07,0.9645625565317624
1990-08-08,1.1112987005995703
1990-08-09,1.0615357921669595
1990-08-10,2.3140553936318686
1990-08-11,1.6859742228455732
1990-08-12,1.4842117304105849
1990-08-13,1.3073633109686573
1990-08-14,1.2009383664340176
1990-08-15,1.4033183045387039
1990-08-16,1.3418877708891543
1990-08-17,1.3297620961054075
1990-08-18,1.4268886921805228
1990-08-19,1.315337153786696
1990-08-20,1.1698889313044287
1990-08-21,1.0884700885030045
1990-08-22,1.0222262837733591
1990-08-23,0.9679383556065678
1990-08-24,0.9230662042815289
1990-08-25,0.88564756383412
1990-08-26,0.8541582124618167
1990-08-27,0.8274080345412181
1990-08-28,1.0001294229911966
1990-08-29,1.088784129812414
1990-08-30,0.9543938456265982
1990-08-31,0.9068520774915578
1990-09-01,0.8673145609071854
1990-09-02,0.8341976542755528
1990-09-03,0.806202713179211
1990-09-04,1.0402481440430995
1990-09-05,1.0223879116596473
1990-09-06,0.9217349984754378
1990-09-07,0.875353465425528
1990-09-08,0.8944928256517555
1990-09-09,1.127895870196104
1990-09-10,1.9346898209544927
1990-09-11,1.6399265640422565
1990-09-12,1.4267916576965023
1990-09-13,1.564488488032902
1990-09-14,2.165182179397643
1990-09-15,2.0086547320233414
1990-09-16,1.6909988672238871
1990-09-17,1.4728088643121986
1990-09-18,1.316944381321936
1990-09-19,1.1933123733733189
1990-09-20,1.0944910944529775
1990-09-21,1.0148886191573576
1990-09-22,0.9502621488079884
1990-09-23,1.2302850644861003
1990-09-24,1.3511802835489757
1990-09-25,1.366912413334136
1990-09-26,2.416846410780058
1990-09-27,1.9947247478115573
1990-09-28,1.6750108883776067
1990-09-29,1.476035597285929
1990-09-30,1.319450142345658
1990-10-01,1.1952685874942433
1990-10-02,1.0960250036678179
1990-10-03,1.0160955169877264
1990-10-04,0.9876857975988712
1990-10-05,0.9682143045337493
1990-10-06,0.9116261710546637
1990-10-07,0.8818472810769484
1990-10-08,0.8806444863307304
1990-10-09,0.8513736855857227
1990-10-10,1.17886662084523
1990-10-11,1.2001764622863311
1990-10-12,1.0512811749829256
1990-10-13,0.9752627039491203
1990-10-14,0.9134842536176664
1990-10-15,0.8628848364328299
1990-10-16,0.8211001256026963
1990-10-17,0.7863009944894017
1990-10-18,0.7570646730004035
1990-10-19,1.047052140324294
1990-10-20,3.490585930020536
1990-10-21,3.4127547081274283
1990-10-22,3.755218061127041
1990-10-23,3.5216325682363716
1990-10-24,2.9173434629819694
1990-10-25,2.4285978690042884
1990-10-26,2.065199020273218
1990-10-27,2.2254926756624207
1990-10-28,2.197065011066574
1990-10-29,2.408297917368282
1990-10-30,2.3092459985015066
1990-10-31,2.577654292371475
1990-11-01,2.2888370520869596
1990-11-02,2.7200665583803922
1990-11-03,3.4410990390498704
1990-11-04,3.0534784148172185
1990-11-05,2.5341712534093985
1990-11-06,2.162011201662419
1990-11-07,1.874621613927615
1990-11-08,1.6508432025221307
1990-11-09,1.475180695944062
1990-11-10,1.3361850990600441
1990-11-11,1.2253266746104956
1990-11-12,1.1362012771707006
1990-11-13,1.6731441646947671
1990-11-14,1.7807396399199413
1990-11-15,1.6202553608284072
1990-11-16,1.714083700909059
1990-11-17,1.5748192606455425
1990-11-18,4.939051633182681
1990-11-19,6.2635860112126025
1990-11-20,5.860926636134924
1990-11-21,5.996095572582386
1990-11-22,5.195363985366731
1990-11-23,4.18079236580449
1990-11-24,3.4455893109745284
1990-11-25,2.88993257700419
1990-11-26,2.466009986806988
1990-11-27,2.13967795272081
1990-11-28,1.8862897143900337
1990-11-29,1.9815906817940243
1990-11-30,1.9259180751237104
1990-12-01,1.7178213798100694
1990-12-02,1.5541025737290328
1990-12-03,2.5005047162049205
1990-12-04,3.733977160310978
1990-12-05,4.21756295455426
1990-12-06,4.605919501530948
1990-12-07,6.254610893998268
1990-12-08,7.269932964748533
1990-12-09,6.3192818026588355
1990-12-10,5.052415411192981
1990-12-11,4.1364795909467915
1990-12-12,4.110149032804092
1990-12-13,3.7278304700949096
1990-12-14,3.1283094802773523
1990-12-15,2.73845543814787
1990-12-16,2.392321063592258
1990-12-17,2.117711768892415
1990-12-18,1.90291805554235
1990-12-19,1.7334771197345924
1990-12-20,1.6752068301619711
1990-12-21,1.7646352076536098
1990-12-22,2.6556465031897534
1990-12-23,2.985001592684245
1990-12-24,2.661837232849657
1990-12-25,2.3181704381200405
1990-12-26,3.4008873638957113
1990-12-27,5.0389050486304585
1990-12-28,7.398844548240302
1990-12-29,7.069569752662484
1990-12-30,5.617975167211501
1990-12-31,4.588972260696459
1991-01-01,4.108398438650504
1991-01-02,3.6188270143049195
1991-01-03,3.526009592390835
1991-01-04,4.725498683789844
1991-01-05,5.225491332847434
1991-01-06,6.454985372057027
1991-01-07,6.068826577267264
1991-01-08,4.916895431361241
1991-01-09,4.996833572340662
1991-01-10,4.574969356383881
1991-01-11,3.819307222519351
1991-01-12,3.2643212475195504
1991-01-13,2.8399483194294013
1991-01-14,2.5123746882507496
1991-01-15,3.2841345072676265
1991-01-16,6.000278599257078
1991-01-17,8.064629161273892
1991-01-18,8.792494017864888
1991-01-19,7.656107972594673
1991-01-20,7.054247485169807
1991-01-21,6.178367258100875
1991-01-22,5.98850252229285
1991-01-23,7.246102127675453
1991-01-24,11.476851831066268
1991-01-25,14.086986183399306
1991-01-26,12.14904646915204
1991-01-27,9.589187675868834
1991-01-28,7.640545825150018
1991-01-29,6.209688025789951
1991-01-30,5.150890756197782
1991-01-31,4.358534886755495
1991-02-01,3.759214583774943
1991-02-02,3.3012470052363505
1991-02-03,2.9478088373724627
1991-02-04,2.6723754592084497
1991-02-05,2.455646664566832
1991-02-06,2.2834469646975397
1991-02-07,2.145273953333111
1991-02-08,3.2395953722844055
1991-02-09,6.891457441957261
1991-02-10,6.965455372128935
1991-02-11,5.6871566449334
1991-02-12,4.761695533485709
1991-02-13,4.0664590937244585
1991-02-14,3.5379786369790125
1991-02-15,3.1322057831558268
1991-02-16,2.8175865984136004
1991-02-17,2.5712747119933823
1991-02-18,2.376568692517207
1991-02-19,2.221148771715281
1991-02-20,2.0958508207181263
1991-02-21,1.9938143711369147
1991-02-22,2.1138255262642947
1991-02-23,2.685444867426128
1991-02-24,2.6361799004385476
1991-02-25,3.7280036721651766
1991-02-26,3.9302235821428693
1991-02-27,4.422101535657438
1991-02-28,5.2439807839056245
1991-03-01,5.88262799815917
1991-03-02,8.201112890261525
1991-03-03,8.427228996392937
1991-03-04,7.1293642125121535
1991-03-05,9.243560856003713
1991-03-06,10.495262885958144
1991-03-07,10.95363961671175
1991-03-08,10.633430568542034
1991-03-09,8.936627578701229
1991-03-10,7.432806245538084
1991-03-11,9.281279805903715
1991-03-12,10.351202608531201
1991-03-13,9.986216689311899
1991-03-14,8.706959586879009
1991-03-15,9.078926763125535
1991-03-16,8.413192785767338
1991-03-17,6.832449899319648
1991-03-18,5.825451235031658
1991-03-19,5.063427642324579
1991-03-20,4.373833180238722
1991-03-21,3.848248769468851
1991-03-22,3.4438340243034893
1991-03-23,3.1294733156334176
1991-03-24,3.0186857480283895
1991-03-25,2.932360382686174
1991-03-26,2.7245757129519323
1991-03-27,2.5581488618285255
1991-03-28,2.42376009835835
1991-03-29,2.5372086959878386
1991-03-30,3.6376562406115625
1991-03-31,6.12496210114091
1991-04-01,6.439761083974672
1991-04-02,5.819449186860404
1991-04-03,5.98859512465906
1991-04-04,5.753059394560275
1991-04-05,5.994236068759135
1991-04-06,5.900773048474247
1991-04-07,6.000733119354813
1991-04-08,5.754511569077436
1991-04-09,5.182109960739362
1991-04-10,4.55866781849128
1991-04-11,4.0404957796061005
1991-04-12,3.597998870144649
1991-04-13,3.245079244697532
1991-04-14,2.9693356479870143
1991-04-15,2.751708810109822
1991-04-16,2.846242980070017
1991-04-17,3.3738516468591278
1991-04-18,3.3554322931451854
1991-04-19,3.028867760149103
1991-04-20,2.7912555178973046
1991-04-21,2.601886922661464
1991-04-22,2.504026324447455
1991-04-23,2.4191444526066865
1991-04-24,2.4429183421371063
1991-04-25,2.5986789212051655
1991-04-26,2.537501462340035
1991-04-27,2.4444052191787966
1991-04-28,2.464324493696898
1991-04-29,2.581686284668488
1991-04-30,2.618805497635863
1991-05-01,2.468591433203029
1991-05-02,2.3358849507692097
1991-05-03,2.215630878599755
1991-05-04,2.1172123275956096
1991-05-05,2.0357979913759814
1991-05-06,1.984274658080018
1991-05-07,2.115090054607724
1991-05-08,2.2082527491668364
1991-05-09,2.1003105774426407
1991-05-10,2.01123837311016
1991-05-11,1.9932326038965211
1991-05-12,1.9761447567663109
1991-05-13,1.9078133663046362
1991-05-14,2.1376316224218606
1991-05-15,2.361804770197667
1991-05-16,2.1908440759819836
1991-05-17,2.0696764832856074
1991-05-18,1.9717185625647229
1991-05-19,1.8900803315531975
1991-05-20,2.0881378062582203
1991-05-21,2.2392448333444763
1991-05-22,2.078819497639624
1991-05-23,1.9851936850085963
1991-05-24,1.9404588251809969
1991-05-25,1.8655013175760453
1991-05-26,1.7921079001754483
1991-05-27,1.730716806123428
1991-05-28,1.678814493226754
1991-05-29,1.63443698762668
1991-05-30,1.5960586308586773
1991-05-31,1.5624880594401203
1991-06-01,1.5327903497153639
1991-06-02,1.5062283739785631
1991-06-03,1.4822183601886285
1991-06-04,1.460296022110439
1991-06-05,1.4400906052192362
1991-06-06,1.4213048955860526
1991-06-07,1.4036997460582752
1991-06-08,1.3870820429335025
1991-06-09,1.3712953064222244
1991-06-10,1.3562123171931033
1991-06-11,1.341729308781665
1991-06-12,1.32776137557386
1991-06-13,1.3142388284587427
1991-06-14,1.3011042923037077
1991-06-15,1.2883103863878977
1991-06-16,1.275817864667183
1991-06-17,1.2635941200532257
1991-06-18,1.2531386392529977
1991-06-19,1.2421014711266507
1991-06-20,1.2343742457406757
1991-06-21,1.2261843049604348
1991-06-22,1.2178228473238821
1991-06-23,1.2104445132398436
1991-06-24,1.1979478188007298
1991-06-25,1.1853758724807666
1991-06-26,1.1732327533611944
1991-06-27,1.2248094716546596
1991-06-28,1.3121060879727808
1991-06-29,1.2049324157851846
1991-06-30,1.1840276826171494
1991-07-01,1.5821187110829438
1991-07-02,1.6571921300833756
1991-07-03,1.5104201458398674
1991-07-04,1.3818776722030026
1991-07-05,1.3137180239364772
1991-07-06,1.2685630309448308
1991-07-07,1.2279248020794735
1991-07-08,1.193189554367443
1991-07-09,1.8080808523151388
1991-07-10,1.8540609797676328
1991-07-11,1.5510439742699837
1991-07-12,1.4283754542601785
1991-07-13,1.3512703753866726
1991-07-14,1.3150845263982753
1991-07-15,1.2840760554079256
1991-07-16,1.2311421278300352
1991-07-17,1.1867561738737316
1991-07-18,1.1492639848659143
1991-07-19,1.1172653026132768
1991-07-20,1.0896658391471812
1991-07-21,1.0656062349557962
1991-07-22,1.0444084932588018
1991-07-23,1.4096346563861484
1991-07-24,1.2526025606800304
1991-07-25,1.1868405178021437
1991-07-26,1.2652505949953916
1991-07-27,1.1484086529736315
1991-07-28,1.1062800843375185
1991-07-29,1.0721591467640028
1991-07-30,1.0421817915552871
1991-07-31,1.0157100766270624
1991-08-01,1.165580978155063
1991-08-02,1.2331917505514416
1991-08-03,1.0952626430538912
1991-08-04,1.054588247602976
1991-08-05,1.02088926081379
1991-08-06,1.0096014084770946
1991-08-07,1.0105176467057322
1991-08-08,0.9867355031073061
1991-08-09,0.973377156784199
1991-08-10,1.5734693602512262
1991-08-11,1.628786544356209
1991-08-12,1.422020209896312
1991-08-13,1.2466283183842253
1991-08-14,1.1757536578518888
1991-08-15,1.114873569239975
1991-08-16,1.0608788005130254
1991-08-17,1.016093467153312
1991-08-18,0.9786177819284195
1991-08-19,0.9469567467982895
1991-08-20,0.9199434820013431
1991-08-21,0.905999828468687
1991-08-22,0.9073691020587371
1991-08-23,0.8927808385655108
1991-08-24,1.2541044844215277
1991-08-25,1.1703438150099934
1991-08-26,1.0224277635184862
1991-08-27,0.9773505913945825
1991-08-28,0.9466770590973236
1991-08-29,0.9428193252971058
1991-08-30,1.0120383516978129
1991-08-31,1.0178884952302574
1991-09-01,1.102765743537262
1991-09-02,1.2408487316766876
1991-09-03,1.432063584854691
1991-09-04,1.1642294137096314
1991-09-05,1.47421289899141
1991-09-06,1.5319220959682989
1991-09-07,1.5878780143952416
1991-09-08,1.5713455191185346
1991-09-09,1.425295035327926
1991-09-10,1.258783286410944
1991-09-11,1.158796027441543
1991-09-12,1.100501020205267
1991-09-13,1.07458568593952
1991-09-14,1.030864152644314
1991-09-15,0.9755406515236889
1991-09-16,0.9277590615180292
1991-09-17,0.8880903404606965
1991-09-18,0.8584633224627226
1991-09-19,0.8498922333150881
1991-09-20,0.8563470874125683
1991-09-21,0.8422561745949452
1991-09-22,0.8142778893977954
1991-09-23,0.7903516683949946
1991-09-24,0.7697551970391787
1991-09-25,0.7518504918217187
1991-09-26,0.7361311929560824
1991-09-27,0.7267821688632511
1991-09-28,0.7488029594235499
1991-09-29,0.7602434660195189
1991-09-30,0.7401792277381278
1991-10-01,0.7226676820976877
1991-10-02,0.7073165357953011
1991-10-03,0.6937264946352505
1991-10-04,0.6819041444613915
1991-10-05,0.8817352598673968
1991-10-06,0.8842985997443721
1991-10-07,0.8042943854132135
1991-10-08,0.7707835647423956
1991-10-09,0.7426343613641967
1991-10-10,0.7395387269705614
1991-10-11,0.7371575528673855
1991-10-12,0.7131052850652831
1991-10-13,0.6924648576472417
1991-10-14,0.6746658225373702
1991-10-15,0.6591692512656352
1991-10-16,0.6455462267757578
1991-10-17,0.6334540424915358
1991-10-18,0.622617846774881
1991-10-19,0.6470491899588574
1991-10-20,0.708624742925664
1991-10-21,0.7012513536558207
1991-10-22,0.6704846865583675
1991-10-23,0.6506203723624205
1991-10-24,0.6335175902692229
1991-10-25,0.6186526967145268
1991-10-26,0.6056088319236976
1991-10-27,0.5940528412878694
1991-10-28,0.583717471490722
1991-10-29,0.5743875693137458
1991-10-30,0.6046337556465946
1991-10-31,0.7741863607478979
1991-11-01,0.6872216075807193
1991-11-02,1.2075065941418885
1991-11-03,0.9072058549699714
1991-11-04,0.9007949934039433
1991-11-05,1.300896072433731
1991-11-06,2.059935053524018
1991-11-07,1.570468978210405
1991-11-08,4.046287501869764
1991-11-09,6.59384709594785
1991-11-10,6.03586190004863
1991-11-11,5.252584357210863
1991-11-12,5.162309085698346
1991-11-13,8.629662368122245
1991-11-14,8.535206771091614
1991-11-15,7.389754369362355
1991-11-16,9.128004958587447
1991-11-17,8.3009813223285
1991-11-18,8.62370786497148
1991-11-19,7.689956180392065
1991-11-20,6.014158090167502
1991-11-21,4.825563221183972
1991-11-22,4.012006843154754
1991-11-23,3.4286853587637722
1991-11-24,3.032620150254241
1991-11-25,2.6844168202625625
1991-11-26,2.3141501985252715
1991-11-27,2.033792698143797
1991-11-28,1.814874505369172
1991-11-29,1.9339569056117691
1991-11-30,3.1708915909211264
1991-12-01,4.860116855426764
1991-12-02,5.646682677725852
1991-12-03,4.945588195354206
1991-12-04,4.273971270805522
1991-12-05,4.504096637696265
1991-12-06,4.063026553094039
1991-12-07,3.3806330362491472
1991-12-08,2.8773248146833574
1991-12-09,2.4916953111407416
1991-12-10,2.1935549805390457
1991-12-11,1.961024667877748
1991-12-12,1.778094211569835
1991-12-13,1.6329427419531521
1991-12-14,2.3903596298019205
1991-12-15,2.468148305049436
1991-12-16,4.2024888900086586
1991-12-17,4.5469404793200345
1991-12-18,3.8087686513984793
1991-12-19,3.4723638965907813
1991-12-20,3.069753734320918
1991-12-21,3.0377582630092212
1991-12-22,4.454715813417898
1991-12-23,4.802628459087496
1991-12-24,4.339475378109012
1991-12-25,3.904159164552405
1991-12-26,3.7215772596379986
1991-12-27,3.728514419997513
1991-12-28,3.6808437917915255
1991-12-29,3.251094593340199
1991-12-30,2.9526238441506045
1991-12-31,2.6443393304368383
1992-01-01,2.331349640762613
1992-01-02,2.0918697819601477
1992-01-03,1.9034472591836948
1992-01-04,1.7544526966464191
1992-01-05,2.246777535557279
1992-01-06,2.257048551578247
1992-01-07,2.015115326546423
1992-01-08,1.8398269487036405
1992-01-09,1.700342685914892
1992-01-10,1.5883550111792373
1992-01-11,1.4976231224386247
1992-01-12,1.4234249073511382
1992-01-13,1.3650311649753981
1992-01-14,1.3195177515122294
1992-01-15,1.2750050907424288
1992-01-16,1.237160722213615
1992-01-17,1.2882103552614856
1992-01-18,1.3489853302447574
1992-01-19,1.2927181810607495
1992-01-20,2.1037710979427753
1992-01-21,2.9206186795957847
1992-01-22,2.7562675707799844
1992-01-23,2.670053539041312
1992-01-24,2.790248180882006
1992-01-25,2.5009958892288617
1992-01-26,2.3139143991367335
1992-01-27,2.2349387973774877
1992-01-28,2.912234311771845
1992-01-29,2.8173940077478203
1992-01-30,2.882166353581636
1992-01-31,2.682931081091905
1992-02-01,2.337978414151981
1992-02-02,2.0809654541582225
1992-02-03,1.8794481988018423
1992-02-04,2.326123737612335
1992-02-05,2.9409405204540158
1992-02-06,3.165645514790714
1992-02-07,3.0105248560661964
1992-02-08,3.017028532528523
1992-02-09,2.7369634849311573
1992-02-10,2.3845640658277225
1992-02-11,2.1201684235987774
1992-02-12,1.9130632440861064
1992-02-13,1.7494100710568141
1992-02-14,1.946178414045962
1992-02-15,3.803564492246322
1992-02-16,4.339967571483049
1992-02-17,4.346800041086329
1992-02-18,3.9297808730125765
1992-02-19,3.573556183391407
1992-02-20,3.954895589534679
1992-02-21,4.738067953660832
1992-02-22,5.229961244980573
1992-02-23,5.159094442814021
1992-02-24,4.574466791062048
1992-02-25,4.445716439230876
1992-02-26,4.453946927039321
1992-02-27,3.9161456039289058
1992-02-28,3.3149929604688944
1992-02-29,2.8672580413072186
1992-03-01,2.5224614905397087
1992-03-02,2.2544948941770513
1992-03-03,2.0443556855017713
1992-03-04,1.8780832504512943
1992-03-05,1.7453316963127472
1992-03-06,1.6383716707224083
1992-03-07,1.5513848723014352
1992-03-08,1.4799605143900079
1992-03-09,1.448862652922343
1992-03-10,1.419630698383008
1992-03-11,1.3690020315672828
1992-03-12,1.3260840742597417
1992-03-13,1.2894314829897715
1992-03-14,1.257790128059402
1992-03-15,1.23017666328145
1992-03-16,1.2058164227936485
1992-03-17,1.184096402793945
1992-03-18,1.16452945852282
1992-03-19,1.1467268919655749
1992-03-20,1.130377354613488
1992-03-21,1.1152305300981278
1992-03-22,1.1010844542836176
1992-03-23,1.0877756177112
1992-03-24,1.0751712067737194
1992-03-25,1.0631629965981764
1992-03-26,1.0516625252377094
1992-03-27,1.0405972661004161
1992-03-28,1.029907581272917
1992-03-29,1.0195442881199215
1992-03-30,1.0094667093359107
1992-03-31,0.9996411054854132
1992-04-01,1.0135874976858317
1992-04-02,1.0282192312276177
1992-04-03,1.087949833622409
1992-04-04,1.2545461226016785
1992-04-05,1.3964582592710053
1992-04-06,1.343861465729109
1992-04-07,1.3732050479567164
1992-04-08,1.4832524712326716
1992-04-09,1.3804078025472497
1992-04-10,1.2939677535325103
1992-04-11,1.2233380384204238
1992-04-12,1.2401922678927997
1992-04-13,1.2669435850769226
1992-04-14,1.1993215897607412
1992-04-15,1.143170461592459
1992-04-16,1.247828721796311
1992-04-17,1.4111346421328959
1992-04-18,1.3415997930285009
1992-04-19,1.2551190238217755
1992-04-20,1.1845682387468999
1992-04-21,1.1266284319825532
1992-04-22,1.0942931664652173
1992-04-23,1.0637204685434616
1992-04-24,1.0254351728589353
1992-04-25,1.0227485438749648
1992-04-26,1.017397762395066
1992-04-27,0.9845286879619793
1992-04-28,0.9749072614117266
1992-04-29,1.2561771259794954
1992-04-30,1.450490386515792
1992-05-01,1.2935979345330764
1992-05-02,1.2096178978334882
1992-05-03,1.1876487636208095
1992-05-04,1.147248392816157
1992-05-05,1.1259720729114042
1992-05-06,1.6016134383066813
1992-05-07,1.5278389907420877
1992-05-08,1.3611648873536655
1992-05-09,1.2549634589891918
1992-05-10,1.1693817958633306
1992-05-11,1.0998445964145616
1992-05-12,1.0522729992013409
1992-05-13,1.0504942387307963
1992-05-14,1.0785914718007479
1992-05-15,1.0650349968560635
1992-05-16,1.7165300604079805
1992-05-17,2.4225459252174826
1992-05-18,2.101548497312215
1992-05-19,1.8593831411246784
1992-05-20,2.0248928030281412
1992-05-21,1.8221555910243048
1992-05-22,1.609181384725561
1992-05-23,1.452984167480147
1992-05-24,1.3248308598029406
1992-05-25,1.2223431070894601
1992-05-26,1.1396338615037855
1992-05-27,1.0723558175616754
1992-05-28,1.0171805465732722
1992-05-29,0.9715362302496118
1992-05-30,0.9334363316004816
1992-05-31,0.9013379402393188
1992-06-01,0.8740364655566513
1992-06-02,0.8505868225920605
1992-06-03,0.8302440692434335
1992-06-04,0.8124361619409397
1992-06-05,0.7966655181530581
1992-06-06,0.7969940830275286
1992-06-07,0.7939233389114985
1992-06-08,0.7786313186885859
1992-06-09,0.764876280711802
1992-06-10,0.752459620084788
1992-06-11,0.7411466398716099
1992-06-12,0.7307478959657443
1992-06-13,0.721109962895194
1992-06-14,0.7121081883300197
1992-06-15,0.7036409850142672
1992-06-16,0.6956253165192283
1992-06-17,0.6879931139404311
1992-06-18,0.6806884214945578
1992-06-19,0.673665115043272
1992-06-20,0.6668850726269339
1992-06-21,0.6603167028875274
1992-06-22,0.6539440793227818
1992-06-23,0.6477283213831823
1992-06-24,0.6416524369988731
1992-06-25,0.6357068413331687
1992-06-26,0.6298786475248433
1992-06-27,0.6241570066167651
1992-06-28,0.6204002909240741
1992-06-29,0.6222563161136484
1992-06-30,0.7108523209929452
1992-07-01,0.6915038257322382
1992-07-02,0.6359745941443365
1992-07-03,0.6257883232785618
1992-07-04,0.615972367671136
1992-07-05,0.6070113048934015
1992-07-06,0.5987584756500041
1992-07-07,0.591095176827425
1992-07-08,0.5839250139060057
1992-07-09,0.5771694589552473
1992-07-10,0.5709795323455745
1992-07-11,0.5649458377324222
1992-07-12,0.5590548840223005
1992-07-13,0.5533891039529732
1992-07-14,0.5479180769688798
1992-07-15,0.5426165030076562
1992-07-16,0.5374633683902454
1992-07-17,0.5324411733096427
1992-07-18,0.5275353055967836
1992-07-19,0.5227335316755293
1992-07-20,0.5180255816895765
1992-07-21,0.5141917781910593
1992-07-22,0.5102807926446468
1992-07-23,0.5056391361088403
1992-07-24,0.5010945084495843
1992-07-25,0.5666265635165197
1992-07-26,0.6868836410176398
1992-07-27,0.7647383703314086
1992-07-28,1.0717545990173551
1992-07-29,1.9850453921925897
1992-07-30,1.231084702126578
1992-07-31,0.8997799498413093
1992-08-01,0.7656669937820798
1992-08-02,0.7122195967575181
1992-08-03,0.6829205849927029
1992-08-04,1.6894630739954728
1992-08-05,1.531417578546048
1992-08-06,1.1075021676332613
1992-08-07,0.9946206623585309
1992-08-08,2.0519960171279865
1992-08-09,1.484558830712816
1992-08-10,2.014954478268507
1992-08-11,3.3882094610649833
1992-08-12,2.8871380886374003
1992-08-13,2.4084119826800383
1992-08-14,1.9851138574039613
1992-08-15,1.686253213294042
1992-08-16,1.4542753766103103
1992-08-17,1.2729275803697384
1992-08-18,1.1301060786519859
1992-08-19,1.0168063925098636
1992-08-20,1.0303948010233805
1992-08-21,1.0450620503422456
1992-08-22,0.9492850499937618
1992-08-23,0.8720737232630723
1992-08-24,0.8154417393210367
1992-08-25,1.3167575712085238
1992-08-26,1.715651018991835
1992-08-27,2.9747226302656258
1992-08-28,4.147469649800677
1992-08-29,3.4631031823624245
1992-08-30,2.7761332142013604
1992-08-31,3.1361825704694994
1992-09-01,2.8805625975566147
1992-09-02,2.5853296801157417
1992-09-03,2.276691489772643
1992-09-04,1.9168109404434388
1992-09-05,1.6823279970835128
1992-09-06,1.5678845827539003
1992-09-07,1.6716267664645603
1992-09-08,2.667064744033857
1992-09-09,3.4847570314755605
1992-09-10,3.06519713855384
1992-09-11,2.5513561952459876
1992-09-12,2.174145059223849
1992-09-13,1.8937025889758168
1992-09-14,1.8593281213256851
1992-09-15,1.8618763515203967
1992-09-16,2.3360598972618227
1992-09-17,2.096073484430153
1992-09-18,1.7818494514444552
1992-09-19,1.9018705331056969
1992-09-20,1.918927328126422
1992-09-21,1.7270190064754496
1992-09-22,1.7270416543741378
1992-09-23,1.54342559544497
1992-09-24,1.3689988266419453
1992-09-25,1.2410610351143705
1992-09-26,1.1388648607265388
1992-09-27,1.0565890933981543
1992-09-28,0.9898221261081774
1992-09-29,0.9351983255407275
1992-09-30,0.8901339639677742
1992-10-01,0.8526338907396721
1992-10-02,0.8211489095936965
1992-10-03,0.7944698039832772
1992-10-04,0.7716480577141906
1992-10-05,0.7519361650260411
1992-10-06,0.734742416339166
1992-10-07,0.7195964517285244
1992-10-08,0.7061228743171152
1992-10-09,0.694020932730933
1992-10-10,0.6830487994412628
1992-10-11,0.7404497346063666
1992-10-12,1.375011356799322
1992-10-13,1.2757240584405771
1992-10-14,1.1319777768816486
1992-10-15,1.4385643178251828
1992-10-16,1.4320217240283302
1992-10-17,1.2575187024628935
1992-10-18,1.1306369223671242
1992-10-19,1.2675540844077413
1992-10-20,1.4925277992695458
1992-10-21,1.3151057902059118
1992-10-22,1.1722064606596865
1992-10-23,1.1300661725713275
1992-10-24,1.8678156218876782
1992-10-25,1.9967902547847345
1992-10-26,1.724566070470127
1992-10-27,1.4953834042346648
1992-10-28,1.3290507000609448
1992-10-29,1.197450902244208
1992-10-30,1.092538536201099
1992-10-31,1.008263716943381
1992-11-01,0.9400446569973058
1992-11-02,0.8843881801881032
1992-11-03,0.8386143367317186
1992-11-04,0.8006549299653485
1992-11-05,0.768904985229883
1992-11-06,0.7421124569147187
1992-11-07,0.7192957706118569
1992-11-08,0.6996817779605595
1992-11-09,0.6826587860671648
1992-11-10,0.6677407933499433
1992-11-11,0.6545401087437259
1992-11-12,0.6427483806021405
1992-11-13,1.4028396850358522
1992-11-14,1.5998625715724408
1992-11-15,1.367564399105117
1992-11-16,1.4925682157737903
1992-11-17,1.7229907493427004
1992-11-18,2.2409600832238277
1992-11-19,2.3801893161911765
1992-11-20,2.320846909469556
1992-11-21,1.9999920862796914
1992-11-22,1.7121921687330135
1992-11-23,1.8703703867834542
1992-11-24,1.7141320059418304
1992-11-25,1.5722889549110288
1992-11-26,1.7185166209438316
1992-11-27,2.40732154630688
1992-11-28,2.579942687305351
1992-11-29,2.4102516964538494
1992-11-30,3.2649692331288542
1992-12-01,4.279105477875339
1992-12-02,3.939649200028498
1992-12-03,5.504618262690176
1992-12-04,7.457909794213724
1992-12-05,7.54513171409078
1992-12-06,6.5178400969975385
1992-12-07,6.859211506559631
1992-12-08,6.07184857116498
1992-12-09,5.567011099858759
1992-12-10,5.047636261754543
1992-12-11,5.338013394952885
1992-12-12,4.779189255396574
1992-12-13,4.6732655090928175
1992-12-14,4.443867051490818
1992-12-15,3.749581146562123
1992-12-16,3.1354176700342453
1992-12-17,2.6739413321655348
1992-12-18,2.3194797895809844
1992-12-19,2.0447972240839567
1992-12-20,2.0680042504121663
1992-12-21,1.9909170929871287
1992-12-22,2.603279738405661
1992-12-23,2.690920583165991
1992-12-24,2.449770981224944
1992-12-25,2.1681017215881417
1992-12-26,1.9257778649456008
1992-12-27,1.8694338866141067
1992-12-28,1.755376398424085
1992-12-29,1.597506451294928
1992-12-30,1.4765880328084438
1992-12-31,1.3792460636406638
1993-01-01,1.3001912199430994
1993-01-02,1.235406106118627
1993-01-03,1.1818194267632387
1993-01-04,1.1370687478633295
1993-01-05,1.0993263794261219
1993-01-06,1.3652602400238332
1993-01-07,1.4455607515077251
1993-01-08,1.3342521116576
1993-01-09,1.255833829577876
1993-01-10,1.1916330127462136
1993-01-11,1.138589770149153
1993-01-12,1.0943502230088444
1993-01-13,2.210505627154569
1993-01-14,2.7391162874240766
1993-01-15,2.440946637266904
1993-01-16,2.11582098464747
1993-01-17,1.8717576649063377
1993-01-18,1.6804125594529244
1993-01-19,1.5291383544588315
1993-01-20,1.408540808174772
1993-01-21,1.311586308889886
1993-01-22,2.872235236070806
1993-01-23,6.566935394266744
1993-01-24,7.6559218459231175
1993-01-25,10.674229842279168
1993-01-26,12.40643852726737
1993-01-27,11.518534015454891
1993-01-28,11.98830334419147
1993-01-29,10.542414135996372
1993-01-30,8.51097058826566
1993-01-31,7.13228608439734
1993-02-01,7.50746565892246
1993-02-02,6.807062803510761
1993-02-03,6.539907040746136
1993-02-04,5.921869421149251
1993-02-05,4.861232410203064
1993-02-06,4.062752175429946
1993-02-07,3.531103474225841
1993-02-08,3.1371618119891598
1993-02-09,2.750740028301714
1993-02-10,2.455749880429306
1993-02-11,2.225269853293811
1993-02-12,2.0419892962923067
1993-02-13,1.8959384983245202
1993-02-14,1.7784817351439812
1993-02-15,1.683117912410883
1993-02-16,1.6049312493797998
1993-02-17,1.540179444021397
1993-02-18,1.4859953755325528
1993-02-19,1.4401692564466497
1993-02-20,1.400988300525628
1993-02-21,1.3671178573353753
1993-02-22,1.3375126804436952
1993-02-23,1.3113502579393912
1993-02-24,1.5056869249691813
1993-02-25,1.827435571414792
1993-02-26,2.635708381005707
1993-02-27,2.8230639554954817
1993-02-28,2.6440899931549784
1993-03-01,2.3697880098396054
1993-03-02,2.1257924401383614
1993-03-03,1.9386579924890854
1993-03-04,1.7899497785389757
1993-03-05,1.6707227382995322
1993-03-06,1.5742497293903135
1993-03-07,1.4954495922571525
1993-03-08,1.4304580391627617
1993-03-09,1.3763172808593518
1993-03-10,1.3307496551129074
1993-03-11,1.2919912230131323
1993-03-12,1.2586685412125893
1993-03-13,1.229706770337178
1993-03-14,1.2042606991834093
1993-03-15,1.1816626471976852
1993-03-16,1.1613828828128328
1993-03-17,1.1429993824726907
1993-03-18,1.1261746032645374
1993-03-19,1.110637552395189
1993-03-20,1.096169879054581
1993-03-21,1.0825950369139445
1993-03-22,1.0697698024536653
1993-03-23,1.0575776093592568
1993-03-24,1.0459232892891912
1993-03-25,1.034728906501024
1993-03-26,1.023930446822366
1993-03-27,1.0151776808857216
1993-03-28,1.6398425673651353
1993-03-29,2.476830737571675
1993-03-30,2.389657992633313
1993-03-31,2.1474683043161713
1993-04-01,2.248892803445032
1993-04-02,2.4085951257634797
1993-04-03,2.1819377153119284
1993-04-04,2.02606890299047
1993-04-05,1.946098483229249
1993-04-06,1.8023691187503958
1993-04-07,1.6661829189925828
1993-04-08,1.6691468866615005
1993-04-09,1.9932437699967067
1993-04-10,1.9185014601922763
1993-04-11,1.7150567054762984
1993-04-12,1.570180725413629
1993-04-13,1.4543461339081014
1993-04-14,1.360932086482916
1993-04-15,1.284935134425469
1993-04-16,1.2225968044750293
1993-04-17,4.174616697806994
1993-04-18,4.705986588299964
1993-04-19,3.771570084781748
1993-04-20,3.162761605186627
1993-04-21,2.6994728412318536
1993-04-22,2.3436581087796613
1993-04-23,2.0679479209128417
1993-04-24,1.8524510376286505
1993-04-25,1.682573877302855
1993-04-26,1.5475152171966038
1993-04-27,1.4392151241122029
1993-04-28,1.35161321338125
1993-04-29,1.2801199915444006
1993-04-30,1.221236565042567
1993-05-01,1.172327743664478
1993-05-02,1.2118024111581107
1993-05-03,1.2420196162289374
1993-05-04,1.1982371319221132
1993-05-05,1.154019690939453
1993-05-06,1.1450261286953902
1993-05-07,1.2693356248757837
1993-05-08,1.3185755673491475
1993-05-09,1.2310481686165329
1993-05-10,1.1711342451837405
1993-05-11,1.1214831128739853
1993-05-12,1.0943006510982733
1993-05-13,1.0621012432882473
1993-05-14,1.0291689444969585
1993-05-15,1.0009441495790374
1993-05-16,0.9765160613259004
1993-05-17,0.9551534710121398
1993-05-18,0.9362773197407203
1993-05-19,1.018207733722411
1993-05-20,1.94397014872691
1993-05-21,1.6678573706013946
1993-05-22,1.4501320171546956
1993-05-23,1.3340220680581227
1993-05-24,1.2407015432693516
1993-05-25,1.1878254705362516
1993-05-26,1.2048694062148713
1993-05-27,1.178678309445094
1993-05-28,1.113063623884907
1993-05-29,1.0589306520370063
1993-05-30,1.0140197213156077
1993-05-31,0.9764116547266446
1993-06-01,0.9446155595467617
1993-06-02,0.9174672144339869
1993-06-03,0.8940530112093348
1993-06-04,0.8786601410860891
1993-06-05,0.8627565541601171
1993-06-06,0.8456726398513288
1993-06-07,0.8304073982371311
1993-06-08,0.8166502459338604
1993-06-09,0.8041342782339588
1993-06-10,0.7926445302757142
1993-06-11,0.7820072734999779
1993-06-12,0.77208164132076
1993-06-13,0.7627530497062512
1993-06-14,0.753928007286138
1993-06-15,0.7455300058813138
1993-06-16,0.7440490522754759
1993-06-17,0.7415345446231254
1993-06-18,1.750756604438508
1993-06-19,1.0863534244928312
1993-06-20,1.105018121476143
1993-06-21,1.058156571957597
1993-06-22,1.4772223992930629
1993-06-23,1.1556587869172776
1993-06-24,1.059295323447353
1993-06-25,1.0181834060388768
1993-06-26,0.9560984463513456
1993-06-27,0.9051073270026203
1993-06-28,0.8629751170518651
1993-06-29,0.8278570953702972
1993-06-30,0.7983200055237809
1993-07-01,0.7732444863443463
1993-07-02,0.7629536828482436
1993-07-03,0.8858588998769158
1993-07-04,0.9908377742260684
1993-07-05,0.9265673155955532
1993-07-06,0.8451209577935591
1993-07-07,0.8207473278894101
1993-07-08,0.7962058501115452
1993-07-09,0.7663369593979595
1993-07-10,0.741021061255445
1993-07-11,0.7193994773882677
1993-07-12,0.7007550089843272
1993-07-13,0.6845201455333848
1993-07-14,0.6990630168003739
1993-07-15,0.9693981521175675
1993-07-16,1.3163584904806773
1993-07-17,1.8571040052255852
1993-07-18,1.2631196688361932
1993-07-19,1.0867947652972079
1993-07-20,1.0319110207973423
1993-07-21,1.786456683025609
1993-07-22,1.4032252843877675
1993-07-23,1.1959897236167853
1993-07-24,1.1239025871672421
1993-07-25,1.3465554331098764
1993-07-26,1.800442651553064
1993-07-27,2.4661634020648635
1993-07-28,1.9794944766397695
1993-07-29,1.6465688633742257
1993-07-30,1.442324284614419
1993-07-31,1.2943711094983685
1993-08-01,1.721350348865086
1993-08-02,1.7122465199136867
1993-08-03,1.4947847465953934
1993-08-04,1.3363933565474666
1993-08-05,1.1998637981313147
1993-08-06,1.0910989354796328
1993-08-07,1.0038933568895219
1993-08-08,0.9334390670839224
1993-08-09,0.8760756227564492
1993-08-10,0.8289984740514899
1993-08-11,0.8501631740790992
1993-08-12,0.8697827954624028
1993-08-13,0.8225257600385015
1993-08-14,0.7832732968338254
1993-08-15,0.7505518200435127
1993-08-16,0.7230364823660764
1993-08-17,0.6996902718573934
1993-08-18,0.679697587200985
1993-08-19,0.6624140525238476
1993-08-20,0.6473283778068357
1993-08-21,0.6463893555632033
1993-08-22,0.6530959197188541
1993-08-23,0.6421274268049443
1993-08-24,0.6277958796124398
1993-08-25,0.9935064161439059
1993-08-26,0.8494633161770265
1993-08-27,0.7961194450106781
1993-08-28,0.8145340158018493
1993-08-29,1.2551420235745587
1993-08-30,0.9291989301505713
1993-08-31,3.5314618257378676
1993-09-01,3.603711184594235
1993-09-02,3.2387551075939274
1993-09-03,3.574608116546031
1993-09-04,3.860756420923531
1993-09-05,3.337433267101701
1993-09-06,3.394480089381044
1993-09-07,2.930261504730812
1993-09-08,2.415394813256062
1993-09-09,2.0490304665063594
1993-09-10,1.7645217363102847
1993-09-11,1.5431709873410409
1993-09-12,1.377967275099313
1993-09-13,1.2798880955654126
1993-09-14,1.2328551953073796
1993-09-15,1.21088105008319
1993-09-16,1.1354138271229128
1993-09-17,1.414651269534822
1993-09-18,2.4311830583747613
1993-09-19,2.2644253058243575
1993-09-20,2.7697091716928397
1993-09-21,4.216221472540524
1993-09-22,4.575244171221388
1993-09-23,4.680611892104797
1993-09-24,4.133087065192763
1993-09-25,4.003308343279269
1993-09-26,6.047891410445062
1993-09-27,6.271175078229704
1993-09-28,5.24792327048024
1993-09-29,4.824978169750051
1993-09-30,4.338321895433491
1993-10-01,3.6136725006814245
1993-10-02,3.0029244836038984
1993-10-03,2.5482280145299065
1993-10-04,2.199097017006904
1993-10-05,1.9286804676550204
1993-10-06,1.7174547733539567
1993-10-07,1.629894281735966
1993-10-08,2.319993920862565
1993-10-09,3.167475551556684
1993-10-10,2.8676697866064433
1993-10-11,2.6399537202435712
1993-10-12,4.381093516692589
1993-10-13,4.378584747601959
1993-10-14,4.200369752859919
1993-10-15,4.093725138033871
1993-10-16,3.764909628428306
1993-10-17,3.4948276731769075
1993-10-18,3.3414821821544667
1993-10-19,2.9173382601403257
1993-10-20,2.4967227240018897
1993-10-21,2.182200135397155
1993-10-22,2.1023619446475945
1993-10-23,4.628926200424583
1993-10-24,5.089859476532307
1993-10-25,4.2159071345890595
1993-10-26,3.4954008759775306
1993-10-27,2.9604974520447525
1993-10-28,2.5517593820015514
1993-10-29,2.2365520400244683
1993-10-30,3.4180516900324576
1993-10-31,3.7149083582693767
1993-11-01,5.295262463184208
1993-11-02,6.625430528776254
1993-11-03,6.416139004754688
1993-11-04,5.362787283181999
1993-11-05,5.127875031348242
1993-11-06,5.9849793206517035
1993-11-07,6.864238527842548
1993-11-08,7.1300989802462835
1993-11-09,7.13068894398375
1993-11-10,8.591446184887191
1993-11-11,10.733002293087372
1993-11-12,9.714820700607842
1993-11-13,7.612825623977518
1993-11-14,6.127499958506765
1993-11-15,5.02494796215392
1993-11-16,4.2017455809180175
1993-11-17,3.580580272409271
1993-11-18,3.1071436071558547
1993-11-19,2.742802156270343
1993-11-20,2.627443831957523
1993-11-21,2.574808889834643
1993-11-22,2.9919625319530225
1993-11-23,3.1433076072655157
1993-11-24,3.241284643306768
1993-11-25,4.181206181602135
1993-11-26,7.024047261825232
1993-11-27,7.307101694410698
1993-11-28,6.376081764243846
1993-11-29,6.4791334867380845
1993-11-30,8.317618373836856
1993-12-01,9.112902288020011
1993-12-02,8.172193110504072
1993-12-03,6.729231957477762
1993-12-04,5.511960857867027
1993-12-05,4.72779960891891
1993-12-06,4.1092963447226065
1993-12-07,3.5491952015299755
1993-12-08,3.1239684276061666
1993-12-09,2.7950536320019297
1993-12-10,2.708401358233848
1993-12-11,2.64583408483503
1993-12-12,2.4220687727485744
1993-12-13,2.93701902259958
1993-12-14,2.9209192632568626
1993-12-15,2.8677817933079486
1993-12-16,2.6980104575579076
1993-12-17,5.592845546919919
1993-12-18,7.866071392893282
1993-12-19,9.600711301155522
1993-12-20,8.862207502345592
1993-12-21,7.070803258498963
1993-12-22,7.343696169480729
1993-12-23,7.490758104788633
1993-12-24,12.651439883572268
1993-12-25,14.251117427268476
1993-12-26,11.06145072046287
1993-12-27,9.407048903483329
1993-12-28,8.647636053106249
1993-12-29,7.359918205724013
1993-12-30,6.439995742212744
1993-12-31,5.5782177355548725
1994-01-01,4.7275508950320875
1994-01-02,4.3231602982036135
1994-01-03,4.185140287696998
1994-01-04,3.831105796989501
1994-01-05,3.40424106986458
1994-01-06,3.073853231354938
1994-01-07,2.815515723558328
1994-01-08,5.467382272375921
1994-01-09,5.618361399070683
1994-01-10,5.150807936522825
1994-01-11,4.962708121624902
1994-01-12,5.842165864313912
1994-01-13,6.600321121267154
1994-01-14,7.3228302840483375
1994-01-15,11.106487557289093
1994-01-16,11.803865982767762
1994-01-17,9.906785297799457
1994-01-18,8.11374879923263
1994-01-19,6.6515181887438075
1994-01-20,5.573797600983428
1994-01-21,4.766717596496122
1994-01-22,4.1556671707112605
1994-01-23,4.795426638224775
1994-01-24,4.771026373514165
1994-01-25,4.13699864252756
1994-01-26,3.6729560525155507
1994-01-27,3.3141655055501826
1994-01-28,3.0339136022962028
1994-01-29,2.8127662645265867
1994-01-30,2.636452052827839
1994-01-31,2.494399099980883
1994-02-01,2.3787123260064202
1994-02-02,2.2834508761901846
1994-02-03,2.204112619854803
1994-02-04,2.1372629816619457
1994-02-05,2.080265385438554
1994-02-06,2.155661150759329
1994-02-07,2.9498588783587993
1994-02-08,3.6370242813988294
1994-02-09,3.4518259265799247
1994-02-10,3.2587715316946597
1994-02-11,3.0588131102113088
1994-02-12,3.272015702669576
1994-02-13,3.3129655074708615
1994-02-14,2.9722223222261346
1994-02-15,2.7287062415535264
1994-02-16,2.5358104210802677
1994-02-17,2.381460140869315
1994-02-18,2.3023838903728557
1994-02-19,3.656431008131241
1994-02-20,5.461290661369197
1994-02-21,6.063470889616386
1994-02-22,6.293034078944088
1994-02-23,5.6430858557492245
1994-02-24,4.7511810952425195
1994-02-25,4.308692529251785
1994-02-26,3.9210258450788658
1994-02-27,3.454534491897599
1994-02-28,3.101766821365803
1994-03-01,2.826501717647465
1994-03-02,2.609577569497677
1994-03-03,2.656362684368163
1994-03-04,2.7158792058755807
1994-03-05,2.517884639223225
1994-03-06,2.3592344593316508
1994-03-07,2.692181581732898
1994-03-08,3.107757174692123
1994-03-09,3.2653504622764817
1994-03-10,3.089399400380952
1994-03-11,2.7906906403509417
1994-03-12,2.7906160779032043
1994-03-13,3.124358855769572
1994-03-14,3.0629755113290593
1994-03-15,2.789709275774952
1994-03-16,2.5608763588223167
1994-03-17,2.37917053915823
1994-03-18,2.233638077874632
1994-03-19,2.115892872651873
1994-03-20,2.0196357516629484
1994-03-21,2.1855235254358916
1994-03-22,2.5195748958977
1994-03-23,2.4302452126661316
1994-03-24,2.7419555500217103
1994-03-25,2.8986134957580094
1994-03-26,2.616729197316469
1994-03-27,2.596160775873952
1994-03-28,2.56796333384565
1994-03-29,4.348025655845035
1994-03-30,4.733834889450628
1994-03-31,3.995291184205762
1994-04-01,3.699791569467866
1994-04-02,3.4409701283136176
1994-04-03,3.0783348302774556
1994-04-04,2.7943902594513976
1994-04-05,2.5441922307878335
1994-04-06,2.3464957834293334
1994-04-07,2.188938552995975
1994-04-08,2.0621348390259193
1994-04-09,1.9590537642210306
1994-04-10,1.8743895155364552
1994-04-11,1.8998177581048656
1994-04-12,1.9978967409853343
1994-04-13,2.0034994875964744
1994-04-14,1.919074445567371
1994-04-15,2.0471112021807256
1994-04-16,2.7312975467465885
1994-04-17,3.027558181695906
1994-04-18,2.808049108418775
1994-04-19,2.5177556996563037
1994-04-20,2.3037882699439463
1994-04-21,2.1340683501834463
1994-04-22,2.106655285742636
1994-04-23,2.187396990179016
1994-04-24,2.118604073152227
1994-04-25,1.9964399502842276
1994-04-26,1.8921012066288811
1994-04-27,2.6313357067164973
1994-04-28,2.934313775132758
1994-04-29,2.581209544157563
1994-04-30,2.5616132325334218
1994-05-01,2.529339335837419
1994-05-02,2.5665848962597675
1994-05-03,2.54442354772708
1994-05-04,2.369199175910101
1994-05-05,2.227571895702245
1994-05-06,2.058785002607235
1994-05-07,2.444008397924464
1994-05-08,2.572324904262993
1994-05-09,2.297250541619091
1994-05-10,2.1464244386606164
1994-05-11,2.0300027043777704
1994-05-12,1.8962131811960798
1994-05-13,1.7879482708979004
1994-05-14,1.699670943771231
1994-05-15,1.6269694417681844
1994-05-16,1.593970789241406
1994-05-17,1.5610133383098794
1994-05-18,1.509706914904923
1994-05-19,2.035135165268985
1994-05-20,2.3503136374949904
1994-05-21,2.4782741561846056
1994-05-22,3.9769186918279353
1994-05-23,3.713477271680974
1994-05-24,3.450776049787194
1994-05-25,3.3264114729817287
1994-05-26,3.7759380834557894
1994-05-27,3.496812628494673
1994-05-28,2.996759851392119
1994-05-29,2.642086255439167
1994-05-30,4.057949564694397
1994-05-31,4.202073907068408
1994-06-01,3.511071312972156
1994-06-02,3.041366739432011
1994-06-03,2.6799649932820575
1994-06-04,2.3993021370443106
1994-06-05,2.179341279549817
1994-06-06,2.00537944787431
1994-06-07,1.8665329764606533
1994-06-08,1.7547226193625312
1994-06-09,2.8725031273548574
1994-06-10,2.936897209584226
1994-06-11,5.116234471653317
1994-06-12,5.7569092727916535
1994-06-13,4.87510883596842
1994-06-14,4.056627477896595
1994-06-15,4.089013292363991
1994-06-16,3.908018725864693
1994-06-17,3.327963535279432
1994-06-18,2.9098122638599104
1994-06-19,2.5832795819091783
1994-06-20,2.3793738110143003
1994-06-21,2.5320761984406626
1994-06-22,4.973578234616909
1994-06-23,5.641766987930982
1994-06-24,4.836837672694008
1994-06-25,4.03681898111226
1994-06-26,3.6602605230807046
1994-06-27,4.004617628196996
1994-06-28,3.8192786970666894
1994-06-29,3.2927731545437573
1994-06-30,2.8885811063826092
1994-07-01,2.575546208653091
1994-07-02,2.4480461609519364
1994-07-03,3.1195832751691874
1994-07-04,3.105316534854261
1994-07-05,2.705175033319335
1994-07-06,2.43107759834914
1994-07-07,2.2666745201223115
1994-07-08,2.128856535401077
1994-07-09,1.9759333226896099
1994-07-10,1.8560845654457137
1994-07-11,1.7574008811986346
1994-07-12,1.6749834651894109
1994-07-13,1.6068575036317672
1994-07-14,1.5499635728938308
1994-07-15,1.501939945100253
1994-07-16,1.4609589635368987
1994-07-17,1.425598585073222
1994-07-18,1.3947466793342882
1994-07-19,1.4855290409249424
1994-07-20,1.5714789052389928
1994-07-21,1.4992809840723869
1994-07-22,1.44895931918344
1994-07-23,1.5394011179085239
1994-07-24,1.627389468810355
1994-07-25,1.5226251546455585
1994-07-26,1.4675227792713075
1994-07-27,1.4275032311494653
1994-07-28,1.3841616411774975
1994-07-29,1.3448185712705243
1994-07-30,1.3109801210417993
1994-07-31,1.2815556790449603
1994-08-01,1.255688149211781
1994-08-02,1.2328202581067773
1994-08-03,1.2122202051760116
1994-08-04,1.1934671371535963
1994-08-05,1.176293689149445
1994-08-06,1.1604248159050028
1994-08-07,1.1456390118848863
1994-08-08,1.131757264855996
1994-08-09,1.1186344161500708
1994-08-10,1.1061523749203903
1994-08-11,1.094214767195236
1994-08-12,1.1035829961662553
1994-08-13,1.2349672643236442
1994-08-14,1.4305822905313084
1994-08-15,1.2195535755853801
1994-08-16,1.1608192896740734
1994-08-17,1.1322577249645398
1994-08-18,1.1073715874064882
1994-08-19,1.0854527745896578
1994-08-20,1.7295867713708395
1994-08-21,1.4865901219539006
1994-08-22,1.3037307983013922
1994-08-23,1.4094757940889542
1994-08-24,1.339940471143435
1994-08-25,1.2463313801733793
1994-08-26,1.214808600521769
1994-08-27,1.1912646393154744
1994-08-28,1.1455931005225077
1994-08-29,1.1070995693449894
1994-08-30,1.0744007871890253
1994-08-31,1.0463357675356533
1994-09-01,1.0219939050727371
1994-09-02,1.0006576205480078
1994-09-03,0.9817589217041425
1994-09-04,0.9648463141000153
1994-09-05,0.9495594579118674
1994-09-06,0.9356096565343276
1994-09-07,0.9227647607570818
1994-09-08,0.9108374342811638
1994-09-09,0.8996759912158357
1994-09-10,0.8891572112297678
1994-09-11,0.8791806824943923
1994-09-12,0.8696643301755912
1994-09-13,0.8605408688377009
1994-09-14,0.8517549778158297
1994-09-15,0.8432610445380022
1994-09-16,0.8350213556970839
1994-09-17,0.8270046428440643
1994-09-18,0.8191849094368046
1994-09-19,0.8115404821438227
1994-09-20,0.8040532413988958
1994-09-21,0.7967079956742827
1994-09-22,0.7894919713244768
1994-09-23,0.7823943956298036
1994-09-24,0.7754061552053054
1994-09-25,0.7685195155139432
1994-09-26,0.7617278900476331
1994-09-27,0.755025649979054
1994-09-28,0.7484079668681276
1994-09-29,0.7459254375044139
1994-09-30,0.7469480709275519
1994-10-01,1.3331551471110898
1994-10-02,1.6781231107174037
1994-10-03,1.034903665227535
1994-10-04,0.9228155878586993
1994-10-05,0.8823362142476752
1994-10-06,0.8501931973880317
1994-10-07,0.8219537256205808
1994-10-08,0.7972749414648405
1994-10-09,0.7760922377737737
1994-10-10,0.7577330706731468
1994-10-11,0.7416602399201139
1994-10-12,0.7274468936676448
1994-10-13,0.7147524838950674
1994-10-14,0.7033042661954437
1994-10-15,0.6928829941190879
1994-10-16,0.6833118043048342
1994-10-17,0.6744475415163272
1994-10-18,0.6858905493231781
1994-10-19,0.7783864842029756
1994-10-20,0.8663340276840992
1994-10-21,0.7920517565327985
1994-10-22,0.7245928900237123
1994-10-23,0.6978908008586701
1994-10-24,0.6819588016992363
1994-10-25,0.6679610701112016
1994-10-26,0.6556954531060253
1994-10-27,0.6446481373823683
1994-10-28,0.6704440116423127
1994-10-29,0.8706359973189887
1994-10-30,1.2597681954628261
1994-10-31,1.2119164532668933
1994-11-01,0.924125252980505
1994-11-02,0.839787922531754
1994-11-03,0.7927710127645518
1994-11-04,0.7539915907767435
1994-11-05,0.7217424479445972
1994-11-06,0.7080321837330299
1994-11-07,1.0887712897741093
1994-11-08,1.9399977218637694
1994-11-09,1.867038558616973
1994-11-10,1.7972867162181911
1994-11-11,1.836158181550437
1994-11-12,3.041376724070061
1994-11-13,2.631520524557576
1994-11-14,2.147936075870238
1994-11-15,2.1673006015534746
1994-11-16,2.3386827771597685
1994-11-17,2.3397301081698436
1994-11-18,2.527483715582066
1994-11-19,2.91835462291295
1994-11-20,4.249137641084407
1994-11-21,5.132639701679248
1994-11-22,4.815904402111803
1994-11-23,5.342788736124537
1994-11-24,4.647999195691686
1994-11-25,3.728867221995962
1994-11-26,3.0731867262473394
1994-11-27,2.5760335557345395
1994-11-28,2.1956644588612297
1994-11-29,1.9021325411549421
1994-11-30,1.673728921183395
1994-12-01,1.4945642942314512
1994-12-02,1.3529044917845987
1994-12-03,1.6129247570310936
1994-12-04,2.5562698154036503
1994-12-05,2.661751826345308
1994-12-06,2.903674017356941
1994-12-07,3.159753981811718
1994-12-08,3.9196621779638696
1994-12-09,5.425675944540298
1994-12-10,6.026903488372511
1994-12-11,5.601615224834326
1994-12-12,4.6457695076208685
1994-12-13,3.7897566206732143
1994-12-14,3.154958457638571
1994-12-15,3.935404194684761
1994-12-16,5.335117300335405
1994-12-17,4.895908971300416
1994-12-18,3.9709031797103282
1994-12-19,3.3073654869578717
1994-12-20,2.8039411399920486
1994-12-21,2.418422001407372
1994-12-22,2.1205514704340493
1994-12-23,1.9635490101985147
1994-12-24,2.0317391454516227
1994-12-25,2.2465546920480493
1994-12-26,4.580439639987608
1994-12-27,5.482731288623686
1994-12-28,5.073513236986081
1994-12-29,5.062675166900676
1994-12-30,10.37053858777004
1994-12-31,11.215746603187261
1995-01-01,8.984965233242518
1995-01-02,7.2036999823104715
1995-01-03,6.8400919584972195
1995-01-04,6.666806920795299
1995-01-05,5.647975252286603
1995-01-06,4.623581876054807
1995-01-07,3.868186221601501
1995-01-08,3.2967865507768845
1995-01-09,2.8603276231017216
1995-01-10,2.5237952756890363
1995-01-11,2.2619262744264854
1995-01-12,2.056310160203141
1995-01-13,1.8934058444192354
1995-01-14,1.7631678120212344
1995-01-15,1.6580838858995637
1995-01-16,1.572494217367096
1995-01-17,1.5021046136706069
1995-01-18,1.4436355757425963
1995-01-19,1.4287813865707968
1995-01-20,1.4270800430531523
1995-01-21,1.3782344831441715
1995-01-22,1.3531838972020092
1995-01-23,1.4979812713801681
1995-01-24,2.030967865067643
1995-01-25,2.4129702086131677
1995-01-26,2.261493587756384
1995-01-27,5.633357371214419
1995-01-28,8.136520448420471
1995-01-29,7.277260283260557
1995-01-30,5.811728880034082
1995-01-31,4.7588053397384975
1995-02-01,3.9717080519152455
1995-02-02,3.377204237433531
1995-02-03,2.923729373441729
1995-02-04,2.574542026300725
1995-02-05,2.3031748930333538
1995-02-06,2.0903683341466426
1995-02-07,1.9219758766011188
1995-02-08,1.7875160816276823
1995-02-09,1.6791599339033805
1995-02-10,2.0315493596146226
1995-02-11,2.486191997703322
1995-02-12,2.219069052359162
1995-02-13,4.750237800117929
1995-02-14,5.930342297489578
1995-02-15,5.912916039542935
1995-02-16,5.241258323277357
1995-02-17,4.601188484377074
1995-02-18,3.999306585236097
1995-02-19,3.4089608420110182
1995-02-20,2.9564873836514134
1995-02-21,2.6082118841963164
1995-02-22,2.3376178740403812
1995-02-23,2.1254332087034116
1995-02-24,1.9804068619850883
1995-02-25,2.671098747496243
1995-02-26,3.1070505323598767
1995-02-27,3.9297257793972364
1995-02-28,3.7564787128151784
1995-03-01,4.005155301102639
1995-03-02,4.176688963471551
1995-03-03,3.548238156151575
1995-03-04,3.06733860323563
1995-03-05,2.6973942095692203
1995-03-06,2.4103555421679794
1995-03-07,2.1855963573407564
1995-03-08,2.0079962651508603
1995-03-09,1.8663714831401312
1995-03-10,1.7523825178630066
1995-03-11,1.713080558446511
1995-03-12,2.2962337073521435
1995-03-13,2.569857166230642
1995-03-14,2.8994101231424083
1995-03-15,3.686798885973522
1995-03-16,4.4378018825492225
1995-03-17,5.777720083915553
1995-03-18,6.4950674070948295
1995-03-19,5.732463441049397
1995-03-20,4.70196945523184
1995-03-21,3.951836217222088
1995-03-22,3.3841054541252977
1995-03-23,2.9501626211361365
1995-03-24,2.6153054769702924
1995-03-25,2.3544937133803883
1995-03-26,2.284740503825763
1995-03-27,2.2904437315666124
1995-03-28,4.102363039766436
1995-03-29,6.477370894494253
1995-03-30,6.554232830941944
1995-03-31,6.152766426170392
1995-04-01,5.337601758570913
1995-04-02,4.430616543805442
1995-04-03,3.762984463532771
1995-04-04,3.255391996568265
1995-04-05,2.865688491443665
1995-04-06,2.5636414301065584
1995-04-07,2.327339376300545
1995-04-08,2.1407478355948037
1995-04-09,1.9920275182692724
1995-04-10,1.8723636438371056
1995-04-11,1.7751421304392583
1995-04-12,1.695364011312359
1995-04-13,1.629225249886072
1995-04-14,1.6624432595590133
1995-04-15,1.784852938047839
1995-04-16,2.0415710987336055
1995-04-17,2.1020488686746233
1995-04-18,1.9866587774956823
1995-04-19,1.901291372426954
1995-04-20,1.785287138020242
1995-04-21,1.6908614303335827
1995-04-22,1.6429641545373646
1995-04-23,1.6002437971847574
1995-04-24,1.5372470395736997
1995-04-25,1.484336615167476
1995-04-26,1.4395457684499495
1995-04-27,1.4012136478615063
1995-04-28,1.3680454220864486
1995-04-29,1.3390265470813774
1995-04-30,1.3133583105722761
1995-05-01,1.2904090757316868
1995-05-02,1.2696771856574691
1995-05-03,1.297165780907797
1995-05-04,1.4657537435226387
1995-05-05,1.7959421899872572
1995-05-06,1.6381254899512836
1995-05-07,1.5477122841199462
1995-05-08,1.4860866085509645
1995-05-09,1.5019291281614013
1995-05-10,1.7809679625886556
1995-05-11,1.6630636473228513
1995-05-12,1.542349547130734
1995-05-13,1.4619056476516705
1995-05-14,1.3957484069139678
1995-05-15,1.3408063416387204
1995-05-16,1.29471646219995
1995-05-17,1.2556503870942444
1995-05-18,1.2221857135552587
1995-05-19,1.1932101968834554
1995-05-20,1.2007609601524465
1995-05-21,1.6807727153902936
1995-05-22,1.6258603254457158
1995-05-23,1.4651485143216403
1995-05-24,1.3850102517600213
1995-05-25,1.3192792565998275
1995-05-26,1.2648478854696945
1995-05-27,1.2193263044906673
1995-05-28,1.1808673146498794
1995-05-29,1.1894539965277058
1995-05-30,1.19679655273198
1995-05-31,1.1589055470879048
1995-06-01,1.126398704816536
1995-06-02,1.09837243819623
1995-06-03,1.073950652232391
1995-06-04,1.0524423333382502
1995-06-05,1.0333000372129713
1995-06-06,1.0160882347360014
1995-06-07,1.0004590437554162
1995-06-08,1.3036822322933193
1995-06-09,1.2304278756242037
1995-06-10,1.4927716154867843
1995-06-11,1.5229048931641298
1995-06-12,1.3664710767170536
1995-06-13,1.244696320121659
1995-06-14,1.1813188437154392
1995-06-15,1.1290027603300619
1995-06-16,1.0854138952321255
1995-06-17,1.058551693171361
1995-06-18,1.0539222872711342
1995-06-19,1.1251370911978027
1995-06-20,1.1308844568246135
1995-06-21,1.0783325979112108
1995-06-22,1.052577235123591
1995-06-23,1.0160876866767057
1995-06-24,1.000149508829942
1995-06-25,0.984199256501935
1995-06-26,0.9568728573207084
1995-06-27,0.9332068212759146
1995-06-28,0.9125609323019755
1995-06-29,0.8943627162222855
1995-06-30,0.8781572002090295
1995-07-01,0.8635813345893532
1995-07-02,0.850344304626444
1995-07-03,0.8382123008678734
1995-07-04,0.8269966828053263
1995-07-05,0.8235422084012333
1995-07-06,0.8188510100788365
1995-07-07,0.8078233071159652
1995-07-08,0.7975252422479805
1995-07-09,0.787870945625868
1995-07-10,0.7918526664694214
1995-07-11,0.802404447319173
1995-07-12,0.889732879687041
1995-07-13,0.8282572533226764
1995-07-14,0.7905623967020214
1995-07-15,0.776753939914082
1995-07-16,1.055147756917132
1995-07-17,1.3740741608899727
1995-07-18,1.2013073342456078
1995-07-19,1.541359945747658
1995-07-20,1.547904609304732
1995-07-21,1.9009479394977926
1995-07-22,1.5370135977242187
1995-07-23,1.3048427782475778
1995-07-24,1.1899405418052107
1995-07-25,1.1441692045277216
1995-07-26,1.4819152666884403
1995-07-27,1.2720737308977916
1995-07-28,1.6986082049898414
1995-07-29,1.713134408666521
1995-07-30,2.22278073846365
1995-07-31,3.2241258165001203
1995-08-01,2.799114018645973
1995-08-02,2.3411245730911925
1995-08-03,1.990525694311655
1995-08-04,2.6399975815789616
1995-08-05,2.9574877071111954
1995-08-06,3.3297872704811584
1995-08-07,2.900551737038052
1995-08-08,3.1322482027602896
1995-08-09,3.9862249956923477
1995-08-10,3.4537824736038534
1995-08-11,2.8374184592039433
1995-08-12,2.4057635676183913
1995-08-13,2.0739284414678907
1995-08-14,1.8166520252095992
1995-08-15,1.6155302240415368
1995-08-16,1.4570297549714004
1995-08-17,1.3311129675642543
1995-08-18,1.2302749641686177
1995-08-19,1.1488623393436452
1995-08-20,1.0825864589201213
1995-08-21,1.0281725473990029
1995-08-22,0.9831045222623133
1995-08-23,0.9454379582161637
1995-08-24,0.9136619532222441
1995-08-25,0.8865963832600631
1995-08-26,0.8633149652566979
1995-08-27,0.843087279054841
1995-08-28,0.8253348133883561
1995-08-29,0.8095974534703508
1995-08-30,2.157996914067877
1995-08-31,1.8418416840385878
1995-09-01,1.5775332820734798
1995-09-02,1.7748516533883298
1995-09-03,1.7631536194317192
1995-09-04,1.5583741158883446
1995-09-05,1.3770299846436556
1995-09-06,1.2557106717544742
1995-09-07,1.231171294640491
1995-09-08,1.2121943064010507
1995-09-09,1.129031450748078
1995-09-10,1.058514400982335
1995-09-11,0.9981550260422161
1995-09-12,0.948512858428321
1995-09-13,0.907340542178045
1995-09-14,0.8728862627914568
1995-09-15,0.843786459369328
1995-09-16,0.8189743606605439
1995-09-17,0.797611358294012
1995-09-18,0.7790351922367572
1995-09-19,0.7627205975687854
1995-09-20,0.7482492474316773
1995-09-21,0.757919947118684
1995-09-22,0.7700861493918527
1995-09-23,0.7587923374700387
1995-09-24,1.2861808836358817
1995-09-25,1.12620469016259
1995-09-26,1.002933804871829
1995-09-27,0.9412019720180246
1995-09-28,0.8899246426564321
1995-09-29,0.8475958393238416
1995-09-30,0.8123536585807352
1995-10-01,0.8866769253600123
1995-10-02,1.1911356860736733
1995-10-03,1.079909456506938
1995-10-04,1.3978190820181553
1995-10-05,1.6562540172882205
1995-10-06,5.031844483251148
1995-10-07,5.211438478354253
1995-10-08,5.4684959210313915
1995-10-09,4.908309859870304
1995-10-10,4.129048263799061
1995-10-11,3.7875022278805974
1995-10-12,3.1934553789159703
1995-10-13,2.655273707567081
1995-10-14,2.2582066467587096
1995-10-15,1.970836311910246
1995-10-16,1.7493422152050373
1995-10-17,1.5558917740232676
1995-10-18,1.4031888884891002
1995-10-19,1.2817895760866225
1995-10-20,2.155832630083771
1995-10-21,2.2452283786017526
1995-10-22,1.899423940674626
1995-10-23,1.6745777315378267
1995-10-24,3.875539055372729
1995-10-25,4.723688567534161
1995-10-26,4.20517756133369
1995-10-27,3.4818977528015824
1995-10-28,2.8985774867037706
1995-10-29,2.4804660155678695
1995-10-30,2.4777884555307406
1995-10-31,2.2764599404573205
1995-11-01,1.9709239548657418
1995-11-02,1.7460227184725159
1995-11-03,1.569346009920955
1995-11-04,1.429413022999781
1995-11-05,1.3176725364381818
1995-11-06,1.2594911630271397
1995-11-07,1.2245471755280666
1995-11-08,1.1516176796309894
1995-11-09,1.0917746368984682
1995-11-10,1.1277953952493258
1995-11-11,1.1776106267858424
1995-11-12,1.110725894616292
1995-11-13,1.0555689462307998
1995-11-14,1.009859684721883
1995-11-15,0.9716304934753088
1995-11-16,0.9393530677756831
1995-11-17,0.9118341335056724
1995-11-18,0.8881374050795623
1995-11-19,0.8675248060763288
1995-11-20,0.8494119296409011
1995-11-21,0.927509321386966
1995-11-22,1.0192491224891558
1995-11-23,1.7133191630879983
1995-11-24,2.971049000210046
1995-11-25,3.5444129259200348
1995-11-26,3.1866749090597275
1995-11-27,2.661292733197445
1995-11-28,2.2699109207144206
1995-11-29,1.9681614380122976
1995-11-30,1.7335433325098526
1995-12-01,1.5496150533055248
1995-12-02,1.4042529669682704
1995-12-03,1.2884415256851514
1995-12-04,1.195423474570473
1995-12-05,1.1200968015225714
1995-12-06,1.058582671827078
1995-12-07,1.6805803881338128
1995-12-08,1.6468307919451801
1995-12-09,1.4618926997007657
1995-12-10,1.3313176381536802
1995-12-11,1.2269243819101001
1995-12-12,1.6324209113411043
1995-12-13,1.587004776440728
1995-12-14,2.6366728189657467
1995-12-15,4.650595292928698
1995-12-16,4.676457087203211
1995-12-17,4.343058181281724
1995-12-18,4.897857784126486
1995-12-19,4.381204175196056
1995-12-20,3.572487856388871
1995-12-21,2.985315427569148
1995-12-22,2.538264462474113
1995-12-23,2.194804433652087
1995-12-24,2.19455753404915
1995-12-25,5.976154028964785
1995-12-26,6.364924427104145
1995-12-27,6.561235553038956
1995-12-28,6.274592936003356
1995-12-29,5.19944337026222
1995-12-30,4.233885423876036
1995-12-31,5.428580993852432
1996-01-01,6.052239585021983
1996-01-02,5.184051267925158
1996-01-03,5.138531448475725
1996-01-04,5.5732011016585945
1996-01-05,4.977067153428792
1996-01-06,4.101123046394091
1996-01-07,3.442470322399005
1996-01-08,2.943576187848875
1996-01-09,2.560982248102102
1996-01-10,2.264893504758186
1996-01-11,2.0337054606666816
1996-01-12,1.851601387484181
1996-01-13,1.7068981207828449
1996-01-14,1.5908939123153587
1996-01-15,1.497057267592672
1996-01-16,1.4204500859031939
1996-01-17,1.3728822542795136
1996-01-18,1.5780006434059102
1996-01-19,1.905778373782539
1996-01-20,4.883979711066285
1996-01-21,5.63564026945772
1996-01-22,5.382342834873433
1996-01-23,5.242219565914376
1996-01-24,4.5194330099078455
1996-01-25,3.758630124358231
1996-01-26,4.840820056259713
1996-01-27,5.4800738343299
1996-01-28,6.211918164341455
1996-01-29,6.766794217552853
1996-01-30,7.584474069385645
1996-01-31,7.674192314352958
1996-02-01,9.664402599613537
1996-02-02,10.305820090912862
1996-02-03,14.529582984883563
1996-02-04,15.120224153713863
1996-02-05,11.158044047117686
1996-02-06,9.000101922568236
1996-02-07,7.569495778005893
1996-02-08,6.29819492272791
1996-02-09,7.801732317389714
1996-02-10,10.763679167371265
1996-02-11,11.506193083008656
1996-02-12,9.708047884160226
1996-02-13,7.719820075365317
1996-02-14,6.715724711761158
1996-02-15,6.390136833762924
1996-02-16,5.769611552030291
1996-02-17,6.183525127716778
1996-02-18,6.514768243515907
1996-02-19,5.7445428695399485
1996-02-20,4.819884600310269
1996-02-21,4.138359446988904
1996-02-22,3.6677567515513054
1996-02-23,4.687873175533148
1996-02-24,6.1446967043157095
1996-02-25,7.3612399709901455
1996-02-26,6.937385091339415
1996-02-27,6.900326579336216
1996-02-28,8.441244582610059
1996-02-29,9.520208175088468
1996-03-01,8.993503920465892
1996-03-02,7.571082496389317
1996-03-03,6.2219565850287735
1996-03-04,5.229079533560236
1996-03-05,4.483473931695934
1996-03-06,3.9175351417307613
1996-03-07,3.4834903576342
1996-03-08,3.1861550160077603
1996-03-09,2.9499415325642637
1996-03-10,2.7368098858602963
1996-03-11,2.695229175082751
1996-03-12,2.7517282344789993
1996-03-13,2.658118904887847
1996-03-14,2.49034405149111
1996-03-15,2.35482465017779
1996-03-16,2.244439872169627
1996-03-17,2.1535443613331466
1996-03-18,2.07785538622854
1996-03-19,2.0141024621604773
1996-03-20,2.2449613327941615
1996-03-21,2.4641750117155317
1996-03-22,2.3178172804465595
1996-03-23,2.198591506695474
1996-03-24,2.1010172777979075
1996-03-25,2.0202900095350076
1996-03-26,1.9527510417983167
1996-03-27,2.2468010580721196
1996-03-28,2.8053741103419103
1996-03-29,2.6601593756542914
1996-03-30,2.447787556194985
1996-03-31,2.285871376017989
1996-04-01,2.1555671657217417
1996-04-02,2.0496227903725264
1996-04-03,1.9625724744817106
1996-04-04,1.8902678230695953
1996-04-05,1.8295395476907996
1996-04-06,1.7779513804939626
1996-04-07,1.733619613783084
1996-04-08,1.7191965226469144
1996-04-09,1.8195921502561438
1996-04-10,1.9925312262365005
1996-04-11,2.4718512189543103
1996-04-12,2.9013519054449826
1996-04-13,2.746836016653974
1996-04-14,2.4729541853428265
1996-04-15,2.3336110788533713
1996-04-16,2.228624781391281
1996-04-17,2.084218852045439
1996-04-18,1.9644222818808428
1996-04-19,1.8669084287626092
1996-04-20,1.7867215229209317
1996-04-21,1.7200855466947493
1996-04-22,1.6641085171470744
1996-04-23,1.6570133428893943
1996-04-24,1.6659579555835602
1996-04-25,1.6199324247261184
1996-04-26,1.5749748311604665
1996-04-27,1.5362303590160364
1996-04-28,1.5024801663872127
1996-04-29,1.4727487605062068
1996-04-30,1.4462675433368821
1996-05-01,1.7783035491389467
1996-05-02,1.9552254082419267
1996-05-03,1.779743314838891
1996-05-04,1.6898181222686033
1996-05-05,1.6158980023909217
1996-05-06,1.5545053671639295
1996-05-07,2.0159284745523505
1996-05-08,2.7164784346105635
1996-05-09,2.7012055940241404
1996-05-10,3.15519208922764
1996-05-11,3.05797633587034
1996-05-12,2.8083674105750327
1996-05-13,2.5967821262074846
1996-05-14,2.3356577605127478
1996-05-15,2.1226951306541735
1996-05-16,1.9539813032443896
1996-05-17,1.8192437237757544
1996-05-18,1.7324141595118598
1996-05-19,1.6617441057804714
1996-05-20,1.5816857817830678
1996-05-21,1.7259118874026267
1996-05-22,2.0938627854097267
1996-05-23,1.8983353484158325
1996-05-24,1.7525193979780396
1996-05-25,1.6485489076096096
1996-05-26,1.5638733209115665
1996-05-27,1.4942400496977382
1996-05-28,1.4364020271046092
1996-05-29,1.5498843899908978
1996-05-30,1.6794634980986698
1996-05-31,1.5579205946871655
1996-06-01,1.6909119572702662
1996-06-02,1.7619381597000594
1996-06-03,1.6790231145476808
1996-06-04,1.6330953084524935
1996-06-05,1.5277876163249475
1996-06-06,1.453017820455873
1996-06-07,1.3912793306562723
1996-06-08,1.3397917700409134
1996-06-09,1.3038296833132639
1996-06-10,1.2689159938759185
1996-06-11,1.2621037222564093
1996-06-12,1.258572637184203
1996-06-13,1.2243943661037846
1996-06-14,1.1947315335911568
1996-06-15,1.1688284095750536
1996-06-16,1.1459643284499996
1996-06-17,1.1255684842433584
1996-06-18,1.107186865304925
1996-06-19,1.0904569080801412
1996-06-20,1.0750879680651806
1996-06-21,1.0608461992554223
1996-06-22,1.0513921161222284
1996-06-23,1.040618213903547
1996-06-24,1.0279544563311334
1996-06-25,1.0159763179606967
1996-06-26,1.004592085456759
1996-06-27,0.9937124089648535
1996-06-28,0.9832640893407704
1996-06-29,0.9731869813883379
1996-06-30,0.9697481061193901
1996-07-01,0.9785190881015408
1996-07-02,0.9803760861415557
1996-07-03,0.9678222106325407
1996-07-04,1.0585228551117356
1996-07-05,1.0726923748669195
1996-07-06,1.0110008986032695
1996-07-07,1.0104788445028035
1996-07-08,0.9821350936083967
1996-07-09,0.9611792712004417
1996-07-10,0.9426621307126881
1996-07-11,0.9261285394142477
1996-07-12,0.9112159180777492
1996-07-13,0.8976342735418825
1996-07-14,0.8851507888859517
1996-07-15,0.8735778730294076
1996-07-16,0.8627638501926719
1996-07-17,0.8538693838601751
1996-07-18,0.975909016054397
1996-07-19,0.9351044366680451
1996-07-20,0.8756197264289324
1996-07-21,0.8595246093148527
1996-07-22,1.945164624945497
1996-07-23,1.9198105774589251
1996-07-24,1.3948600673915819
1996-07-25,1.2169133358060764
1996-07-26,1.1346552019521094
1996-07-27,1.0678448421510705
1996-07-28,1.0131196151784077
1996-07-29,0.9678971111697005
1996-07-30,0.9301861514189201
1996-07-31,0.8984427673367675
1996-08-01,0.8808587363062674
1996-08-02,0.8914046410610116
1996-08-03,1.263958981176887
1996-08-04,1.0673306204354909
1996-08-05,1.2958492745846983
1996-08-06,1.1652519951590001
1996-08-07,1.0183157374133318
1996-08-08,0.9646624265545732
1996-08-09,0.9202910627100972
1996-08-10,0.883329827679891
1996-08-11,0.8522585765070292
1996-08-12,0.8338728307200179
1996-08-13,1.6070197850820402
1996-08-14,1.311299543778534
1996-08-15,1.5222580112543074
1996-08-16,1.6752190005140546
1996-08-17,1.5172211117828542
1996-08-18,1.401710142046712
1996-08-19,1.2951394641984721
1996-08-20,1.4356083992428228
1996-08-21,1.2533139364397823
1996-08-22,1.1401045182010097
1996-08-23,1.1166710041134142
1996-08-24,1.0771098560524197
1996-08-25,1.005654572599796
1996-08-26,0.9472561924470478
1996-08-27,0.8992600503876839
1996-08-28,0.8594786965860582
1996-08-29,0.8262170725566952
1996-08-30,0.8015664507723778
1996-08-31,0.7791534538439615
1996-09-01,0.7578028777927831
1996-09-02,0.739304272573852
1996-09-03,0.7231307363544248
1996-09-04,0.708850295281751
1996-09-05,0.6961177479026742
1996-09-06,0.6846561997317405
1996-09-07,0.6742427511149923
1996-09-08,0.6646973530667469
1996-09-09,0.655874091704569
1996-09-10,0.6476543434342906
1996-09-11,0.6399413778012285
1996-09-12,0.6326560855321598
1996-09-13,0.9895396731839982
1996-09-14,2.31099583620314
1996-09-15,1.8230518655385213
1996-09-16,1.4165070762607954
1996-09-17,1.2372983925163465
1996-09-18,1.117236862060291
1996-09-19,1.02137785225195
1996-09-20,0.9442673799366856
1996-09-21,0.881766774589877
1996-09-22,0.8307148432487276
1996-09-23,0.7886821123549965
1996-09-24,0.7537906184148807
1996-09-25,0.7245807679391811
1996-09-26,0.69991227353293
1996-09-27,1.442683277060549
1996-09-28,1.916547823180988
1996-09-29,1.5660720135668698
1996-09-30,1.312844531409744
1996-10-01,1.1642291002921945
1996-10-02,1.0555405532813988
1996-10-03,0.9685018116794524
1996-10-04,0.8982797291388883
1996-10-05,0.8411956523421962
1996-10-06,0.7944317698898193
1996-10-07,0.7558167121994854
1996-10-08,0.7236677932447457
1996-10-09,0.6966740776806629
1996-10-10,0.6738091081262713
1996-10-11,0.6915652682231398
1996-10-12,0.9360949586330022
1996-10-13,1.3584340087016271
1996-10-14,1.8105822310562525
1996-10-15,2.0905830716353924
1996-10-16,1.6880244619761882
1996-10-17,2.046150243688757
1996-10-18,2.0448143883550554
1996-10-19,1.7092107953711075
1996-10-20,1.4719163380336378
1996-10-21,1.3463820187182327
1996-10-22,1.5283148986740736
1996-10-23,1.7887882105257928
1996-10-24,2.8678895892664173
1996-10-25,3.008701578753847
1996-10-26,4.49725154961194
1996-10-27,4.354703706767919
1996-10-28,3.5347969844639837
1996-10-29,2.894563454850943
1996-10-30,2.4206408236266355
1996-10-31,2.2183852399437414
1996-11-01,2.0438050948648643
1996-11-02,1.7537138589364465
1996-11-03,1.7716835484410343
1996-11-04,3.706548582688469
1996-11-05,3.516470481274475
1996-11-06,2.85671986171136
1996-11-07,3.8384108734948943
1996-11-08,3.9331551879504527
1996-11-09,3.8178499847222818
1996-11-10,4.5841351523614255
1996-11-11,5.1690561829032715
1996-11-12,4.482525952347749
1996-11-13,3.634674500524118
1996-11-14,3.020912195379761
1996-11-15,2.55437043063089
1996-11-16,2.196519415384589
1996-11-17,3.9943390683510906
1996-11-18,4.313404025765527
1996-11-19,5.147184405487895
1996-11-20,4.7891664256292765
1996-11-21,3.9071600384201393
1996-11-22,3.8202329235927786
1996-11-23,5.638808803105433
1996-11-24,5.9603492275819425
1996-11-25,5.470076663447478
1996-11-26,4.952368230409849
1996-11-27,4.3748904617964595
1996-11-28,4.355335305347782
1996-11-29,5.577519594787197
1996-11-30,6.389590896870687
1996-12-01,6.858320893891908
1996-12-02,6.652181976755741
1996-12-03,6.031936193040729
1996-12-04,5.057306151125003
1996-12-05,4.161848688119533
1996-12-06,4.056467228159237
1996-12-07,3.8251116465350576
1996-12-08,3.312034609138507
1996-12-09,2.9012251627067838
1996-12-10,2.5548294704592043
1996-12-11,2.2691404474962833
1996-12-12,2.045692811628839
1996-12-13,1.8693752748807348
1996-12-14,2.94245091883813
1996-12-15,3.0229232984602437
1996-12-16,2.602513905477478
1996-12-17,3.0657829771914233
1996-12-18,3.0448563654073078
1996-12-19,2.6595792397015416
1996-12-20,2.881497851302378
1996-12-21,3.181685145248162
1996-12-22,3.3743886455110648
1996-12-23,5.261244753796174
1996-12-24,5.773920753363768
1996-12-25,5.19344708194032
1996-12-26,4.95404020189179
1996-12-27,4.340154530231346
1996-12-28,3.644708255683987
1996-12-29,3.126919118146677
1996-12-30,2.7300781705864483
1996-12-31,6.18593699323358
1997-01-01,6.833538124257067
1997-01-02,6.929250876527138
1997-01-03,6.945138665582031
1997-01-04,8.193644837505195
1997-01-05,10.75780201006994
1997-01-06,11.190258927637187
1997-01-07,11.481187962531166
1997-01-08,10.492602506231709
1997-01-09,8.450019900127728
1997-01-10,6.779280015801272
1997-01-11,5.938465743017577
1997-01-12,5.784430823807029
1997-01-13,5.09142647442088
1997-01-14,7.392319869396101
1997-01-15,7.581527780920215
1997-01-16,9.685390933361775
1997-01-17,10.64537484329395
1997-01-18,10.391344421033343
1997-01-19,10.60122958943595
1997-01-20,9.511461838551797
1997-01-21,8.297491776315624
1997-01-22,7.001754625956295
1997-01-23,5.776321511296776
1997-01-24,5.6170059586067245
1997-01-25,5.14350958765874
1997-01-26,7.7307528555920895
1997-01-27,8.956494349397925
1997-01-28,8.60443032296061
1997-01-29,8.486522537243799
1997-01-30,7.404024779804421
1997-01-31,6.096213551982629
1997-02-01,5.759668510957432
1997-02-02,5.216626076222821
1997-02-03,4.466361483260405
1997-02-04,3.909821114329958
1997-02-05,3.48267109995006
1997-02-06,3.2459019592688065
1997-02-07,3.315410949970587
1997-02-08,6.544023730898022
1997-02-09,7.133532174169719
1997-02-10,5.852851531192791
1997-02-11,6.1205981603796475
1997-02-12,7.713998940491891
1997-02-13,8.133186673718914
1997-02-14,7.039291715833918
1997-02-15,5.844874882322511
1997-02-16,4.968198155948875
1997-02-17,4.306607274328202
1997-02-18,3.801990938286636
1997-02-19,3.4131007804403546
1997-02-20,3.1103275346352817
1997-02-21,3.022744501056591
1997-02-22,3.0082655570593757
1997-02-23,2.7964980728580078
1997-02-24,2.619441162242223
1997-02-25,2.476874642138112
1997-02-26,2.360845482611691
1997-02-27,2.265370337521458
1997-02-28,2.18591566735074
1997-03-01,2.119023504349894
1997-03-02,2.062039727080638
1997-03-03,2.0129151623926624
1997-03-04,1.970058883351089
1997-03-05,1.932827186833946
1997-03-06,1.899480291755159
1997-03-07,1.868823551867117
1997-03-08,1.8408705402291494
1997-03-09,1.8151384031249493
1997-03-10,1.7912362356418468
1997-03-11,1.7688508315475275
1997-03-12,1.7477302894564717
1997-03-13,1.762631343871708
1997-03-14,2.039132485429039
1997-03-15,2.2555738222499606
1997-03-16,2.1311640247946566
1997-03-17,2.0327721242747567
1997-03-18,1.9515652939759496
1997-03-19,1.8838047193337937
1997-03-20,1.8266261731836175
1997-03-21,1.777822233905005
1997-03-22,1.7356820264208659
1997-03-23,1.6988724274294305
1997-03-24,1.6663493974936852
1997-03-25,1.637291367177118
1997-03-26,1.6110488824040443
1997-03-27,1.6067166905700334
1997-03-28,1.7843706808844135
1997-03-29,2.1897887630854105
1997-03-30,2.1611378345177084
1997-03-31,2.011772774768175
1997-04-01,1.9044296709606818
1997-04-02,2.749508130718531
1997-04-03,3.7802054527629516
1997-04-04,3.753020464351787
1997-04-05,3.2855366485523643
1997-04-06,2.9004312046760887
1997-04-07,2.601482336546355
1997-04-08,2.4598363640740213
1997-04-09,2.941683944919205
1997-04-10,3.9472201981503674
1997-04-11,5.013812853920018
1997-04-12,5.797589225856327
1997-04-13,5.235715165761131
1997-04-14,5.156022741998608
1997-04-15,5.2357482723820015
1997-04-16,4.531994289063003
1997-04-17,3.8522412804051047
1997-04-18,3.346908568397925
1997-04-19,2.958618832212776
1997-04-20,2.6573883337629898
1997-04-21,2.4214770020279177
1997-04-22,2.23496985098438
1997-04-23,2.0861118964573766
1997-04-24,1.9661484676620622
1997-04-25,1.8685087682402213
1997-04-26,1.7882252910573149
1997-04-27,1.7215170618529385
1997-04-28,1.6660692440802638
1997-04-29,1.6186527806393667
1997-04-30,1.5776567948008247
1997-05-01,1.5420571536422845
1997-05-02,1.5107929842698073
1997-05-03,1.483029657298262
1997-05-04,1.4581075452752887
1997-05-05,1.5309913036524498
1997-05-06,1.6652335650259682
1997-05-07,1.599194113445007
1997-05-08,1.5467652987529041
1997-05-09,1.5021509432249462
1997-05-10,1.4638596687609517
1997-05-11,1.4306251752086039
1997-05-12,1.4014552749529183
1997-05-13,1.3755688563631903
1997-05-14,1.352348200344202
1997-05-15,1.3313027009728888
1997-05-16,1.3120411105774663
1997-05-17,1.2942501950686685
1997-05-18,1.2776782372421598
1997-05-19,1.2621222264755885
1997-05-20,1.2474178660925956
1997-05-21,1.2346615545833257
1997-05-22,1.2318183997268692
1997-05-23,1.235588101185394
1997-05-24,1.2262839009512274
1997-05-25,1.2109925987728616
1997-05-26,1.1958711274021743
1997-05-27,1.18107549365415
1997-05-28,1.3345102445446182
1997-05-29,1.9042204300751573
1997-05-30,1.9408819591124098
1997-05-31,1.7258793886162955
1997-06-01,1.5530351225513275
1997-06-02,1.4897165966537953
1997-06-03,1.44119538594053
1997-06-04,1.5562531754017648
1997-06-05,1.7143007188536197
1997-06-06,1.5411760249237976
1997-06-07,1.4714323067548751
1997-06-08,1.4207293566198735
1997-06-09,1.3518915703478085
1997-06-10,1.2948513758810394
1997-06-11,1.2472196207894917
1997-06-12,1.224375462842884
1997-06-13,1.2150227677225935
1997-06-14,1.1814832059821259
1997-06-15,1.1493796258801654
1997-06-16,1.1382979402447135
1997-06-17,1.1508924540464216
1997-06-18,1.133759551417371
1997-06-19,1.127599171178607
1997-06-20,1.1293758801152662
1997-06-21,1.1022345045440407
1997-06-22,1.075501707524376
1997-06-23,1.0529423420709498
1997-06-24,1.0325919560713805
1997-06-25,1.01406205749534
1997-06-26,0.9974335263469208
1997-06-27,0.9823003732713257
1997-06-28,0.9683934524919637
1997-06-29,0.9555274622489968
1997-06-30,0.9435279259778434
1997-07-01,0.9322534041344476
1997-07-02,0.9215888685020999
1997-07-03,0.9114404782625519
1997-07-04,0.9017314454528601
1997-07-05,0.8923987506134557
1997-07-06,0.8833905246321688
1997-07-07,0.8846874843862578
1997-07-08,0.8846298808852616
1997-07-09,0.8737934937388938
1997-07-10,0.8635414277130811
1997-07-11,0.8538281075357382
1997-07-12,0.8480473446890257
1997-07-13,1.0034262822098399
1997-07-14,0.9294617319112253
1997-07-15,0.8664268502490827
1997-07-16,0.8514024727337485
1997-07-17,0.8378223675544095
1997-07-18,0.8254556894279331
1997-07-19,0.814090018602441
1997-07-20,0.8154549352164892
1997-07-21,0.8169365006413
1997-07-22,1.523262009365945
1997-07-23,1.1002423623130544
1997-07-24,0.9655121746405753
1997-07-25,0.9163834484316187
1997-07-26,0.8935556558399544
1997-07-27,0.8640228512441449
1997-07-28,0.8388360565415431
1997-07-29,0.8171834909287609
1997-07-30,0.7983791636254577
1997-07-31,0.7818806585738409
1997-08-01,0.7672572313209504
1997-08-02,0.7541654134344261
1997-08-03,0.7423302581242156
1997-08-04,0.7315308494865042
1997-08-05,0.7215890520987115
1997-08-06,0.7123607362994573
1997-08-07,0.706270303599745
1997-08-08,0.8090141548093487
1997-08-09,0.7985286066246031
1997-08-10,0.7253935068604265
1997-08-11,0.7444395420380557
1997-08-12,1.0878596020273699
1997-08-13,1.4488130584477632
1997-08-14,0.9154989661039914
1997-08-15,0.8231403276337197
1997-08-16,0.7892577532969277
1997-08-17,0.7608206746432459
1997-08-18,0.7367332068842766
1997-08-19,0.7161355036610413
1997-08-20,0.6983502746491049
1997-08-21,0.6828416247922146
1997-08-22,0.6749668300708316
1997-08-23,0.6669069220450937
1997-08-24,0.6544800340197252
1997-08-25,0.6433266135126856
1997-08-26,0.6332449976996871
1997-08-27,0.6240486786202576
1997-08-28,0.6155868321042274
1997-08-29,0.613403657266053
1997-08-30,1.0188509565071986
1997-08-31,0.7296690242338196
1997-09-01,0.6587000543861875
1997-09-02,0.6414792854023198
1997-09-03,0.6265273660702179
1997-09-04,0.807843402295004
1997-09-05,0.7142704229744877
1997-09-06,0.6482592156468859
1997-09-07,0.629881860685362
1997-09-08,0.6140239786930838
1997-09-09,0.6002426437540215
1997-09-10,0.711290889965463
1997-09-11,1.0468237313505697
1997-09-12,0.9572990686663984
1997-09-13,1.1440845431845734
1997-09-14,1.4082907697343965
1997-09-15,1.4734649868294127
1997-09-16,1.1715743704535082
1997-09-17,0.9828289024397291
1997-09-18,1.0528694131646354
1997-09-19,0.9521124352144664
1997-09-20,0.8521178709866101
1997-09-21,0.7925663699553714
1997-09-22,0.7439965443384674
1997-09-23,0.7133572425603675
1997-09-24,0.6888001861377925
1997-09-25,0.6883262090812532
1997-09-26,0.7275096650921197
1997-09-27,0.6971406726937341
1997-09-28,0.6554052033226014
1997-09-29,0.6395325194732709
1997-09-30,0.6280631197522791
1997-10-01,0.605620917864028
1997-10-02,0.5865001679027316
1997-10-03,0.5701067763355719
1997-10-04,0.5559235963155184
1997-10-05,0.5696596272212007
1997-10-06,0.5839203857390248
1997-10-07,0.5660642306783965
1997-10-08,1.16888963845049
1997-10-09,2.2803610035711777
1997-10-10,2.699793991958936
1997-10-11,2.043001772273182
1997-10-12,1.6720039425129507
1997-10-13,1.438184431213723
1997-10-14,1.2555493381246439
1997-10-15,1.307885044852366
1997-10-16,1.2514735865808444
1997-10-17,1.087669658154078
1997-10-18,3.45089972419218
1997-10-19,2.9605390068670023
1997-10-20,2.454964486321241
1997-10-21,2.3836162702409958
1997-10-22,2.6309519131781616
1997-10-23,2.469982212449984
1997-10-24,2.064824707719748
1997-10-25,1.7483969274876194
1997-10-26,1.5142369553898016
1997-10-27,1.3311173653773458
1997-10-28,1.1868320067046338
1997-10-29,1.0723016602155864
1997-10-30,0.9807199390998207
1997-10-31,0.9069468800544828
1997-11-01,0.8470742854429201
1997-11-02,0.798111389888255
1997-11-03,0.7577556388389798
1997-11-04,0.7242242181516673
1997-11-05,0.6961293166675014
1997-11-06,1.5355683710389032
1997-11-07,1.806063814609488
1997-11-08,2.8667257604910357
1997-11-09,2.9561973568669644
1997-11-10,2.469718770465671
1997-11-11,2.064143719712712
1997-11-12,1.7655736521461565
1997-11-13,1.8515097405564804
1997-11-14,1.7239154386843778
1997-11-15,1.4877862207618584
1997-11-16,1.3176132452930316
1997-11-17,1.18316681819359
1997-11-18,1.0761461163825679
1997-11-19,0.9903156702749936
1997-11-20,0.9209576367451341
1997-11-21,0.8644782814166861
1997-11-22,0.818122764213724
1997-11-23,0.779766713921298
1997-11-24,0.7477627354968175
1997-11-25,0.7208265459945417
1997-11-26,0.697951925707259
1997-11-27,0.6783467788184976
1997-11-28,0.6613847680833512
1997-11-29,0.6465685166890752
1997-11-30,0.6335014559579897
1997-12-01,0.6218661743652065
1997-12-02,0.6114076833270148
1997-12-03,0.6019204217137243
1997-12-04,0.5932381180835337
1997-12-05,0.5852258480686435
1997-12-06,0.5777737859442312
1997-12-07,0.570792269652828
1997-12-08,2.4451366887555976
1997-12-09,4.383988288142764
1997-12-10,4.619291103226517
1997-12-11,3.8436780773079633
1997-12-12,4.546217811838975
1997-12-13,5.611070232024544
1997-12-14,6.019462849163403
1997-12-15,5.831587011581458
1997-12-16,6.177971990727177
1997-12-17,5.356193893516084
1997-12-18,4.26974248922707
1997-12-19,3.4849953116895525
1997-12-20,2.893443744853929
1997-12-21,2.566975437617859
1997-12-22,2.2806541524524815
1997-12-23,2.0246163302642777
1997-12-24,2.6652598588217646
1997-12-25,2.9020625811282805
1997-12-26,3.6640607590278034
1997-12-27,4.269914330713872
1997-12-28,4.036107166695004
1997-12-29,3.3942235272522274
1997-12-30,3.6035082456595084
1997-12-31,5.44398891410912
1998-01-01,5.98460383408214
1998-01-02,5.634375679398393
1998-01-03,5.560171275232901
1998-01-04,4.8412018653969415
1998-01-05,4.338614739099838
1998-01-06,3.730034783092649
1998-01-07,3.539333893092282
1998-01-08,3.1459347027953446
1998-01-09,3.9456835862226676
1998-01-10,4.00305107681324
1998-01-11,3.3957366167931675
1998-01-12,3.2055675173891713
1998-01-13,3.4519527787259157
1998-01-14,5.207975702736898
1998-01-15,7.180670235053248
1998-01-16,6.616631563921437
1998-01-17,5.424092645729335
1998-01-18,4.521858608674269
1998-01-19,4.270886143931718
1998-01-20,4.917857343646904
1998-01-21,5.197962844313476
1998-01-22,5.09935526474804
1998-01-23,5.020300313569742
1998-01-24,5.048466346129471
1998-01-25,5.479588532634722
1998-01-26,4.93661864008954
1998-01-27,4.082426191740672
1998-01-28,3.456733413907046
1998-01-29,2.980359082578326
1998-01-30,2.614204213442692
1998-01-31,2.330159590450023
1998-02-01,2.1078086245697683
1998-02-02,2.0608425737375264
1998-02-03,3.5042330399079034
1998-02-04,3.7310334086166534
1998-02-05,3.9035299372764984
1998-02-06,3.5672053735910993
1998-02-07,3.0654499608615624
1998-02-08,2.6810046222093518
1998-02-09,2.383633616959681
1998-02-10,4.8712094347098445
1998-02-11,6.3309310417286255
1998-02-12,7.514006275673686
1998-02-13,6.442909183173215
1998-02-14,7.593048674471425
1998-02-15,7.516819323738759
1998-02-16,6.177982786014733
1998-02-17,5.078806372783862
1998-02-18,6.820559688140283
1998-02-19,6.749225853718804
1998-02-20,5.504476360538889
1998-02-21,4.578970571866956
1998-02-22,3.883343339003776
1998-02-23,3.3551020817861636
1998-02-24,2.9499981427702795
1998-02-25,2.6363408359977503
1998-02-26,2.391193200369275
1998-02-27,2.1977915544786275
1998-02-28,2.0437728347572373
1998-03-01,1.919942460716572
1998-03-02,1.819408508790901
1998-03-03,1.7369670738417156
1998-03-04,1.7282310032445494
1998-03-05,2.5864634850603596
1998-03-06,2.993629916849702
1998-03-07,2.6757328660994215
1998-03-08,2.8050050998219533
1998-03-09,3.7125239600707522
1998-03-10,3.453722256568374
1998-03-11,3.189146692629541
1998-03-12,3.0099628018706883
1998-03-13,2.8332740304964985
1998-03-14,2.788542087818556
1998-03-15,2.4985942519801116
1998-03-16,2.2698891160574877
1998-03-17,2.0889844999494147
1998-03-18,1.9446758638579438
1998-03-19,1.828466672150813
1998-03-20,1.733976365151374
1998-03-21,2.498020557762553
1998-03-22,4.3797674070011094
1998-03-23,5.101486157574049
1998-03-24,5.565639257376788
1998-03-25,5.151649755228916
1998-03-26,4.4204221996955635
1998-03-27,3.8112181197688177
1998-03-28,3.2876182206428006
1998-03-29,2.8858966113470292
1998-03-30,2.574948047442765
1998-03-31,2.3320025779172844
1998-04-01,2.1404195353581064
1998-04-02,1.987927028549169
1998-04-03,2.257862957349681
1998-04-04,3.567616020381427
1998-04-05,3.4350392183775877
1998-04-06,3.1464649999336216
1998-04-07,2.958468921097863
1998-04-08,2.627279261943231
1998-04-09,2.3686167970040715
1998-04-10,2.165160387698442
1998-04-11,2.0036426258507376
1998-04-12,1.8742161835610556
1998-04-13,1.769513669517765
1998-04-14,1.6839818794822945
1998-04-15,1.6134057755487177
1998-04-16,1.5545650322084914
1998-04-17,1.5049841208096193
1998-04-18,1.4887967364326045
1998-04-19,1.48609571285839
1998-04-20,1.447899956034435
1998-04-21,1.410947299987326
1998-04-22,1.378839270106126
1998-04-23,1.383003481946349
1998-04-24,1.3834244991719427
1998-04-25,1.3513691330166215
1998-04-26,1.466351353319748
1998-04-27,1.8303837690992741
1998-04-28,1.9896046563836471
1998-04-29,1.9728947795176524
1998-04-30,1.809499610700222
1998-05-01,1.7454837876362719
1998-05-02,2.099316779494804
1998-05-03,2.2393532434355614
1998-05-04,2.1398154818311315
1998-05-05,1.966673047006631
1998-05-06,2.0087639793717673
1998-05-07,4.287663844822233
1998-05-08,4.338189493575705
1998-05-09,3.7190876406204842
1998-05-10,3.1833727292021625
1998-05-11,2.78372116500639
1998-05-12,2.511781598272936
1998-05-13,2.6420089482779336
1998-05-14,2.568632172439619
1998-05-15,2.2654488582797208
1998-05-16,2.048739886712358
1998-05-17,1.8775275684987571
1998-05-18,1.7410459883161489
1998-05-19,2.283436681705821
1998-05-20,2.6825456129142045
1998-05-21,2.371091594602094
1998-05-22,3.899907388523163
1998-05-23,4.512203595978936
1998-05-24,3.8729783941961085
1998-05-25,3.2708406557004754
1998-05-26,2.941359655250913
1998-05-27,2.820617051759547
1998-05-28,2.5632789764516954
1998-05-29,2.2843932363660495
1998-05-30,2.0657361254821986
1998-05-31,1.8930098445421066
1998-06-01,1.7553403137858796
1998-06-02,1.644613905567522
1998-06-03,1.7015471952646264
1998-06-04,2.195969947483121
1998-06-05,2.04226154675936
1998-06-06,1.8994931566800348
1998-06-07,2.193219816113385
1998-06-08,2.3452090604507645
1998-06-09,2.3091805473248566
1998-06-10,2.1523987542955294
1998-06-11,1.9706798821074731
1998-06-12,1.8152811521330223
1998-06-13,1.6851738494195925
1998-06-14,1.5801427296150703
1998-06-15,1.49454560756239
1998-06-16,1.4243255098264538
1998-06-17,1.3661576107536169
1998-06-18,1.3174883703331683
1998-06-19,4.3854062767599045
1998-06-20,6.464506761784732
1998-06-21,5.684225009444042
1998-06-22,4.5922463436546215
1998-06-23,3.8388548928874844
1998-06-24,3.2624430917688216
1998-06-25,2.8175521056886037
1998-06-26,2.4749786713859634
1998-06-27,2.208785357111668
1998-06-28,2.0000896227465406
1998-06-29,1.8350161518039592
1998-06-30,1.7032803598402981
1998-07-01,1.5971974252458396
1998-07-02,1.510981708030595
1998-07-03,1.4402465957749877
1998-07-04,1.3816441568713103
1998-07-05,1.332603286386426
1998-07-06,1.2911378862827008
1998-07-07,1.2770289064004374
1998-07-08,1.301836111831618
1998-07-09,1.289845923608363
1998-07-10,1.2506973835074393
1998-07-11,1.217052540561714
1998-07-12,1.1879392468603245
1998-07-13,1.1624743767253827
1998-07-14,1.140443923922389
1998-07-15,1.4633120252128435
1998-07-16,1.4463243205482517
1998-07-17,1.3230170560671413
1998-07-18,1.2668721203456632
1998-07-19,1.2199969686631909
1998-07-20,1.1804652271647655
1998-07-21,1.1467804977712794
1998-07-22,1.1177743292444455
1998-07-23,1.0925298474922098
1998-07-24,1.070324227505152
1998-07-25,1.050890648531724
1998-07-26,1.0332585932802179
1998-07-27,1.0171157306943386
1998-07-28,1.0023411452401756
1998-07-29,0.9886983131594849
1998-07-30,0.9759963352716587
1998-07-31,1.0038595605713032
1998-08-01,1.0852198341179726
1998-08-02,1.058307002848208
1998-08-03,1.539312272151129
1998-08-04,1.353231723042689
1998-08-05,1.298214496606634
1998-08-06,1.1601758795451602
1998-08-07,1.131398096479358
1998-08-08,1.7359468079518143
1998-08-09,1.5458085833965844
1998-08-10,1.353135447126954
1998-08-11,1.268416663757444
1998-08-12,1.207968224243677
1998-08-13,1.1436906290461226
1998-08-14,1.0906555707312338
1998-08-15,1.065978671168797
1998-08-16,1.1453570192414253
1998-08-17,1.679656742986962
1998-08-18,1.827387905982781
1998-08-19,1.619300715174188
1998-08-20,1.4264365991110033
1998-08-21,1.3087276347054753
1998-08-22,1.2189425633099615
1998-08-23,1.146088110305424
1998-08-24,1.0864627497057509
1998-08-25,1.0372317405073939
1998-08-26,1.016916079279364
1998-08-27,0.996613590104451
1998-08-28,0.9612911630474472
1998-08-29,0.9312523212667911
1998-08-30,0.9055370076987265
1998-08-31,0.8833003948325496
1998-09-01,0.8638754020620251
1998-09-02,0.8467330113027006
1998-09-03,0.831451960379388
1998-09-04,0.8176954746902768
1998-09-05,0.8051933120400397
1998-09-06,0.7937278405756106
1998-09-07,0.7831231943027345
1998-09-08,0.7732367888523206
1998-09-09,0.7639526560492591
1998-09-10,0.7551761864699981
1998-09-11,0.7610811664849221
1998-09-12,1.4105051058771132
1998-09-13,1.2130718752284275
1998-09-14,0.9981428168022456
1998-09-15,0.9283001114570261
1998-09-16,1.8234277322221075
1998-09-17,1.4435378709755942
1998-09-18,1.221602544151572
1998-09-19,1.123183544049327
1998-09-20,1.043858100863303
1998-09-21,0.9833680089988491
1998-09-22,0.9436747382577115
1998-09-23,0.917801606739716
1998-09-24,1.1125162490680565
1998-09-25,1.4035621562724636
1998-09-26,1.5989663578819793
1998-09-27,1.3053897995813717
1998-09-28,1.2005627795741587
1998-09-29,1.3838237675339944
1998-09-30,1.2208053036903375
1998-10-01,1.7354119470934855
1998-10-02,1.4547349486745178
1998-10-03,1.2694050639612182
1998-10-04,1.1679609759610325
1998-10-05,1.0852449651124656
1998-10-06,1.0440701059250543
1998-10-07,1.3394957296125583
1998-10-08,2.0443581610374992
1998-10-09,1.681092635084308
1998-10-10,1.4442661331807143
1998-10-11,1.2955398791250332
1998-10-12,1.17742873980992
1998-10-13,1.0829065286315607
1998-10-14,1.006673820790366
1998-10-15,0.9447057408253321
1998-10-16,0.8939254626943378
1998-10-17,0.8519664722072268
1998-10-18,0.8169980798262255
1998-10-19,0.7875963948168909
1998-10-20,0.7626482412857443
1998-10-21,0.7412791279081311
1998-10-22,0.7227989089128356
1998-10-23,0.7066605462517686
1998-10-24,0.6924286369807491
1998-10-25,0.6797552642935262
1998-10-26,0.6683613733415358
1998-10-27,0.6580223380817886
1998-10-28,0.6485567242788614
1998-10-29,0.6398175022986338
1998-10-30,0.6316851466954516
1998-10-31,0.6240621956859553
1998-11-01,0.6168689451772355
1998-11-02,0.6100400282367421
1998-11-03,0.603521688379867
1998-11-04,0.5972695986255422
1998-11-05,1.424037928712223
1998-11-06,1.2455710390434467
1998-11-07,1.0625394313882075
1998-11-08,0.971951146024857
1998-11-09,0.957059930366014
1998-11-10,1.4730337239542521
1998-11-11,2.968822031144151
1998-11-12,4.491829463871017
1998-11-13,4.542901975132531
1998-11-14,4.125335037159549
1998-11-15,3.9319270313826458
1998-11-16,3.2975953505083595
1998-11-17,2.7111705022067696
1998-11-18,2.2795195966142208
1998-11-19,1.9479912532544563
1998-11-20,1.6912348218652786
1998-11-21,1.4907840558289323
1998-11-22,1.3330620190833669
1998-11-23,1.2080000504379302
1998-11-24,1.1080709919544194
1998-11-25,1.0276053063523898
1998-11-26,1.0136439335266172
1998-11-27,1.1444190836339379
1998-11-28,1.1115466820932915
1998-11-29,1.3316074343113047
1998-11-30,1.2340956932009344
1998-12-01,1.598898846894355
1998-12-02,2.1210935478896507
1998-12-03,1.8994605320605567
1998-12-04,1.6346294843246245
1998-12-05,1.4458682670213985
1998-12-06,1.5397768622693249
1998-12-07,1.4407071427855767
1998-12-08,1.376183231595654
1998-12-09,1.2638189724157936
1998-12-10,1.1483717216623208
1998-12-11,1.0600241378953934
1998-12-12,0.9885810115275687
1998-12-13,0.9303464189536556
1998-12-14,0.8824894230969665
1998-12-15,0.8428285705862159
1998-12-16,0.8096733520337992
1998-12-17,0.7817067076531673
1998-12-18,0.7578973458402908
1998-12-19,0.7374338801017285
1998-12-20,0.7196750477639005
1998-12-21,0.7041118624230709
1998-12-22,0.6903386788312303
1998-12-23,0.6780309543499103
1998-12-24,0.6669280711334777
1998-12-25,0.6568200038510675
1998-12-26,0.6475369248625374
1998-12-27,0.6389410644075056
1998-12-28,0.6309203101658037
1998-12-29,0.623383154564919
1998-12-30,0.6162546909304
1998-12-31,0.6094734292650281
1999-01-01,0.6029887550886811
1999-01-02,0.5967588947352834
1999-01-03,0.5907492809826363
1999-01-04,0.5849312362406015
1999-01-05,0.582749775286539
1999-01-06,4.2266090627286514
1999-01-07,4.440484352207762
1999-01-08,4.2235132472227095
1999-01-09,4.841277495952509
1999-01-10,5.747509064994735
1999-01-11,5.598776187622806
1999-01-12,7.032061634232728
1999-01-13,6.616788655546625
1999-01-14,5.23203064239845
1999-01-15,4.206500197226913
1999-01-16,3.441268084883038
1999-01-17,2.8638842032315286
1999-01-18,2.4241497288156806
1999-01-19,2.1035865320472182
1999-01-20,1.9688842793965835
1999-01-21,1.8646359119057205
1999-01-22,1.697233121085404
1999-01-23,1.5196606072880836
1999-01-24,1.3792908214462243
1999-01-25,1.2674174043176707
1999-01-26,1.177518779986857
1999-01-27,1.1046732674899518
1999-01-28,1.0451405824207711
1999-01-29,0.9960596169001694
1999-01-30,0.9552283164810155
1999-01-31,0.9209420618734597
1999-02-01,0.8918741083246284
1999-02-02,1.8983322935183429
1999-02-03,5.613085435511756
1999-02-04,5.76809517880679
1999-02-05,5.136638526991913
1999-02-06,4.805354114520708
1999-02-07,4.7524625641735065
1999-02-08,5.177654107813627
1999-02-09,5.381460694316105
1999-02-10,4.976517382422431
1999-02-11,4.339209114632981
1999-02-12,3.6306016504442833
1999-02-13,3.422877294190252
1999-02-14,3.069362719327449
1999-02-15,3.1726644925322525
1999-02-16,3.128543466642792
1999-02-17,2.710434666944735
1999-02-18,2.416253994866188
1999-02-19,2.194360093212323
1999-02-20,1.9407410154335027
1999-02-21,1.7468434803336281
1999-02-22,1.5934776475732921
1999-02-23,1.471140390144981
1999-02-24,1.3727167025336653
1999-02-25,1.2928399540705058
1999-02-26,1.3806583530019003
1999-02-27,2.2438949654315334
1999-02-28,2.2637833360814077
1999-03-01,1.9835915849979224
1999-03-02,1.7857695068039832
1999-03-03,1.6201038066381799
1999-03-04,1.4883832327576403
1999-03-05,1.3827783664663154
1999-03-06,1.2973789129006452
1999-03-07,1.355546202792852
1999-03-08,1.373688116894769
1999-03-09,1.287713837740676
1999-03-10,1.2176214367026084
1999-03-11,1.1598980313215057
1999-03-12,1.1376964325487093
1999-03-13,1.1265884614764559
1999-03-14,1.0863750793186326
1999-03-15,1.048783211259993
1999-03-16,1.0168719892894995
1999-03-17,0.9993239452964707
1999-03-18,0.9860807779569828
1999-03-19,1.1734737891903466
1999-03-20,1.342720696938163
1999-03-21,1.255836121253665
1999-03-22,2.2792006294362217
1999-03-23,3.6202488943046265
1999-03-24,3.3637598553388055
1999-03-25,2.7964158864632043
1999-03-26,2.3933172076047815
1999-03-27,2.0825306412208984
1999-03-28,1.9064940131012589
1999-03-29,2.240940796555449
1999-03-30,2.2827213911850706
1999-03-31,3.8071857284997948
1999-04-01,4.123779587196551
1999-04-02,3.4281808648165577
1999-04-03,2.8878933354382164
1999-04-04,2.4746021167913854
1999-04-05,2.1560600914644104
1999-04-06,1.9640362269284417
1999-04-07,3.142835422700658
1999-04-08,3.357626927807582
1999-04-09,2.7952497097940867
1999-04-10,2.4085273787594352
1999-04-11,2.1097763496466215
1999-04-12,2.0006373850549677
1999-04-13,1.9224625687863306
1999-04-14,1.7303698430831191
1999-04-15,1.577990401230695
1999-04-16,1.456429821013734
1999-04-17,1.358627285528813
1999-04-18,1.279255307821696
1999-04-19,1.214266370291445
1999-04-20,1.1605654174626414
1999-04-21,1.1157712679169696
1999-04-22,1.0780414253897794
1999-04-23,1.0459424823299106
1999-04-24,1.018353576247449
1999-04-25,0.9943939912732499
1999-04-26,0.9733685253362179
1999-04-27,0.9547260183393607
1999-04-28,1.0607510221252856
1999-04-29,1.1988618212634992
1999-04-30,1.1488656250239713
1999-05-01,1.0952450761885755
1999-05-02,1.14419312839804
1999-05-03,1.229172566578483
1999-05-04,1.1718346314842563
1999-05-05,1.1106526928576124
1999-05-06,1.060024906084953
1999-05-07,1.0178377786490327
1999-05-08,0.9823504482555725
1999-05-09,0.9522071650116041
1999-05-10,0.9263467543098124
1999-05-11,0.9039346332436113
1999-05-12,0.8843142813739165
1999-05-13,0.8763338579233936
1999-05-14,0.8888961486416189
1999-05-15,0.8833176051111704
1999-05-16,0.8633391210008786
1999-05-17,0.8852268428216999
1999-05-18,0.9209601837384839
1999-05-19,0.9189200667679235
1999-05-20,1.0996740648179526
1999-05-21,2.154566942252466
1999-05-22,3.974186254701697
1999-05-23,3.7273775284544812
1999-05-24,3.207821517166486
1999-05-25,2.696073615352567
1999-05-26,2.2905069782570964
1999-05-27,1.9837570901750612
1999-05-28,1.7453198536687131
1999-05-29,1.5584573808975943
1999-05-30,1.4108281279098909
1999-05-31,1.293255271349515
1999-06-01,1.1988614496690007
1999-06-02,1.125120983689929
1999-06-03,1.0634420742257216
1999-06-04,1.0114785264511776
1999-06-05,0.9706327216042646
1999-06-06,0.9864910227459885
1999-06-07,1.0264427286083029
1999-06-08,0.9965910743983984
1999-06-09,0.9531612359404428
1999-06-10,0.9167210987077787
1999-06-11,0.8926702421024327
1999-06-12,0.8702642612442761
1999-06-13,0.8459412234449252
1999-06-14,0.8248614798321962
1999-06-15,1.5283717709242932
1999-06-16,2.5145664234129526
1999-06-17,2.2446983012745476
1999-06-18,2.064567947616627
1999-06-19,1.7746419890119929
1999-06-20,1.5662798454950153
1999-06-21,2.1284948363950265
1999-06-22,2.548313323431041
1999-06-23,2.1467513782773024
1999-06-24,1.8377222872167949
1999-06-25,1.6214508002458379
1999-06-26,1.4515527155305625
1999-06-27,1.3419000871577402
1999-06-28,1.266748485975355
1999-06-29,1.244411571713233
1999-06-30,1.7134664643792556
1999-07-01,2.3753254891361766
1999-07-02,2.7784523649101076
1999-07-03,3.2336352231774206
1999-07-04,2.8082134424605143
1999-07-05,2.333845897942085
1999-07-06,2.0142370974254042
1999-07-07,1.7657280298307274
1999-07-08,1.5708247835805274
1999-07-09,1.5453790230146254
1999-07-10,2.6794311145233167
1999-07-11,2.51998232902035
1999-07-12,2.098404644432541
1999-07-13,1.8339421346215312
1999-07-14,1.859992320481114
1999-07-15,2.0087065509896256
1999-07-16,1.7227537736884937
1999-07-17,1.540970967210721
1999-07-18,1.3970737272480926
1999-07-19,1.2823720394793203
1999-07-20,1.190199662943789
1999-07-21,1.1499502436538482
1999-07-22,1.1377111364166026
1999-07-23,1.0819132837355316
1999-07-24,1.0290434176079313
1999-07-25,0.9835317194460801
1999-07-26,0.9442250179642898
1999-07-27,0.9111421677340587
1999-07-28,0.8830303255278821
1999-07-29,0.8589073497617835
1999-07-30,0.8493478745170608
1999-07-31,0.8382834901116575
1999-08-01,0.819122973802088
1999-08-02,0.8022034953756664
1999-08-03,0.7871595999298231
1999-08-04,0.7736514247632628
1999-08-05,0.7614062451409368
1999-08-06,0.7502044273733927
1999-08-07,0.7398684867251633
1999-08-08,0.7302545265311621
1999-08-09,0.721245512317204
1999-08-10,0.712745966493837
1999-08-11,0.7096487261452146
1999-08-12,0.7081911772354167
1999-08-13,0.7015369978206215
1999-08-14,0.6933534425798058
1999-08-15,0.6850133728477356
1999-08-16,0.6818159303421587
1999-08-17,0.9958556534166166
1999-08-18,0.9645048117536069
1999-08-19,0.8619680170528737
1999-08-20,0.861559341569741
1999-08-21,0.8101776548134542
1999-08-22,0.7613042460571443
1999-08-23,0.7363382828777465
1999-08-24,0.7150033957894203
1999-08-25,0.7020884324483464
1999-08-26,0.6894919643494877
1999-08-27,0.6739707072189148
1999-08-28,0.6602549148193315
1999-08-29,0.6480446287904634
1999-08-30,0.6370697499092669
1999-08-31,0.6271129807417261
1999-09-01,0.6179988975085586
1999-09-02,0.6095854107596256
1999-09-03,0.6192397825442159
1999-09-04,0.6456782098420121
1999-09-05,0.6339910370936944
1999-09-06,0.6389338761965779
1999-09-07,0.6391492139316747
1999-09-08,0.6124587439654389
1999-09-09,0.6028221267941395
1999-09-10,0.593660470523092
1999-09-11,0.5834295423171878
1999-09-12,0.5741560330275124
1999-09-13,0.5656872435331723
1999-09-14,0.5578871310660619
1999-09-15,0.5506451482746169
1999-09-16,0.5438711897802931
1999-09-17,0.540748342374747
1999-09-18,0.583750793083724
1999-09-19,0.6483403254924163
1999-09-20,0.5685366082306481
1999-09-21,0.5559453132310822
1999-09-22,0.544968767738382
1999-09-23,0.588296687534098
1999-09-24,1.5929988226294436
1999-09-25,1.0599162117901393
1999-09-26,1.6137109917904648
1999-09-27,1.3220097048332051
1999-09-28,1.0555623090865485
1999-09-29,1.1677537354692324
1999-09-30,1.5701032294239663
1999-10-01,1.3059542739115162
1999-10-02,1.242783111644094
1999-10-03,1.5413412232675314
1999-10-04,2.0380131072077483
1999-10-05,2.2506942296916264
1999-10-06,1.8736767361931257
1999-10-07,2.3701692929135856
1999-10-08,3.1221866953551882
1999-10-09,2.58800714336606
1999-10-10,2.112537255613915
1999-10-11,1.7915980742378779
1999-10-12,1.5430674755368503
1999-10-13,2.103988667388362
1999-10-14,2.0997216013984596
1999-10-15,1.7569535088803903
1999-10-16,1.5122156245365022
1999-10-17,1.3287134512757452
1999-10-18,1.3678893354578767
1999-10-19,1.5734664455109748
1999-10-20,2.979503611936154
1999-10-21,2.63157641095863
1999-10-22,2.652140643082745
1999-10-23,3.3882452421288445
1999-10-24,6.005127419647238
1999-10-25,6.402303604035255
1999-10-26,5.2194618774122015
1999-10-27,6.275455049796864
1999-10-28,5.827335967866613
1999-10-29,4.942841347285348
1999-10-30,4.448665900382031
1999-10-31,5.338435483236549
1999-11-01,5.756535465837762
1999-11-02,9.688340107981661
1999-11-03,10.211387223552892
1999-11-04,8.074293706938658
1999-11-05,6.340079449922828
1999-11-06,5.080014394792007
1999-11-07,4.2812176048006165
1999-11-08,4.060228742853007
1999-11-09,3.5076685244243992
1999-11-10,3.7967646357554266
1999-11-11,4.035783352187501
1999-11-12,3.5267652982464757
1999-11-13,4.047495102335996
1999-11-14,4.091136627448146
1999-11-15,5.258138028633257
1999-11-16,6.655702586333877
1999-11-17,7.324522629909861
1999-11-18,7.513528223273241
1999-11-19,10.205829194174433
1999-11-20,9.761826017599155
1999-11-21,7.59583809429941
1999-11-22,6.07982746344971
1999-11-23,6.622221405868817
1999-11-24,6.213219151099287
1999-11-25,5.0365554247583155
1999-11-26,4.192378045931771
1999-11-27,3.556124448034774
1999-11-28,3.0717653511766527
1999-11-29,3.0619342470023283
1999-11-30,2.94457654698245
1999-12-01,2.589265437296782
1999-12-02,2.3248561409146524
1999-12-03,2.117174798056389
1999-12-04,1.9525545369123158
1999-12-05,1.8208601157399986
1999-12-06,2.4635956059692394
1999-12-07,3.540087151153917
1999-12-08,4.54947527322211
1999-12-09,4.706055249626037
1999-12-10,4.686780169094594
1999-12-11,4.158168521827516
1999-12-12,3.5227830355898764
1999-12-13,3.2571097273558958
1999-12-14,2.958810630280045
1999-12-15,2.609962294595668
1999-12-16,2.6362427759402354
1999-12-17,2.4935132583377735
1999-12-18,2.5290370979133843
1999-12-19,2.651727669823313
1999-12-20,2.8239973528412765
1999-12-21,4.126023527962233
1999-12-22,4.618678460213871
1999-12-23,4.0631673238698705
1999-12-24,3.4545023583575745
1999-12-25,3.000288855424415
1999-12-26,3.0758832044251663
1999-12-27,3.06063737113875
1999-12-28,2.742478475251593
1999-12-29,3.4782505423934005
1999-12-30,4.3205481006707975
1999-12-31,4.002498243594363
2000-01-01,3.4057435946234356
2000-01-02,2.966460513260589
2000-01-03,3.4075002377226205
2000-01-04,5.028048970563654
2000-01-05,6.199248354518125
2000-01-06,9.337113052098635
2000-01-07,9.224107690929067
2000-01-08,8.693688648774561
2000-01-09,8.310834177815549
2000-01-10,7.421590821575079
2000-01-11,6.2328913857775525
2000-01-12,6.598606931679481
2000-01-13,6.140074452193244
2000-01-14,5.843798678798707
2000-01-15,6.717294895774305
2000-01-16,6.196399391187209
2000-01-17,5.110530244695602
2000-01-18,4.321524108489871
2000-01-19,3.7246968325132657
2000-01-20,3.268622275299038
2000-01-21,4.021388333359463
2000-01-22,4.07673246733579
2000-01-23,3.783325873037553
2000-01-24,3.448865517958552
2000-01-25,3.0500072290989837
2000-01-26,2.910899570480723
2000-01-27,5.6392017556937715
2000-01-28,6.903567668527393
2000-01-29,6.010627449802797
2000-01-30,4.991022525226182
2000-01-31,4.24057354531748
2000-02-01,4.486275846421481
2000-02-02,4.292990158331955
2000-02-03,3.6954987703562305
2000-02-04,3.2559420294859227
2000-02-05,2.9161983392702773
2000-02-06,2.651032621226275
2000-02-07,2.442058200762878
2000-02-08,2.275753496286988
2000-02-09,2.142088703892753
2000-02-10,2.0335641534093836
2000-02-11,1.944529874539179
2000-02-12,1.8706994336123792
2000-02-13,1.8087994001777787
2000-02-14,1.7563144410467855
2000-02-15,1.7113004636756486
2000-02-16,1.6722466065467494
2000-02-17,1.6379725807651437
2000-02-18,1.6075517939606765
2000-02-19,1.580253415286368
2000-02-20,1.5554984519023556
2000-02-21,1.532826258284224
2000-02-22,2.3013593036221933
2000-02-23,2.8987826278319826
2000-02-24,2.7504197711083225
2000-02-25,2.504739503189889
2000-02-26,2.2831980955375015
2000-02-27,2.1123105929227237
2000-02-28,1.9755556698162733
2000-02-29,1.8650515947650073
2000-03-01,1.7748694575470274
2000-03-02,1.7005174714925555
2000-03-03,1.638569847156928
2000-03-04,2.1727771056613125
2000-03-05,2.85699795920875
2000-03-06,3.037034512320884
2000-03-07,4.549930974071017
2000-03-08,6.423399304043482
2000-03-09,7.06952365756749
2000-03-10,7.073822874637689
2000-03-11,6.151972989921373
2000-03-12,5.178170729099786
2000-03-13,5.274623584043219
2000-03-14,5.846120919272764
2000-03-15,6.020171276568596
2000-03-16,6.131257099390276
2000-03-17,6.651843306839801
2000-03-18,6.1477905054074675
2000-03-19,5.196949247481135
2000-03-20,4.567593458847859
2000-03-21,4.697815167518745
2000-03-22,4.691227834449243
2000-03-23,4.23097302033772
2000-03-24,3.77359679605123
2000-03-25,3.556470001116207
2000-03-26,3.719781165503228
2000-03-27,3.8759692886492463
2000-03-28,3.5360584801142654
2000-03-29,3.1071951771685975
2000-03-30,2.7859726755377707
2000-03-31,2.5349166142995005
2000-04-01,2.336808348958123
2000-04-02,2.178964006638354
2000-04-03,2.292147663366289
2000-04-04,2.475782356064735
2000-04-05,2.382297791917726
2000-04-06,2.2321037998046913
2000-04-07,2.088917951516083
2000-04-08,1.9731162079751765
2000-04-09,1.9145189522578583
2000-04-10,2.950233630246334
2000-04-11,3.3132869076222167
2000-04-12,3.0483660496828584
2000-04-13,3.670746709556914
2000-04-14,3.8236278033073847
2000-04-15,4.362616020530637
2000-04-16,4.3188822617875395
2000-04-17,4.4852639771973
2000-04-18,5.009908991113479
2000-04-19,5.021902745521257
2000-04-20,4.745471232146536
2000-04-21,4.310367208581883
2000-04-22,3.7256701732470945
2000-04-23,4.555601325780258
2000-04-24,4.684546455287596
2000-04-25,3.9501490352682467
2000-04-26,3.438048499545459
2000-04-27,3.281450898677799
2000-04-28,3.2520053345157347
2000-04-29,2.967684862601861
2000-04-30,2.6717917857973412
2000-05-01,2.439478656656771
2000-05-02,2.255627129214098
2000-05-03,2.108723260441178
2000-05-04,1.9901880362719355
2000-05-05,1.8935797405085948
2000-05-06,1.8140344701503561
2000-05-07,1.778560341857412
2000-05-08,1.8361860077190535
2000-05-09,1.8972589269058033
2000-05-10,1.8589507915922583
2000-05-11,2.0387603295174834
2000-05-12,2.1320654311265836
2000-05-13,1.9722593735858467
2000-05-14,1.8634693068329156
2000-05-15,1.7746290486324472
2000-05-16,1.7013342587248375
2000-05-17,1.640224641930094
2000-05-18,1.5887204014870564
2000-05-19,1.5448292784849604
2000-05-20,1.5467187492595258
2000-05-21,1.540955233663208
2000-05-22,1.5004919669448868
2000-05-23,1.4653040532177801
2000-05-24,1.8421796649675894
2000-05-25,2.350334274498089
2000-05-26,2.1816586447000734
2000-05-27,1.9943052844354157
2000-05-28,1.874002932803201
2000-05-29,1.7626309162768268
2000-05-30,1.6692580172639662
2000-05-31,1.5927658905144388
2000-06-01,1.5293682380380034
2000-06-02,1.4762647342374127
2000-06-03,1.431345419590504
2000-06-04,1.3929339942512555
2000-06-05,1.3597240110482975
2000-06-06,1.3306921434234966
2000-06-07,1.305033004127904
2000-06-08,1.2821098581308588
2000-06-09,1.261417136508747
2000-06-10,1.3412552432845326
2000-06-11,2.0646971203670437
2000-06-12,1.7920004118685708
2000-06-13,1.6287544618555214
2000-06-14,1.56057843594996
2000-06-15,1.4877595202995353
2000-06-16,1.4212103387202237
2000-06-17,1.36589202792218
2000-06-18,1.3194742171421718
2000-06-19,1.28011511225987
2000-06-20,1.2463827521479396
2000-06-21,1.7158390090352433
2000-06-22,1.6354480092099057
2000-06-23,1.5151952582386141
2000-06-24,1.4644527398969351
2000-06-25,1.3907733589772084
2000-06-26,1.3298741224137058
2000-06-27,1.2791775624049935
2000-06-28,1.2365462150890898
2000-06-29,1.2003235443237201
2000-06-30,1.1692188761124802
2000-07-01,1.5004962702506894
2000-07-02,2.2914487711197475
2000-07-03,2.5783416456835093
2000-07-04,3.1237460630645706
2000-07-05,2.7420445717518676
2000-07-06,2.323562788126893
2000-07-07,2.060727024896579
2000-07-08,1.8835094865769235
2000-07-09,1.738621412935869
2000-07-10,1.599711409692781
2000-07-11,1.4882989033673037
2000-07-12,1.6802295373634186
2000-07-13,2.3645188533380734
2000-07-14,2.030849042486661
2000-07-15,1.797500433073484
2000-07-16,1.6429291530831753
2000-07-17,1.519620414757987
2000-07-18,1.4203977089907562
2000-07-19,1.3501952393905488
2000-07-20,1.288290851955224
2000-07-21,1.2310883095971403
2000-07-22,1.1834296310615948
2000-07-23,1.143354386554295
2000-07-24,1.1101562940245102
2000-07-25,1.0811712727284488
2000-07-26,1.055655172805124
2000-07-27,1.0333043614307906
2000-07-28,1.0135201602328248
2000-07-29,0.9958267515416878
2000-07-30,0.979844438419327
2000-07-31,0.9652690601669877
2000-08-01,0.9518560681032806
2000-08-02,0.9394081486330995
2000-08-03,0.9277655603138362
2000-08-04,0.9167985575571502
2000-08-05,0.9273390757477182
2000-08-06,0.9380604093680831
2000-08-07,0.9294099778356512
2000-08-08,0.9217364660774724
2000-08-09,0.906741287928635
2000-08-10,0.8928218124702049
2000-08-11,0.880832578866131
2000-08-12,0.8692973845604706
2000-08-13,0.8581684662564776
2000-08-14,0.8477375041266283
2000-08-15,0.8378944349921342
2000-08-16,0.8285478950543421
2000-08-17,0.8196231779028708
2000-08-18,0.8110590159664253
2000-08-19,0.8028050171776586
2000-08-20,0.7948196164755711
2000-08-21,0.7870684333725896
2000-08-22,0.7795229509548212
2000-08-23,0.7721594502070266
2000-08-24,0.7751415993658725
2000-08-25,1.2854766044055412
2000-08-26,0.8735554575131509
2000-08-27,0.811364786094627
2000-08-28,0.7946890593758323
2000-08-29,0.7799041354997036
2000-08-30,0.7766096689094985
2000-08-31,0.7794643248694428
2000-09-01,0.7670638161677195
2000-09-02,0.7534446384983454
2000-09-03,0.7411394629949409
2000-09-04,0.7341034788012833
2000-09-05,0.7269248937877126
2000-09-06,0.727550722569895
2000-09-07,0.8983133060418278
2000-09-08,0.7671642387985026
2000-09-09,0.7288447392576826
2000-09-10,0.7149315067791235
2000-09-11,0.7174679768668647
2000-09-12,0.7212537178500477
2000-09-13,0.725079643122638
2000-09-14,0.9707303445883753
2000-09-15,0.7606811850892413
2000-09-16,0.716111497521786
2000-09-17,0.6992240873740801
2000-09-18,0.684428188875517
2000-09-19,0.6713351428684962
2000-09-20,0.6612735408206484
2000-09-21,0.6518452278150421
2000-09-22,0.6418222952483542
2000-09-23,0.6326428569124549
2000-09-24,0.6241749336360397
2000-09-25,0.6163005495542696
2000-09-26,0.6089236635729498
2000-09-27,0.6020211004358376
2000-09-28,0.5974931975577148
2000-09-29,0.5960077329983198
2000-09-30,0.9390505890940918
2000-10-01,1.2607979893314862
2000-10-02,0.9210053497801393
2000-10-03,0.7556211698800012
2000-10-04,0.7069336293163819
2000-10-05,0.6888536847884325
2000-10-06,1.0611421397471712
2000-10-07,0.9242618035316932
2000-10-08,0.857362022557541
2000-10-09,0.8042845056434201
2000-10-10,1.390228742209356
2000-10-11,1.3579262707564466
2000-10-12,1.0198184339084018
2000-10-13,0.905309933939212
2000-10-14,0.8380034704860062
2000-10-15,1.1673956541406605
2000-10-16,1.4327964870345538
2000-10-17,1.1189855854706614
2000-10-18,3.7658275437916378
2000-10-19,2.8698923609375
2000-10-20,2.251317313493575
2000-10-21,1.9021391321583583
2000-10-22,1.6323666190211323
2000-10-23,1.4223021733777774
2000-10-24,1.3234717337967883
2000-10-25,1.653122729297624
2000-10-26,2.3339999056194745
2000-10-27,1.944373989119917
2000-10-28,1.63340553062256
2000-10-29,1.4274135602518834
2000-10-30,1.2656498523234034
2000-10-31,1.1519307272870123
2000-11-01,1.0721144421189914
2000-11-02,0.983286421297984
2000-11-03,1.4967587974901615
2000-11-04,1.4034760276367253
2000-11-05,1.2179155645536064
2000-11-06,1.1500876187622722
2000-11-07,1.2128275212433812
2000-11-08,1.0830100236013835
2000-11-09,0.986196742797738
2000-11-10,0.9139397938996326
2000-11-11,0.8675522277519349
2000-11-12,1.0136110285882995
2000-11-13,0.9694557202448896
2000-11-14,1.2117787737216392
2000-11-15,4.956758724049027
2000-11-16,7.695111912255965
2000-11-17,7.448217902938882
2000-11-18,6.531992960703161
2000-11-19,5.42121175470858
2000-11-20,4.364862279103675
2000-11-21,4.172541546998267
2000-11-22,4.0656941571035885
2000-11-23,3.4438886697891014
2000-11-24,2.8526278707634574
2000-11-25,2.4136037729178437
2000-11-26,2.0762634865605176
2000-11-27,1.8148482085723427
2000-11-28,1.6105977395260667
2000-11-29,1.4497215502916199
2000-11-30,1.6161692959484528
2000-12-01,1.6452283978987838
2000-12-02,2.4050828186627906
2000-12-03,3.6456967729432344
2000-12-04,3.4232559925353603
2000-12-05,3.166194589505293
2000-12-06,2.7556424294115867
2000-12-07,2.341552545063613
2000-12-08,2.0305498705543443
2000-12-09,1.7888555462473592
2000-12-10,1.5994633246760879
2000-12-11,1.4498411312951782
2000-12-12,1.3306753540839222
2000-12-13,1.2349894056517183
2000-12-14,2.994293602790705
2000-12-15,3.2613989668849057
2000-12-16,3.432801465346397
2000-12-17,3.08894722760362
2000-12-18,2.596036632145178
2000-12-19,5.618209176942563
2000-12-20,5.881278241785203
2000-12-21,4.659271014085029
2000-12-22,3.8186170537173996
2000-12-23,3.185275444791435
2000-12-24,2.704066216434765
2000-12-25,2.3350724694654574
2000-12-26,2.6754247153403043
2000-12-27,3.8852864934572957
2000-12-28,3.678238528313577
2000-12-29,3.0599868815914166
2000-12-30,2.616077710385422
2000-12-31,2.2747009092093045
2001-01-01,2.00985294067444
2001-01-02,1.9998262968132414
2001-01-03,3.9908622634747424
2001-01-04,5.304372694789642
2001-01-05,4.950194077713859
2001-01-06,4.235566510681787
2001-01-07,4.06870084734687
2001-01-08,3.5802490079888805
2001-01-09,3.144513033125136
2001-01-10,2.8316241173185177
2001-01-11,3.028767444407323
2001-01-12,2.7971697056353957
2001-01-13,2.4219491120397296
2001-01-14,2.143102654987599
2001-01-15,1.9253915249244649
2001-01-16,1.754189518822776
2001-01-17,1.6172382532342897
2001-01-18,1.5073403597170458
2001-01-19,1.418372728706481
2001-01-20,1.345691257446776
2001-01-21,1.4974418966662955
2001-01-22,2.133106042972931
2001-01-23,2.475707716864559
2001-01-24,2.2900600261628767
2001-01-25,2.441834858605549
2001-01-26,2.3075136517545634
2001-01-27,2.03632228903343
2001-01-28,1.8348123837861487
2001-01-29,1.6755246447590377
2001-01-30,1.8485109242342095
2001-01-31,1.8469199007814874
2001-02-01,2.259995121590878
2001-02-02,2.2031545258195644
2001-02-03,1.9473535305167502
2001-02-04,1.7622971922914017
2001-02-05,2.240629533794895
2001-02-06,5.225768432838953
2001-02-07,10.338035711148839
2001-02-08,11.687284461355992
2001-02-09,9.579201496788366
2001-02-10,8.565701698526563
2001-02-11,7.645062124683206
2001-02-12,7.742283502285452
2001-02-13,7.143776950219654
2001-02-14,5.812934314737704
2001-02-15,4.768474755991436
2001-02-16,3.987276475008459
2001-02-17,3.396908600908681
2001-02-18,2.9463414122992
2001-02-19,2.599195462681747
2001-02-20,2.329251869277057
2001-02-21,2.1174236592363274
2001-02-22,1.9496857942722594
2001-02-23,1.815643176956912
2001-02-24,1.7075288075556765
2001-02-25,1.6460255923425873
2001-02-26,1.5996996401544565
2001-02-27,1.5302578459234029
2001-02-28,1.5251284396765994
2001-03-01,2.05088468538253
2001-03-02,2.6654203952661124
2001-03-03,2.5822484657340667
2001-03-04,2.786150949583608
2001-03-05,3.5015986590790575
2001-03-06,3.872448391512004
2001-03-07,3.4020967655968426
2001-03-08,3.993697215689329
2001-03-09,6.368142799476632
2001-03-10,6.888696960378684
2001-03-11,5.977669061527109
2001-03-12,6.436956914387721
2001-03-13,6.165133091852396
2001-03-14,8.233793204736244
2001-03-15,9.589303611623336
2001-03-16,10.65771552024555
2001-03-17,9.615914415681946
2001-03-18,7.583109309418994
2001-03-19,6.6126127717025485
2001-03-20,5.948169181434525
2001-03-21,4.928698603224082
2001-03-22,4.165604064935574
2001-03-23,3.5877206452049517
2001-03-24,3.1457608601687923
2001-03-25,2.8908429318886575
2001-03-26,2.6870245306127694
2001-03-27,2.5774165984801116
2001-03-28,2.4952618384214493
2001-03-29,2.366861581342509
2001-03-30,2.2765550290161767
2001-03-31,2.139535624854235
2001-04-01,2.007732369357731
2001-04-02,1.9009218873965885
2001-04-03,1.813488771859003
2001-04-04,1.7411717670119238
2001-04-05,1.6873655975073667
2001-04-06,1.640283450432504
2001-04-07,1.5948138372485559
2001-04-08,1.5555368654107677
2001-04-09,1.5213140195998796
2001-04-10,1.7624599126243903
2001-04-11,2.28199084094765
2001-04-12,2.303638635485204
2001-04-13,2.1783544771259815
2001-04-14,2.0453397976969754
2001-04-15,1.9086337016902364
2001-04-16,1.8570103503283064
2001-04-17,1.8628078912100656
2001-04-18,1.7771642533750027
2001-04-19,1.6886160450643597
2001-04-20,1.6156016519195635
2001-04-21,1.55486965348391
2001-04-22,1.5184903932287839
2001-04-23,1.5082154071532667
2001-04-24,2.5229366053500066
2001-04-25,2.9311427591294055
2001-04-26,3.212415298503073
2001-04-27,3.900857401712488
2001-04-28,4.982653211917109
2001-04-29,5.505810304721218
2001-04-30,5.332944417695769
2001-05-01,4.631222949200053
2001-05-02,3.9011958159770317
2001-05-03,3.3500682124749446
2001-05-04,2.9222497469105817
2001-05-05,2.591959618825246
2001-05-06,2.334587062826267
2001-05-07,2.132185296637779
2001-05-08,1.9715461287320373
2001-05-09,2.946309987763179
2001-05-10,3.6121238169572685
2001-05-11,3.271739241243345
2001-05-12,3.2333455134601743
2001-05-13,3.1595221430713583
2001-05-14,2.779300705300891
2001-05-15,2.478644792406327
2001-05-16,2.243301448930335
2001-05-17,2.0576435276918805
2001-05-18,1.9098292610388403
2001-05-19,1.7910440659751912
2001-05-20,1.6946753769413527
2001-05-21,1.6553614100326712
2001-05-22,2.051238692652418
2001-05-23,2.1595228781684725
2001-05-24,1.9509391930648505
2001-05-25,1.8159672143944592
2001-05-26,1.707236084950635
2001-05-27,1.6188007162103355
2001-05-28,1.546161458510532
2001-05-29,1.485889525760751
2001-05-30,1.4687788878605834
2001-05-31,1.4474758687199423
2001-06-01,1.4528838829101913
2001-06-02,1.9702360109592527
2001-06-03,1.9214155695870812
2001-06-04,1.743696473330176
2001-06-05,1.6590350955003255
2001-06-06,1.5830905161368722
2001-06-07,1.504187492847196
2001-06-08,1.4390346909404188
2001-06-09,1.3847863547353014
2001-06-10,1.3391500645632528
2001-06-11,1.300351236073024
2001-06-12,1.2670087093003912
2001-06-13,1.2380420264057397
2001-06-14,1.2126018688933617
2001-06-15,1.1900175427867108
2001-06-16,1.1697570985900494
2001-06-17,1.151396875826874
2001-06-18,1.1345981207123135
2001-06-19,1.1190889431464217
2001-06-20,1.1046503265677057
2001-06-21,1.1077471075468996
2001-06-22,1.2001055568869787
2001-06-23,1.437683043888751
2001-06-24,1.271190936520178
2001-06-25,1.2022794027829955
2001-06-26,1.1660195901651147
2001-06-27,1.1349615482683315
2001-06-28,1.1126812575209941
2001-06-29,1.108475480577163
2001-06-30,1.0942552350847412
2001-07-01,1.0707278444155497
2001-07-02,1.049844482152139
2001-07-03,1.031208567375389
2001-07-04,1.0277820574058143
2001-07-05,1.0322353867273637
2001-07-06,1.0203488061216854
2001-07-07,1.0025519549595554
2001-07-08,0.9964854977195681
2001-07-09,1.0017183567798345
2001-07-10,0.9893863628782644
2001-07-11,0.9713883845779147
2001-07-12,0.9569612587025408
2001-07-13,0.9428235840990834
2001-07-14,0.9289716426984467
2001-07-15,0.9162033517601486
2001-07-16,0.9043385804358698
2001-07-17,0.8932279217927276
2001-07-18,0.8827500729398944
2001-07-19,0.8728062340347306
2001-07-20,0.8633156848346974
2001-07-21,0.8550320305487752
2001-07-22,0.846509474015209
2001-07-23,0.8391013782662592
2001-07-24,0.8440195551714275
2001-07-25,0.846111450397748
2001-07-26,0.8341784992070952
2001-07-27,0.8235972109171414
2001-07-28,0.8137845746425674
2001-07-29,0.8044453627816311
2001-07-30,1.1020987386424144
2001-07-31,1.0270611604171442
2001-08-01,1.1153213472163808
2001-08-02,0.9568721532287756
2001-08-03,0.8828276869171318
2001-08-04,0.9015020003517922
2001-08-05,0.8756348244048708
2001-08-06,1.0148476852539068
2001-08-07,3.009743842662775
2001-08-08,2.3019102815948496
2001-08-09,2.0251951264769246
2001-08-10,1.7232802893783417
2001-08-11,1.5036550948317287
2001-08-12,1.3547497993767064
2001-08-13,1.241625175967488
2001-08-14,1.2320713324961026
2001-08-15,1.2800360817506162
2001-08-16,1.2148114335132025
2001-08-17,1.118794077794485
2001-08-18,1.0458086695083033
2001-08-19,0.9926164489180537
2001-08-20,0.9475922822465034
2001-08-21,0.9051451106317848
2001-08-22,0.8696715884498354
2001-08-23,0.8397811954408557
2001-08-24,0.824590485540845
2001-08-25,0.8117748404273232
2001-08-26,0.7898815600468164
2001-08-27,0.7706452476663471
2001-08-28,0.7556902122402428
2001-08-29,1.277421173747862
2001-08-30,1.0975095659484844
2001-08-31,0.9685844123874624
2001-09-01,0.9178041521533197
2001-09-02,1.0225465796670223
2001-09-03,1.5305149757829384
2001-09-04,1.1954503993657968
2001-09-05,1.0645500006432689
2001-09-06,0.989465858891248
2001-09-07,0.9284534760565869
2001-09-08,0.9415844144559938
2001-09-09,1.0828083089132376
2001-09-10,0.9901250931956226
2001-09-11,1.182172523584979
2001-09-12,1.155253101601335
2001-09-13,1.0278640089940678
2001-09-14,0.9485394401256585
2001-09-15,0.8921074269187579
2001-09-16,0.8457582996665115
2001-09-17,0.807372873697644
2001-09-18,0.8006793622918756
2001-09-19,0.7979240824844401
2001-09-20,0.7831397245653959
2001-09-21,0.770386459685683
2001-09-22,0.7425108966698524
2001-09-23,0.737890244894437
2001-09-24,1.204580075846326
2001-09-25,1.3986797978744623
2001-09-26,1.369821141946235
2001-09-27,1.9493337727975988
2001-09-28,1.5588829393610684
2001-09-29,1.967706056720685
2001-09-30,2.2091290903183887
2001-10-01,3.1120582831029857
2001-10-02,2.832380618791312
2001-10-03,2.5621280632623957
2001-10-04,4.17294103177194
2001-10-05,4.054085409176087
2001-10-06,3.909632762519736
2001-10-07,5.054427047394457
2001-10-08,5.427610683137118
2001-10-09,4.557384771392683
2001-10-10,3.6723157136517823
2001-10-11,3.0340795399871734
2001-10-12,2.549760051343138
2001-10-13,2.1789056993806195
2001-10-14,1.8924755434761094
2001-10-15,1.6694031667771672
2001-10-16,1.4942595661050466
2001-10-17,1.3556435184353959
2001-10-18,1.2450600537777519
2001-10-19,1.1561305544606257
2001-10-20,1.0840308063783732
2001-10-21,1.0250874507457757
2001-10-22,0.976485629964829
2001-10-23,0.9360554362104111
2001-10-24,0.9021147085386761
2001-10-25,0.8733524627201704
2001-10-26,0.8487418543314246
2001-10-27,0.8274747688445664
2001-10-28,0.813557919914853
2001-10-29,0.8058456381236764
2001-10-30,0.808616678894306
2001-10-31,0.8146223715153765
2001-11-01,0.7949160929282694
2001-11-02,0.7775631389364479
2001-11-03,0.796328401772385
2001-11-04,0.9918949600025321
2001-11-05,1.060899002195053
2001-11-06,1.2897963796746093
2001-11-07,2.7790245904027002
2001-11-08,2.9136009123031497
2001-11-09,3.743349517368749
2001-11-10,3.855711855466547
2001-11-11,3.254404531741601
2001-11-12,2.6989582682593602
2001-11-13,3.0974395657695113
2001-11-14,3.185243022474195
2001-11-15,4.0870877283853115
2001-11-16,5.924754530331431
2001-11-17,6.119019085975791
2001-11-18,5.071166876846543
2001-11-19,4.094993299288097
2001-11-20,3.3777109221984394
2001-11-21,2.8352103670008497
2001-11-22,2.6045299795272725
2001-11-23,2.5643542616985027
2001-11-24,2.2477984624055876
2001-11-25,2.0827045426040054
2001-11-26,2.387387211464144
2001-11-27,2.1992062108514245
2001-11-28,2.4824901044656733
2001-11-29,2.7400611035737383
2001-11-30,2.449308967880776
2001-12-01,5.066880242676835
2001-12-02,5.735361148242158
2001-12-03,5.0628714598364395
2001-12-04,4.242943361124134
2001-12-05,4.764938479171551
2001-12-06,4.415832206471719
2001-12-07,3.6277866551195164
2001-12-08,3.0575913855971373
2001-12-09,2.6231578992812232
2001-12-10,2.2899625937195376
2001-12-11,2.97106518425888
2001-12-12,3.76930579020367
2001-12-13,3.448515575679082
2001-12-14,3.579364675568904
2001-12-15,6.106915113480347
2001-12-16,7.402048225216771
2001-12-17,8.196092893316065
2001-12-18,7.284296127600764
2001-12-19,6.255982649447364
2001-12-20,5.813147389851603
2001-12-21,5.833797253903924
2001-12-22,5.463327137703998
2001-12-23,4.612433739533711
2001-12-24,3.848697821985588
2001-12-25,3.2772889015082285
2001-12-26,2.8408602747579845
2001-12-27,2.504385763337776
2001-12-28,2.24259391609224
2001-12-29,2.0370685900937135
2001-12-30,3.9979002850936696
2001-12-31,4.565378105681573
2002-01-01,7.836379068730252
2002-01-02,10.803922562209806
2002-01-03,10.248144862421569
2002-01-04,8.263806657129157
2002-01-05,6.597042021182585
2002-01-06,10.156837277503499
2002-01-07,9.804642477609038
2002-01-08,10.873559779274188
2002-01-09,16.91763520010637
2002-01-10,16.48212979676876
2002-01-11,11.408053371227718
2002-01-12,8.961499202614238
2002-01-13,7.1933853191750785
2002-01-14,8.024828792648337
2002-01-15,8.357455661665346
2002-01-16,9.223705507891443
2002-01-17,8.590256978662184
2002-01-18,8.064672116889781
2002-01-19,7.102988111559093
2002-01-20,5.840787698215652
2002-01-21,4.91841652409783
2002-01-22,4.224081727934972
2002-01-23,5.962196101597805
2002-01-24,6.199226513718407
2002-01-25,5.152194969163445
2002-01-26,5.003557129631142
2002-01-27,4.807929455382115
2002-01-28,7.35872993898431
2002-01-29,8.401226488463161
2002-01-30,7.169683379353489
2002-01-31,5.918146853196872
2002-02-01,4.99797756722638
2002-02-02,4.305083829531246
2002-02-03,3.777757325585164
2002-02-04,3.3722850452187285
2002-02-05,3.057346963509748
2002-02-06,2.8102657157091806
2002-02-07,2.6144614568847646
2002-02-08,2.4577026466298286
2002-02-09,2.470032562608189
2002-02-10,2.4965063124488154
2002-02-11,2.389325936365591
2002-02-12,2.3083658716535487
2002-02-13,2.2030520193647924
2002-02-14,2.1160076458909747
2002-02-15,2.0433721877352298
2002-02-16,2.2311024667883372
2002-02-17,2.5645898301162564
2002-02-18,2.876181989657042
2002-02-19,5.216344434655331
2002-02-20,5.5187635637269
2002-02-21,8.139080613593778
2002-02-22,8.926429756991768
2002-02-23,8.512430287174537
2002-02-24,7.975246053566814
2002-02-25,7.952342359033854
2002-02-26,8.403524009127278
2002-02-27,7.929618872735141
2002-02-28,7.020483559570093
2002-03-01,7.242408670461082
2002-03-02,6.945135463553817
2002-03-03,6.094878375402619
2002-03-04,5.398053850024783
2002-03-05,4.9526809816789825
2002-03-06,4.641331308853346
2002-03-07,4.1965236261743355
2002-03-08,3.723750784450109
2002-03-09,3.3397530767613124
2002-03-10,3.0407822201828876
2002-03-11,2.805654263595489
2002-03-12,2.6416269299323463
2002-03-13,2.504664310394482
2002-03-14,2.375961260980088
2002-03-15,2.270642617367168
2002-03-16,2.6863343228539107
2002-03-17,5.375183323736567
2002-03-18,6.281741557476521
2002-03-19,5.513822642288978
2002-03-20,4.674427218726719
2002-03-21,4.053898761258939
2002-03-22,3.5797907208411033
2002-03-23,3.213851159257383
2002-03-24,2.9285582917849986
2002-03-25,2.757805097302858
2002-03-26,2.86155531602217
2002-03-27,3.6192006895876836
2002-03-28,4.847554773581913
2002-03-29,4.836599793633258
2002-03-30,4.201379601026537
2002-03-31,3.839560137303676
2002-04-01,3.712505313819957
2002-04-02,3.462657280760917
2002-04-03,3.105967418755912
2002-04-04,2.8360415907609933
2002-04-05,2.623102607527239
2002-04-06,2.4962550337167766
2002-04-07,2.4074808323331545
2002-04-08,2.2943530520493276
2002-04-09,2.1857856835730325
2002-04-10,2.096422147357748
2002-04-11,2.2841982896228283
2002-04-12,2.7664596543104274
2002-04-13,2.6523826685786465
2002-04-14,2.449729981711788
2002-04-15,2.3322322944701366
2002-04-16,2.2379216386051675
2002-04-17,2.125569627224175
2002-04-18,2.0332492589016353
2002-04-19,1.9567314088956957
2002-04-20,1.8926027218317705
2002-04-21,1.838243018804836
2002-04-22,1.7916291113332017
2002-04-23,1.75119008425621
2002-04-24,1.797258185878756
2002-04-25,2.0114799464278073
2002-04-26,2.084085589064862
2002-04-27,1.981783693365542
2002-04-28,1.9381632583855903
2002-04-29,1.8942467920300503
2002-04-30,1.8219497132854967
2002-05-01,1.760998271898229
2002-05-02,1.7091713629058314
2002-05-03,2.2269565767789543
2002-05-04,2.3663170012135875
2002-05-05,2.151555233170937
2002-05-06,2.0167585223037863
2002-05-07,1.9076929283597348
2002-05-08,1.81855758019603
2002-05-09,1.7449551172926459
2002-05-10,1.683529965269593
2002-05-11,1.6317055417821507
2002-05-12,1.587491790420185
2002-05-13,1.549343148665099
2002-05-14,1.5160529823671498
2002-05-15,1.4866745929556835
2002-05-16,1.4881441109356877
2002-05-17,1.5098185583658703
2002-05-18,1.4862078898597801
2002-05-19,1.4562426334545984
2002-05-20,1.4386301450044192
2002-05-21,1.4398364603197944
2002-05-22,1.4544435234449058
2002-05-23,1.4436511681590345
2002-05-24,1.4578008779431784
2002-05-25,1.598727595011426
2002-05-26,1.7229134238807908
2002-05-27,1.6558984184389611
2002-05-28,2.548409245000327
2002-05-29,2.319326534572325
2002-05-30,2.061433474451899
2002-05-31,1.8988206839386779
2002-06-01,1.7688742136729634
2002-06-02,1.6640683880947993
2002-06-03,1.5787367671991417
2002-06-04,1.5085826515721008
2002-06-05,1.6941422555699317
2002-06-06,2.9021197831166403
2002-06-07,2.5152163800108354
2002-06-08,2.208661387169936
2002-06-09,2.2270299277719308
2002-06-10,2.11635311935341
2002-06-11,1.9146071288407258
2002-06-12,1.771441123560753
2002-06-13,1.6565474626712928
2002-06-14,1.5634908619365104
2002-06-15,1.4874066433782762
2002-06-16,1.4245923308829067
2002-06-17,1.372211956983162
2002-06-18,1.3280801960011297
2002-06-19,1.3495657246743467
2002-06-20,1.4254228171498446
2002-06-21,1.4117429293599735
2002-06-22,1.3490346938246658
2002-06-23,1.3025252664830067
2002-06-24,1.263136348718212
2002-06-25,1.2294224799747453
2002-06-26,1.2002541346325855
2002-06-27,1.2065125935211802
2002-06-28,1.2185758247752878
2002-06-29,1.1898968270704082
2002-06-30,1.1622340919846217
2002-07-01,1.137994268202417
2002-07-02,1.1165257250287517
2002-07-03,1.0973115716585455
2002-07-04,1.0799400973347957
2002-07-05,1.0640820726009006
2002-07-06,1.3835148293788482
2002-07-07,1.6391193123729189
2002-07-08,1.3627610760273405
2002-07-09,1.2679788165605606
2002-07-10,1.2132777938403934
2002-07-11,1.1676783328887705
2002-07-12,1.1292854310020994
2002-07-13,1.1427218437250415
2002-07-14,1.1572108997838495
2002-07-15,1.1174773651878545
2002-07-16,1.0862501024781932
2002-07-17,1.0611698159098768
2002-07-18,1.039551931383517
2002-07-19,1.017220183964532
2002-07-20,0.9962909069021978
2002-07-21,0.9777284973301752
2002-07-22,0.9610954620735891
2002-07-23,0.9460425184100423
2002-07-24,0.9322897368410596
2002-07-25,0.9196119461628304
2002-07-26,0.9078273843840629
2002-07-27,0.8967888341417719
2002-07-28,0.8875521614171715
2002-07-29,1.1864276409270291
2002-07-30,1.2789536902949714
2002-07-31,1.0342063069225993
2002-08-01,0.9763476137382588
2002-08-02,0.9478991443263723
2002-08-03,0.9993046079707062
2002-08-04,1.053032573092972
2002-08-05,0.9597804542169689
2002-08-06,1.1756218370093166
2002-08-07,1.0652777999416068
2002-08-08,1.0302120582315233
2002-08-09,1.1017129453463335
2002-08-10,0.9907601231595202
2002-08-11,0.9521311291701733
2002-08-12,0.9307301809951477
2002-08-13,0.928049601848253
2002-08-14,0.9082695436696647
2002-08-15,0.8810011925700122
2002-08-16,0.8575590174559204
2002-08-17,0.8656887671105137
2002-08-18,1.5348176190448315
2002-08-19,1.1458533702284628
2002-08-20,1.7749099286224768
2002-08-21,1.4125292077247786
2002-08-22,1.2155255099279898
2002-08-23,1.1251956990561915
2002-08-24,1.0521481883419825
2002-08-25,0.995031102287991
2002-08-26,0.9568332660649964
2002-08-27,0.9165996652516138
2002-08-28,0.8802531731330988
2002-08-29,0.849673637952273
2002-08-30,0.8237044753503134
2002-08-31,0.8014365036035671
2002-09-01,0.7821531695300327
2002-09-02,0.7751674858942285
2002-09-03,0.7684324909772009
2002-09-04,0.7522928058842139
2002-09-05,0.7379603543141132
2002-09-06,0.7251462920280568
2002-09-07,0.7135793048750702
2002-09-08,0.7159950014020838
2002-09-09,0.7221888389756455
2002-09-10,0.8092687144467804
2002-09-11,1.6700778164583276
2002-09-12,1.0788866664781034
2002-09-13,0.9469939604652405
2002-09-14,0.8914131222265821
2002-09-15,0.8457610090427198
2002-09-16,0.8079495889036853
2002-09-17,0.7771847541538781
2002-09-18,0.7507708676768442
2002-09-19,0.7310399736605676
2002-09-20,0.7216255335452968
2002-09-21,0.7064572308951457
2002-09-22,0.6892729414567857
2002-09-23,0.7683979169306587
2002-09-24,1.1413017431401133
2002-09-25,1.0861188791304792
2002-09-26,1.4074011186760467
2002-09-27,1.9282553470619364
2002-09-28,1.7826309795184816
2002-09-29,1.6469124205340544
2002-09-30,1.439484336539331
2002-10-01,1.2507422316768833
2002-10-02,1.1285175568708252
2002-10-03,1.0308694947527413
2002-10-04,0.9523686545445788
2002-10-05,0.8887816020185624
2002-10-06,0.8426225274892133
2002-10-07,0.8049925737434225
2002-10-08,0.8027364591865154
2002-10-09,0.9427869600912482
2002-10-10,0.9079580620832716
2002-10-11,1.0154668616876703
2002-10-12,1.452043518874854
2002-10-13,3.7379140761727445
2002-10-14,3.773863168166684
2002-10-15,3.052741725409961
2002-10-16,3.2183136332136066
2002-10-17,3.1933006106718484
2002-10-18,3.323462797398595
2002-10-19,3.6003179635008498
2002-10-20,3.6677950144588287
2002-10-21,3.6371895504036593
2002-10-22,3.6281639309638165
2002-10-23,3.750006730522131
2002-10-24,3.421820241704742
2002-10-25,2.8636108238883033
2002-10-26,2.4050765078365104
2002-10-27,2.1442265473286715
2002-10-28,1.9618241704360297
2002-10-29,1.766417715592843
2002-10-30,1.7720163918227911
2002-10-31,1.5833540305298388
2002-11-01,1.4151695701021838
2002-11-02,1.2883159114009914
2002-11-03,1.1868613226658553
2002-11-04,1.10507193496405
2002-11-05,1.894053168964066
2002-11-06,2.195239880625206
2002-11-07,2.822320485767641
2002-11-08,2.5740764575033985
2002-11-09,2.1702527905306686
2002-11-10,1.884430453705435
2002-11-11,1.6618564315667295
2002-11-12,1.487125568943683
2002-11-13,1.3488552238684468
2002-11-14,1.2385648606755926
2002-11-15,1.1498870637211607
2002-11-16,1.0780063155507993
2002-11-17,1.0192560175832022
2002-11-18,0.9708265771721143
2002-11-19,0.9305521965425162
2002-11-20,0.8967539317561596
2002-11-21,0.8681233238230665
2002-11-22,0.8436355165469611
2002-11-23,0.8224839657274506
2002-11-24,0.8040310708216877
2002-11-25,0.7877706275917572
2002-11-26,0.7732991127595725
2002-11-27,0.7602936074294506
2002-11-28,0.7484947394048828
2002-11-29,0.7376934405576699
2002-11-30,0.727720619290586
2002-12-01,0.7184390715106863
2002-12-02,0.7406881135934863
2002-12-03,0.7706698443878602
2002-12-04,0.7522463619234186
2002-12-05,0.7360158756126856
2002-12-06,0.721659717935886
2002-12-07,0.7088370245460475
2002-12-08,0.697274266352757
2002-12-09,0.686751164481171
2002-12-10,0.677089717709821
2002-12-11,0.6681456171742468
2002-12-12,0.6598015008821457
2002-12-13,0.6519616326253844
2002-12-14,1.5759552078612868
2002-12-15,1.7318533712829909
2002-12-16,1.691268568669921
2002-12-17,1.5053413767691846
2002-12-18,1.3281453106545806
2002-12-19,1.1947039586334014
2002-12-20,1.0884207410560447
2002-12-21,1.0031283717002346
2002-12-22,1.0369176020721904
2002-12-23,1.0102673042407366
2002-12-24,1.560021432741855
2002-12-25,1.4814304142832777
2002-12-26,1.335804941517923
2002-12-27,1.2210370462672704
2002-12-28,1.356467700587215
2002-12-29,2.358119505582309
2002-12-30,2.7010219344328514
2002-12-31,2.3512573780809185
2003-01-01,2.6177483760925266
2003-01-02,3.306361073352208
2003-01-03,3.3641102375153173
2003-01-04,3.637009261948192
2003-01-05,6.5103806338908585
2003-01-06,6.867862791436127
2003-01-07,9.818172653094987
2003-01-08,9.546830913052863
2003-01-09,7.331596741948773
2003-01-10,5.78971217040608
2003-01-11,4.653910189312991
2003-01-12,3.808012550044357
2003-01-13,3.4167873587375843
2003-01-14,4.070612128170433
2003-01-15,3.7435900849583645
2003-01-16,3.109225759285529
2003-01-17,4.232755855091349
2003-01-18,5.492550566932402
2003-01-19,5.291037255207313
2003-01-20,4.51707350142045
2003-01-21,4.361526147866958
2003-01-22,4.5598681620216475
2003-01-23,4.691531091883699
2003-01-24,4.684791044116447
2003-01-25,4.084443508877512
2003-01-26,4.264547583531622
2003-01-27,3.9314836284978187
2003-01-28,3.2897192781334588
2003-01-29,2.8189559249937215
2003-01-30,2.4573668225874967
2003-01-31,2.1771144024488653
2003-02-01,1.957977815677065
2003-02-02,1.785128756271229
2003-02-03,1.6475970962365238
2003-02-04,1.5372001763971996
2003-02-05,1.4477876302842343
2003-02-06,1.374703430403299
2003-02-07,1.3143990952015558
2003-02-08,1.585535711556706
2003-02-09,1.7448855638976652
2003-02-10,2.13678524185095
2003-02-11,2.1090381437859373
2003-02-12,1.8797677552614893
2003-02-13,1.7140447328322301
2003-02-14,1.5823689225123323
2003-02-15,1.6343567486771704
2003-02-16,2.8014710688087576
2003-02-17,4.505917259827429
2003-02-18,5.258268568076105
2003-02-19,5.016952454177572
2003-02-20,4.523610149702194
2003-02-21,6.246608008581656
2003-02-22,6.337538505837741
2003-02-23,6.500769975241519
2003-02-24,6.915083445479925
2003-02-25,9.389695391578675
2003-02-26,9.03973540286779
2003-02-27,7.096895741213452
2003-02-28,5.7325590758976235
2003-03-01,10.255009857168329
2003-03-02,11.068185776103235
2003-03-03,8.544396085795398
2003-03-04,6.816016527457769
2003-03-05,5.546597118053988
2003-03-06,6.747820018256661
2003-03-07,10.071301468287803
2003-03-08,9.598027141805652
2003-03-09,7.793667993454563
2003-03-10,6.506571557104092
2003-03-11,6.867842790938345
2003-03-12,6.780192931040937
2003-03-13,5.6633828620954345
2003-03-14,5.296965742377842
2003-03-15,5.36460635478545
2003-03-16,4.976015052516334
2003-03-17,4.491819278303606
2003-03-18,3.8768726930692297
2003-03-19,3.4625072682090785
2003-03-20,3.1401500953240746
2003-03-21,2.8171315985792105
2003-03-22,2.5643329197008318
2003-03-23,2.3648109910167183
2003-03-24,2.306105542702742
2003-03-25,3.055251082091271
2003-03-26,3.8104756677402
2003-03-27,3.5142620429705524
2003-03-28,3.3665750060726523
2003-03-29,4.800539572260182
2003-03-30,4.751981833124018
2003-03-31,4.00978817130984
2003-04-01,3.48239765988971
2003-04-02,3.0776613640328603
2003-04-03,2.764012585668428
2003-04-04,2.518605657436361
2003-04-05,2.3247444781509703
2003-04-06,2.1701162831690746
2003-04-07,2.045564131855896
2003-04-08,1.944224417185965
2003-04-09,1.8609146462869832
2003-04-10,1.7916947159647127
2003-04-11,1.733549704834753
2003-04-12,1.6841586011369591
2003-04-13,1.641724356419875
2003-04-14,1.6048480771858753
2003-04-15,1.572435239790824
2003-04-16,1.5436253156735935
2003-04-17,1.8155010521296966
2003-04-18,2.0346135409868347
2003-04-19,1.8811781158017036
2003-04-20,1.7879990897674445
2003-04-21,1.7113154960345955
2003-04-22,2.2185603015826865
2003-04-23,3.405473592954508
2003-04-24,3.8123471210573463
2003-04-25,3.441260317088489
2003-04-26,2.979974683454817
2003-04-27,2.647804331069024
2003-04-28,2.388902528635828
2003-04-29,2.18523239942361
2003-04-30,2.023520257030857
2003-05-01,1.8939139377252137
2003-05-02,1.8089159423635923
2003-05-03,1.762047009658131
2003-05-04,1.7284523189452952
2003-05-05,1.792854982757113
2003-05-06,1.814074497211079
2003-05-07,1.717773885035499
2003-05-08,1.6385297046187581
2003-05-09,1.5729265756355266
2003-05-10,1.5180483715367108
2003-05-11,1.4716486790549963
2003-05-12,1.4319871632778465
2003-05-13,1.3977083270951491
2003-05-14,1.3677510584640622
2003-05-15,1.3416859332661903
2003-05-16,1.318183309112439
2003-05-17,1.2967569064230382
2003-05-18,1.27723349332682
2003-05-19,1.2592766114396063
2003-05-20,1.2426156860497044
2003-05-21,1.2270326856903044
2003-05-22,1.212351305376252
2003-05-23,1.198428500963025
2003-05-24,1.1851478360283632
2003-05-25,1.2926803591693714
2003-05-26,1.3699714088205415
2003-05-27,1.631219610109806
2003-05-28,2.5115802178937288
2003-05-29,2.32824036035503
2003-05-30,2.487859734053144
2003-05-31,2.147484447601818
2003-06-01,2.9599187962232456
2003-06-02,3.0855502956137157
2003-06-03,2.638362040276648
2003-06-04,2.3048938610641483
2003-06-05,2.063647984858223
2003-06-06,1.8739792694570803
2003-06-07,1.723553785559168
2003-06-08,1.6031994027431722
2003-06-09,1.5060417022515988
2003-06-10,1.4268905653259756
2003-06-11,1.3853926986601852
2003-06-12,1.3554711533778299
2003-06-13,1.4482347880490145
2003-06-14,1.8322859499491198
2003-06-15,2.07677349251238
2003-06-16,1.794774341300889
2003-06-17,1.6255701846171204
2003-06-18,1.5174999193487355
2003-06-19,1.6013871188239601
2003-06-20,1.6522058577947376
2003-06-21,1.573688018536317
2003-06-22,1.638437351150339
2003-06-23,1.5368311418545229
2003-06-24,1.6571786805434865
2003-06-25,1.6109361479724147
2003-06-26,1.5326445179259212
2003-06-27,3.198686122259158
2003-06-28,3.791348292169514
2003-06-29,3.2172778966628557
2003-06-30,2.7145852811192808
2003-07-01,2.3643576945693083
2003-07-02,2.092748497673217
2003-07-03,1.8802740612205493
2003-07-04,1.7126289351554316
2003-07-05,1.5792178136222859
2003-07-06,1.492009769104287
2003-07-07,1.4163152600724764
2003-07-08,1.8037532959570493
2003-07-09,2.3550546405092407
2003-07-10,2.0606821474874573
2003-07-11,1.829082634768658
2003-07-12,1.7237737449820096
2003-07-13,1.6124190764727404
2003-07-14,1.4958372796471195
2003-07-15,1.4008794742825401
2003-07-16,1.32292249334009
2003-07-17,1.28775398436589
2003-07-18,1.2660985170377943
2003-07-19,1.213243810069795
2003-07-20,1.5107418125941983
2003-07-21,1.6011761599020407
2003-07-22,1.4179437030171806
2003-07-23,1.3300284586723856
2003-07-24,1.2582991196507793
2003-07-25,1.199308189884849
2003-07-26,1.150339621694464
2003-07-27,1.1092982121874342
2003-07-28,1.0745586497022175
2003-07-29,1.0448534753818228
2003-07-30,1.019189358918564
2003-07-31,0.9967841285206211
2003-08-01,0.984202864003854
2003-08-02,0.9842115810113832
2003-08-03,3.481018934766739
2003-08-04,3.3265336847322224
2003-08-05,3.26693399678251
2003-08-06,2.784838548524237
2003-08-07,2.358305659589147
2003-08-08,2.0610967520657533
2003-08-09,1.8696855037023414
2003-08-10,1.9971187976798428
2003-08-11,2.0199299175691485
2003-08-12,2.857776707265581
2003-08-13,3.7013966828438982
2003-08-14,3.3411291412246094
2003-08-15,2.7898412375272414
2003-08-16,2.40118211284398
2003-08-17,2.1008153997164976
2003-08-18,1.8668678101086922
2003-08-19,1.8060766571952394
2003-08-20,1.7677513678327452
2003-08-21,1.6048243761232763
2003-08-22,1.488186946381265
2003-08-23,1.4160249764691726
2003-08-24,1.445946035154222
2003-08-25,2.3765312026212713
2003-08-26,2.0973658963876782
2003-08-27,1.8247674419755493
2003-08-28,1.6469912107608626
2003-08-29,1.5060553004060306
2003-08-30,1.393390129186992
2003-08-31,1.308497501950164
2003-09-01,1.4648464273091761
2003-09-02,2.522818458438358
2003-09-03,2.291481798054515
2003-09-04,2.0340006044730603
2003-09-05,1.835308345231932
2003-09-06,1.7401894964519056
2003-09-07,1.6347850843943919
2003-09-08,2.1199447569366385
2003-09-09,2.0070138091071636
2003-09-10,1.753914979678911
2003-09-11,1.5879077931702017
2003-09-12,1.4560197468425848
2003-09-13,1.3503626839604965
2003-09-14,1.2742997623811965
2003-09-15,3.0941489857977635
2003-09-16,7.555580102588549
2003-09-17,8.25226234616846
2003-09-18,6.689614708520664
2003-09-19,5.323413447773356
2003-09-20,4.335911586435832
2003-09-21,3.5967001171979587
2003-09-22,3.0377653698947893
2003-09-23,2.6111011599950653
2003-09-24,2.282424918106429
2003-09-25,2.026989585062435
2003-09-26,1.826752830231756
2003-09-27,1.6684387453893341
2003-09-28,1.5421946235223105
2003-09-29,1.440649699533522
2003-09-30,1.358248690553972
2003-10-01,1.290775319791292
2003-10-02,1.2350085686630559
2003-10-03,1.1884725704912842
2003-10-04,1.298206853019761
2003-10-05,1.5104480118002304
2003-10-06,1.4397369812235112
2003-10-07,1.3408408667598728
2003-10-08,1.2697172676031208
2003-10-09,1.211607995156985
2003-10-10,1.9146003027444485
2003-10-11,3.5422148857317812
2003-10-12,3.244979878923712
2003-10-13,2.7032246480944555
2003-10-14,2.9284059172080052
2003-10-15,3.4581303854589045
2003-10-16,3.753620088139884
2003-10-17,3.96600368364574
2003-10-18,5.387773219314369
2003-10-19,5.219038472050353
2003-10-20,4.575344649111021
2003-10-21,4.014125631337516
2003-10-22,5.074423132089962
2003-10-23,5.484987548490884
2003-10-24,6.528552447421544
2003-10-25,5.955393209464922
2003-10-26,5.150113985114284
2003-10-27,4.918808542746967
2003-10-28,4.3357346443761395
2003-10-29,4.00039376710322
2003-10-30,3.4948849488452782
2003-10-31,4.206970909579966
2003-11-01,4.509670030548954
2003-11-02,4.275222741051606
2003-11-03,3.7199462120985323
2003-11-04,6.0427992329930005
2003-11-05,6.561591318046798
2003-11-06,6.617331249797854
2003-11-07,6.458764296266463
2003-11-08,6.871761641351406
2003-11-09,6.604369209397311
2003-11-10,6.635409558166347
2003-11-11,7.825219396094941
2003-11-12,9.219090169234368
2003-11-13,8.261054000488397
2003-11-14,9.589187536050233
2003-11-15,10.276430921470537
2003-11-16,8.607512632395089
2003-11-17,6.878966396894398
2003-11-18,5.627488575764541
2003-11-19,4.696771865171166
2003-11-20,3.997037277524111
2003-11-21,3.543103555049404
2003-11-22,3.2255995880322703
2003-11-23,2.8725115155479215
2003-11-24,3.165402614796248
2003-11-25,3.4523094836348824
2003-11-26,3.131494991811571
2003-11-27,2.790135165682694
2003-11-28,2.530969308238686
2003-11-29,2.3267796525397975
2003-11-30,2.1643601178509613
2003-12-01,2.033908307929908
2003-12-02,1.928089993220099
2003-12-03,1.8413766121040718
2003-12-04,2.0253484106890545
2003-12-05,2.4801925874414166
2003-12-06,8.569782303894868
2003-12-07,10.634415486611685
2003-12-08,9.016945140762715
2003-12-09,10.44008241384761
2003-12-10,10.188229740508444
2003-12-11,8.939847811300089
2003-12-12,8.108143360140739
2003-12-13,9.829419233525117
2003-12-14,9.779528409400616
2003-12-15,9.57800390642562
2003-12-16,8.482517687565517
2003-12-17,8.453590507133688
2003-12-18,10.088830648494294
2003-12-19,18.396757125791563
2003-12-20,20.726422960785424
2003-12-21,16.106177107726158
2003-12-22,12.58967302873876
2003-12-23,11.028529154423858
2003-12-24,10.730840932224359
2003-12-25,9.640143466224009
2003-12-26,7.984158704443078
2003-12-27,6.585523880750048
2003-12-28,5.553766081680309
2003-12-29,4.779426906231788
2003-12-30,4.19189934778455
2003-12-31,3.7413770691418176
2004-01-01,3.3923132752260083
2004-01-02,3.119063384117169
2004-01-03,2.9029414088390086
2004-01-04,2.7302054593385994
2004-01-05,2.760028378597948
2004-01-06,6.385553713186358
2004-01-07,8.112103523174499
2004-01-08,11.256103223434382
2004-01-09,11.21871790880686
2004-01-10,9.16456600234569
2004-01-11,7.633579636783526
2004-01-12,6.338885060742444
2004-01-13,5.942932875615728
2004-01-14,5.441395688190084
2004-01-15,4.691850683337401
2004-01-16,4.136354442036692
2004-01-17,3.709425256928156
2004-01-18,3.377870816166524
2004-01-19,3.117700550720268
2004-01-20,2.9114032198985846
2004-01-21,2.7460798164624833
2004-01-22,2.6121477915384266
2004-01-23,2.50243181588426
2004-01-24,2.538801729792319
2004-01-25,2.588715465750614
2004-01-26,2.4742921581055097
2004-01-27,2.380847287753189
2004-01-28,3.751804115984129
2004-01-29,6.631844985999407
2004-01-30,7.169354475301559
2004-01-31,8.639069091330661
2004-02-01,8.34389133616351
2004-02-02,6.807031159423418
2004-02-03,5.708358989896706
2004-02-04,4.88619972110945
2004-02-05,4.264125442280498
2004-02-06,3.788403185037023
2004-02-07,3.4207994493395186
2004-02-08,3.297836922071998
2004-02-09,3.170043131947288
2004-02-10,2.9973607049491036
2004-02-11,2.8279712050776755
2004-02-12,2.6603611315126323
2004-02-13,2.524895682263798
2004-02-14,2.4142081737850676
2004-02-15,2.322745791766464
2004-02-16,2.2462936568441525
2004-02-17,2.181631432729293
2004-02-18,2.2495436798530206
2004-02-19,2.8447526566433345
2004-02-20,3.6195254327643887
2004-02-21,3.5576725130891904
2004-02-22,5.4074275746196845
2004-02-23,6.0369261094601585
2004-02-24,5.384157239715733
2004-02-25,4.6597734229156655
2004-02-26,4.049102191495496
2004-02-27,3.8902570733592046
2004-02-28,3.6835795308712096
2004-02-29,3.2939939332759924
2004-03-01,3.0009513962497856
2004-03-02,4.338928861518739
2004-03-03,7.930606699741898
2004-03-04,10.273853342899391
2004-03-05,9.24410500800918
2004-03-06,7.479288763300698
2004-03-07,6.182640651689535
2004-03-08,5.218660122157542
2004-03-09,7.571106948521499
2004-03-10,7.363270864551225
2004-03-11,6.29923387670189
2004-03-12,5.305740407784996
2004-03-13,4.569012706472796
2004-03-14,4.065219377653011
2004-03-15,3.696289068635728
2004-03-16,3.339293559225215
2004-03-17,3.0580814041980044
2004-03-18,3.311951582218527
2004-03-19,3.536247096957087
2004-03-20,3.186294030058003
2004-03-21,2.931959237149791
2004-03-22,2.730498599382766
2004-03-23,2.569264010438692
2004-03-24,2.438855610813837
2004-03-25,2.3322322328744858
2004-03-26,2.244080494563226
2004-03-27,2.1703630358168957
2004-03-28,2.1079921222423317
2004-03-29,2.0545918378139443
2004-03-30,2.0083234500136906
2004-03-31,1.9677562101022736
2004-04-01,1.9317710959291226
2004-04-02,1.8994886219877294
2004-04-03,1.870214359475664
2004-04-04,1.8433975773620457
2004-04-05,1.818599667488968
2004-04-06,1.7954699102215326
2004-04-07,1.7907577534322197
2004-04-08,1.862894652678884
2004-04-09,1.9413827312350416
2004-04-10,1.9160960534465967
2004-04-11,1.8646339637186664
2004-04-12,1.8201449454313947
2004-04-13,1.781349917036126
2004-04-14,1.7471269083437493
2004-04-15,1.9485395787508215
2004-04-16,2.1569768569700707
2004-04-17,2.017280269308562
2004-04-18,1.9311150165605413
2004-04-19,1.859601569471813
2004-04-20,1.7995915136309886
2004-04-21,1.7486641014583855
2004-04-22,1.7049472829331513
2004-04-23,1.6669854152355512
2004-04-24,1.6336407850871593
2004-04-25,1.6040198120660838
2004-04-26,1.577417398132325
2004-04-27,1.6441717770684476
2004-04-28,1.7437432809435898
2004-04-29,1.762922046526251
2004-04-30,2.282553670110174
2004-05-01,2.7230948518902682
2004-05-02,2.8471642362433287
2004-05-03,2.750631403703069
2004-05-04,2.4920912676322877
2004-05-05,2.298016993469538
2004-05-06,2.1285889393466193
2004-05-07,2.0325778112131268
2004-05-08,1.9488838292170512
2004-05-09,1.8405857443173257
2004-05-10,1.7520351119448472
2004-05-11,1.692686576663174
2004-05-12,1.6349084291568579
2004-05-13,1.760903171169482
2004-05-14,1.8575759301565435
2004-05-15,1.79804623986237
2004-05-16,1.814104542035243
2004-05-17,1.7590307538289227
2004-05-18,1.711522432672826
2004-05-19,1.6851729019340336
2004-05-20,1.6143657415344477
2004-05-21,1.5525772032454925
2004-05-22,1.500761134140375
2004-05-23,1.4706673250748163
2004-05-24,1.4798621356267117
2004-05-25,1.5121286162088323
2004-05-26,1.87645968693141
2004-05-27,2.900207711306869
2004-05-28,2.6877570758635763
2004-05-29,2.396736095639041
2004-05-30,2.2754576777690443
2004-05-31,2.2509313859863345
2004-06-01,2.024018917073746
2004-06-02,1.8674462974717752
2004-06-03,1.7420290567553327
2004-06-04,1.6407519409280829
2004-06-05,1.558194473452166
2004-06-06,1.4902413936811223
2004-06-07,1.4337479141904905
2004-06-08,1.4227243324936918
2004-06-09,1.441599077932796
2004-06-10,1.4064859405913295
2004-06-11,1.359916503381708
2004-06-12,1.3202994067754068
2004-06-13,1.286312726706805
2004-06-14,1.2568377230888428
2004-06-15,1.2310056701763294
2004-06-16,1.2081071364291283
2004-06-17,1.187592375775177
2004-06-18,1.169030626013441
2004-06-19,1.1520722936305068
2004-06-20,1.1364369633310234
2004-06-21,1.1218988867453739
2004-06-22,1.1082756873712036
2004-06-23,1.0954195300605691
2004-06-24,1.0832101881882787
2004-06-25,1.071549578774693
2004-06-26,1.0603574381642995
2004-06-27,1.0495678876267496
2004-06-28,1.2195345930618944
2004-06-29,1.1669841215047039
2004-06-30,1.0902754008419626
2004-07-01,1.0799498339160152
2004-07-02,1.077329741447861
2004-07-03,1.1104200005765896
2004-07-04,1.072765566930705
2004-07-05,1.0485258963515676
2004-07-06,1.0291010458567575
2004-07-07,1.011711069734471
2004-07-08,0.9959838545353586
2004-07-09,0.9816219756832186
2004-07-10,0.9683867944482588
2004-07-11,0.9560861364043366
2004-07-12,0.9586146977123092
2004-07-13,0.9592233094038192
2004-07-14,0.9450939369436663
2004-07-15,0.9320512773607894
2004-07-16,1.130886534614756
2004-07-17,1.034651826763046
2004-07-18,0.958431071619286
2004-07-19,0.9507135998883508
2004-07-20,0.9422477141828772
2004-07-21,0.9243820223098557
2004-07-22,0.9079356837878962
2004-07-23,0.893551379245625
2004-07-24,0.8806945485175524
2004-07-25,0.8680998181642079
2004-07-26,0.8563139815330669
2004-07-27,0.8453794252820006
2004-07-28,0.8351545469335165
2004-07-29,0.825524457320186
2004-07-30,0.8163956393670131
2004-07-31,0.8091775549270577
2004-08-01,0.8018595071135914
2004-08-02,0.7935099014399317
2004-08-03,0.7854626095074032
2004-08-04,0.7776871711934445
2004-08-05,0.77019429080254
2004-08-06,0.7628921888143223
2004-08-07,0.7557582501434453
2004-08-08,0.7502115655129247
2004-08-09,0.7457690517673131
2004-08-10,0.7400879404933628
2004-08-11,0.7331886803019395
2004-08-12,0.7319173538845175
2004-08-13,0.8181526366414968
2004-08-14,0.9230219100834837
2004-08-15,0.7531152262418774
2004-08-16,0.7269885434225216
2004-08-17,0.8453200284530381
2004-08-18,0.7518696527074384
2004-08-19,0.7150209390139706
2004-08-20,0.7050004010003971
2004-08-21,0.6968097957175462
2004-08-22,0.6906867146804988
2004-08-23,0.6821747725697955
2004-08-24,0.6737597562518104
2004-08-25,0.6658719759787494
2004-08-26,0.6584273950330408
2004-08-27,0.6513573611552573
2004-08-28,0.6454232086323415
2004-08-29,0.6401472915629596
2004-08-30,0.6337719695788686
2004-08-31,0.6274798073523136
2004-09-01,0.8673791426099914
2004-09-02,0.7507258949356657
2004-09-03,0.6643839598327949
2004-09-04,0.6387580218763209
2004-09-05,0.6286792954549633
2004-09-06,0.6245847851847406
2004-09-07,0.7625296761321881
2004-09-08,0.7407637880475244
2004-09-09,0.6488553618516913
2004-09-10,0.6197327766659212
2004-09-11,0.6103877092445699
2004-09-12,0.6016520621241117
2004-09-13,0.5922262322050308
2004-09-14,0.583637106588866
2004-09-15,0.5757508814362795
2004-09-16,0.5684497858494866
2004-09-17,0.5616380343693786
2004-09-18,0.5552374842259351
2004-09-19,0.54918419759235
2004-09-20,0.5434257101026305
2004-09-21,0.5379188528051145
2004-09-22,0.533047082247705
2004-09-23,0.5281704223451941
2004-09-24,0.5231460493700452
2004-09-25,1.133578650200509
2004-09-26,0.8102779065540483
2004-09-27,0.6063195044521976
2004-09-28,0.572846315326
2004-09-29,0.8151332347364422
2004-09-30,1.8235675160852962
2004-10-01,0.9446242017101515
2004-10-02,0.9037736971341114
2004-10-03,1.0128051947470291
2004-10-04,1.4955255817676854
2004-10-05,1.1811513464953378
2004-10-06,0.9403631957588104
2004-10-07,0.9672195675436536
2004-10-08,0.8727693695455111
2004-10-09,0.7861146487042893
2004-10-10,0.8630101871771999
2004-10-11,2.9196968468700484
2004-10-12,1.9217943124013093
2004-10-13,1.5266863658093568
2004-10-14,1.3244909865351024
2004-10-15,1.1658555446420265
2004-10-16,1.0486526357295605
2004-10-17,1.0586600688596586
2004-10-18,1.6739260644493286
2004-10-19,1.3195847818697422
2004-10-20,1.1322097265842244
2004-10-21,1.0153010034561485
2004-10-22,0.9220446402571799
2004-10-23,0.9719234712013511
2004-10-24,1.1666057940596821
2004-10-25,0.9898252000083873
2004-10-26,1.0034112729338849
2004-10-27,0.9282591548561023
2004-10-28,1.3906627011584132
2004-10-29,1.168619472628584
2004-10-30,1.382698489906619
2004-10-31,1.3536470880700813
2004-11-01,2.401525293678662
2004-11-02,1.9743680082822888
2004-11-03,1.6485431059617668
2004-11-04,1.9483137225750349
2004-11-05,1.904270295359989
2004-11-06,2.6694909165072844
2004-11-07,2.989560476185824
2004-11-08,3.7819177026371764
2004-11-09,3.6266551244643814
2004-11-10,3.037041022195119
2004-11-11,2.506978463073337
2004-11-12,2.1094389998801506
2004-11-13,1.8639602593615185
2004-11-14,1.973245691084496
2004-11-15,1.7221655541591352
2004-11-16,1.4946660540572567
2004-11-17,1.3266173560807573
2004-11-18,1.1937624134112406
2004-11-19,1.0879374985089825
2004-11-20,1.0030066764519057
2004-11-21,0.9343249988558133
2004-11-22,0.878352552339003
2004-11-23,0.832374539645908
2004-11-24,0.8839918578965215
2004-11-25,0.9540055853852017
2004-11-26,0.8888311111573213
2004-11-27,0.8391278545978197
2004-11-28,0.798123249864239
2004-11-29,1.423108370573047
2004-11-30,1.3652931339834253
2004-12-01,1.1923828994024095
2004-12-02,1.0823829511173757
2004-12-03,0.9942649013823228
2004-12-04,0.9231444480258993
2004-12-05,0.8653039957523815
2004-12-06,1.1340152925027427
2004-12-07,1.1057389919495433
2004-12-08,0.9971752240985113
2004-12-09,1.197359714229217
2004-12-10,1.2938334602315298
2004-12-11,1.2748767136221149
2004-12-12,1.4536789570949569
2004-12-13,1.7618918549014622
2004-12-14,2.1481185714915525
2004-12-15,1.908425590784348
2004-12-16,2.2088255875997653
2004-12-17,3.621334836379354
2004-12-18,4.289002872849996
2004-12-19,9.160970069699239
2004-12-20,10.000633599413879
2004-12-21,8.154324448822335
2004-12-22,7.176501355206242
2004-12-23,5.928782761822979
2004-12-24,7.183022047214334
2004-12-25,7.771676847077189
2004-12-26,8.840694836168224
2004-12-27,8.369534034367735
2004-12-28,7.001219538028086
2004-12-29,5.676350636888319
2004-12-30,4.590912050082854
2004-12-31,3.786046396133733
2005-01-01,3.1857152502098067
2005-01-02,2.7351920323304646
2005-01-03,2.380775883636265
2005-01-04,2.1016850214622154
2005-01-05,1.8835765815528795
2005-01-06,1.7116616488600636
2005-01-07,1.5749965897194549
2005-01-08,1.4654167709624755
2005-01-09,1.3767842265918377
2005-01-10,1.3044515513412491
2005-01-11,1.3559430475710375
2005-01-12,1.4178117582779262
2005-01-13,1.3282054478678889
2005-01-14,1.261341624609143
2005-01-15,1.2061030358929337
2005-01-16,1.1600314976052628
2005-01-17,1.121226375087658
2005-01-18,1.0882100819884104
2005-01-19,1.0598279800608854
2005-01-20,1.0351733819931062
2005-01-21,1.013531005961878
2005-01-22,0.9943340864918655
2005-01-23,1.1467781028193462
2005-01-24,4.2285765559964394
2005-01-25,5.152479954775429
2005-01-26,4.433352178567508
2005-01-27,3.671471296578494
2005-01-28,3.0788391701600184
2005-01-29,2.7335734578080206
2005-01-30,2.464069836757481
2005-01-31,2.1605090470993
2005-02-01,1.920817110613493
2005-02-02,1.7326131768432929
2005-02-03,1.5835844792508595
2005-02-04,1.4645746025110515
2005-02-05,1.740456143106539
2005-02-06,2.8172001393520887
2005-02-07,4.359150207043066
2005-02-08,4.73655054202765
2005-02-09,4.06865366111131
2005-02-10,3.638508917952258
2005-02-11,3.1960212058194144
2005-02-12,2.723832080186804
2005-02-13,2.368846839956443
2005-02-14,2.0935258718206806
2005-02-15,2.0401855060277483
2005-02-16,2.1235769218853506
2005-02-17,1.9221144253174247
2005-02-18,2.5374600328825747
2005-02-19,3.3708738314866804
2005-02-20,4.981731519929837
2005-02-21,4.822098764730364
2005-02-22,4.100961840905982
2005-02-23,3.9873338889842125
2005-02-24,3.503078956784874
2005-02-25,2.9700855639579644
2005-02-26,2.5730654424237933
2005-02-27,2.2663349636888843
2005-02-28,2.027249812426017
2005-03-01,1.8392581384494697
2005-03-02,1.6901515198047026
2005-03-03,1.593831693530146
2005-03-04,1.5174018364449688
2005-03-05,1.4307615560346438
2005-03-06,1.3597642680394253
2005-03-07,1.4014136200749776
2005-03-08,1.7035073999665986
2005-03-09,2.674695733588344
2005-03-10,3.1891136796745467
2005-03-11,3.9720857657805233
2005-03-12,3.8453224759444744
2005-03-13,3.2748962579442495
2005-03-14,2.9045218662275754
2005-03-15,3.1061584059831397
2005-03-16,2.9349172562990726
2005-03-17,2.5308091898578815
2005-03-18,2.2338910253157844
2005-03-19,2.0022094945393163
2005-03-20,1.8198455388540733
2005-03-21,1.6750462647647242
2005-03-22,1.5590618821537892
2005-03-23,1.4653274518821613
2005-03-24,1.3888813626363818
2005-03-25,1.3259481239615127
2005-03-26,1.3414422382742623
2005-03-27,1.870648541141846
2005-03-28,2.6387367259927528
2005-03-29,2.464520811097635
2005-03-30,2.1533399514680966
2005-03-31,1.9304955998222295
2005-04-01,1.7987434296276683
2005-04-02,1.9603327744371075
2005-04-03,2.0271250207024933
2005-04-04,1.8306008689022384
2005-04-05,1.6745273005021646
2005-04-06,1.640839609383253
2005-04-07,2.6112532737413434
2005-04-08,3.3612526541620658
2005-04-09,3.1881384834824877
2005-04-10,2.7505604037462383
2005-04-11,2.730383572210276
2005-04-12,5.064946930825747
2005-04-13,6.277169041341613
2005-04-14,6.704333273364052
2005-04-15,6.141111299151583
2005-04-16,5.165902181768996
2005-04-17,6.056439944005568
2005-04-18,7.33198019343784
2005-04-19,6.74415202539257
2005-04-20,5.650374166218746
2005-04-21,4.78645339362978
2005-04-22,4.008332254782839
2005-04-23,3.403029501439137
2005-04-24,2.941506156645971
2005-04-25,2.58633845939288
2005-04-26,2.3104941829895957
2005-04-27,2.0943132718849355
2005-04-28,1.9233625083930648
2005-04-29,1.786953137060535
2005-04-30,1.6771049078159688
2005-05-01,2.9428981143352377
2005-05-02,3.270445953531368
2005-05-03,2.7838975391385077
2005-05-04,2.45948623093925
2005-05-05,2.2076350727237704
2005-05-06,2.0092388437302984
2005-05-07,2.477308180541463
2005-05-08,2.645533511200171
2005-05-09,2.319177022241278
2005-05-10,2.095599856124467
2005-05-11,1.9182647462181919
2005-05-12,1.7770464303457203
2005-05-13,1.756313814313545
2005-05-14,2.1106106924255714
2005-05-15,2.1182498664618197
2005-05-16,1.9048418373830251
2005-05-17,1.8038940471964307
2005-05-18,1.90494850564519
2005-05-19,1.9215705591563845
2005-05-20,1.78164152566068
2005-05-21,1.6829354818179911
2005-05-22,1.580673408868113
2005-05-23,1.625301473878242
2005-05-24,1.716611510004264
2005-05-25,1.7901227626222065
2005-05-26,1.7155072646459522
2005-05-27,1.6088222971720636
2005-05-28,1.5309671552739277
2005-05-29,1.451411093329438
2005-05-30,1.3858268132851366
2005-05-31,1.3313367946213848
2005-06-01,1.2856066255790253
2005-06-02,1.2468293587226837
2005-06-03,1.2135987639794814
2005-06-04,1.7105368894130137
2005-06-05,1.9404061125803278
2005-06-06,1.7053564286891936
2005-06-07,1.5798475784800379
2005-06-08,1.4785923651180424
2005-06-09,1.396357909559171
2005-06-10,1.3289518206047386
2005-06-11,1.2731724601818215
2005-06-12,1.6485992914936805
2005-06-13,3.1468796451147174
2005-06-14,2.708031938443599
2005-06-15,2.304447930074709
2005-06-16,2.045272107704504
2005-06-17,1.8422118814259651
2005-06-18,1.681748565330511
2005-06-19,1.5538547778970366
2005-06-20,1.4810819311121046
2005-06-21,1.422814070407365
2005-06-22,1.3441587851631915
2005-06-23,1.979775491227996
2005-06-24,2.0867501530633445
2005-06-25,5.065821936527655
2005-06-26,5.087726858332515
2005-06-27,4.092024248920388
2005-06-28,3.4869967741036856
2005-06-29,3.1092555803112085
2005-06-30,2.708764811990928
2005-07-01,2.364433234112904
2005-07-02,2.096976639081859
2005-07-03,1.8875823090941506
2005-07-04,1.7222277125046326
2005-07-05,1.5905211436207838
2005-07-06,1.484709842554673
2005-07-07,1.4053445566956568
2005-07-08,1.3536273524754254
2005-07-09,1.676851259780869
2005-07-10,5.071390338694617
2005-07-11,5.555569330214291
2005-07-12,5.4777754710752475
2005-07-13,6.1697850572113575
2005-07-14,5.644701071012751
2005-07-15,6.897286738548389
2005-07-16,7.842392502770259
2005-07-17,7.014780444700698
2005-07-18,5.78786625964378
2005-07-19,6.173478125983126
2005-07-20,8.690973043867134
2005-07-21,8.349469504144812
2005-07-22,7.756241564534388
2005-07-23,7.014000874517397
2005-07-24,5.828676868163423
2005-07-25,5.046878368647525
2005-07-26,4.787412208620435
2005-07-27,4.179079114034949
2005-07-28,3.622212952789608
2005-07-29,3.194472280544742
2005-07-30,2.90807872450765
2005-07-31,2.7566207726565484
2005-08-01,3.077703129066116
2005-08-02,4.381737935443607
2005-08-03,4.263425618241047
2005-08-04,3.591820662379076
2005-08-05,3.1149956102176364
2005-08-06,2.748182690766684
2005-08-07,2.4633832631636703
2005-08-08,2.2402007310022074
2005-08-09,2.0636813926917306
2005-08-10,1.9231249929134895
2005-08-11,1.8096750357969735
2005-08-12,1.7171773897416396
2005-08-13,1.6411638307713134
2005-08-14,1.5780545792192797
2005-08-15,1.5251046485539623
2005-08-16,1.4801966353677727
2005-08-17,1.4416880650289086
2005-08-18,1.4082981110950772
2005-08-19,1.3790229560531653
2005-08-20,1.353072141841099
2005-08-21,1.329820411251997
2005-08-22,1.308771058303665
2005-08-23,1.2895278833743895
2005-08-24,1.2717736204552856
2005-08-25,1.2552532602711997
2005-08-26,1.2397610970617456
2005-08-27,1.2251306221561828
2005-08-28,1.2112266047252553
2005-08-29,1.1979388608605674
2005-08-30,1.1851773317860148
2005-08-31,1.1728681815497068
2005-09-01,1.1609506919078691
2005-09-02,1.1493747830441403
2005-09-03,1.1380990274619922
2005-09-04,1.1331644181171696
2005-09-05,1.1398890024208415
2005-09-06,1.1525335265111476
2005-09-07,1.1579072045371095
2005-09-08,1.1415629768687896
2005-09-09,1.1250645760890146
2005-09-10,1.1090593595520066
2005-09-11,1.107097838695273
2005-09-12,1.105662495506451
2005-09-13,1.0880999162755254
2005-09-14,1.071934072209373
2005-09-15,1.0570519202228423
2005-09-16,1.0432333752069258
2005-09-17,1.030300789643128
2005-09-18,1.2248277812318946
2005-09-19,1.480627210935807
2005-09-20,1.2379530155320115
2005-09-21,1.1649463008448944
2005-09-22,1.1255142608011557
2005-09-23,1.0920343418874265
2005-09-24,1.0642149707427953
2005-09-25,1.0395352089074341
2005-09-26,1.0175219687895738
2005-09-27,0.9980410746437617
2005-09-28,0.9882887199533084
2005-09-29,2.413557567502606
2005-09-30,1.8719323125790082
2005-10-01,2.4163777168412888
2005-10-02,2.2512948938096025
2005-10-03,2.52347147099053
2005-10-04,2.5454093185838054
2005-10-05,2.509029133311864
2005-10-06,2.2572322087207835
2005-10-07,3.6860476708329273
2005-10-08,5.024904416619459
2005-10-09,5.724917835082187
2005-10-10,4.916997577252559
2005-10-11,3.9875678555508784
2005-10-12,3.327335552133348
2005-10-13,2.8262111817987137
2005-10-14,2.442302139551712
2005-10-15,2.1455540352113185
2005-10-16,1.9141800899679051
2005-10-17,1.732234162855286
2005-10-18,1.587940332700177
2005-10-19,1.4725297756983247
2005-10-20,1.3794220905070853
2005-10-21,1.3160533244204249
2005-10-22,1.2666038212527673
2005-10-23,1.3302642392737674
2005-10-24,2.197329865683359
2005-10-25,2.9884840725807202
2005-10-26,3.148828288772696
2005-10-27,3.6417456342914125
2005-10-28,4.140675540729427
2005-10-29,4.7973528905285905
2005-10-30,4.452241081045342
2005-10-31,4.266212451308675
2005-11-01,4.01843855509543
2005-11-02,3.4322793365191324
2005-11-03,4.174219885399258
2005-11-04,4.040416639693947
2005-11-05,3.4788288885174943
2005-11-06,2.9782491694004283
2005-11-07,3.259480993233236
2005-11-08,4.8441250088163015
2005-11-09,4.7916092420893985
2005-11-10,3.9802591444102773
2005-11-11,3.348107639063416
2005-11-12,2.872295721511183
2005-11-13,2.9882506615689572
2005-11-14,3.1452588194893116
2005-11-15,2.7999095460169845
2005-11-16,2.444302152324368
2005-11-17,2.1764615345124065
2005-11-18,1.9666006103864486
2005-11-19,1.8007190481452247
2005-11-20,1.668441693811442
2005-11-21,1.5620174962784212
2005-11-22,1.475611962997286
2005-11-23,1.4048021543032219
2005-11-24,1.3462129208220206
2005-11-25,1.297252620832867
2005-11-26,1.25591955810091
2005-11-27,1.2206591365488573
2005-11-28,1.190257686914891
2005-11-29,1.163763016614108
2005-11-30,1.140424576383508
2005-12-01,1.1196481273462349
2005-12-02,1.1009611972549624
2005-12-03,1.0845233758167898
2005-12-04,1.0695423912106385
2005-12-05,1.2659774880769532
2005-12-06,1.5460198729863446
2005-12-07,2.6369648558551186
2005-12-08,3.7409937987326116
2005-12-09,3.62631997250362
2005-12-10,6.096776766037639
2005-12-11,6.172738777201275
2005-12-12,6.109676379409741
2005-12-13,5.708251614045736
2005-12-14,5.2360635984685
2005-12-15,5.598610750562926
2005-12-16,7.415014000397821
2005-12-17,9.004190072283645
2005-12-18,9.612674289552027
2005-12-19,8.599133853385196
2005-12-20,6.953061360095511
2005-12-21,6.596513689050856
2005-12-22,6.1507768048651315
2005-12-23,5.161201593124203
2005-12-24,4.286550648309331
2005-12-25,3.6340262467038102
2005-12-26,3.1377112418593502
2005-12-27,2.75655199534588
2005-12-28,2.4610768661444227
2005-12-29,2.2299085744388356
2005-12-30,2.6533606526109987
2005-12-31,3.5146587993504066
2006-01-01,3.3149428562969074
2006-01-02,2.886666946510727
2006-01-03,4.149196177868752
2006-01-04,4.6166729611443
2006-01-05,4.7145189173443605
2006-01-06,4.514184618756098
2006-01-07,3.9612517993690965
2006-01-08,3.9239374568525123
2006-01-09,3.674140487348668
2006-01-10,3.218160482013234
2006-01-11,3.7298131695720618
2006-01-12,6.421244294444495
2006-01-13,8.366427157545283
2006-01-14,7.785919410475251
2006-01-15,6.316372506069183
2006-01-16,5.202699591743753
2006-01-17,5.7998932191574495
2006-01-18,5.486400339852572
2006-01-19,4.553602939357106
2006-01-20,3.8763295027275286
2006-01-21,3.361500328158407
2006-01-22,2.9662651748125715
2006-01-23,2.6599099323960234
2006-01-24,2.4201874303429567
2006-01-25,2.2308263758369757
2006-01-26,2.0798186445853077
2006-01-27,1.9582278609392212
2006-01-28,1.8593515433492611
2006-01-29,1.778125891107661
2006-01-30,2.322075745116266
2006-01-31,2.4323474573084156
2006-02-01,2.2269086836142145
2006-02-02,2.0642878167820986
2006-02-03,1.9342790397296288
2006-02-04,1.8292903105458995
2006-02-05,1.7436281328212317
2006-02-06,1.672991071235777
2006-02-07,1.6141068135557293
2006-02-08,1.564469737444929
2006-02-09,1.522149538733241
2006-02-10,1.485650566819565
2006-02-11,1.4538076565412315
2006-02-12,1.425708442577508
2006-02-13,1.400635037809744
2006-02-14,1.3780199733366458
2006-02-15,1.3574127143863455
2006-02-16,1.3384540699042387
2006-02-17,1.3208565301837742
2006-02-18,1.3043890824466429
2006-02-19,1.2888654278267493
2006-02-20,1.2741347957158113
2006-02-21,1.2600747515059296
2006-02-22,1.2465855415710627
2006-02-23,1.2335856291633756
2006-02-24,1.2210081569758846
2006-02-25,1.2087981337846472
2006-02-26,1.1969101891472649
2006-02-27,4.524259439838622
2006-02-28,11.427771103076415
2006-03-01,11.690127511160876
2006-03-02,11.641028949293762
2006-03-03,12.038314805302605
2006-03-04,10.107102275540187
2006-03-05,7.934094028286807
2006-03-06,6.71890974150778
2006-03-07,7.5007033574154605
2006-03-08,7.062577027212941
2006-03-09,5.788253983196636
2006-03-10,5.160501954685594
2006-03-11,4.651169809991765
2006-03-12,3.9376745119413976
2006-03-13,4.152985690276823
2006-03-14,4.4435985056843466
2006-03-15,3.927549072280073
2006-03-16,4.2179181096169
2006-03-17,4.131700789820781
2006-03-18,3.5376681123499076
2006-03-19,3.1061912511095318
2006-03-20,2.7727887745802176
2006-03-21,2.5126999474084415
2006-03-22,2.351647711881259
2006-03-23,2.216887551996773
2006-03-24,2.160620946497624
2006-03-25,2.2498092707087607
2006-03-26,3.457088399060145
2006-03-27,3.8688341321259703
2006-03-28,3.602615238823575
2006-03-29,4.704920275456366
2006-03-30,5.359450857424522
2006-03-31,4.802828787887756
2006-04-01,4.049382133656498
2006-04-02,3.4968785927330153
2006-04-03,3.43699335094721
2006-04-04,3.508628325270415
2006-04-05,3.132031795483574
2006-04-06,2.7920935077673614
2006-04-07,2.527083125021849
2006-04-08,3.140406822093159
2006-04-09,3.6448228658858244
2006-04-10,5.336349162522393
2006-04-11,5.57993618602065
2006-04-12,4.615038683887975
2006-04-13,4.0109487028739785
2006-04-14,3.7991112626627266
2006-04-15,4.703005962914122
2006-04-16,5.8128146759422625
2006-04-17,5.394968060974002
2006-04-18,4.499436186479155
2006-04-19,3.995682343250763
2006-04-20,3.741104788662709
2006-04-21,3.4498847185949146
2006-04-22,3.402342989842944
2006-04-23,3.394434826080456
2006-04-24,3.02611011739509
2006-04-25,2.7222081981418094
2006-04-26,2.483974804102106
2006-04-27,2.2955907548669594
2006-04-28,2.1451837401392453
2006-04-29,2.023915162435325
2006-04-30,1.9251535938356283
2006-05-01,1.8438873172907122
2006-05-02,1.7763028408777537
2006-05-03,1.9118955973538139
2006-05-04,2.0531672958005
2006-05-05,2.0461463325569436
2006-05-06,2.2147609845825467
2006-05-07,2.1725693522100173
2006-05-08,2.0559289768535
2006-05-09,1.92949686965601
2006-05-10,1.832639000587042
2006-05-11,1.842788278807336
2006-05-12,1.8457929563187205
2006-05-13,1.76069833259778
2006-05-14,1.689992627138074
2006-05-15,1.7411790950158084
2006-05-16,1.9956842720031196
2006-05-17,2.709432235251283
2006-05-18,2.4969374707162184
2006-05-19,4.423206094044287
2006-05-20,4.5434281910246765
2006-05-21,3.7750933220931575
2006-05-22,3.259429601864922
2006-05-23,3.40690906492735
2006-05-24,3.3884361945009833
2006-05-25,3.6825812862733893
2006-05-26,4.895905967949891
2006-05-27,4.479315813703431
2006-05-28,3.7633001373243555
2006-05-29,3.2565057055304956
2006-05-30,2.8673919168081787
2006-05-31,2.5657887223180675
2006-06-01,2.3298269633759907
2006-06-02,2.1435011625202898
2006-06-03,1.9949922130663882
2006-06-04,1.875630567628952
2006-06-05,1.7785965465364697
2006-06-06,1.6989029013124402
2006-06-07,1.6513566854506039
2006-06-08,1.6066537390231914
2006-06-09,2.2113190073302764
2006-06-10,2.2439570743273403
2006-06-11,2.0584493282953154
2006-06-12,1.9722366693135598
2006-06-13,2.9648893436006367
2006-06-14,3.3789643009281405
2006-06-15,2.9520433070372634
2006-06-16,2.585442463850056
2006-06-17,2.3262309569666835
2006-06-18,2.122497759485838
2006-06-19,1.9609029659443262
2006-06-20,1.8315465180087667
2006-06-21,1.727022448965898
2006-06-22,1.657729768378309
2006-06-23,1.590811596040533
2006-06-24,1.5287760831657202
2006-06-25,1.4779298564957433
2006-06-26,1.4342325248218424
2006-06-27,1.3962278504988521
2006-06-28,1.363341916847267
2006-06-29,1.3345696934235682
2006-06-30,1.3091197853880951
2006-07-01,1.2863662167183656
2006-07-02,1.2658117338147066
2006-07-03,1.2470597234177063
2006-07-04,1.2297926104405954
2006-07-05,1.2137551579472408
2006-07-06,1.8913266205503918
2006-07-07,1.6504192564006612
2006-07-08,1.5235273359659234
2006-07-09,1.475676218909041
2006-07-10,1.4093563820818211
2006-07-11,1.3541736954558452
2006-07-12,1.3079185294890714
2006-07-13,1.339586426375319
2006-07-14,1.5875343939807738
2006-07-15,1.486801581210184
2006-07-16,1.4233613802696918
2006-07-17,1.4364944273685312
2006-07-18,1.3361084835507304
2006-07-19,2.2259187599814316
2006-07-20,2.109150275702024
2006-07-21,2.6806279608020875
2006-07-22,2.4106419665842824
2006-07-23,2.2580077316880316
2006-07-24,1.9995434337652347
2006-07-25,1.811458806743137
2006-07-26,1.6634626280350322
2006-07-27,1.5451191575749181
2006-07-28,1.4496521675904355
2006-07-29,1.3719449107412072
2006-07-30,1.308107168674854
2006-07-31,1.2551621704591804
2006-08-01,1.2108182999397565
2006-08-02,1.1733013213027483
2006-08-03,1.141230167771341
2006-08-04,1.1135243404501647
2006-08-05,1.0986907616595252
2006-08-06,1.083418988039136
2006-08-07,1.0780326355445469
2006-08-08,1.0693015547811031
2006-08-09,1.0578317859748705
2006-08-10,1.0462914463553115
2006-08-11,1.0262255322165215
2006-08-12,1.0082519502137113
2006-08-13,1.006583860457915
2006-08-14,1.0041527872065652
2006-08-15,0.9863833771108573
2006-08-16,0.9703111453757495
2006-08-17,0.9556930769073659
2006-08-18,0.9422742858126822
2006-08-19,0.9298494237918216
2006-08-20,0.9182524800357367
2006-08-21,0.9226907420088589
2006-08-22,0.9272609325131951
2006-08-23,0.9129200215842349
2006-08-24,0.8997515394772645
2006-08-25,0.8876046804630696
2006-08-26,0.8763068290778709
2006-08-27,0.8657181881394975
2006-08-28,0.8557251682116593
2006-08-29,0.8462351824528244
2006-08-30,0.8388980651637298
2006-08-31,0.8386986420468378
2006-09-01,0.8399513205626642
2006-09-02,0.831669395002883
2006-09-03,0.8210300886227677
2006-09-04,0.8110577892406458
2006-09-05,0.8016596951522591
2006-09-06,0.7927458789401712
2006-09-07,0.7842428811736585
2006-09-08,0.7760905130057267
2006-09-09,0.7682393133002673
2006-09-10,0.7606485191790199
2006-09-11,0.7532844408685399
2006-09-12,0.7461191561064036
2006-09-13,0.7391294580299467
2006-09-14,0.7322960048227186
2006-09-15,0.7256026304765236
2006-09-16,0.7190357846199665
2006-09-17,0.7125840760530858
2006-09-18,0.706237899853582
2006-09-19,0.6999891320179898
2006-09-20,0.6938308788255737
2006-09-21,0.6877572706584499
2006-09-22,0.6817632920277755
2006-09-23,0.6758446411579033
2006-09-24,0.6699976137570934
2006-09-25,0.6642190066237568
2006-09-26,0.6596235403538524
2006-09-27,0.6556595452153067
2006-09-28,0.649827498054254
2006-09-29,0.6447085639130716
2006-09-30,0.6409554772814127
2006-10-01,0.6359823211367436
2006-10-02,0.6300380817413866
2006-10-03,0.6242283766154032
2006-10-04,0.9510910395733516
2006-10-05,1.6174423958625688
2006-10-06,1.3853421706957372
2006-10-07,0.9511415604738485
2006-10-08,1.4520349517412203
2006-10-09,1.3173141735810316
2006-10-10,1.3128623141202358
2006-10-11,1.0155149342558432
2006-10-12,0.9145410991257442
2006-10-13,0.873377498775195
2006-10-14,0.8464545625120646
2006-10-15,0.7958172519527977
2006-10-16,0.7567521876358242
2006-10-17,0.7242740918997316
2006-10-18,0.6970420888829899
2006-10-19,0.6740074792921714
2006-10-20,0.6543461105020555
2006-10-21,0.6374073317363438
2006-10-22,0.62267523781955
2006-10-23,0.6097390771083224
2006-10-24,0.5982705356601847
2006-10-25,0.5906451459782355
2006-10-26,1.065321099599833
2006-10-27,0.8302739315038496
2006-10-28,0.8097914196128019
2006-10-29,1.017568891176529
2006-10-30,1.049985302647806
2006-10-31,0.8504029276486845
2006-11-01,0.7777144565811988
2006-11-02,0.7332798440812566
2006-11-03,0.8492077857449667
2006-11-04,0.7746235550718663
2006-11-05,0.7149550064366766
2006-11-06,0.680551500125337
2006-11-07,0.6518703236578057
2006-11-08,0.6277612623305913
2006-11-09,0.6073214166460136
2006-11-10,0.5898387490432536
2006-11-11,0.5747492767560054
2006-11-12,0.5616044274029119
2006-11-13,0.5500460100796095
2006-11-14,0.5404675792965045
2006-11-15,0.5327803409900422
2006-11-16,0.5241467109910195
2006-11-17,0.796348208054524
2006-11-18,1.7835951071038656
2006-11-19,1.2052667080218027
2006-11-20,1.112795424319159
2006-11-21,0.9841663762702217
2006-11-22,0.8854616331630679
2006-11-23,0.8127490873808676
2006-11-24,0.7730881276707636
2006-11-25,0.8320504837929051
2006-11-26,0.8130916038195988
2006-11-27,1.0466949900360565
2006-11-28,0.8585011285218469
2006-11-29,2.357677448143683
2006-11-30,2.141713419307193
2006-12-01,1.7367743573835577
2006-12-02,1.671818463091478
2006-12-03,1.7512201495832092
2006-12-04,2.41042272314051
2006-12-05,2.4697536884755187
2006-12-06,3.8599037381505603
2006-12-07,4.026909336979968
2006-12-08,3.612437519730971
2006-12-09,2.9777912651064504
2006-12-10,2.459423634497257
2006-12-11,2.0684102962615385
2006-12-12,1.7673258079945757
2006-12-13,1.5348482555761105
2006-12-14,1.3548324756002217
2006-12-15,1.2098901201815757
2006-12-16,1.0948042640392173
2006-12-17,1.002749367666588
2006-12-18,1.0564243367744457
2006-12-19,1.6832703481359061
2006-12-20,1.498798727021504
2006-12-21,1.303758792554944
2006-12-22,1.1698204615734529
2006-12-23,1.0632123299180907
2006-12-24,0.9777237804632201
2006-12-25,0.9086548719761818
2006-12-26,0.8524248768533883
2006-12-27,0.8062884824159059
2006-12-28,0.7681283502214633
2006-12-29,0.7363023147100719
2006-12-30,0.7135496169376007
2006-12-31,0.7064656756110673
2007-01-01,0.692051478512924
2007-01-02,0.6710842000617298
2007-01-03,2.204534165324089
2007-01-04,4.580033776432825
2007-01-05,4.3204104798639165
2007-01-06,5.053100447527782
2007-01-07,6.8046483366403585
2007-01-08,6.845369706463177
2007-01-09,5.930552752667332
2007-01-10,8.585553737195502
2007-01-11,10.702584456445072
2007-01-12,9.70099709062065
2007-01-13,7.9194653751652835
2007-01-14,6.31858040147445
2007-01-15,5.044443997804694
2007-01-16,4.104191939938138
2007-01-17,3.3992613032097196
2007-01-18,2.8655277825302434
2007-01-19,2.4576287065385243
2007-01-20,2.1431027688934434
2007-01-21,1.8984734514109214
2007-01-22,1.706595065470644
2007-01-23,1.5548312885892586
2007-01-24,1.5490197381667523
2007-01-25,1.5621733371100461
2007-01-26,1.4388490016301612
2007-01-27,1.734060376905589
2007-01-28,1.731859889780578
2007-01-29,1.5589591118628034
2007-01-30,1.4342322901247504
2007-01-31,1.3340765827895877
2007-02-01,1.2529624697900217
2007-02-02,1.1866937185898732
2007-02-03,3.5736953061319348
2007-02-04,5.70315460749217
2007-02-05,5.22011021308368
2007-02-06,4.208202748006295
2007-02-07,3.4868951608307293
2007-02-08,2.9412096911064665
2007-02-09,2.5295543789762487
2007-02-10,2.638399605431127
2007-02-11,3.721461261162645
2007-02-12,3.6387257007179326
2007-02-13,3.0669636186444986
2007-02-14,2.8265679874314924
2007-02-15,3.1444136803006546
2007-02-16,3.6273568710988915
2007-02-17,3.5602214537609806
2007-02-18,4.156148543601667
2007-02-19,3.857247687142943
2007-02-20,3.2174821320109817
2007-02-21,2.7548223631885205
2007-02-22,2.399347132718134
2007-02-23,2.3365874693938156
2007-02-24,3.491856650764355
2007-02-25,3.7998299901337695
2007-02-26,3.491444840010022
2007-02-27,3.0871218796664572
2007-02-28,2.8625417216879936
2007-03-01,2.57587351753226
2007-03-02,2.560191971284382
2007-03-03,2.5747697880852485
2007-03-04,2.31545765793175
2007-03-05,2.060132662793566
2007-03-06,1.8650871079378184
2007-03-07,1.7106023818546419
2007-03-08,1.5871691014357203
2007-03-09,1.487668089262172
2007-03-10,1.4067298994146977
2007-03-11,1.3402765537421368
2007-03-12,1.2851906791678482
2007-03-13,1.2390745985988216
2007-03-14,1.200073520242104
2007-03-15,1.1667447970994116
2007-03-16,1.1379605689201606
2007-03-17,1.1128347790507602
2007-03-18,1.1356246094307048
2007-03-19,1.1572075405277416
2007-03-20,1.1277341023464322
2007-03-21,1.0994131660289224
2007-03-22,1.0747291621271835
2007-03-23,1.0529862457847141
2007-03-24,1.033632854720034
2007-03-25,1.0162299655537728
2007-03-26,1.0004267403162117
2007-03-27,0.9859417469886408
2007-03-28,0.9725484077750105
2007-03-29,0.9600636710542804
2007-03-30,0.9800816821245468
2007-03-31,0.9966609883254295
2007-04-01,0.9770537575112477
2007-04-02,0.9594230709651477
2007-04-03,0.9435371342694975
2007-04-04,0.929084825152291
2007-04-05,0.9158160786667295
2007-04-06,0.9035291933113974
2007-04-07,0.9021378735648815
2007-04-08,0.8994833291619594
2007-04-09,0.8866520440753152
2007-04-10,0.8747046395249004
2007-04-11,0.8635616738715796
2007-04-12,0.9009114887923751
2007-04-13,0.9399263254809153
2007-04-14,0.9153138544554683
2007-04-15,0.8937436734817975
2007-04-16,0.8748199161232412
2007-04-17,0.8580480031697818
2007-04-18,0.8430335939979026
2007-04-19,0.8294610523123259
2007-04-20,0.8170768030942738
2007-04-21,0.8056764087113049
2007-04-22,0.7950944876784626
2007-04-23,0.7851968168915903
2007-04-24,0.7758741189386656
2007-04-25,0.7670371557311401
2007-04-26,0.7735333235397106
2007-04-27,0.8000574207044752
2007-04-28,0.8714848648340405
2007-04-29,1.2234593388994146
2007-04-30,1.3613517868428933
2007-05-01,1.4017130158453346
2007-05-02,1.2387985283510512
2007-05-03,1.1263903199041039
2007-05-04,1.0488898180957764
2007-05-05,0.9858477294910023
2007-05-06,0.9341432605163907
2007-05-07,0.8913765983085429
2007-05-08,0.8556917121398796
2007-05-09,0.8256453353282204
2007-05-10,0.8001094097280341
2007-05-11,0.7781979629459365
2007-05-12,0.7592119541799116
2007-05-13,0.7425974252594566
2007-05-14,0.7279135677136576
2007-05-15,0.7148082255271583
2007-05-16,0.7029990063017086
2007-05-17,0.793638966233316
2007-05-18,0.9598431271525465
2007-05-19,0.9031364675370158
2007-05-20,0.8859561129290828
2007-05-21,0.8258579994691343
2007-05-22,0.7890798963245858
2007-05-23,0.7603226857452929
2007-05-24,0.7359385128420713
2007-05-25,0.7150675474503535
2007-05-26,0.6970314330478553
2007-05-27,0.6812926422817829
2007-05-28,0.6674234687376098
2007-05-29,0.6550822428138363
2007-05-30,0.6439949952308595
2007-05-31,0.6339412515372397
2007-06-01,0.6496621148777036
2007-06-02,0.6830265942584709
2007-06-03,0.7128676931441803
2007-06-04,0.7782959779728018
2007-06-05,0.690787372510191
2007-06-06,0.6692862651415831
2007-06-07,0.6507875660558523
2007-06-08,0.634766760237163
2007-06-09,0.6207574229921069
2007-06-10,0.608387749921365
2007-06-11,0.597360213366947
2007-06-12,0.5874358442450623
2007-06-13,0.5879211769759071
2007-06-14,0.5985444431691626
2007-06-15,0.5959238397718446
2007-06-16,0.6343297273575983
2007-06-17,0.6717423295620497
2007-06-18,1.0649852173139769
2007-06-19,0.7963535545570903
2007-06-20,0.7033120818968985
2007-06-21,0.7087448261687403
2007-06-22,0.7372014810898007
2007-06-23,0.6819030903417885
2007-06-24,0.6515132080968788
2007-06-25,0.6260521203855088
2007-06-26,0.6075582154165131
2007-06-27,0.5901624548148695
2007-06-28,0.5737374532765532
2007-06-29,0.5728525247113269
2007-06-30,0.5713612598071455
2007-07-01,0.5565474820223918
2007-07-02,0.5435872357275574
2007-07-03,0.5321954577460617
2007-07-04,0.5220874334937436
2007-07-05,0.7942315686099114
2007-07-06,1.3232965244518424
2007-07-07,1.522040228175146
2007-07-08,2.2494646360833497
2007-07-09,1.8874514438515926
2007-07-10,1.5461147234204073
2007-07-11,1.2924881643853887
2007-07-12,1.1370542827155157
2007-07-13,1.2916238175284402
2007-07-14,1.26440039095334
2007-07-15,1.0797161377596838
2007-07-16,0.9695553602528614
2007-07-17,0.8815550331441625
2007-07-18,0.8276567212820553
2007-07-19,0.7777586619251076
2007-07-20,0.72649119313918
2007-07-21,0.6845864260849686
2007-07-22,0.6498928879553075
2007-07-23,0.6209416621902536
2007-07-24,0.5966534640546963
2007-07-25,0.5761056445666681
2007-07-26,0.5585709130031605
2007-07-27,0.5434734457863065
2007-07-28,0.5304940902464095
2007-07-29,0.519037802325035
2007-07-30,0.5088267121550846
2007-07-31,0.4997065243399401
2007-08-01,0.49148627991872856
2007-08-02,0.48401139697393886
2007-08-03,0.47715634541792845
2007-08-04,1.3078384055428856
2007-08-05,1.4398578946593883
2007-08-06,1.0077629531271548
2007-08-07,0.8294321250022335
2007-08-08,0.7595935177472329
2007-08-09,0.7030564379082925
2007-08-10,0.7277208374007466
2007-08-11,0.86068103298201
2007-08-12,0.7370974742293042
2007-08-13,0.673823928132988
2007-08-14,0.6326126387298754
2007-08-15,0.6628179663217649
2007-08-16,0.7304530905162503
2007-08-17,0.6409253520107328
2007-08-18,0.6047637857712113
2007-08-19,0.5748225718323771
2007-08-20,0.5498455662732933
2007-08-21,0.5320971545094602
2007-08-22,0.5300913303221332
2007-08-23,0.521092714256424
2007-08-24,0.503862314125187
2007-08-25,0.4890714634033602
2007-08-26,0.47629691561823195
2007-08-27,0.46516411195954105
2007-08-28,0.45550969509994094
2007-08-29,0.4468689180470169
2007-08-30,0.4414056107549739
2007-08-31,0.43563862816987076
2007-09-01,0.4286843075743086
2007-09-02,0.4223334678959625
2007-09-03,0.4419474668749495
2007-09-04,0.5137495139284575
2007-09-05,0.47182755345044386
2007-09-06,0.4800261164949082
2007-09-07,0.4764509297024934
2007-09-08,0.45139923005228694
2007-09-09,0.4413967147446849
2007-09-10,0.43015194082072816
2007-09-11,0.4346222090406287
2007-09-12,0.4369297662921224
2007-09-13,0.42534550846786634
2007-09-14,0.41521121712490894
2007-09-15,0.4063138664185005
2007-09-16,0.3984317487832946
2007-09-17,0.3913860242410405
2007-09-18,0.3850319540540658
2007-09-19,0.37925202719821377
2007-09-20,0.3739505488183752
2007-09-21,0.3690493629918681
2007-09-22,0.3647492275561646
2007-09-23,0.3605434660362216
2007-09-24,0.3564569939205193
2007-09-25,0.35362910873156156
2007-09-26,0.9134198840114882
2007-09-27,1.2958040605452894
2007-09-28,1.0998255512277328
2007-09-29,0.7178393061040383
2007-09-30,0.6220063898689815
2007-10-01,0.5714066546966775
2007-10-02,0.5302379520192836
2007-10-03,0.4965188903734554
2007-10-04,0.4927479496857699
2007-10-05,0.49792638046078413
2007-10-06,0.47401415316322676
2007-10-07,0.44975711495820425
2007-10-08,0.4507472048647148
2007-10-09,0.4568280586999888
2007-10-10,0.43265977983682685
2007-10-11,0.41467248181474203
2007-10-12,0.3994697751165534
2007-10-13,0.3865192908978341
2007-10-14,0.37539741973128266
2007-10-15,0.3657657681035749
2007-10-16,0.3960053385695496
2007-10-17,0.5031847178589596
2007-10-18,0.42359935561525397
2007-10-19,0.3974976615914519
2007-10-20,0.3830416915586719
2007-10-21,0.37347997171965336
2007-10-22,0.3744134520753399
2007-10-23,0.369488080137715
2007-10-24,0.3586054753854497
2007-10-25,0.34917047375280214
2007-10-26,0.3409438594499568
2007-10-27,0.33370911583590995
2007-10-28,0.32729139654534023
2007-10-29,0.346336053761973
2007-10-30,1.084940739364569
2007-10-31,1.2358199550173292
2007-11-01,0.8143888904127944
2007-11-02,0.6717928775960477
2007-11-03,0.6040695596949314
2007-11-04,0.5501715354911211
2007-11-05,0.5064428426608548
2007-11-06,0.4707404242196223
2007-11-07,0.441403267745371
2007-11-08,0.8167815484343698
2007-11-09,1.8616997443313308
2007-11-10,1.7840157678756945
2007-11-11,1.3355490017594664
2007-11-12,1.297089867116789
2007-11-13,1.5147421663575191
2007-11-14,1.296719692192408
2007-11-15,1.4176172873868322
2007-11-16,1.1571338931947401
2007-11-17,0.985508908756107
2007-11-18,0.8641172861656884
2007-11-19,0.7677057115466218
2007-11-20,1.15626846946929
2007-11-21,1.6910210463915833
2007-11-22,1.8708461467799298
2007-11-23,2.012501279630473
2007-11-24,1.6550516747624051
2007-11-25,2.330566313653727
2007-11-26,4.783845548845653
2007-11-27,4.897775158940099
2007-11-28,4.474655039917497
2007-11-29,4.3749355796022105
2007-11-30,3.804553706713266
2007-12-01,3.3314183766125036
2007-12-02,3.3289001588762965
2007-12-03,3.1691153455621808
2007-12-04,2.657383569950536
2007-12-05,2.1995184208687864
2007-12-06,2.381974832067617
2007-12-07,2.116634917031497
2007-12-08,3.0220583064898094
2007-12-09,2.8525132892777854
2007-12-10,2.341750749942769
2007-12-11,2.2112529135343313
2007-12-12,1.9412910216990527
2007-12-13,1.6601157350450972
2007-12-14,1.4487999149224462
2007-12-15,1.282960623061318
2007-12-16,1.1518224873484153
2007-12-17,1.05382403662576
2007-12-18,1.0482842589540373
2007-12-19,3.0879231230336734
2007-12-20,4.03041334273206
2007-12-21,3.9387896614737836
2007-12-22,3.8664663548027636
2007-12-23,3.3068851139406625
2007-12-24,3.090370786826375
2007-12-25,5.079416946953546
2007-12-26,6.383810428425741
2007-12-27,6.132648385381252
2007-12-28,5.8308402425478505
2007-12-29,5.0807461914731
2007-12-30,4.591407915438063
2007-12-31,3.9469812860428113
2008-01-01,3.269854329572917
2008-01-02,2.7414755943355353
2008-01-03,3.1525335313775784
2008-01-04,3.108597089363579
2008-01-05,4.863149111353805
2008-01-06,5.285745729246234
2008-01-07,6.2606421930573495
2008-01-08,5.754538989009362
2008-01-09,8.707125854907158
2008-01-10,11.346307007063904
2008-01-11,9.90981518073315
2008-01-12,7.684452651483727
2008-01-13,6.102695163528371
2008-01-14,4.938020518723909
2008-01-15,4.070817114930809
2008-01-16,3.4183244030494255
2008-01-17,2.922511127298451
2008-01-18,2.5421862795865
2008-01-19,2.247782169570327
2008-01-20,2.017853627613753
2008-01-21,2.1426570548107393
2008-01-22,4.154102196408913
2008-01-23,4.3362334027376574
2008-01-24,3.6966356686138795
2008-01-25,3.156214860318794
2008-01-26,2.725297070748604
2008-01-27,2.393737041352201
2008-01-28,2.1362421712599287
2008-01-29,1.9344365606226608
2008-01-30,1.7748402216234034
2008-01-31,1.6474759933484269
2008-02-01,1.5448978387236785
2008-02-02,1.4615056433336056
2008-02-03,1.3930571247135142
2008-02-04,1.33631685093503
2008-02-05,1.2888016153941821
2008-02-06,1.2485941807486074
2008-02-07,1.2142059723117604
2008-02-08,1.1844751146730428
2008-02-09,1.1584901911915135
2008-02-10,1.1355328656162496
2008-02-11,1.115034433317235
2008-02-12,1.1478811640863393
2008-02-13,1.1867945063609457
2008-02-14,1.1533332930723859
2008-02-15,1.1244829939383372
2008-02-16,1.0993338273643236
2008-02-17,1.0771704061394878
2008-02-18,1.0574275656869545
2008-02-19,1.0396568352823792
2008-02-20,1.0235008406123394
2008-02-21,1.0086736542701522
2008-02-22,0.9949456336160202
2008-02-23,1.02082221697762
2008-02-24,1.5621205631063484
2008-02-25,3.233784244195134
2008-02-26,4.894079845915871
2008-02-27,4.330889497642286
2008-02-28,3.6008347638154645
2008-02-29,3.0255058650889644
2008-03-01,2.5913149666454505
2008-03-02,2.257308281437673
2008-03-03,1.9980776719803897
2008-03-04,1.7951296416595157
2008-03-05,1.6348768789647437
2008-03-06,1.7282052953331795
2008-03-07,1.8174588706478687
2008-03-08,1.8084141487717058
2008-03-09,3.3456934743628426
2008-03-10,3.507471553125835
2008-03-11,2.9472077056304005
2008-03-12,2.652633806735295
2008-03-13,2.419779440382585
2008-03-14,2.1285802851886904
2008-03-15,1.9006980897340984
2008-03-16,2.1476921151729798
2008-03-17,2.672453994362945
2008-03-18,2.42845671462024
2008-03-19,2.1305320540784662
2008-03-20,2.049757832518467
2008-03-21,2.0511016090414604
2008-03-22,1.8814981364911478
2008-03-23,1.7069180783642126
2008-03-24,1.568056871752759
2008-03-25,1.4567953053730571
2008-03-26,1.5687589319482165
2008-03-27,3.0151299795397883
2008-03-28,3.7082776010546286
2008-03-29,3.4038868826641795
2008-03-30,2.9472940492201314
2008-03-31,2.5710902831856335
2008-04-01,2.248546594039792
2008-04-02,2.0400867706095265
2008-04-03,1.882824939662604
2008-04-04,1.7910617385635852
2008-04-05,1.7709585821460923
2008-04-06,2.311217108198411
2008-04-07,2.435770363381555
2008-04-08,2.114892935562631
2008-04-09,1.8919256069560022
2008-04-10,1.7163300481626365
2008-04-11,1.5768535027817316
2008-04-12,1.7395290617972545
2008-04-13,1.9325101382257632
2008-04-14,1.8798794859647254
2008-04-15,1.894637679820475
2008-04-16,1.750587813495564
2008-04-17,1.60177700880073
2008-04-18,1.4826542398653115
2008-04-19,1.7080465612078088
2008-04-20,2.398482530030716
2008-04-21,2.605750576230761
2008-04-22,2.503596340385024
2008-04-23,2.4849877365435358
2008-04-24,2.748598034576212
2008-04-25,2.5843179710389017
2008-04-26,2.2342213389209253
2008-04-27,1.9828954296420498
2008-04-28,1.9158556640565696
2008-04-29,1.944140977043638
2008-04-30,1.784472201238794
2008-05-01,1.9791454867335447
2008-05-02,2.1357703716218954
2008-05-03,1.882292287215084
2008-05-04,1.8490969066995222
2008-05-05,3.705783881065098
2008-05-06,3.83943817010967
2008-05-07,3.2813107534107497
2008-05-08,3.217022871786929
2008-05-09,3.0700066757411353
2008-05-10,2.613868425553512
2008-05-11,2.284413040040075
2008-05-12,2.028220029098487
2008-05-13,1.8273772817060276
2008-05-14,1.6685699488060326
2008-05-15,1.54191720240856
2008-05-16,1.440027768501561
2008-05-17,1.3573312700039317
2008-05-18,1.2896002268920614
2008-05-19,1.2336052397620734
2008-05-20,1.186864126300927
2008-05-21,1.1474579490157328
2008-05-22,1.1515895155048836
2008-05-23,1.234746979517362
2008-05-24,1.2799407550271054
2008-05-25,1.5177437452342897
2008-05-26,1.4844128036575837
2008-05-27,1.4674191444715274
2008-05-28,1.7331942369244355
2008-05-29,2.643306907720594
2008-05-30,2.3745897062472037
2008-05-31,2.0803323236382543
2008-06-01,1.914194634032557
2008-06-02,1.783509097690551
2008-06-03,2.338281648090465
2008-06-04,2.6189119942330596
2008-06-05,2.2846310426293863
2008-06-06,1.993668161964439
2008-06-07,1.7863422539548202
2008-06-08,1.6911431161169481
2008-06-09,1.596469523240141
2008-06-10,1.4704429892967825
2008-06-11,1.3881403975821343
2008-06-12,1.4071051964031522
2008-06-13,2.0187728863458836
2008-06-14,2.8517610200287975
2008-06-15,3.4727197983774034
2008-06-16,4.955485068887405
2008-06-17,4.549008163551815
2008-06-18,3.6985579834758364
2008-06-19,3.106691396737187
2008-06-20,3.284517979993159
2008-06-21,5.410640439565937
2008-06-22,5.062752609407792
2008-06-23,4.084915609246153
2008-06-24,3.473575936518923
2008-06-25,5.198497314497692
2008-06-26,8.128614826760115
2008-06-27,7.704271655260359
2008-06-28,6.059756421671852
2008-06-29,5.415063555612259
2008-06-30,5.02982224998303
2008-07-01,4.13836656422006
2008-07-02,3.485392735054844
2008-07-03,2.988786505312637
2008-07-04,2.647277742129124
2008-07-05,2.488268419904944
2008-07-06,2.929570703085572
2008-07-07,3.0077952977450937
2008-07-08,3.533910196411234
2008-07-09,3.3140574988406333
2008-07-10,2.8300476995178983
2008-07-11,2.4881924160722297
2008-07-12,2.2229060652551946
2008-07-13,2.014639393955474
2008-07-14,1.849618674522028
2008-07-15,1.7178630784039592
2008-07-16,1.6117060316031422
2008-07-17,1.5253755062347707
2008-07-18,1.454542893988446
2008-07-19,1.4043838623482607
2008-07-20,1.356586740764934
2008-07-21,1.3131256419292343
2008-07-22,1.2760549975340585
2008-07-23,1.2448096341869863
2008-07-24,1.2286708718247599
2008-07-25,1.2978996082917642
2008-07-26,1.3472338229728757
2008-07-27,1.313385595256801
2008-07-28,1.2764737433107536
2008-07-29,1.2363986655013497
2008-07-30,1.2020836455224964
2008-07-31,1.19345285263442
2008-08-01,2.3154432596461443
2008-08-02,3.2235822123447004
2008-08-03,2.9394280045444887
2008-08-04,2.841051309201981
2008-08-05,2.5074912603399118
2008-08-06,2.5686011425261044
2008-08-07,2.529208350781104
2008-08-08,2.193740022145124
2008-08-09,1.965699051795627
2008-08-10,1.795363940409232
2008-08-11,1.6966129340029834
2008-08-12,1.5984014174009997
2008-08-13,1.4925517592317645
2008-08-14,1.4054023041526404
2008-08-15,1.334147559529307
2008-08-16,1.2753392579285956
2008-08-17,1.226331297571999
2008-08-18,1.1850811464233093
2008-08-19,1.1500033953244475
2008-08-20,1.1198609869671865
2008-08-21,1.093683877807045
2008-08-22,1.0707078226843183
2008-08-23,1.0503280233057264
2008-08-24,1.0320638289129542
2008-08-25,1.01553170662682
2008-08-26,1.0004244364501462
2008-08-27,0.9864950182392738
2008-08-28,0.9852673370207953
2008-08-29,0.981579178309663
2008-08-30,0.9671546976335588
2008-08-31,0.953778828488015
2008-09-01,0.9951558799521605
2008-09-02,3.295255606253616
2008-09-03,3.644008650330393
2008-09-04,2.9876586311360582
2008-09-05,2.50056382874006
2008-09-06,2.1722871435223934
2008-09-07,2.2519414004964626
2008-09-08,2.5313816171441714
2008-09-09,2.382867202208439
2008-09-10,2.071874067366589
2008-09-11,1.8301723295815921
2008-09-12,1.6507367261282335
2008-09-13,1.5084581961362966
2008-09-14,1.3947474456058846
2008-09-15,1.303096341781864
2008-09-16,1.2285852454867965
2008-09-17,1.2050304565325896
2008-09-18,1.1850838273362607
2008-09-19,1.9354040265750097
2008-09-20,1.9055745207375152
2008-09-21,1.6955426480792937
2008-09-22,1.5716035038805944
2008-09-23,1.4554264826609025
2008-09-24,1.4096780550936963
2008-09-25,1.4672264028126927
2008-09-26,1.4272376076399935
2008-09-27,1.321299374378319
2008-09-28,1.2450652214138018
2008-09-29,1.1744573354003072
2008-09-30,1.1164347340089995
2008-10-01,1.0683608397939326
2008-10-02,1.0281561628445623
2008-10-03,0.9942073097594714
2008-10-04,0.9704060187509298
2008-10-05,0.9632333415235773
2008-10-06,0.9729866614754908
2008-10-07,0.970980301920882
2008-10-08,0.9422418406935834
2008-10-09,0.9174330307578629
2008-10-10,0.8958749520144768
2008-10-11,0.8769490367989615
2008-10-12,0.8601639762325326
2008-10-13,0.8451279536620314
2008-10-14,0.8315272870560522
2008-10-15,0.8191099191298389
2008-10-16,0.8076725942809215
2008-10-17,0.7970508539933351
2008-10-18,0.7871111975570605
2008-10-19,0.7777449141751108
2008-10-20,0.7688632110261214
2008-10-21,0.7603933505199886
2008-10-22,0.7522755766847361
2008-10-23,0.7444606610506299
2008-10-24,0.7369079367069095
2008-10-25,0.7295837184445518
2008-10-26,0.7224600293125278
2008-10-27,0.7155135711711842
2008-10-28,0.7087248901661986
2008-10-29,0.7020776983995921
2008-10-30,0.6955583211398492
2008-10-31,0.6891552452196947
2008-11-01,0.6828587492185961
2008-11-02,0.6766605999231795
2008-11-03,0.6705538026363795
2008-11-04,0.6645323953449315
2008-11-05,0.6622390953402704
2008-11-06,0.6925276693631589
2008-11-07,0.7157835705837852
2008-11-08,0.699948961744299
2008-11-09,0.6858896526426626
2008-11-10,0.6733570688409163
2008-11-11,0.6620780163933445
2008-11-12,0.6518326005041392
2008-11-13,0.644957541276013
2008-11-14,0.6389530208773622
2008-11-15,0.6301093878769318
2008-11-16,0.6334756160334014
2008-11-17,0.7421527670574001
2008-11-18,0.707482269817203
2008-11-19,1.7921924465087737
2008-11-20,2.622695961263393
2008-11-21,3.630069318549046
2008-11-22,3.7020897171895872
2008-11-23,4.120835932673133
2008-11-24,4.136173846202364
2008-11-25,3.761714154201273
2008-11-26,3.122482729851375
2008-11-27,2.8210857141369217
2008-11-28,3.571059094903282
2008-11-29,3.180780284160768
2008-11-30,2.7197920389349584
2008-12-01,2.351924225325138
2008-12-02,3.77800724886519
2008-12-03,3.7597136686867234
2008-12-04,3.696773722977713
2008-12-05,3.2077373360653616
2008-12-06,2.8966056025416065
2008-12-07,2.6099849530325048
2008-12-08,2.216509042555604
2008-12-09,1.922267133650225
2008-12-10,3.761000559797036
2008-12-11,5.712658870291489
2008-12-12,5.417434374037065
2008-12-13,4.3166799023830835
2008-12-14,8.619701520221364
2008-12-15,10.41790336701692
2008-12-16,8.657563618559953
2008-12-17,7.075304215900084
2008-12-18,5.9093990660511295
2008-12-19,6.327204486970978
2008-12-20,7.84357553393746
2008-12-21,7.397801688967019
2008-12-22,6.559655831380179
2008-12-23,5.903908956131673
2008-12-24,4.94170690606
2008-12-25,4.074630217537719
2008-12-26,3.4290479819601902
2008-12-27,7.547035574038169
2008-12-28,9.466426007020173
2008-12-29,7.916326501235306
2008-12-30,6.297944099899805
2008-12-31,5.12462100622306
2009-01-01,4.250731843089306
2009-01-02,3.5929475753818063
2009-01-03,3.09284546991656
2009-01-04,3.7994837439006663
2009-01-05,3.752699613519379
2009-01-06,5.615353333144243
2009-01-07,5.741579941269559
2009-01-08,4.80644109406185
2009-01-09,4.099327639631654
2009-01-10,3.48905421822085
2009-01-11,4.849180047525654
2009-01-12,6.925101468026029
2009-01-13,6.528356093319121
2009-01-14,5.295151764000782
2009-01-15,4.410111181916181
2009-01-16,3.744023439114128
2009-01-17,3.237593882608896
2009-01-18,2.848772479242912
2009-01-19,2.5473993638610906
2009-01-20,2.311615936031458
2009-01-21,2.1254263948046983
2009-01-22,1.9770199798130543
2009-01-23,1.8576030838708977
2009-01-24,2.340509078896028
2009-01-25,2.626985420122169
2009-01-26,2.7592427056013236
2009-01-27,3.320233344931951
2009-01-28,4.2620626249775695
2009-01-29,5.001609538502008
2009-01-30,4.545015105862105
2009-01-31,3.8275672238695524
2009-02-01,3.776436621741786
2009-02-02,5.637839113971489
2009-02-03,6.54657590238219
2009-02-04,5.727768489808167
2009-02-05,6.169272265034791
2009-02-06,7.090505015001942
2009-02-07,7.894171705665891
2009-02-08,7.485339687891941
2009-02-09,6.228375908943715
2009-02-10,6.272708467008656
2009-02-11,5.735470777664141
2009-02-12,4.757674739292503
2009-02-13,4.045316561270492
2009-02-14,5.941521206315918
2009-02-15,13.634198847766662
2009-02-16,23.5349404654704
2009-02-17,31.60374851893762
2009-02-18,29.50685374267398
2009-02-19,19.744900940049817
2009-02-20,12.955591676177754
2009-02-21,10.072978297323546
2009-02-22,8.089831161117642
2009-02-23,6.638149330824938
2009-02-24,5.562551587100363
2009-02-25,4.756679420363612
2009-02-26,4.146303793529991
2009-02-27,3.6791321460495996
2009-02-28,4.9609315537981935
2009-03-01,6.3594427307950285
2009-03-02,5.817760306549196
2009-03-03,4.928110821839813
2009-03-04,4.403901542261038
2009-03-05,4.529863599533251
2009-03-06,4.297689707861968
2009-03-07,4.467642487625574
2009-03-08,5.105831458753057
2009-03-09,5.685568623256077
2009-03-10,5.727826465308282
2009-03-11,5.175223314757415
2009-03-12,4.4996117575771875
2009-03-13,4.121610607024687
2009-03-14,4.053525941903364
2009-03-15,6.938620775128913
2009-03-16,8.137849565953271
2009-03-17,9.041497939832412
2009-03-18,8.3884897854366
2009-03-19,7.0241129187019276
2009-03-20,6.1161774238175495
2009-03-21,5.242618685472503
2009-03-22,5.895682856049203
2009-03-23,7.072845120373523
2009-03-24,6.4511753004735
2009-03-25,5.426455335055494
2009-03-26,4.679928331402567
2009-03-27,5.046951261921985
2009-03-28,6.2933710829561305
2009-03-29,7.1442049262760525
2009-03-30,7.313041716813527
2009-03-31,6.4416794406527265
2009-04-01,5.495927137971367
2009-04-02,4.801884950975308
2009-04-03,4.214231084520055
2009-04-04,3.7632985502470238
2009-04-05,3.4930920954665408
2009-04-06,4.559158360846235
2009-04-07,4.853498321045974
2009-04-08,4.210531074256721
2009-04-09,5.272539896678444
2009-04-10,6.6307754441706095
2009-04-11,6.865285662491835
2009-04-12,6.261424072762868
2009-04-13,5.2945096150828785
2009-04-14,4.586919930230473
2009-04-15,4.048224851461048
2009-04-16,3.6337879301079443
2009-04-17,3.3116227340917024
2009-04-18,3.0585841844215618
2009-04-19,2.8577605140170554
2009-04-20,2.6966821890779262
2009-04-21,2.5660773254830733
2009-04-22,2.458997347456893
2009-04-23,2.3871286779727776
2009-04-24,2.409159278615524
2009-04-25,2.4975926679295677
2009-04-26,2.5780881752890172
2009-04-27,2.7129376042936464
2009-04-28,3.960710697605112
2009-04-29,3.9777131380479047
2009-04-30,3.5038934249872784
2009-05-01,3.1762724743428414
2009-05-02,2.9194784395962685
2009-05-03,2.716179700296147
2009-05-04,2.5535670564234936
2009-05-05,2.422123928970944
2009-05-06,2.314723863479581
2009-05-07,2.2642480503315325
2009-05-08,2.4762295594885337
2009-05-09,2.7704126656264534
2009-05-10,2.9771663838617246
2009-05-11,2.7919877006182023
2009-05-12,2.5781329512497466
2009-05-13,2.424090563685965
2009-05-14,2.299454607707159
2009-05-15,2.197532303490985
2009-05-16,2.1132668624875497
2009-05-17,2.0715778319421454
2009-05-18,2.033749995943488
2009-05-19,1.9737022001142248
2009-05-20,1.9222151320052714
2009-05-21,1.8865135703281979
2009-05-22,2.1015594821770427
2009-05-23,2.4091319740276504
2009-05-24,2.2974830457526254
2009-05-25,2.908152601619925
2009-05-26,3.022883842775704
2009-05-27,2.7146001038478755
2009-05-28,2.4978707703742957
2009-05-29,2.3253874061343818
2009-05-30,2.1870054713846825
2009-05-31,2.207785768644896
2009-06-01,2.4257165093428825
2009-06-02,2.6561964648594927
2009-06-03,2.5100156207845368
2009-06-04,2.7077109613895884
2009-06-05,2.5740563349949097
2009-06-06,2.3511923704576922
2009-06-07,2.1951633478196357
2009-06-08,2.0695388697151307
2009-06-09,1.9673699015229298
2009-06-10,1.8834120201109055
2009-06-11,1.813679874421615
2009-06-12,1.7551252403463113
2009-06-13,1.7054024252067839
2009-06-14,1.6626959698067916
2009-06-15,1.6255931624281195
2009-06-16,1.5929890476591597
2009-06-17,1.564015178241285
2009-06-18,1.537985840334546
2009-06-19,1.5143572259211047
2009-06-20,1.5026098542548694
2009-06-21,1.9644948849997095
2009-06-22,1.8510394864663224
2009-06-23,1.7201400643896572
2009-06-24,1.6545525735754911
2009-06-25,1.599571848185667
2009-06-26,1.5695572850687947
2009-06-27,1.5618174871262178
2009-06-28,1.5518692898401707
2009-06-29,1.5255201645312202
2009-06-30,1.9549715506769918
2009-07-01,2.5937945994466935
2009-07-02,2.464869268980848
2009-07-03,2.175500621378591
2009-07-04,1.9837352973285478
2009-07-05,1.8489726011873662
2009-07-06,1.7808983850625382
2009-07-07,1.7519629524465081
2009-07-08,1.6884636408349891
2009-07-09,1.6444398620475964
2009-07-10,1.627473638541722
2009-07-11,1.5924531535094353
2009-07-12,1.5576273382947894
2009-07-13,1.537486651214535
2009-07-14,1.491862316336153
2009-07-15,1.4397627235545036
2009-07-16,1.4013427216706675
2009-07-17,1.365454786733272
2009-07-18,1.3316108026903677
2009-07-19,1.30214399944994
2009-07-20,1.2762309363387756
2009-07-21,1.267711377582263
2009-07-22,1.2612227240827172
2009-07-23,1.2390856256407319
2009-07-24,1.2177713148037463
2009-07-25,1.7261931374047235
2009-07-26,1.6433920963214368
2009-07-27,1.4606889880659386
2009-07-28,1.3940147950006097
2009-07-29,1.3386513967226579
2009-07-30,1.2922827166172208
2009-07-31,1.2530419449665862
2009-08-01,1.2194787997369703
2009-08-02,1.19046071211112
2009-08-03,1.1650988594299403
2009-08-04,1.1426924439125272
2009-08-05,1.122686462623738
2009-08-06,1.1046395187982914
2009-08-07,1.0881991535004136
2009-08-08,1.0730828429533406
2009-08-09,1.0590632883540787
2009-08-10,1.0459569752748845
2009-08-11,1.03984340419704
2009-08-12,1.0328955168674587
2009-08-13,1.0201558664299268
2009-08-14,1.0081451559552372
2009-08-15,0.9967543619983242
2009-08-16,0.9905561838354613
2009-08-17,0.9835790508294814
2009-08-18,2.9428443629383625
2009-08-19,3.4736270593117884
2009-08-20,5.871586490455861
2009-08-21,4.885103881884457
2009-08-22,3.8887346960255336
2009-08-23,3.251015383074487
2009-08-24,2.7665425189903217
2009-08-25,2.3950776231128623
2009-08-26,2.1077202935441295
2009-08-27,1.883498694583331
2009-08-28,1.7070486927905104
2009-08-29,1.5799450318688553
2009-08-30,1.4748792799586985
2009-08-31,1.3805682730640552
2009-09-01,1.3038225507020529
2009-09-02,1.2408663662673292
2009-09-03,1.2284795922110647
2009-09-04,3.9814263995241563
2009-09-05,3.9655402138793026
2009-09-06,3.2357186053352254
2009-09-07,2.811948724437642
2009-09-08,2.505914325278088
2009-09-09,2.2301566587003454
2009-09-10,2.04493715773263
2009-09-11,1.8495466719164189
2009-09-12,1.679504200076214
2009-09-13,1.5442895867497153
2009-09-14,1.4359323040165777
2009-09-15,1.3483442974905355
2009-09-16,1.276916312660681
2009-09-17,1.2181352367453764
2009-09-18,1.1693065267344178
2009-09-19,1.1283512144542618
2009-09-20,1.0936563076813217
2009-09-21,1.0639637418788583
2009-09-22,1.038287383998816
2009-09-23,1.0158506008463697
2009-09-24,0.9960390091543069
2009-09-25,0.978364508211977
2009-09-26,0.962437750327652
2009-09-27,0.9941057524986038
2009-09-28,1.0285364970452495
2009-09-29,1.00101979003447
2009-09-30,0.9770686054725273
2009-10-01,0.9561226026628528
2009-10-02,0.9376139548707924
2009-10-03,0.9210911272782023
2009-10-04,0.9061936174515552
2009-10-05,0.8926324995702041
2009-10-06,0.8801753650667145
2009-10-07,0.8686346115439626
2009-10-08,0.8578582948092013
2009-10-09,0.84772295259071
2009-10-10,0.838127952065395
2009-10-11,1.2333651609826362
2009-10-12,1.3103810597689083
2009-10-13,1.1243031163185868
2009-10-14,1.0624894021006266
2009-10-15,1.21426152383444
2009-10-16,1.4078339790427659
2009-10-17,1.3650227877166927
2009-10-18,2.630813518102191
2009-10-19,2.588150986815507
2009-10-20,5.503465286523777
2009-10-21,5.78157439201897
2009-10-22,5.2693214814804765
2009-10-23,9.42059211258392
2009-10-24,9.191615434509236
2009-10-25,7.043812132823715
2009-10-26,5.599939471493648
2009-10-27,4.533679431890508
2009-10-28,3.737703229377288
2009-10-29,3.13743043285497
2009-10-30,2.6803810957363425
2009-10-31,2.3291835564892542
2009-11-01,2.0569312338165635
2009-11-02,1.9868387579531672
2009-11-03,2.238315918990996
2009-11-04,2.11419140842905
2009-11-05,1.8772854645206207
2009-11-06,1.7025377013285088
2009-11-07,2.0150060433205623
2009-11-08,2.0030710631937656
2009-11-09,1.7821189203862338
2009-11-10,1.674259062977498
2009-11-11,1.6374744421744964
2009-11-12,1.5101902366118143
2009-11-13,1.455161496441938
2009-11-14,1.4016023081496798
2009-11-15,1.3156089990921116
2009-11-16,1.248937902952854
2009-11-17,1.1938915444417024
2009-11-18,1.1480117340089382
2009-11-19,3.2581366974055226
2009-11-20,3.4173932960068716
2009-11-21,3.4863833481119664
2009-11-22,3.546280868026887
2009-11-23,3.080603809072974
2009-11-24,2.624909624448267
2009-11-25,2.8098553421074577
2009-11-26,4.548007967171086
2009-11-27,4.572422594287496
2009-11-28,4.651529256058586
2009-11-29,4.1366771035298235
2009-11-30,3.8736591645078504
2009-12-01,3.8756782774612826
2009-12-02,3.3837837673161446
2009-12-03,3.025425955350229
2009-12-04,2.6787226865585825
2009-12-05,2.339854241746116
2009-12-06,2.0812990717979223
2009-12-07,1.8786111475601326
2009-12-08,1.7183412261893078
2009-12-09,1.5906215436712003
2009-12-10,1.9873217100210245
2009-12-11,2.560525362420146
2009-12-12,2.943901344131769
2009-12-13,3.1937902021594824
2009-12-14,3.232154752372956
2009-12-15,2.8716121002209074
2009-12-16,2.486708923861694
2009-12-17,3.1729112985090175
2009-12-18,3.079453197696999
2009-12-19,2.6345268600756415
2009-12-20,2.313761091555554
2009-12-21,2.064165146084693
2009-12-22,1.8682429638121116
2009-12-23,1.7131117478054152
2009-12-24,1.5892042854226878
2009-12-25,2.2512434881106187
2009-12-26,2.2967997558522977
2009-12-27,2.0269701000045623
2009-12-28,2.5785104671302057
2009-12-29,5.2028363731171225
2009-12-30,5.630908500126207
2009-12-31,4.913447084746414
2010-01-01,4.161468888422752
2010-01-02,4.067249257469364
2010-01-03,3.684944062839147
2010-01-04,3.1301842859641753
2010-01-05,2.7096776029447214
2010-01-06,2.478774284896812
2010-01-07,5.208145390674097
2010-01-08,7.624972587647243
2010-01-09,9.18996586848815
2010-01-10,9.291957306520377
2010-01-11,10.192535565667763
2010-01-12,9.180669407863272
2010-01-13,8.018860382538103
2010-01-14,8.778490756527564
2010-01-15,7.926714313021101
2010-01-16,10.786414077481377
2010-01-17,12.234071155234396
2010-01-18,10.96134975506252
2010-01-19,8.985492668117038
2010-01-20,9.908723762296804
2010-01-21,10.613744555354849
2010-01-22,9.939078592131484
2010-01-23,8.339513634158989
2010-01-24,6.723250561635218
2010-01-25,5.545849522630331
2010-01-26,4.667929509990578
2010-01-27,4.006176233839562
2010-01-28,3.5021706569614595
2010-01-29,3.1144473412411826
2010-01-30,2.8132424466308135
2010-01-31,2.746438268236151
2010-02-01,2.7166034374720596
2010-02-02,2.49892512487304
2010-02-03,2.3256099144772393
2010-02-04,2.667815737176719
2010-02-05,2.7140893403785173
2010-02-06,2.672212846734007
2010-02-07,3.457150853299968
2010-02-08,4.115775607485117
2010-02-09,3.826484189616379
2010-02-10,3.7670710412005755
2010-02-11,3.511449474116587
2010-02-12,3.4999340197131983
2010-02-13,3.2960352912449973
2010-02-14,3.2390597929994835
2010-02-15,3.376926322859653
2010-02-16,4.674318713363893
2010-02-17,5.779251628952273
2010-02-18,6.116002040502427
2010-02-19,6.782599635736656
2010-02-20,7.227194692780429
2010-02-21,7.95024351942697
2010-02-22,7.204580083300879
2010-02-23,6.029398832311457
2010-02-24,5.144930871576783
2010-02-25,4.371940507705323
2010-02-26,3.791634364804127
2010-02-27,3.4600774723396657
2010-02-28,3.209715207489554
2010-03-01,3.4442390720109213
2010-03-02,4.226583556434722
2010-03-03,4.024006903114673
2010-03-04,3.50491036551506
2010-03-05,3.3187212837945688
2010-03-06,3.190282007360407
2010-03-07,2.879339955355354
2010-03-08,2.635271202076355
2010-03-09,2.4421776171329124
2010-03-10,2.4801076030753793
2010-03-11,2.518668280016674
2010-03-12,2.3456462733024015
2010-03-13,2.2062983840063493
2010-03-14,2.146173388482731
2010-03-15,2.3052534401882614
2010-03-16,2.3768669060004712
2010-03-17,3.133621758878481
2010-03-18,3.3091972063104618
2010-03-19,2.9225610837343123
2010-03-20,2.6501793439452235
2010-03-21,2.4358549467698927
2010-03-22,4.64701301350508
2010-03-23,5.293918020090766
2010-03-24,4.400085483145495
2010-03-25,4.025188730820637
2010-03-26,4.134064946222088
2010-03-27,5.159104391263997
2010-03-28,4.922187895315182
2010-03-29,4.221856087362537
2010-03-30,3.8133722576550233
2010-03-31,3.411498098791023
2010-04-01,3.0350344956166686
2010-04-02,2.74213224661054
2010-04-03,2.5122571201537336
2010-04-04,2.3300960460023035
2010-04-05,2.1843281953078666
2010-04-06,2.066514904620553
2010-04-07,1.9703173459624173
2010-04-08,1.8909396453141538
2010-04-09,1.8796813743348995
2010-04-10,2.0796753109812003
2010-04-11,2.372045045882035
2010-04-12,2.6130680311305396
2010-04-13,2.6103309509620707
2010-04-14,2.540691604125952
2010-04-15,2.5781413633226076
2010-04-16,2.4141790269600802
2010-04-17,2.231898384952683
2010-04-18,2.085939410634085
2010-04-19,1.968202039867073
2010-04-20,1.8722782862888963
2010-04-21,1.7933215652752874
2010-04-22,1.7276413660855034
2010-04-23,1.672409589785767
2010-04-24,1.625446032019774
2010-04-25,1.585060463544182
2010-04-26,1.549935525886218
2010-04-27,1.5190392943582303
2010-04-28,1.4915595671195925
2010-04-29,1.4668541774791046
2010-04-30,1.5380003793016714
2010-05-01,1.6121094460114964
2010-05-02,1.8132702913527508
2010-05-03,2.30901298628025
2010-05-04,3.094167018652333
2010-05-05,2.817074541626068
2010-05-06,2.510414093340532
2010-05-07,2.358499455014648
2010-05-08,2.246788048635946
2010-05-09,2.1482932443346905
2010-05-10,2.007200050726685
2010-05-11,1.870961916120658
2010-05-12,1.760969319112372
2010-05-13,1.6714224786970353
2010-05-14,1.7143808023793154
2010-05-15,1.7652825601988518
2010-05-16,1.6709577541066147
2010-05-17,1.5933421463218236
2010-05-18,1.5291206261108867
2010-05-19,1.5611680370912353
2010-05-20,2.3748235826588995
2010-05-21,2.339725203129286
2010-05-22,2.081941843048246
2010-05-23,1.91708934810646
2010-05-24,1.8732859640692607
2010-05-25,2.1870903076509043
2010-05-26,2.6127518014606537
2010-05-27,2.7224461990190956
2010-05-28,2.8399424120455037
2010-05-29,2.7983725263847483
2010-05-30,2.740623156372774
2010-05-31,3.4549855535150775
2010-06-01,3.3752521599546452
2010-06-02,2.9904228152681154
2010-06-03,2.607927364949336
2010-06-04,2.32454680610489
2010-06-05,2.1245340190696442
2010-06-06,2.2612351205218544
2010-06-07,2.5423300866414134
2010-06-08,2.270496949249463
2010-06-09,2.0587642428964927
2010-06-10,3.9720172089073658
2010-06-11,4.12889823825879
2010-06-12,3.4251559867180816
2010-06-13,3.2906577337863214
2010-06-14,3.2790222964837383
2010-06-15,2.817962936745363
2010-06-16,2.490088829679406
2010-06-17,2.4951936297757875
2010-06-18,2.515526509970416
2010-06-19,2.2361809440447424
2010-06-20,3.5573256122359473
2010-06-21,6.853220845102572
2010-06-22,7.814200723963082
2010-06-23,6.746869548302438
2010-06-24,5.599528459673787
2010-06-25,4.750339344217955
2010-06-26,5.935740097765109
2010-06-27,5.937771953104549
2010-06-28,7.316112803216053
2010-06-29,11.22652771124637
2010-06-30,10.922294537077157
2010-07-01,8.521976692385625
2010-07-02,6.88373774642438
2010-07-03,5.8458576233520185
2010-07-04,5.526202490974949
2010-07-05,4.964842570838015
2010-07-06,4.174969404233072
2010-07-07,3.597535151825667
2010-07-08,4.044795472010548
2010-07-09,4.712390040135181
2010-07-10,4.39863861081364
2010-07-11,4.386120371966762
2010-07-12,4.266425670810492
2010-07-13,3.7395751544225884
2010-07-14,3.2693784370737102
2010-07-15,2.907990017419145
2010-07-16,2.6268075710057643
2010-07-17,2.405940980609817
2010-07-18,2.2307927640972522
2010-07-19,2.090555697738438
2010-07-20,1.9771632856897643
2010-07-21,1.8863113782799041
2010-07-22,1.8104090489227183
2010-07-23,1.746230806481923
2010-07-24,1.6926695298088712
2010-07-25,1.7674459378709038
2010-07-26,1.8233853890693672
2010-07-27,1.749484297148645
2010-07-28,1.6874696687646555
2010-07-29,1.635180035791592
2010-07-30,1.5905984042260226
2010-07-31,1.5899945085295453
2010-08-01,1.601257566138175
2010-08-02,1.6236597305594802
2010-08-03,1.622243066985547
2010-08-04,1.5711131634444095
2010-08-05,1.5273975305180276
2010-08-06,1.4897701253312843
2010-08-07,1.8145550672153998
2010-08-08,1.8386357938454794
2010-08-09,1.6971584937206095
2010-08-10,1.6241198357776652
2010-08-11,2.0190758456050704
2010-08-12,1.994629125820728
2010-08-13,1.8125509237635173
2010-08-14,1.7089307634013833
2010-08-15,1.6244311921561208
2010-08-16,1.554839124306526
2010-08-17,1.4969376088865751
2010-08-18,1.4482550730126258
2010-08-19,1.4068815298119157
2010-08-20,1.371332849091335
2010-08-21,1.3404498075099067
2010-08-22,1.3133225010647502
2010-08-23,1.3428733549431595
2010-08-24,1.6392676782723312
2010-08-25,1.48973123859675
2010-08-26,1.407821823602007
2010-08-27,2.057596510678145
2010-08-28,2.2751068698562844
2010-08-29,2.001545387479056
2010-08-30,1.792930932854986
2010-08-31,1.6678141239193167
2010-09-01,1.594964297849349
2010-09-02,2.0201746360398993
2010-09-03,1.9886866692547676
2010-09-04,1.770322291958294
2010-09-05,1.8920524781297001
2010-09-06,1.8205410039882517
2010-09-07,1.660790480220811
2010-09-08,1.9977505770336486
2010-09-09,1.9315866181261532
2010-09-10,1.7389897590665546
2010-09-11,1.615641064261687
2010-09-12,1.5162005160666576
2010-09-13,1.435302384023875
2010-09-14,1.3688717689817211
2010-09-15,1.313793884130852
2010-09-16,1.2676732419080865
2010-09-17,1.2441619912232897
2010-09-18,1.2236059961494892
2010-09-19,2.693237252144188
2010-09-20,3.6122812889397604
2010-09-21,3.169822269340959
2010-09-22,2.723808710051108
2010-09-23,2.455578712698465
2010-09-24,2.2608218363649915
2010-09-25,1.9998549243139545
2010-09-26,1.8135060498364293
2010-09-27,1.6657423390931907
2010-09-28,1.5475585804845482
2010-09-29,1.4522008974966887
2010-09-30,1.3745680140887433
2010-10-01,1.310780459023247
2010-10-02,1.2578689467491866
2010-10-03,1.213547083613996
2010-10-04,1.2145448408639303
2010-10-05,1.2178496220913624
2010-10-06,1.1773648055553019
2010-10-07,1.142817404963698
2010-10-08,1.3134277582648142
2010-10-09,2.095872119509368
2010-10-10,1.8062616963961589
2010-10-11,1.6120805219507022
2010-10-12,1.5889199519309958
2010-10-13,1.5783625722558787
2010-10-14,1.450108419796748
2010-10-15,1.4419836568131794
2010-10-16,1.7084141584045207
2010-10-17,1.6864885824883773
2010-10-18,3.2409054768211827
2010-10-19,4.47066256736074
2010-10-20,4.528052068945862
2010-10-21,4.145389854409916
2010-10-22,3.773255319647983
2010-10-23,3.215893379755657
2010-10-24,2.8106167971400864
2010-10-25,2.517230509794278
2010-10-26,2.2006137833573107
2010-10-27,1.9622887828706623
2010-10-28,1.7750457180454877
2010-10-29,1.6266792428164771
2010-10-30,1.7041460277990144
2010-10-31,1.7870493910715084
2010-11-01,1.6166718587893547
2010-11-02,1.4984864344261577
2010-11-03,1.6612423634418658
2010-11-04,1.6839897442889897
2010-11-05,1.653324668545844
2010-11-06,1.7159448645414457
2010-11-07,1.5838251520200488
2010-11-08,1.736219930686038
2010-11-09,2.1394486713330747
2010-11-10,1.9703171712465253
2010-11-11,1.9311782722185524
2010-11-12,2.42587882604149
2010-11-13,2.236537306686525
2010-11-14,1.9637013582209804
2010-11-15,2.9629605210319347
2010-11-16,2.9207891923465774
2010-11-17,2.4789057059170054
2010-11-18,2.1729250779045497
2010-11-19,1.9346804530166744
2010-11-20,1.7475850180988683
2010-11-21,1.5994076266560626
2010-11-22,1.481052659469486
2010-11-23,1.3857028611805695
2010-11-24,1.3990407516229981
2010-11-25,1.6375672551912637
2010-11-26,1.9487871957873237
2010-11-27,1.8098506928123321
2010-11-28,1.6324044513592424
2010-11-29,1.503011127378033
2010-11-30,1.3991828698582305
2010-12-01,1.3151473205059236
2010-12-02,1.2465287915774803
2010-12-03,1.1899882524148409
2010-12-04,1.1429618097656953
2010-12-05,1.1303580386937195
2010-12-06,1.12879737361327
2010-12-07,1.3073279737462606
2010-12-08,1.3173930903198074
2010-12-09,1.3198990409150422
2010-12-10,1.265078867368599
2010-12-11,1.1923580581388535
2010-12-12,1.1375008541256397
2010-12-13,1.091897555715931
2010-12-14,1.0536251423203995
2010-12-15,1.021188352892706
2010-12-16,1.256308419013341
2010-12-17,2.070648951284634
2010-12-18,1.980211110811246
2010-12-19,1.7366534531724092
2010-12-20,1.5674957301718424
2010-12-21,1.432797539256317
2010-12-22,1.325068833558761
2010-12-23,1.2381970048705082
2010-12-24,1.1675486344238883
2010-12-25,1.1095929563270788
2010-12-26,1.0616224116749247
2010-12-27,1.0215483531694964
2010-12-28,0.9877505339449332
2010-12-29,1.2292745710548794
2010-12-30,1.267743698829769
2010-12-31,1.1728910333779239
