time,Qrouted
2071-01-01,0.1616412533224578
2071-01-02,0.15940775240400187
2071-01-03,0.1573662217075088
2071-01-04,0.15548575183452437
2071-01-05,0.15374087647151305
2071-01-06,0.15211056265734466
2071-01-07,0.15057739811011092
2071-01-08,0.14912693517092812
2071-01-09,0.14774715964114501
2071-01-10,0.14642805953677898
2071-01-11,0.1451612740266551
2071-01-12,0.14393980690984978
2071-01-13,0.1427577921892348
2071-01-14,0.14161030181290382
2071-01-15,0.1404931876379003
2071-01-16,0.13940295123879784
2071-01-17,0.13833663642791286
2071-01-18,0.13729174034419325
2071-01-19,0.13626613975829133
2071-01-20,0.13525802987411784
2071-01-21,0.1342658734151311
2071-01-22,0.1332883581924638
2071-01-23,0.13232436168190603
2071-01-24,0.13137292140366164
2071-01-25,0.13043321011522266
2071-01-26,0.12950451500362917
2071-01-27,0.12858622020669483
2071-01-28,0.14764127803297197
2071-01-29,0.1888785493312354
2071-01-30,0.21132414346058712
2071-01-31,0.21640000288464267
2071-02-01,0.22157915098446357
2071-02-02,0.21519284837061395
2071-02-03,0.1998019081451614
2071-02-04,0.1872966471693215
2071-02-05,0.18694384667910088
2071-02-06,0.18816406533098193
2071-02-07,0.17744371024415537
2071-02-08,0.17017942043690512
2071-02-09,0.20535431614429525
2071-02-10,0.22200470048810894
2071-02-11,0.2049503328382962
2071-02-12,0.196346815492612
2071-02-13,0.19009685223353268
2071-02-14,0.1827417132096011
2071-02-15,0.17794659677890168
2071-02-16,0.17360897346679785
2071-02-17,0.17102336785606587
2071-02-18,0.2236674143673866
2071-02-19,0.2547145482907004
2071-02-20,0.23140328240247163
2071-02-21,0.21292001513283373
2071-02-22,0.19779513410209995
2071-02-23,0.18534644142620293
2071-02-24,0.23547220605476563
2071-02-25,0.2891376754808483
2071-02-26,0.2640023021571019
2071-02-27,0.23970359565654975
2071-02-28,0.21993730213534965
2071-03-01,0.2037902747812993
2071-03-02,0.1905230005469408
2071-03-03,0.17955734110206514
2071-03-04,0.17043904425854264
2071-03-05,0.16280950421711662
2071-03-06,0.15638435451090635
2071-03-07,0.1509371437073241
2071-03-08,0.14628681688291925
2071-03-09,0.14228806437742983
2071-03-10,0.13882384345016205
2071-03-11,0.1357995557959338
2071-03-12,0.1331384935869723
2071-03-13,0.14136263704723437
2071-03-14,0.1535044576476353
2071-03-15,0.1487145092433286
2071-03-16,0.14371626304365984
2071-03-17,0.15100473182368956
2071-03-18,0.1574381449166065
2071-03-19,0.15692861524809856
2071-03-20,0.1587698605747826
2071-03-21,0.15784729925990246
2071-03-22,0.227499753118348
2071-03-23,0.3081659137874917
2071-03-24,0.3841603733578296
2071-03-25,0.500625714152509
2071-03-26,0.5068643789035963
2071-03-27,0.433374868141881
2071-03-28,0.37572484382387145
2071-03-29,0.3299361740162941
2071-03-30,0.2933467365681635
2071-03-31,0.26393466356175815
2071-04-01,0.2401539005668476
2071-04-02,0.2208147063827742
2071-04-03,0.20499607544156137
2071-04-04,0.2656525578824335
2071-04-05,0.39232407379275136
2071-04-06,0.42046870867088604
2071-04-07,0.38355377753565184
2071-04-08,0.33735615018019355
2071-04-09,0.32470898220301414
2071-04-10,0.31857461652268004
2071-04-11,0.2875516166559601
2071-04-12,0.28661994285283593
2071-04-13,0.28886719430134916
2071-04-14,0.26721281903386446
2071-04-15,0.429373164137413
2071-04-16,0.5721405839327761
2071-04-17,0.5406720105611506
2071-04-18,0.6397769784565098
2071-04-19,0.7705479639371594
2071-04-20,0.8629534031483305
2071-04-21,1.0054593520480068
2071-04-22,1.0497635307538118
2071-04-23,0.8980514928882898
2071-04-24,0.751084505603134
2071-04-25,0.6351028395069811
2071-04-26,0.5445932720212918
2071-04-27,0.473822803920332
2071-04-28,0.41765640812236476
2071-04-29,0.3727305848720706
2071-04-30,0.6275537602770503
2071-05-01,0.863163915913275
2071-05-02,0.8311913612745677
2071-05-03,0.9609832287735239
2071-05-04,1.1660992569182211
2071-05-05,1.1818519649706556
2071-05-06,0.9770620196117018
2071-05-07,0.8180619511865775
2071-05-08,0.6950221878855335
2071-05-09,0.5990796443675727
2071-05-10,0.5237198509358453
2071-05-11,0.46411090069625077
2071-05-12,0.41663860255465374
2071-05-13,0.3785784012927837
2071-05-14,0.34786140502554846
2071-05-15,0.322905904538507
2071-05-16,0.3024949535681934
2071-05-17,0.28568666460155734
2071-05-18,0.2717479563628011
2071-05-19,0.260105258073344
2071-05-20,0.25030757413701393
2071-05-21,0.24199862780347972
2071-05-22,0.23489572165434225
2071-05-23,0.22877360119677637
2071-05-24,0.22345206909015944
2071-05-25,0.2187864282253247
2071-05-26,0.21466007075870788
2071-05-27,0.21097870399679672
2071-05-28,0.20990877012307388
2071-05-29,0.21666478002940617
2071-05-30,0.22081776182154336
2071-05-31,0.21580686867527854
2071-06-01,0.21105950479610103
2071-06-02,0.20687802788732876
2071-06-03,0.20316309453295608
2071-06-04,0.19983414158846188
2071-06-05,0.19682563315257176
2071-06-06,0.1940840993039873
2071-06-07,0.19156579049677724
2071-06-08,0.18923481272823647
2071-06-09,0.18706163968237766
2071-06-10,0.18502192161905406
2071-06-11,0.21981204670504914
2071-06-12,0.24918253036368176
2071-06-13,0.23977689508052571
2071-06-14,0.2283286990448641
2071-06-15,0.22006969889011116
2071-06-16,0.21457742059116244
2071-06-17,0.20810674559610934
2071-06-18,0.201877663516409
2071-06-19,0.19650763534147722
2071-06-20,0.19369554590784435
2071-06-21,0.19092256092744428
2071-06-22,0.20629929977961955
2071-06-23,0.22448307270306844
2071-06-24,0.215031637172879
2071-06-25,0.20673660838564809
2071-06-26,0.20582849545110501
2071-06-27,0.2075865354634396
2071-06-28,0.20070799608933634
2071-06-29,0.19428868345886152
2071-06-30,0.1887569619741248
2071-07-01,0.18397297690120798
2071-07-02,0.17980212650909708
2071-07-03,0.17657611621839484
2071-07-04,0.173467226502193
2071-07-05,0.17047788389089305
2071-07-06,0.16798948676042005
2071-07-07,0.42030171555306944
2071-07-08,0.636049923466011
2071-07-09,0.5870872228498807
2071-07-10,0.5393573392652606
2071-07-11,0.48270260025768
2071-07-12,0.42427731287552145
2071-07-13,0.3765754825944829
2071-07-14,0.33911494862873565
2071-07-15,0.3084769944119898
2071-07-16,0.2833442553855185
2071-07-17,0.26285615729880346
2071-07-18,0.24604948360661638
2071-07-19,0.2321744762983582
2071-07-20,0.2206444749250653
2071-07-21,0.21099817188462122
2071-07-22,0.21082611484867342
2071-07-23,0.611237850281325
2071-07-24,0.9560487129377034
2071-07-25,0.7927780163152635
2071-07-26,0.6687062649481739
2071-07-27,0.5720289447623458
2071-07-28,0.5056471328370903
2071-07-29,0.475267649430766
2071-07-30,0.4539805858536758
2071-07-31,0.414195028051396
2071-08-01,0.38212700848229825
2071-08-02,0.3557246932469067
2071-08-03,0.3243787839645444
2071-08-04,0.2988834612807953
2071-08-05,0.2780877895483992
2071-08-06,0.26101530916146604
2071-08-07,0.246906475008982
2071-08-08,0.2351673418854079
2071-08-09,0.22570467917062123
2071-08-10,0.21752003031432507
2071-08-11,0.2103810247233883
2071-08-12,0.20426610024785255
2071-08-13,0.19898619370918133
2071-08-14,0.1943895929849364
2071-08-15,0.19035411828720625
2071-08-16,0.19723741874473688
2071-08-17,0.2612386866321904
2071-08-18,0.2668240514864368
2071-08-19,0.24882834819294272
2071-08-20,0.23509396187448314
2071-08-21,0.22367337537815668
2071-08-22,0.22556508931691455
2071-08-23,0.23118211305972905
2071-08-24,0.22080943947477247
2071-08-25,0.21143755563846114
2071-08-26,0.20352958747241087
2071-08-27,0.19680806515471916
2071-08-28,0.1910511157825517
2071-08-29,0.18608121162083535
2071-08-30,0.18175577351420236
2071-08-31,0.17795988203725174
2071-09-01,0.17460059687895954
2071-09-02,0.1718526323513541
2071-09-03,0.17247311526915596
2071-09-04,0.17460606379281898
2071-09-05,0.18949071406144827
2071-09-06,0.20293257977277998
2071-09-07,0.19539653722708772
2071-09-08,0.18783540959937728
2071-09-09,0.1818800272175104
2071-09-10,0.17676312240800415
2071-09-11,0.17233211959313352
2071-09-12,0.16846412095714922
2071-09-13,0.16577309013683406
2071-09-14,0.23647971271233556
2071-09-15,0.25636005164551895
2071-09-16,0.23589146703168326
2071-09-17,0.22086525703500426
2071-09-18,0.22756588141302028
2071-09-19,0.3240123504487509
2071-09-20,0.35707338491677265
2071-09-21,0.3505945735330651
2071-09-22,0.32635459407758655
2071-09-23,0.2944340651023328
2071-09-24,0.2703352289351802
2071-09-25,0.2502953928264172
2071-09-26,0.29424662514882055
2071-09-27,0.32738006400452596
2071-09-28,0.2970027548015847
2071-09-29,0.27479687845559025
2071-09-30,0.2679930194185572
2071-10-01,0.25573662586874707
2071-10-02,0.2847706312032807
2071-10-03,0.342776670695798
2071-10-04,0.33669117115732056
2071-10-05,0.4033307349261693
2071-10-06,0.44039393435188945
2071-10-07,0.6578900246486395
2071-10-08,0.8211954943128728
2071-10-09,0.7124582703007075
2071-10-10,0.6311224490955937
2071-10-11,0.5400395172761184
2071-10-12,0.46866778957474425
2071-10-13,0.41223871034914206
2071-10-14,0.37146299320632076
2071-10-15,0.3399442972584452
2071-10-16,0.3093366422632326
2071-10-17,0.28449446009505813
2071-10-18,0.2642497889260706
2071-10-19,0.24764485461637986
2071-10-20,0.27182366628639676
2071-10-21,0.3167113305657839
2071-10-22,0.3440110255135775
2071-10-23,0.350060190568487
2071-10-24,0.3230458990275889
2071-10-25,0.3076645768040354
2071-10-26,0.33760731115808945
2071-10-27,0.35429552700290023
2071-10-28,0.32995593830432185
2071-10-29,0.3023515865739979
2071-10-30,0.2789284270192643
2071-10-31,0.259796379851114
2071-11-01,0.24406999023536424
2071-11-02,0.23105752536143687
2071-11-03,0.30619893224007844
2071-11-04,0.3716261811205148
2071-11-05,0.3342804540707085
2071-11-06,0.30463186753325294
2071-11-07,0.28059518436003017
2071-11-08,0.2878855373839521
2071-11-09,0.3109396144279089
2071-11-10,0.291658705065534
2071-11-11,0.46509300276738297
2071-11-12,0.6345188639017801
2071-11-13,0.8105982116737908
2071-11-14,0.9163499050534565
2071-11-15,0.7657266213701838
2071-11-16,0.6493116149813478
2071-11-17,0.6091442043859959
2071-11-18,0.5854862159882118
2071-11-19,0.5087310269650442
2071-11-20,0.4482050188185011
2071-11-21,0.40007588820300727
2071-11-22,0.3615502681498372
2071-11-23,0.33050974927369164
2071-11-24,0.30533666720024194
2071-11-25,0.28478774705804427
2071-11-26,0.2975247319529146
2071-11-27,0.3638070844919567
2071-11-28,0.6266556748630749
2071-11-29,0.9951325295166863
2071-11-30,1.0872842459515957
2071-12-01,1.1064789326980444
2071-12-02,1.0525065958466195
2071-12-03,1.0850420076723306
2071-12-04,1.335201949887811
2071-12-05,1.5070725768564557
2071-12-06,1.6752182419049986
2071-12-07,1.613033650311377
2071-12-08,1.3240516718852318
2071-12-09,1.3500902024869426
2071-12-10,1.6491345459005329
2071-12-11,1.7090040932915063
2071-12-12,1.4549300526096767
2071-12-13,1.2013318531474997
2071-12-14,1.0074192516302916
2071-12-15,0.8830163266423954
2071-12-16,0.846419846571116
2071-12-17,1.104123132926172
2071-12-18,1.3995130053850715
2071-12-19,1.3028660510767323
2071-12-20,1.0986729000141895
2071-12-21,0.9333470522098198
2071-12-22,0.8258846896482
2071-12-23,1.0313158727721612
2071-12-24,1.4072642118261196
2071-12-25,1.408241286275672
2071-12-26,1.3838755612511517
2071-12-27,1.3808913334104709
2071-12-28,1.1566202879268066
2071-12-29,0.9841719728051634
2071-12-30,0.8506275828862155
2071-12-31,0.7601559600235158
2072-01-01,0.7635470117330976
2072-01-02,0.8108283115545349
2072-01-03,0.9121516945868008
2072-01-04,0.9969750604329924
2072-01-05,1.2054257012284437
2072-01-06,1.5351719853033625
2072-01-07,1.594968713792487
2072-01-08,1.7921156255175
2072-01-09,2.115195040138041
2072-01-10,1.9616532849185788
2072-01-11,1.6126136225729422
2072-01-12,2.054309025455465
2072-01-13,2.5598244219054567
2072-01-14,2.1779011852450743
2072-01-15,1.7806940994883471
2072-01-16,1.4808322667565064
2072-01-17,1.2524163541807583
2072-01-18,1.0768497877534935
2072-01-19,0.975556865794971
2072-01-20,1.0709033512459494
2072-01-21,1.1035454587190023
2072-01-22,0.9625026996815205
2072-01-23,0.8522362743820668
2072-01-24,0.7654645836692451
2072-01-25,0.6966400674900567
2072-01-26,0.6416215597926531
2072-01-27,0.5972932912555248
2072-01-28,0.5612937249471148
2072-01-29,0.5364460596745687
2072-01-30,0.5180059178784677
2072-01-31,0.49591313404783216
2072-02-01,0.4773752769808402
2072-02-02,0.4617354984823294
2072-02-03,0.4484185886273673
2072-02-04,0.4369718940710842
2072-02-05,0.4270375589207846
2072-02-06,0.4183314332492463
2072-02-07,0.4106269554201118
2072-02-08,0.4037427681298897
2072-02-09,0.3975331540358384
2072-02-10,0.3918806127413598
2072-02-11,0.38669007282915774
2072-02-12,0.381884358754619
2072-02-13,0.44420981956330574
2072-02-14,0.5419113108103596
2072-02-15,0.5293167947140728
2072-02-16,0.4979512378119355
2072-02-17,0.4722324444275879
2072-02-18,0.4765908689767999
2072-02-19,0.6349558468724675
2072-02-20,0.9127349488923162
2072-02-21,0.9919176865353614
2072-02-22,0.873269484210315
2072-02-23,0.7714339723653411
2072-02-24,0.767852396802204
2072-02-25,0.8174431853452178
2072-02-26,0.7657236064829674
2072-02-27,0.7297090667788085
2072-02-28,0.8231155578683628
2072-02-29,0.9361258340894577
2072-03-01,0.9890981341338633
2072-03-02,1.0910706736838065
2072-03-03,1.0806663853257588
2072-03-04,1.0818663546308533
2072-03-05,1.0940876742537904
2072-03-06,0.9629578649349054
2072-03-07,0.9314020908848338
2072-03-08,0.886389925450203
2072-03-09,0.7855979898915461
2072-03-10,0.7059915238441775
2072-03-11,0.6427504154937862
2072-03-12,0.592123791104094
2072-03-13,0.551283135604815
2072-03-14,0.5180800768255428
2072-03-15,0.4908718343795511
2072-03-16,0.4683943063720612
2072-03-17,0.4496690215656533
2072-03-18,0.46688430275515297
2072-03-19,0.5018748725565116
2072-03-20,0.4866149568878588
2072-03-21,0.6726048227064013
2072-03-22,1.8098655220771647
2072-03-23,2.619317073148905
2072-03-24,3.582269823996476
2072-03-25,5.383840062670756
2072-03-26,5.249620060573983
2072-03-27,4.18438135853767
2072-03-28,4.222705120747684
2072-03-29,4.3307651599733985
2072-03-30,3.458757076730605
2072-03-31,2.760821824540367
2072-04-01,2.645368185752463
2072-04-02,2.602005167848858
2072-04-03,2.1299549951586463
2072-04-04,1.7818010528950803
2072-04-05,1.5333868103542176
2072-04-06,1.3313083417208993
2072-04-07,1.1905177787549805
2072-04-08,1.0686589291160755
2072-04-09,1.1652754701232613
2072-04-10,1.273523508722827
2072-04-11,1.1201843263769
2072-04-12,1.2615556391771985
2072-04-13,1.7094943637613873
2072-04-14,1.787771377461855
2072-04-15,1.6566659341311931
2072-04-16,1.5190966582754717
2072-04-17,1.3131544916082298
2072-04-18,1.1536179583289994
2072-04-19,1.0293282304762368
2072-04-20,0.9316632311088916
2072-04-21,0.8548228525858361
2072-04-22,0.7931491453736514
2072-04-23,0.7431545591933771
2072-04-24,0.7025192214103239
2072-04-25,0.6691996754247723
2072-04-26,0.6416312301118943
2072-04-27,0.6186083284980376
2072-04-28,0.5991966897552911
2072-04-29,0.5826682872669499
2072-04-30,0.5684528780043575
2072-05-01,0.5561016233296217
2072-05-02,0.5452596091307064
2072-05-03,0.5356449620920872
2072-05-04,0.5270328875648035
2072-05-05,0.5192434027652285
2072-05-06,0.5121318611516137
2072-05-07,0.5055815970047949
2072-05-08,0.49949818921229605
2072-05-09,0.4938049679780652
2072-05-10,0.4884394802774647
2072-05-11,0.4836854018077772
2072-05-12,0.47895383416627507
2072-05-13,0.5080550892960748
2072-05-14,0.6496356239474531
2072-05-15,0.6998673448582414
2072-05-16,0.6534183749882031
2072-05-17,0.6304974570476517
2072-05-18,0.6265355460363491
2072-05-19,0.6279209416054722
2072-05-20,0.6818298681710754
2072-05-21,0.7750297917922094
2072-05-22,0.8600239395134822
2072-05-23,0.9629551183452643
2072-05-24,0.9849969337272063
2072-05-25,0.9113134191287622
2072-05-26,1.0263650825839261
2072-05-27,1.2335108092518063
2072-05-28,1.3398298707930592
2072-05-29,1.489642345577649
2072-05-30,1.469811035266176
2072-05-31,1.2573676316823028
2072-06-01,1.093510153776651
2072-06-02,0.9661130242860044
2072-06-03,0.866235573335676
2072-06-04,0.7872933455505916
2072-06-05,0.7243940395640585
2072-06-06,0.6738726803092248
2072-06-07,0.6329626857554286
2072-06-08,0.5995607311954728
2072-06-09,0.5720570723760388
2072-06-10,0.6305086489199836
2072-06-11,0.7093967300271685
2072-06-12,0.7796412196631696
2072-06-13,0.8516530665280181
2072-06-14,0.9318268439917442
2072-06-15,0.954456701657543
2072-06-16,0.8542239049534355
2072-06-17,0.7805381952823818
2072-06-18,0.7181743902903207
2072-06-19,0.7991773601282594
2072-06-20,0.9764674295674634
2072-06-21,0.9505222406401984
2072-06-22,0.9089680573432536
2072-06-23,1.0419701941006252
2072-06-24,1.0660781726135096
2072-06-25,0.9408274741158685
2072-06-26,0.842856745914387
2072-06-27,0.7792544030375433
2072-06-28,0.7257556289909605
2072-06-29,0.6720368538643345
2072-06-30,0.7131361469183058
2072-07-01,0.9648455645550796
2072-07-02,1.0498536617083212
2072-07-03,0.9272868559161366
2072-07-04,0.831474957465138
2072-07-05,0.7557143032477015
2072-07-06,0.6953271420323802
2072-07-07,0.6468074290456503
2072-07-08,0.6075072171895365
2072-07-09,0.5754123745589347
2072-07-10,0.6661816067754062
2072-07-11,0.8573164110355075
2072-07-12,1.0652353925303935
2072-07-13,1.1202268492563872
2072-07-14,0.9807099254141538
2072-07-15,0.8720418518487953
2072-07-16,0.9059700434622086
2072-07-17,0.9378030691119212
2072-07-18,0.838027696169851
2072-07-19,0.7596151334209983
2072-07-20,0.7052056733932387
2072-07-21,0.6728760541484381
2072-07-22,0.6407329223693657
2072-07-23,0.6033546587929042
2072-07-24,0.5707311135821044
2072-07-25,0.5438965836361626
2072-07-26,0.5216340624047647
2072-07-27,0.5030008681991448
2072-07-28,0.523590934865855
2072-07-29,0.5550570721815167
2072-07-30,0.534644298570805
2072-07-31,0.5140088926175932
2072-08-01,0.4958644509489767
2072-08-02,0.4795385907112693
2072-08-03,0.46565406062921877
2072-08-04,0.4537479014847283
2072-08-05,0.44343909055854897
2072-08-06,0.4344255709615566
2072-08-07,0.42646686866770755
2072-08-08,0.5488843736846735
2072-08-09,0.6435636247376834
2072-08-10,0.5944511329834884
2072-08-11,0.5561763565882974
2072-08-12,0.5249763168635729
2072-08-13,0.4993375480224653
2072-08-14,0.4780936146545233
2072-08-15,0.4603402893516682
2072-08-16,0.44537276254023045
2072-08-17,0.4326388237231818
2072-08-18,0.42170371278679847
2072-08-19,0.41222356236617513
2072-08-20,0.40392520932938464
2072-08-21,0.39659075963653895
2072-08-22,0.3914143365159409
2072-08-23,0.3956664896006869
2072-08-24,0.3976146303940458
2072-08-25,0.3898264546382744
2072-08-26,0.3828786636387426
2072-08-27,0.37679336933522495
2072-08-28,0.3716715004996893
2072-08-29,0.3666300997628662
2072-08-30,0.3618440253464354
2072-08-31,0.360222551655278
2072-09-01,0.428550313667235
2072-09-02,0.4549958454944789
2072-09-03,0.6662292453025874
2072-09-04,0.8051003537950451
2072-09-05,0.7120435538380723
2072-09-06,0.6429166766859306
2072-09-07,0.5929282615699913
2072-09-08,0.5472811939773322
2072-09-09,0.508500843421576
2072-09-10,0.47697391066270806
2072-09-11,0.4914200918615556
2072-09-12,1.2366657453866963
2072-09-13,1.925165494862885
2072-09-14,1.5768816790347466
2072-09-15,1.3137746868217064
2072-09-16,1.1128107723980183
2072-09-17,0.9579591425966704
2072-09-18,0.8376401480196255
2072-09-19,0.7434018893830051
2072-09-20,0.6690159842224631
2072-09-21,0.609851777008715
2072-09-22,0.5624381069731473
2072-09-23,0.9226064649357405
2072-09-24,1.2666532346435124
2072-09-25,1.077473733607945
2072-09-26,0.9319286836763628
2072-09-27,0.8186490275670569
2072-09-28,0.7297728219008667
2072-09-29,0.7550917632231265
2072-09-30,0.7862489515357183
2072-10-01,0.7041551032954527
2072-10-02,0.63934408093865
2072-10-03,0.587548281585958
2072-10-04,0.5458387450966463
2072-10-05,0.5119934590820701
2072-10-06,0.4843151926109656
2072-10-07,0.4614992610767847
2072-10-08,0.4600509123470371
2072-10-09,0.5162796421272107
2072-10-10,0.7002604694730445
2072-10-11,0.7779431262544124
2072-10-12,0.9954112423945375
2072-10-13,1.4473810578121424
2072-10-14,1.6048320187204792
2072-10-15,1.6225570522521924
2072-10-16,1.6511135298077904
2072-10-17,1.500310039339263
2072-10-18,1.2734508913856153
2072-10-19,2.1446884772629677
2072-10-20,3.8872308853942363
2072-10-21,4.701460627786805
2072-10-22,4.2895843867250445
2072-10-23,3.8856477394629585
2072-10-24,3.615163809470858
2072-10-25,3.003159708600793
2072-10-26,2.563299460150603
2072-10-27,2.0936297373560753
2072-10-28,1.7407298962299682
2072-10-29,1.4731165724419961
2072-10-30,1.268254784000083
2072-10-31,1.1100187826268746
2072-11-01,1.1103309446003318
2072-11-02,1.1365766331183507
2072-11-03,1.0077286287844067
2072-11-04,0.9065478692397183
2072-11-05,0.8265488904110238
2072-11-06,0.7627761917741621
2072-11-07,0.7512226803308487
2072-11-08,0.7552829027730614
2072-11-09,0.7240287369186359
2072-11-10,0.7628998002834303
2072-11-11,1.1787715546576298
2072-11-12,1.5242897835250657
2072-11-13,1.5272621939040487
2072-11-14,1.9106124112460512
2072-11-15,2.7911550848040965
2072-11-16,3.068647528842942
2072-11-17,2.4991096333914387
2072-11-18,2.0864031222350814
2072-11-19,1.8193369189764514
2072-11-20,1.6820383888945818
2072-11-21,1.9478463196077984
2072-11-22,2.3852500423434333
2072-11-23,2.5087799796052326
2072-11-24,2.345527762597827
2072-11-25,2.140151541344127
2072-11-26,2.1760634892516024
2072-11-27,1.9956368342120203
2072-11-28,1.6864083865108377
2072-11-29,1.4504563715236467
2072-11-30,1.551026253934931
2072-12-01,1.7406761196937344
2072-12-02,1.560297885884115
2072-12-03,1.355067845295424
2072-12-04,1.1963529711164946
2072-12-05,1.0725965330395943
2072-12-06,0.9752556277205509
2072-12-07,0.8980314835471693
2072-12-08,0.83623903710393
2072-12-09,0.8031655346359629
2072-12-10,0.7863603687976574
2072-12-11,0.745356772007546
2072-12-12,0.9547990373068963
2072-12-13,1.1605557152354475
2072-12-14,1.041226624856965
2072-12-15,1.1179352748765192
2072-12-16,1.3035728973159768
2072-12-17,1.2637480399095156
2072-12-18,1.1217784116207836
2072-12-19,1.0810463723241992
2072-12-20,1.0659910412780296
2072-12-21,0.9764818139405388
2072-12-22,0.8954872363154313
2072-12-23,0.830809139449655
2072-12-24,0.7787208747979788
2072-12-25,1.157468503089451
2072-12-26,1.6500102402252501
2072-12-27,1.6059372357664339
2072-12-28,1.3845003668742395
2072-12-29,1.2153592130148956
2072-12-30,1.1137764244947086
2072-12-31,2.0727363079707124
2073-01-01,3.480111583320813
2073-01-02,3.4921986431277845
2073-01-03,3.461308155820502
2073-01-04,4.392182560946632
2073-01-05,4.799533527817861
2073-01-06,3.9831888183830064
2073-01-07,3.1896374737670343
2073-01-08,2.6040036825348234
2073-01-09,2.1670651697435037
2073-01-10,1.9411031221271386
2073-01-11,1.7954661592942687
2073-01-12,1.5784478107474456
2073-01-13,1.387791483475085
2073-01-14,1.2397633213968564
2073-01-15,1.1238017729261875
2073-01-16,1.0321579860790013
2073-01-17,0.9590948714126132
2073-01-18,0.900328899454642
2073-01-19,0.8526367035737463
2073-01-20,0.8135749441219361
2073-01-21,0.7812788929642069
2073-01-22,0.7543163088961257
2073-01-23,0.7315805304353035
2073-01-24,0.7122116416347466
2073-01-25,0.6955379071634263
2073-01-26,0.6810319610543566
2073-01-27,0.6682778165051043
2073-01-28,0.6569458695744795
2073-01-29,0.6760560834729517
2073-01-30,0.7018180132921087
2073-01-31,1.150078355436693
2073-02-01,1.699221491615523
2073-02-02,1.7082301424208397
2073-02-03,1.6728371059199694
2073-02-04,1.6478972506106049
2073-02-05,1.6949923630409014
2073-02-06,1.7689303843577655
2073-02-07,2.1165244613281256
2073-02-08,2.6481464407099025
2073-02-09,2.6734045255046843
2073-02-10,2.821324526651122
2073-02-11,2.9896398380239435
2073-02-12,2.5319204866800518
2073-02-13,2.1472361741596306
2073-02-14,1.8223576461546676
2073-02-15,1.574710167248593
2073-02-16,1.4363524624390418
2073-02-17,1.9371053954556652
2073-02-18,2.3933949320728622
2073-02-19,2.3016495369869583
2073-02-20,2.396100981938275
2073-02-21,2.2463482774386025
2073-02-22,1.9032554499052374
2073-02-23,1.7923457070233717
2073-02-24,2.1068208209640438
2073-02-25,2.193489125647887
2073-02-26,1.8663975731766003
2073-02-27,1.6555154217946562
2073-02-28,1.4948064183212562
2073-03-01,1.330130115666749
2073-03-02,1.2012663287932603
2073-03-03,1.0997647705999583
2073-03-04,1.019103156915606
2073-03-05,0.9544292590717127
2073-03-06,0.9021040086267872
2073-03-07,0.8593775866231637
2073-03-08,0.8728240422422607
2073-03-09,0.8918874025890634
2073-03-10,1.2408547232950546
2073-03-11,1.8002469916172565
2073-03-12,1.8076959511021116
2073-03-13,2.007257343282118
2073-03-14,3.205239172747632
2073-03-15,3.819893675844162
2073-03-16,3.271813436812572
2073-03-17,2.9179389120916603
2073-03-18,2.508442838864474
2073-03-19,2.1096699302104263
2073-03-20,1.807581610902477
2073-03-21,1.5766803472115882
2073-03-22,1.3985016087801438
2073-03-23,1.25973379267879
2073-03-24,1.150679546237776
2073-03-25,1.0642061860012186
2073-03-26,1.007464767802981
2073-03-27,1.571000456633782
2073-03-28,2.331962937994233
2073-03-29,2.6616772986655035
2073-03-30,3.277310575737575
2073-03-31,3.276116466847837
2073-04-01,2.7094885594157154
2073-04-02,2.2788806582104386
2073-04-03,1.9426840205407723
2073-04-04,1.6864010218157715
2073-04-05,1.4892653389520711
2073-04-06,1.3362023430427474
2073-04-07,1.2162693604441448
2073-04-08,1.1214442466830585
2073-04-09,1.0457919910099933
2073-04-10,0.9848844031282046
2073-04-11,0.9353914744570596
2073-04-12,0.8947906192648675
2073-04-13,0.8611577787744693
2073-04-14,0.8330159782852524
2073-04-15,0.8092246047381503
2073-04-16,0.7888978124057947
2073-04-17,0.7713439452811777
2073-04-18,0.7560202471724004
2073-04-19,0.7486179161622827
2073-04-20,0.7400655056219406
2073-04-21,0.7276861646468897
2073-04-22,0.7165042438662056
2073-04-23,0.7063685528915075
2073-04-24,0.7143942521289018
2073-04-25,0.7406907052865007
2073-04-26,0.7467750205472231
2073-04-27,0.7366767731675848
2073-04-28,0.7208971995139216
2073-04-29,0.7057262536738835
2073-04-30,0.6924931728087488
2073-05-01,0.68089300994261
2073-05-02,0.6702935720738856
2073-05-03,0.6605726367958361
2073-05-04,0.6517046670064238
2073-05-05,0.6482908778840208
2073-05-06,0.6436455874479651
2073-05-07,0.6366435681499075
2073-05-08,0.6293938992895728
2073-05-09,0.6220007628166357
2073-05-10,0.6150798921948153
2073-05-11,0.6085563905291939
2073-05-12,0.6023675845168367
2073-05-13,0.6096119301936415
2073-05-14,0.6691223518319708
2073-05-15,0.695778563082457
2073-05-16,0.6716363136129746
2073-05-17,0.6517942556601938
2073-05-18,0.7419411369394084
2073-05-19,0.8602301840770651
2073-05-20,0.8691350248905626
2073-05-21,0.8329584100167025
2073-05-22,0.7799865689255728
2073-05-23,0.7371718877329498
2073-05-24,0.702113879737183
2073-05-25,0.6731507815625717
2073-05-26,0.6490025648144229
2073-05-27,0.6286775188341652
2073-05-28,0.6120050650742767
2073-05-29,0.5986603733861606
2073-05-30,0.5859413440189994
2073-05-31,0.5743051191809527
2073-06-01,0.5640347819423357
2073-06-02,0.5548778196831277
2073-06-03,0.553175751805702
2073-06-04,0.5506061051956286
2073-06-05,0.5419895488256524
2073-06-06,0.5341518263261253
2073-06-07,0.5270057119327679
2073-06-08,0.5204317671913338
2073-06-09,0.5184530212236597
2073-06-10,0.5161130918858314
2073-06-11,0.5096683225600105
2073-06-12,0.5036590066516113
2073-06-13,0.49804636002997876
2073-06-14,0.49276641125591775
2073-06-15,0.48776690578604714
2073-06-16,0.48300503546995005
2073-06-17,0.4784456317630843
2073-06-18,0.4740597229452439
2073-06-19,0.4698233781728174
2073-06-20,0.46571677838620623
2073-06-21,0.46172346726885766
2073-06-22,0.4578297455943985
2073-06-23,0.4540241801351507
2073-06-24,0.45041746666803156
2073-06-25,0.4468033834953791
2073-06-26,0.44319078841143483
2073-06-27,0.440351344070719
2073-06-28,0.4374151132497404
2073-06-29,0.43382100773245874
2073-06-30,0.430291784143441
2073-07-01,0.42942078306569087
2073-07-02,0.4288041649648373
2073-07-03,0.4248265802946601
2073-07-04,0.42542602949897584
2073-07-05,0.4264988499759083
2073-07-06,0.4210231117735763
2073-07-07,0.4164590603295035
2073-07-08,0.41362827803139646
2073-07-09,0.4106820371839115
2073-07-10,0.40643708273780715
2073-07-11,0.4024028661904753
2073-07-12,0.3985576603874003
2073-07-13,0.3952219316680939
2073-07-14,0.3921578841776763
2073-07-15,0.38868433224368176
2073-07-16,0.3852603195112669
2073-07-17,0.3819433285706591
2073-07-18,0.3787197041811916
2073-07-19,0.37557806230121704
2073-07-20,0.3725088927032565
2073-07-21,0.36950423101183355
2073-07-22,0.3665573909208397
2073-07-23,0.36366274501679324
2073-07-24,0.3608155449664278
2073-07-25,0.35801177366722703
2073-07-26,0.3552480234162659
2073-07-27,0.3525213953095452
2073-07-28,0.34982941600541445
2073-07-29,0.34716996872173306
2073-07-30,0.34835530799011133
2073-07-31,0.34522636740079365
2073-08-01,0.34115169597813094
2073-08-02,0.338401926012394
2073-08-03,0.3357085452653142
2073-08-04,0.33306578282063287
2073-08-05,0.3304687781096332
2073-08-06,0.32791342694071424
2073-08-07,0.3253962547687118
2073-08-08,0.32291431216535854
2073-08-09,0.32046508842681276
2073-08-10,0.31804644003173993
2073-08-11,0.3156565312855559
2073-08-12,0.31343251195460237
2073-08-13,0.3113814028197939
2073-08-14,0.30931793271836366
2073-08-15,0.30707178637741905
2073-08-16,0.3047295623600706
2073-08-17,0.3026413198000502
2073-08-18,0.30056025718516394
2073-08-19,0.2982632471492252
2073-08-20,0.2959986481439476
2073-08-21,0.2937655337701804
2073-08-22,0.29199116408856896
2073-08-23,0.32410834918837894
2073-08-24,0.2971342033694812
2073-08-25,0.29139810827096296
2073-08-26,0.28850657227625714
2073-08-27,0.2860047272599918
2073-08-28,0.2840293096843418
2073-08-29,0.2821192608288511
2073-08-30,0.27968156567218466
2073-08-31,0.2771706705382136
2073-09-01,0.2747516299380097
2073-09-02,0.27239956290268413
2073-09-03,0.27140258127517697
2073-09-04,0.42163389859379263
2073-09-05,0.4043113697495803
2073-09-06,0.3752866364182175
2073-09-07,0.3549349260438445
2073-09-08,0.35780056227464874
2073-09-09,0.36321969862293657
2073-09-10,0.3477009591080918
2073-09-11,0.3310187639716878
2073-09-12,0.317736063117485
2073-09-13,0.30657687945685524
2073-09-14,0.2971254511594032
2073-09-15,0.29064346314731637
2073-09-16,0.28488829192049
2073-09-17,0.27841495096286556
2073-09-18,0.2727496204335305
2073-09-19,0.2677607915484472
2073-09-20,0.2633278320855231
2073-09-21,0.25935331051486027
2073-09-22,0.2577742154395258
2073-09-23,0.25632953037178147
2073-09-24,0.25651331813769707
2073-09-25,0.3023103303535683
2073-09-26,0.3075074751442957
2073-09-27,0.3110156668410004
2073-09-28,0.320685052210567
2073-09-29,0.31578151818442274
2073-09-30,0.3064150047686058
2073-10-01,0.29418261229521325
2073-10-02,0.2831207177215766
2073-10-03,0.27376265350963847
2073-10-04,0.3759362401854876
2073-10-05,0.5012145783820262
2073-10-06,0.5619731198120718
2073-10-07,0.5411092508720894
2073-10-08,0.48204988616951683
2073-10-09,0.44207014216663004
2073-10-10,0.41125465363127667
2073-10-11,0.37865613756482824
2073-10-12,0.35216772157781023
2073-10-13,0.330553327222294
2073-10-14,0.3127927107177314
2073-10-15,0.2980942830805275
2073-10-16,0.2858404763388931
2073-10-17,0.27554698803174804
2073-10-18,0.26683216807183924
2073-10-19,0.25939387408981024
2073-10-20,0.2529918656934122
2073-10-21,0.24743433436085285
2073-10-22,0.24256754092784683
2073-10-23,0.23826780229345088
2073-10-24,0.23443526421666616
2073-10-25,0.29403279221611583
2073-10-26,0.3848936236680108
2073-10-27,0.3816590602635141
2073-10-28,0.35143208469750115
2073-10-29,0.327333594530274
2073-10-30,0.3145010224519701
2073-10-31,0.3469591991291894
2073-11-01,0.5618441943278537
2073-11-02,0.9135868025972881
2073-11-03,1.1378643824802674
2073-11-04,1.116956109166779
2073-11-05,0.9594272492930402
2073-11-06,0.913966544443337
2073-11-07,0.8761006244295818
2073-11-08,0.9129017336348454
2073-11-09,1.8394641374554197
2073-11-10,2.587697696051435
2073-11-11,2.1599834275504297
2073-11-12,1.7351033530235203
2073-11-13,1.4160803874149055
2073-11-14,1.1742419027528832
2073-11-15,0.9892471634046788
2073-11-16,0.9179643238447307
2073-11-17,0.8751424012933288
2073-11-18,0.7584582313348022
2073-11-19,0.6671695609637353
2073-11-20,0.5951920387203068
2073-11-21,0.5426455098841045
2073-11-22,0.5054674910715483
2073-11-23,0.4661101202191073
2073-11-24,0.4341803984794721
2073-11-25,0.40814975937165615
2073-11-26,0.3867708873259293
2073-11-27,0.36907890695922174
2073-11-28,0.35432321977933845
2073-11-29,0.3419168221056683
2073-11-30,0.33139835578804433
2073-12-01,0.3224035046254888
2073-12-02,0.31464330023276305
2073-12-03,0.30788757121042676
2073-12-04,0.30195224573441126
2073-12-05,0.32682855695736945
2073-12-06,0.39737154323313467
2073-12-07,0.4241764892552928
2073-12-08,0.6138242941454646
2073-12-09,0.7497668869583748
2073-12-10,0.6572991621801378
2073-12-11,0.5836619901726753
2073-12-12,0.5290476084949135
2073-12-13,0.8706785727345877
2073-12-14,1.151227298708714
2073-12-15,1.141711547617472
2073-12-16,1.097448789297666
2073-12-17,0.9641607157627617
2073-12-18,0.8434646456450623
2073-12-19,0.7522110570562789
2073-12-20,0.7417697151905324
2073-12-21,0.7712225951298098
2073-12-22,0.7464182713308786
2073-12-23,0.6862175962486852
2073-12-24,0.6425128987538877
2073-12-25,0.5792806995378795
2073-12-26,0.8232791877474472
2073-12-27,1.3306546182014634
2073-12-28,1.6291016487462813
2073-12-29,1.8119384247464225
2073-12-30,2.298543420641387
2073-12-31,2.416053671363397
2074-01-01,2.276301594057809
2074-01-02,2.4124269758270205
2074-01-03,2.8253469956354653
2074-01-04,2.726053220669838
2074-01-05,2.2932537677743103
2074-01-06,1.9801421052135033
2074-01-07,1.6312891520916775
2074-01-08,1.490426117715154
2074-01-09,1.644326283015462
2074-01-10,1.9533372801862354
2074-01-11,1.9435430622614813
2074-01-12,1.6098936172070812
2074-01-13,1.3561615728125054
2074-01-14,1.2477000817091508
2074-01-15,1.4135202064253904
2074-01-16,1.451381215238617
2074-01-17,1.4119982989778574
2074-01-18,1.3943750432609348
2074-01-19,1.1944908216592323
2074-01-20,1.039936670056928
2074-01-21,0.9195880464360098
2074-01-22,0.8251044169024202
2074-01-23,0.7503305119929707
2074-01-24,0.6906840943954045
2074-01-25,0.6427263149536558
2074-01-26,0.6038569551102947
2074-01-27,0.5720960911862593
2074-01-28,0.5459262152691552
2074-01-29,0.6184532370328198
2074-01-30,0.6993784109672703
2074-01-31,0.7855918339409227
2074-02-01,0.9135165336120682
2074-02-02,1.0653556336820271
2074-02-03,1.1429569104504973
2074-02-04,0.9978846073027189
2074-02-05,0.8845238484512419
2074-02-06,0.7953989041235845
2074-02-07,0.8137835807676788
2074-02-08,0.8721801181997294
2074-02-09,0.8440839166146401
2074-02-10,1.1118148970123705
2074-02-11,1.347100141666383
2074-02-12,1.7048999733341936
2074-02-13,2.2059764047411274
2074-02-14,2.3181828462884355
2074-02-15,2.1750602220420645
2074-02-16,1.7952773687509012
2074-02-17,1.6937405772443066
2074-02-18,1.805740176536938
2074-02-19,1.9085390346944904
2074-02-20,2.3755792964382407
2074-02-21,2.8919300735267366
2074-02-22,2.700419799305386
2074-02-23,2.205663445033408
2074-02-24,1.8759242520974053
2074-02-25,1.7938601833452494
2074-02-26,1.994340173829048
2074-02-27,2.0584536276889875
2074-02-28,1.7928525910347544
2074-03-01,1.7039296882727835
2074-03-02,1.6421947131264483
2074-03-03,1.4083217413566098
2074-03-04,1.2279505610254617
2074-03-05,1.0879018578846413
2074-03-06,0.9782291233494919
2074-03-07,0.8916223571223894
2074-03-08,0.8226608854119877
2074-03-09,0.7672915307594276
2074-03-10,0.8454137551775037
2074-03-11,0.9254670160690407
2074-03-12,0.8487770093443906
2074-03-13,0.9388508491338293
2074-03-14,1.1318213219855249
2074-03-15,1.0973573784944473
2074-03-16,1.1155783815934837
2074-03-17,1.1421428167257588
2074-03-18,1.0752773366380104
2074-03-19,1.0231717558672944
2074-03-20,1.1215216534195762
2074-03-21,1.3811058641736829
2074-03-22,1.364020790275415
2074-03-23,1.2227417965235805
2074-03-24,1.1511390062064806
2074-03-25,1.0667468999619016
2074-03-26,0.9646884486316208
2074-03-27,1.1043942577140247
2074-03-28,1.5920795410051813
2074-03-29,1.725418747509069
2074-03-30,1.5224281917258813
2074-03-31,1.3628642389463657
2074-04-01,1.1928447502082147
2074-04-02,1.0796745154176233
2074-04-03,1.0257015102809044
2074-04-04,1.0097386298410151
2074-04-05,1.1260256380390843
2074-04-06,1.216465074954856
2074-04-07,1.1112535137630457
2074-04-08,0.9970156939866088
2074-04-09,0.9064738652595103
2074-04-10,0.8540909129484023
2074-04-11,0.8912558743922981
2074-04-12,1.0189442055893956
2074-04-13,1.1473047858337746
2074-04-14,1.5505110814208953
2074-04-15,1.9623764287863341
2074-04-16,1.8468954549008398
2074-04-17,1.57647269246819
2074-04-18,1.3593189029643427
2074-04-19,1.2294094718750401
2074-04-20,1.1283430279402409
2074-04-21,1.0121018233857362
2074-04-22,0.9201841995784448
2074-04-23,0.8472242139857951
2074-04-24,0.8021994107637517
2074-04-25,0.7572518089597384
2074-04-26,0.7157408222204512
2074-04-27,0.6816983480110733
2074-04-28,0.6535601581724079
2074-04-29,0.6301677702860086
2074-04-30,0.6104286307680342
2074-05-01,0.6358846287360839
2074-05-02,0.6561292782600265
2074-05-03,0.7074493041788088
2074-05-04,1.0235154612404542
2074-05-05,1.2191847686418462
2074-05-06,1.0991053215832214
2074-05-07,0.9850071198120776
2074-05-08,0.9932645520079929
2074-05-09,1.02602763527842
2074-05-10,1.6494916272555056
2074-05-11,2.2152795190913612
2074-05-12,1.912566247355209
2074-05-13,1.663646548890691
2074-05-14,1.430178063834325
2074-05-15,1.2469143883514893
2074-05-16,1.1016455329243677
2074-05-17,0.9880730055146079
2074-05-18,0.9108643475142802
2074-05-19,0.8458005263247216
2074-05-20,0.7851899212154452
2074-05-21,0.7362020870700886
2074-05-22,0.6963736267032804
2074-05-23,0.6937208628842906
2074-05-24,0.6970264493280608
2074-05-25,0.7763363375906187
2074-05-26,0.8458014899228817
2074-05-27,0.7916924317786037
2074-05-28,0.8301502812464912
2074-05-29,0.8900726398891101
2074-05-30,0.8943437374942134
2074-05-31,0.984066175457952
2074-06-01,1.08063378202624
2074-06-02,1.1157576574137442
2074-06-03,1.4403022163202586
2074-06-04,1.6821821528211034
2074-06-05,1.6060207426426303
2074-06-06,1.5192325218287632
2074-06-07,1.3327656730172441
2074-06-08,1.1714702897611824
2074-06-09,1.0406006153022693
2074-06-10,0.9379368352257963
2074-06-11,0.9738680774894674
2074-06-12,1.0446668121993963
2074-06-13,0.966281149535917
2074-06-14,0.8822548986998018
2074-06-15,1.1915297081765341
2074-06-16,1.502725723242838
2074-06-17,1.3436565274621433
2074-06-18,1.23649826640099
2074-06-19,1.131600181583501
2074-06-20,1.0141892429023323
2074-06-21,0.9174632913780624
2074-06-22,0.8407977575518867
2074-06-23,0.7795289490286786
2074-06-24,0.7301569391974022
2074-06-25,0.6900354211229999
2074-06-26,0.6571494824636693
2074-06-27,0.6299548992368803
2074-06-28,0.6072609103568939
2074-06-29,0.5881440146257161
2074-06-30,0.5718840976805425
2074-07-01,0.557916765800012
2074-07-02,0.5457975345610601
2074-07-03,0.5621900854881979
2074-07-04,0.9542617495420688
2074-07-05,1.3179902565279866
2074-07-06,1.2009537160468333
2074-07-07,1.1974883707850403
2074-07-08,1.1696981924839698
2074-07-09,1.1410780469468162
2074-07-10,1.1083668398301043
2074-07-11,0.9898475936952255
2074-07-12,0.8923125671352338
2074-07-13,0.8150778664460234
2074-07-14,0.7534475493557915
2074-07-15,0.721951003361155
2074-07-16,0.6956360879707746
2074-07-17,0.6568003703863928
2074-07-18,0.6248353209567038
2074-07-19,0.598425048893393
2074-07-20,0.5764075519706662
2074-07-21,0.5607875402984781
2074-07-22,0.5578948103111024
2074-07-23,0.5478795464518851
2074-07-24,0.5329981637925317
2074-07-25,0.5201352357097561
2074-07-26,0.5089611300569694
2074-07-27,0.4991564424479009
2074-07-28,0.49046697447234217
2074-07-29,0.4826896060113559
2074-07-30,0.475661408815602
2074-07-31,0.4692512156547705
2074-08-01,0.4664864339575989
2074-08-02,0.4634186328508159
2074-08-03,0.45757037687509605
2074-08-04,0.4701233112302014
2074-08-05,0.48519884282652526
2074-08-06,0.4737810402526308
2074-08-07,0.4643882263973096
2074-08-08,0.4560852092732604
2074-08-09,0.448673629444428
2074-08-10,0.441994262611301
2074-08-11,0.4359188398582336
2074-08-12,0.4308161373524219
2074-08-13,0.4258388685885122
2074-08-14,0.4209338043593743
2074-08-15,0.4163344574060229
2074-08-16,0.41199497402504554
2074-08-17,0.4078754077417744
2074-08-18,0.41511299441226474
2074-08-19,0.4261552385822309
2074-08-20,0.41757863473107815
2074-08-21,0.4110601849426092
2074-08-22,0.40511387135477817
2074-08-23,0.3996911694052918
2074-08-24,0.3947029690815442
2074-08-25,0.39007688233454285
2074-08-26,0.38575392328216535
2074-08-27,0.3816858839931631
2074-08-28,0.37783325222962816
2074-08-29,0.3744183809082737
2074-08-30,0.3727467076910808
2074-08-31,0.3750889469907103
2074-09-01,0.37699722951174447
2074-09-02,0.3727319029245794
2074-09-03,0.3681282372898474
2074-09-04,0.3637499661154893
2074-09-05,0.35966833245462887
2074-09-06,0.35583598073679573
2074-09-07,0.3522140850442532
2074-09-08,0.34877072617052307
2074-09-09,0.3650546920019558
2074-09-10,0.37004718069078985
2074-09-11,0.36118698644374425
2074-09-12,0.3550706791844194
2074-09-13,0.34958517440053666
2074-09-14,0.3446206177068782
2074-09-15,0.3400876728252183
2074-09-16,0.33591376832174236
2074-09-17,0.3320397715384248
2074-09-18,0.3429554819977288
2074-09-19,0.3489123177846778
2074-09-20,0.34156097195961116
2074-09-21,0.34178265152868986
2074-09-22,0.3723218522013065
2074-09-23,0.48123676145608524
2074-09-24,0.5168043330730397
2074-09-25,0.49760972173624135
2074-09-26,0.502090566553855
2074-09-27,0.48182629294011975
2074-09-28,0.4491969491367021
2074-09-29,0.4229408611568953
2074-09-30,0.4013531907136329
2074-10-01,0.38346833587677337
2074-10-02,0.3685344193889415
2074-10-03,0.35596293317981337
2074-10-04,0.3646963102219396
2074-10-05,0.695970844695719
2074-10-06,0.9264239837566751
2074-10-07,0.8019247182205907
2074-10-08,0.7059789955064041
2074-10-09,0.6281718111954026
2074-10-10,0.7020037273379619
2074-10-11,0.7752922958880683
2074-10-12,0.6916855275734828
2074-10-13,0.6175104093678545
2074-10-14,0.5585301665337197
2074-10-15,0.5113478060939094
2074-10-16,0.4733330740909307
2074-10-17,0.44357255123239575
2074-10-18,0.4925733044812928
2074-10-19,0.5587533977181636
2074-10-20,0.5289356135088353
2074-10-21,0.48683380240666235
2074-10-22,0.45308016080383445
2074-10-23,0.4751766437161276
2074-10-24,0.7126564903892317
2074-10-25,0.8758883293306982
2074-10-26,1.031182032135314
2074-10-27,1.1147918121012352
2074-10-28,0.9804091950690726
2074-10-29,0.8789841138733873
2074-10-30,0.9333699296841288
2074-10-31,1.1263269483769924
2074-11-01,1.1302247198009987
2074-11-02,1.1771253001705555
2074-11-03,1.1787732205557566
2074-11-04,1.0948468594526055
2074-11-05,1.1709184591904112
2074-11-06,1.1368806215829204
2074-11-07,0.981460288801855
2074-11-08,0.8523982494830361
2074-11-09,0.7527147499059904
2074-11-10,0.6755016291548456
2074-11-11,0.6118296532294955
2074-11-12,0.5609349464537007
2074-11-13,0.6375318095914396
2074-11-14,0.7126508822039727
2074-11-15,0.6410571681910073
2074-11-16,0.5841658024477827
2074-11-17,0.5493734535867411
2074-11-18,0.5273965824361322
2074-11-19,0.49259315898564754
2074-11-20,0.5947587690881585
2074-11-21,0.7878318109263702
2074-11-22,0.7902009433125574
2074-11-23,0.7053122205925821
2074-11-24,0.6434328091283089
2074-11-25,0.5855773324396654
2074-11-26,0.5392399255609834
2074-11-27,0.5018416946104728
2074-11-28,0.4919772892189766
2074-11-29,0.4927727815345167
2074-11-30,0.5909281392818476
2074-12-01,0.7071240830365632
2074-12-02,0.6865395085915886
2074-12-03,0.7207198315514618
2074-12-04,0.7154506599948891
2074-12-05,0.6724663518456095
2074-12-06,0.6562110307188528
2074-12-07,0.6058786974425249
2074-12-08,0.5547721289507769
2074-12-09,0.5569294998104775
2074-12-10,0.6057828658188287
2074-12-11,0.5926274844618232
2074-12-12,0.5438498890789784
2074-12-13,0.5045818757188004
2074-12-14,0.47272377189633175
2074-12-15,0.807626425886499
2074-12-16,1.240027136309106
2074-12-17,2.224800194160967
2074-12-18,3.0203574063783374
2074-12-19,2.42990305532266
2074-12-20,1.9632878950836787
2074-12-21,1.6132990893735633
2074-12-22,1.3482173725841697
2074-12-23,1.145576068735956
2074-12-24,0.9893084420675563
2074-12-25,1.0439922522865512
2074-12-26,1.923137878555415
2074-12-27,2.486270538508729
2074-12-28,2.3086368118488045
2074-12-29,2.1984007495936386
2074-12-30,1.889071029115892
2074-12-31,1.669494332864968
2075-01-01,1.495015342312166
2075-01-02,1.3709589553971764
2075-01-03,1.1751498943729108
2075-01-04,1.0885590507781802
2075-01-05,1.1122680063821913
2075-01-06,1.1121166206953956
2075-01-07,1.0317132360987955
2075-01-08,0.9515605432974441
2075-01-09,0.9520646892852399
2075-01-10,1.0315889238648632
2075-01-11,1.0259675298653863
2075-01-12,0.9085086313809297
2075-01-13,0.8162745027706381
2075-01-14,0.7432610586130411
2075-01-15,0.6849994241395145
2075-01-16,0.6381362858754666
2075-01-17,0.6062784681543577
2075-01-18,0.59174501108542
2075-01-19,0.5726380223664119
2075-01-20,0.546066645080889
2075-01-21,0.6215248971070589
2075-01-22,0.877542468240521
2075-01-23,0.8836766191184865
2075-01-24,0.7937885451404503
2075-01-25,0.72256589407053
2075-01-26,0.6657304061132037
2075-01-27,0.6200131986443994
2075-01-28,0.5829425842946897
2075-01-29,0.5526364126694528
2075-01-30,0.5276519705061543
2075-01-31,0.5068765318612767
2075-02-01,0.48944689292277693
2075-02-02,0.4746897596141626
2075-02-03,0.4719360112444461
2075-02-04,0.47249404368572695
2075-02-05,0.45944199587405526
2075-02-06,0.44821110771830736
2075-02-07,0.4384533078982229
2075-02-08,0.42989213703056045
2075-02-09,0.4238292163333552
2075-02-10,0.4704836608064958
2075-02-11,0.5736798756486609
2075-02-12,0.7786933993414668
2075-02-13,0.9227175871928036
2075-02-14,0.8165610193532914
2075-02-15,0.7330483645747616
2075-02-16,0.6668330803434434
2075-02-17,0.6139244249713353
2075-02-18,0.5713199467165521
2075-02-19,0.5759493543906306
2075-02-20,0.6427696637699754
2075-02-21,0.6662148634894233
2075-02-22,0.731961193056733
2075-02-23,0.7352692779116569
2075-02-24,0.6672925310674337
2075-02-25,0.6129953061584196
2075-02-26,0.5694367694517812
2075-02-27,0.7642996246170074
2075-02-28,0.9447056026020784
2075-03-01,0.832468353169545
2075-03-02,0.7440926273807279
2075-03-03,1.083233512960063
2075-03-04,1.5005297865096734
2075-03-05,1.3459503187909903
2075-03-06,1.1468037462796907
2075-03-07,0.9929656091432779
2075-03-08,0.8732453326792319
2075-03-09,0.7980444313715935
2075-03-10,0.8999968712478225
2075-03-11,1.2312472625021404
2075-03-12,1.3158003729280836
2075-03-13,1.1258939064500888
2075-03-14,0.9787675678125035
2075-03-15,0.8641237801809929
2075-03-16,0.7740693927819766
2075-03-17,0.7027720877977345
2075-03-18,0.6458850067645817
2075-03-19,0.6001423880530777
2075-03-20,0.5630723529683759
2075-03-21,0.5327908763943148
2075-03-22,0.51182232941114
2075-03-23,1.391338991906056
2075-03-24,2.476936123695936
2075-03-25,2.93083151887655
2075-03-26,3.7644325838780563
2075-03-27,3.7186518341593042
2075-03-28,3.0224553939088854
2075-03-29,2.621779498116862
2075-03-30,2.990465014501739
2075-03-31,3.16445366393491
2075-04-01,2.8400152569769914
2075-04-02,2.6244727598521056
2075-04-03,2.43493978909366
2075-04-04,2.4702568835924392
2075-04-05,2.24986837153368
2075-04-06,1.8692164540000276
2075-04-07,1.8047417593533268
2075-04-08,1.8874363017704352
2075-04-09,1.7913909973208846
2075-04-10,1.6417402018491936
2075-04-11,1.4340467847397402
2075-04-12,1.2495482474268422
2075-04-13,1.1126526008344158
2075-04-14,1.0760557813511167
2075-04-15,1.0592782244764047
2075-04-16,1.0826209988383149
2075-04-17,1.2590685924537437
2075-04-18,1.3361468693933152
2075-04-19,1.6295910185740625
2075-04-20,1.840729917342106
2075-04-21,1.5780648118199638
2075-04-22,1.3721270818650548
2075-04-23,1.2035727480488057
2075-04-24,1.2368506622340352
2075-04-25,1.3566385220533803
2075-04-26,1.6117845012830332
2075-04-27,2.246405423447422
2075-04-28,2.5691047101964006
2075-04-29,2.288636180252804
2075-04-30,1.9132405950045905
2075-05-01,1.6751763742799757
2075-05-02,1.4750321742504855
2075-05-03,1.2901452555528383
2075-05-04,1.1463409302033416
2075-05-05,1.0337542747199249
2075-05-06,0.944851167157481
2075-05-07,0.8743864226560025
2075-05-08,0.826455218083549
2075-05-09,0.9881808762800889
2075-05-10,1.1335884636992195
2075-05-11,1.0581018678957244
2075-05-12,1.0169063614096245
2075-05-13,0.9331469207100903
2075-05-14,0.8625427975949083
2075-05-15,0.8058787307732116
2075-05-16,0.793411106873152
2075-05-17,0.7821428884152318
2075-05-18,0.7487005238969973
2075-05-19,0.7657526490327028
2075-05-20,0.7778227324358992
2075-05-21,0.7956728669607877
2075-05-22,0.8083687580072442
2075-05-23,0.7605132771441353
2075-05-24,0.7197589720679395
2075-05-25,0.6863306525022835
2075-05-26,1.2357274242742193
2075-05-27,1.7986467577648295
2075-05-28,1.5305578029556715
2075-05-29,1.3245354239352087
2075-05-30,1.165280200934782
2075-05-31,1.0411008657488812
2075-06-01,0.9434479865942227
2075-06-02,0.8660109762249274
2075-06-03,0.8040913506297148
2075-06-04,0.7541627048492759
2075-06-05,0.7135584750301903
2075-06-06,0.680248173921202
2075-06-07,0.6526755450102825
2075-06-08,0.6296404885773919
2075-06-09,0.6102122235002565
2075-06-10,1.0605662125755522
2075-06-11,1.5459287138773108
2075-06-12,1.3322714480143283
2075-06-13,1.167530529416683
2075-06-14,1.0391673266329378
2075-06-15,0.9383120870707908
2075-06-16,0.8584174747407821
2075-06-17,0.7946087665004385
2075-06-18,0.7432274718833488
2075-06-19,0.7015073985366982
2075-06-20,0.6673424567426666
2075-06-21,0.6391186906377159
2075-06-22,0.8321660306310449
2075-06-23,1.0979620019662872
2075-06-24,1.0661508828745985
2075-06-25,0.9791012562134861
2075-06-26,0.9733906257734692
2075-06-27,0.9409784283382706
2075-06-28,0.8567902205995104
2075-06-29,0.7899902271406506
2075-06-30,0.7363511152659261
2075-07-01,0.6929218189968643
2075-07-02,0.8107792609604445
2075-07-03,1.023850621107172
2075-07-04,1.0889108373248668
2075-07-05,1.05217285519287
2075-07-06,0.9516625070772279
2075-07-07,0.9702141834799383
2075-07-08,0.9973675568267365
2075-07-09,0.8992843073204088
2075-07-10,0.8676102679856741
2075-07-11,0.8398114378650252
2075-07-12,0.7744626506856944
2075-07-13,0.7216963168870364
2075-07-14,0.6789835359168593
2075-07-15,0.6441156544119512
2075-07-16,0.6154045096468194
2075-07-17,0.5915515894734772
2075-07-18,0.571552157251571
2075-07-19,0.5546244447543875
2075-07-20,0.5401569721871496
2075-07-21,0.5276690822627709
2075-07-22,0.5167811801918776
2075-07-23,0.5071921539529934
2075-07-24,0.4986621424043052
2075-07-25,0.490999311963413
2075-07-26,0.48404965621161367
2075-07-27,0.4776890882526274
2075-07-28,0.471817281527752
2075-07-29,0.4663528509339366
2075-07-30,0.4612295664511918
2075-07-31,0.4563933659180905
2075-08-01,0.45584996503336545
2075-08-02,0.4548140655805631
2075-08-03,0.45478948128443814
2075-08-04,0.45421399168801796
2075-08-05,0.497016625137741
2075-08-06,0.5269483567931986
2075-08-07,0.5443781363636112
2075-08-08,0.583849593089668
2075-08-09,0.573955540656957
2075-08-10,0.5443981024624677
2075-08-11,0.5305303164038881
2075-08-12,0.5191225945724975
2075-08-13,0.512313652453761
2075-08-14,0.5136672853307191
2075-08-15,0.4953277940460308
2075-08-16,0.4785493105078597
2075-08-17,0.4643219422926355
2075-08-18,0.45215183812926174
2075-08-19,0.44164212356418875
2075-08-20,0.43247820434965817
2075-08-21,0.4244096547146567
2075-08-22,0.4172363294478411
2075-08-23,0.41079765864719375
2075-08-24,0.4049643545157549
2075-08-25,0.39963195622370845
2075-08-26,0.3947157827632832
2075-08-27,0.39014696971606777
2075-08-28,0.3858693444001335
2075-08-29,0.3818369524137708
2075-08-30,0.3780120924787192
2075-08-31,0.37436374955600354
2075-09-01,0.3742334585051165
2075-09-02,0.37614863745619126
2075-09-03,0.3731206122838017
2075-09-04,0.3687658535932876
2075-09-05,0.36467838499210575
2075-09-06,0.36096085650784443
2075-09-07,0.37008640064594034
2075-09-08,0.3743660757266574
2075-09-09,0.3672607420600324
2075-09-10,0.3616627939697732
2075-09-11,0.35779653645598675
2075-09-12,0.38928415386705767
2075-09-13,0.39335624348021286
2075-09-14,0.3810724684469668
2075-09-15,0.3730685784852453
2075-09-16,0.36595726299065984
2075-09-17,0.358342991349925
2075-09-18,0.3516232335632541
2075-09-19,0.34565247643217906
2075-09-20,0.3558674783471756
2075-09-21,0.37150689923824864
2075-09-22,0.365528586173446
2075-09-23,0.3558212281507569
2075-09-24,0.34769010260151384
2075-09-25,0.34057661761122066
2075-09-26,0.3343040160189217
2075-09-27,0.32872132335960125
2075-09-28,0.32370683754606516
2075-09-29,0.3191621225453542
2075-09-30,0.31500730403274635
2075-10-01,0.3111773693419882
2075-10-02,0.3076192456705024
2075-10-03,0.3042894840334573
2075-10-04,0.30125443155984016
2075-10-05,0.2986218289376146
2075-10-06,0.2958173064938122
2075-10-07,0.3563301142313951
2075-10-08,0.489147446403374
2075-10-09,0.5176164189456597
2075-10-10,0.47303091574286643
2075-10-11,0.4385336025801721
2075-10-12,0.4104789706933252
2075-10-13,0.38750043163794157
2075-10-14,0.3685415634120941
2075-10-15,0.4278144936598795
2075-10-16,0.6184595994881751
2075-10-17,0.6734704336074002
2075-10-18,0.5970700321782199
2075-10-19,0.5375240161564028
2075-10-20,0.4899530488265442
2075-10-21,0.4516820388947227
2075-10-22,0.4206762901863768
2075-10-23,0.39537788750289277
2075-10-24,0.3745865389050187
2075-10-25,0.3573720764356676
2075-10-26,0.34300970565513117
2075-10-27,0.33093174056160335
2075-10-28,0.3206913802564194
2075-10-29,0.31193534752882446
2075-10-30,0.3043830953858115
2075-10-31,0.2978109139083583
2075-11-01,0.29203971634931475
2075-11-02,0.28692560421232133
2075-11-03,0.28235254326081144
2075-11-04,0.2782266516565892
2075-11-05,0.2744717256107208
2075-11-06,0.2710257196230567
2075-11-07,0.2744044925218378
2075-11-08,0.30653168509964707
2075-11-09,0.3965349425286275
2075-11-10,0.48198757726356
2075-11-11,0.4830568781629377
2075-11-12,0.5998171650022143
2075-11-13,0.8162003332089175
2075-11-14,0.87741877224199
2075-11-15,0.8102772281642232
2075-11-16,0.711903207139358
2075-11-17,0.624695857412597
2075-11-18,0.6145579480013449
2075-11-19,0.6715989826050549
2075-11-20,0.6499398067614354
2075-11-21,0.5787350002355888
2075-11-22,0.5200921554541331
2075-11-23,0.47323363005372254
2075-11-24,0.4355534380253658
2075-11-25,0.40504186847052465
2075-11-26,0.3959057387023697
2075-11-27,0.39480585771156984
2075-11-28,0.37164911593111943
2075-11-29,0.4226505501756184
2075-11-30,0.5465800440487495
2075-12-01,0.5691120774966479
2075-12-02,0.5116755563122953
2075-12-03,0.5050267775019534
2075-12-04,0.9350607467947983
2075-12-05,1.3106506396295066
2075-12-06,1.1626182872957236
2075-12-07,1.1021827874521248
2075-12-08,1.381271496322163
2075-12-09,1.5986267510712395
2075-12-10,1.4002680917861243
2075-12-11,1.1665341296946339
2075-12-12,0.9873409202157469
2075-12-13,1.1600397968308072
2075-12-14,1.3160033206895974
2075-12-15,1.1050425244276267
2075-12-16,1.3815493131163723
2075-12-17,1.629635559856162
2075-12-18,1.4822684697634134
2075-12-19,1.3782884818806995
2075-12-20,1.1807659363542886
2075-12-21,1.1149491198072377
2075-12-22,1.0464233055131453
2075-12-23,1.623514475953767
2075-12-24,2.1369470782182347
2075-12-25,1.7518555555279907
2075-12-26,1.4500257736529667
2075-12-27,1.4796835850326735
2075-12-28,2.055536159894572
2075-12-29,3.312869330794468
2075-12-30,3.7790183153945733
2075-12-31,2.9768834359970273
2076-01-01,2.848581594759113
2076-01-02,3.001692929131972
2076-01-03,2.633464975488445
2076-01-04,2.137993490972672
2076-01-05,1.7660131882608887
2076-01-06,1.4842097023447367
2076-01-07,1.297398131715502
2076-01-08,1.1640557137793275
2076-01-09,1.0215055199944376
2076-01-10,1.641676334766207
2076-01-11,2.221370295836764
2076-01-12,1.9943628878150665
2076-01-13,2.4099538128618465
2076-01-14,2.9343744699820182
2076-01-15,3.7319557204035387
2076-01-16,4.976906391299946
2076-01-17,6.342907259224294
2076-01-18,6.449127117874197
2076-01-19,4.970815525185096
2076-01-20,3.899264243247069
2076-01-21,3.1175527113141475
2076-01-22,2.54038039777245
2076-01-23,2.1093805401775403
2076-01-24,1.7841312667122313
2076-01-25,1.536248293237458
2076-01-26,1.3455473590612248
2076-01-27,1.1975089093359421
2076-01-28,1.081577186950731
2076-01-29,0.9900029392711841
2076-01-30,0.9170464240548029
2076-01-31,0.8827156534057816
2076-02-01,1.0248444280778044
2076-02-02,1.5185207794723974
2076-02-03,2.1574179547816486
2076-02-04,3.093543829252217
2076-02-05,4.085015403814787
2076-02-06,3.9839007165744253
2076-02-07,3.2374238191602664
2076-02-08,2.650029481204361
2076-02-09,2.333569834582322
2076-02-10,2.1158362692484887
2076-02-11,1.844496452505191
2076-02-12,1.6262412226926617
2076-02-13,1.4558474225630411
2076-02-14,1.6073749183674817
2076-02-15,1.6957684101905939
2076-02-16,1.4811586179033167
2076-02-17,1.3147765496675532
2076-02-18,1.1849819263248274
2076-02-19,1.0828206265415803
2076-02-20,1.0016939677387777
2076-02-21,0.936696220191415
2076-02-22,0.8841504397463898
2076-02-23,0.8412797200847555
2076-02-24,0.8059720078653271
2076-02-25,0.77661027197465
2076-02-26,0.7519487905447154
2076-02-27,0.7310222928882216
2076-02-28,0.7130787174859067
2076-02-29,0.6975290879027334
2076-03-01,0.6839098946203669
2076-03-02,0.6718546814138011
2076-03-03,0.6610724540182823
2076-03-04,0.6513311789708139
2076-03-05,0.6424451041494313
2076-03-06,0.6342649657328282
2076-03-07,0.6266703875175873
2076-03-08,0.6195639543698477
2076-03-09,0.6128665706190369
2076-03-10,0.6065138094798053
2076-03-11,0.6412765702894315
2076-03-12,1.0957750896716216
2076-03-13,1.475166299619578
2076-03-14,1.2902350402706404
2076-03-15,1.2969159160049248
2076-03-16,1.3154184018227666
2076-03-17,1.166220216299151
2076-03-18,1.0690919604447793
2076-03-19,0.9906166577399097
2076-03-20,0.9106628179816898
2076-03-21,0.8658867800628579
2076-03-22,0.8280505085272933
2076-03-23,0.7797805460590058
2076-03-24,0.7415706854010059
2076-03-25,0.9047733543860171
2076-03-26,1.2179613321896399
2076-03-27,1.8543555834842058
2076-03-28,2.385010052571951
2076-03-29,2.1414319397374326
2076-03-30,1.8225621914469627
2076-03-31,1.5581324070455282
2076-04-01,1.355066304140032
2076-04-02,1.19788637517571
2076-04-03,1.0751561384143542
2076-04-04,0.9785024305143156
2076-04-05,0.9017381238892822
2076-04-06,0.8402521998264145
2076-04-07,0.7905808791893133
2076-04-08,0.7501028835283184
2076-04-09,0.716820774657427
2076-04-10,0.6892026231538019
2076-04-11,0.6660663805157144
2076-04-12,0.6464947609086487
2076-04-13,0.71188443884248
2076-04-14,0.9369322638029045
2076-04-15,1.0417287073636197
2076-04-16,0.9586904239648266
2076-04-17,0.8948884969111855
2076-04-18,0.8608140931244695
2076-04-19,0.852314090082671
2076-04-20,0.8269339569619181
2076-04-21,0.7737258835252354
2076-04-22,0.7303044598609718
2076-04-23,0.6947876289117971
2076-04-24,0.6654758072132663
2076-04-25,0.6410614431206851
2076-04-26,0.6205326396986118
2076-04-27,0.6031019488082309
2076-04-28,0.6306054915131929
2076-04-29,0.6710124542295977
2076-04-30,0.6573440034230064
2076-05-01,0.6329436977529036
2076-05-02,0.610697955245095
2076-05-03,0.5919286259034515
2076-05-04,0.575937778132693
2076-05-05,0.5621780145312919
2076-05-06,0.5502179477737433
2076-05-07,0.5397160738705181
2076-05-08,0.5304008826576675
2076-05-09,0.5220556312514353
2076-05-10,0.5145066250688288
2076-05-11,0.5076141527510921
2076-05-12,0.5012654402536244
2076-05-13,0.4953691492965439
2076-05-14,0.48985106296297104
2076-05-15,0.4846506882304829
2076-05-16,0.4797185699647029
2076-05-17,0.47501415935679914
2076-05-18,0.4705041162427363
2076-05-19,0.46616095231274407
2076-05-20,0.47629151864959146
2076-05-21,0.48801728147327034
2076-05-22,0.4879190692559796
2076-05-23,0.48658545986839
2076-05-24,0.4774739967428016
2076-05-25,0.46932389949011705
2076-05-26,0.4620154193034258
2076-05-27,0.4553993543078703
2076-05-28,0.4493553579380447
2076-05-29,0.4437860327091286
2076-05-30,0.4386123005715144
2076-05-31,0.43376975894547615
2076-06-01,0.4292058012790709
2076-06-02,0.4248773331654971
2076-06-03,0.42074895432173004
2076-06-04,0.4167998108550557
2076-06-05,0.41348976575457846
2076-06-06,0.40992870022530914
2076-06-07,0.4062724841772462
2076-06-08,0.4027258692483489
2076-06-09,0.405584086267508
2076-06-10,0.4140586339000472
2076-06-11,0.40832870218494105
2076-06-12,0.40293007484705373
2076-06-13,0.3979463133929681
2076-06-14,0.3933198024965541
2076-06-15,0.388992491351553
2076-06-16,0.3849169140222428
2076-06-17,0.3810541510010068
2076-06-18,0.3773722040719308
2076-06-19,0.37384469633504014
2076-06-20,0.3704498289913693
2076-06-21,0.3671695415969379
2076-06-22,0.3639888341036732
2076-06-23,0.36089521796466945
2076-06-24,0.4264832659007161
2076-06-25,0.457139015448536
2076-06-26,0.44398683369888364
2076-06-27,0.4255278454863358
2076-06-28,0.41087497562174086
2076-06-29,0.3984561866054485
2076-06-30,0.3878370070295201
2076-07-01,0.37867343068151754
2076-07-02,0.3706920003481429
2076-07-03,0.363674459860953
2076-07-04,0.3574823396372743
2076-07-05,0.35952076072929423
2076-07-06,0.361963172301412
2076-07-07,0.3549336227642963
2076-07-08,0.3487963209734455
2076-07-09,0.3433032518957219
2076-07-10,0.38639466832162817
2076-07-11,0.39583300713409025
2076-07-12,0.38328685809144813
2076-07-13,0.3998761106290954
2076-07-14,0.3972242313412364
2076-07-15,0.38111726762271103
2076-07-16,0.3685037952653995
2076-07-17,0.35771584404666806
2076-07-18,0.34839389807812354
2076-07-19,0.34033254528268747
2076-07-20,0.33329726782533087
2076-07-21,0.3271004210670434
2076-07-22,0.32159130454952106
2076-07-23,0.31664845808999575
2076-07-24,0.312173656452758
2076-07-25,0.30808720731637584
2076-07-26,0.3043242541305711
2076-07-27,0.301049240120498
2076-07-28,0.30010476483255033
2076-07-29,0.2982898928226689
2076-07-30,0.294860872261194
2076-07-31,0.3322900230567553
2076-08-01,0.32950389931631524
2076-08-02,0.31854362151198456
2076-08-03,0.3108942984890661
2076-08-04,0.3042370338852702
2076-08-05,0.2983903629215419
2076-08-06,0.29320850667095083
2076-08-07,0.2885739397635773
2076-08-08,0.2843915948049118
2076-08-09,0.2805843230575939
2076-08-10,0.28050574947159557
2076-08-11,0.2812194355102695
2076-08-12,0.27946197784323107
2076-08-13,0.27677662981567885
2076-08-14,0.2728841525998346
2076-08-15,0.2693204096147421
2076-08-16,0.2660409292812292
2076-08-17,0.2629994098532581
2076-08-18,0.2601578907207635
2076-08-19,0.25748516669105914
2076-08-20,0.2549555197066066
2076-08-21,0.2790205874791971
2076-08-22,0.2734177815152358
2076-08-23,0.26580114114189063
2076-08-24,0.2611292159077434
2076-08-25,0.2569574086213832
2076-08-26,0.25319891667151845
2076-08-27,0.24978326947987925
2076-08-28,0.24665331800413728
2076-08-29,0.24569301143312192
2076-08-30,0.24489407288323198
2076-08-31,0.24189243597561752
2076-09-01,0.23905428898502046
2076-09-02,0.23641327018324923
2076-09-03,0.2339383474823388
2076-09-04,0.23160395787266666
2076-09-05,0.22938899056053616
2076-09-06,0.2272759690605715
2076-09-07,0.22525039129810118
2076-09-08,0.223300195630778
2076-09-09,0.22142734942455214
2076-09-10,0.21960420179476567
2076-09-11,0.2178240390091296
2076-09-12,0.21608818556210516
2076-09-13,0.214391638835682
2076-09-14,0.21273017264323726
2076-09-15,0.2111002182999486
2076-09-16,0.20949875564594303
2076-09-17,0.20792322294551893
2076-09-18,0.20637144224495396
2076-09-19,0.20484155741838592
2076-09-20,0.20333198265018962
2076-09-21,0.2018413595196498
2076-09-22,0.2003685211902891
2076-09-23,0.1989124624782913
2076-09-24,0.19747521064958437
2076-09-25,0.1960512748648535
2076-09-26,0.19464040541402405
2076-09-27,0.19324352082802096
2076-09-28,0.1918601118413844
2076-09-29,0.19058164664238844
2076-09-30,0.1893259666427843
2076-10-01,0.18796828436763002
2076-10-02,0.18780623939205998
2076-10-03,0.18926566676143886
2076-10-04,0.1858039897819241
2076-10-05,0.1842861983309659
2076-10-06,0.18289283500354522
2076-10-07,0.18192083746941556
2076-10-08,0.19011283469448303
2076-10-09,0.18259904063123086
2076-10-10,0.18015978290304038
2076-10-11,0.17848625374125285
2076-10-12,0.17688907336712956
2076-10-13,0.17535749198927383
2076-10-14,0.17388254257608995
2076-10-15,0.1724567295752001
2076-10-16,0.17107377457745487
2076-10-17,0.16972840800838504
2076-10-18,0.1694443034141606
2076-10-19,0.223540522625865
2076-10-20,0.2336381000976756
2076-10-21,0.2597078415014314
2076-10-22,0.31195212675598255
2076-10-23,0.3220810215458276
2076-10-24,0.3404699440061381
2076-10-25,0.370102833424328
2076-10-26,0.40098211207937934
2076-10-27,0.3835295734537089
2076-10-28,0.35049293275572446
2076-10-29,0.32479829699455615
2076-10-30,0.29652624743678485
2076-10-31,0.2737798331923233
2076-11-01,0.25520267415499237
2076-11-02,0.23993609903048385
2076-11-03,0.22731038168760087
2076-11-04,0.2168004788488678
2076-11-05,0.20821201388547975
2076-11-06,0.22057649913136068
2076-11-07,0.23113289029141904
2076-11-08,0.21918344640773568
2076-11-09,0.20963150054837631
2076-11-10,0.20159960574533645
2076-11-11,0.23111817793660125
2076-11-12,0.2789235035832873
2076-11-13,0.2758425439932641
2076-11-14,0.3086566201365807
2076-11-15,0.3290810407728761
2076-11-16,0.3032428745807657
2076-11-17,0.27823805387739986
2076-11-18,0.25799069007766007
2076-11-19,0.3521947642071818
2076-11-20,0.4081996900413753
2076-11-21,0.40906782696327526
2076-11-22,0.4027011759750109
2076-11-23,0.3588883806876672
2076-11-24,0.3240790029826213
2076-11-25,0.32452820350065364
2076-11-26,0.3239784706578364
2076-11-27,0.30864343181576
2076-11-28,0.4071171012441616
2076-11-29,0.4854255296626075
2076-11-30,0.4863212030050543
2076-12-01,0.45701605998012385
2076-12-02,0.4544269235434606
2076-12-03,0.4628511711459082
2076-12-04,0.42000090076417645
2076-12-05,0.4024993264160126
2076-12-06,0.38686906298659424
2076-12-07,0.39426741312258723
2076-12-08,0.4209434594219312
2076-12-09,0.43112624857557963
2076-12-10,0.4143509030876637
2076-12-11,0.5258044482530039
2076-12-12,0.6352614223094329
2076-12-13,0.7430564013593176
2076-12-14,0.7979591742700607
2076-12-15,0.6760570512643419
2076-12-16,0.5876017432154023
2076-12-17,0.6491738499640215
2076-12-18,0.6849135417359355
2076-12-19,0.6148193104326507
2076-12-20,0.577982322245003
2076-12-21,0.5831363256671199
2076-12-22,0.5495768666837427
2076-12-23,1.1434872730380674
2076-12-24,2.0845141130054943
2076-12-25,2.564490561811224
2076-12-26,2.386422495579508
2076-12-27,2.0230472244744595
2076-12-28,1.6279087759390594
2076-12-29,1.3302333284062682
2076-12-30,1.1039464417253553
2076-12-31,0.9425182145842044
2077-01-01,0.8267990587567957
2077-01-02,0.7521964710849853
2077-01-03,1.3731132044793821
2077-01-04,1.8816895614881153
2077-01-05,1.5298370283129215
2077-01-06,1.263080298405023
2077-01-07,1.0595310943118217
2077-01-08,0.902862319945684
2077-01-09,0.7812859158011752
2077-01-10,0.686201717881903
2077-01-11,0.6112747577467915
2077-01-12,0.551797012283073
2077-01-13,0.5042406567680396
2077-01-14,1.3088261349976882
2077-01-15,1.442759621193242
2077-01-16,1.349334785904439
2077-01-17,2.123049318523137
2077-01-18,2.6262394726403477
2077-01-19,2.362519629249088
2077-01-20,2.1798711357883653
2077-01-21,2.1681900308199635
2077-01-22,2.943867558723427
2077-01-23,3.367330049221446
2077-01-24,3.1111341418370895
2077-01-25,2.7061009482686944
2077-01-26,2.180492619374741
2077-01-27,1.787098397869011
2077-01-28,1.4899174071326644
2077-01-29,1.2632873737376669
2077-01-30,1.0889130824487512
2077-01-31,0.9536025598164413
2077-02-01,0.8477438870692114
2077-02-02,0.7642660109696428
2077-02-03,0.8330413854471644
2077-02-04,0.9070350213270734
2077-02-05,0.8110039212898217
2077-02-06,0.7349557146559081
2077-02-07,0.6743504662508576
2077-02-08,0.6256725251092032
2077-02-09,0.5862647701759599
2077-02-10,0.5554840144718264
2077-02-11,0.5299417066820363
2077-02-12,0.507586517623799
2077-02-13,0.48888182976096495
2077-02-14,0.473097318524449
2077-02-15,0.6639072354864061
2077-02-16,0.9546601760586202
2077-02-17,1.0209067423460578
2077-02-18,0.9738254575016024
2077-02-19,0.8602617509173712
2077-02-20,0.7709413446953938
2077-02-21,0.70020713657164
2077-02-22,0.6437512804050289
2077-02-23,0.5983376888957085
2077-02-24,0.648002173346032
2077-02-25,1.2548846408439334
2077-02-26,1.6921994474263695
2077-02-27,1.6496754853337394
2077-02-28,1.60716894255442
2077-03-01,1.4285097447094721
2077-03-02,1.4011409888749486
2077-03-03,1.344956811997131
2077-03-04,1.1986183034097555
2077-03-05,1.0409007192378
2077-03-06,0.9179880305927687
2077-03-07,0.8215693465290962
2077-03-08,0.7453266172084861
2077-03-09,0.684559836494123
2077-03-10,0.6357441527869778
2077-03-11,0.5962159955943366
2077-03-12,0.5639483952266552
2077-03-13,0.5373886415917327
2077-03-14,0.5153399588636712
2077-03-15,0.49687455551342996
2077-03-16,0.48126923942877253
2077-03-17,0.46795739806038567
2077-03-18,0.45649294077346525
2077-03-19,0.44652305012596055
2077-03-20,0.43776746551662143
2077-03-21,0.4300026431076753
2077-03-22,0.4230495786211135
2077-03-23,0.41676439790904757
2077-03-24,0.4465664141348446
2077-03-25,0.4768162568521774
2077-03-26,0.4604625360713004
2077-03-27,0.4618848795951565
2077-03-28,0.5724245734868058
2077-03-29,0.6729405866957235
2077-03-30,0.6232327399702985
2077-03-31,0.5776990415570552
2077-04-01,0.5407577704705279
2077-04-02,0.5106101692926299
2077-04-03,0.5698713531600897
2077-04-04,0.6457222152069081
2077-04-05,0.8872981315257912
2077-04-06,1.1364084855521577
2077-04-07,1.0087909967257682
2077-04-08,0.9287736620613197
2077-04-09,0.8679986082273347
2077-04-10,1.157257733583936
2077-04-11,1.68970298780997
2077-04-12,1.6550027045839897
2077-04-13,1.384852337535203
2077-04-14,1.1780431651192402
2077-04-15,1.0185717307670574
2077-04-16,1.1582107981240914
2077-04-17,1.348980224403103
2077-04-18,1.1797110355313087
2077-04-19,1.1152055454791692
2077-04-20,1.100116270675046
2077-04-21,1.059933503648209
2077-04-22,1.7255445279542048
2077-04-23,4.284821896914763
2077-04-24,5.755667372744594
2077-04-25,4.397088083703028
2077-04-26,3.4462439481990637
2077-04-27,2.7506728308360753
2077-04-28,2.2357320722333505
2077-04-29,1.8502866081244163
2077-04-30,1.5588018149424858
2077-05-01,1.3362459830542077
2077-05-02,1.164766150622197
2077-05-03,1.0540088874900082
2077-05-04,0.9632940755029841
2077-05-05,0.9629664132577621
2077-05-06,0.9759145716183012
2077-05-07,0.9454655611594586
2077-05-08,1.3456009281109027
2077-05-09,1.6212962676906646
2077-05-10,1.409857199673154
2077-05-11,1.3046737550360987
2077-05-12,1.1846269307151986
2077-05-13,1.057183724246957
2077-05-14,0.9915798130166301
2077-05-15,0.9181748411538614
2077-05-16,0.8386670730000626
2077-05-17,0.8700858974755642
2077-05-18,0.9404664339625154
2077-05-19,0.8671984366133976
2077-05-20,0.7972808765977212
2077-05-21,0.7411288127915383
2077-05-22,0.6957656006114897
2077-05-23,0.6588058708497405
2077-05-24,0.6284301231197659
2077-05-25,0.6032415045810733
2077-05-26,0.5821611284239915
2077-05-27,0.564350947217457
2077-05-28,0.5491565000145945
2077-05-29,0.5419358690141654
2077-05-30,0.5340611373395924
2077-05-31,0.5344590553865473
2077-06-01,0.5330415971740542
2077-06-02,0.5207156075904721
2077-06-03,0.5098648033164829
2077-06-04,0.5003066141194837
2077-06-05,0.4918023977702579
2077-06-06,0.48416130066902346
2077-06-07,0.4772301064788031
2077-06-08,0.47088536692697325
2077-06-09,0.4650272728881093
2077-06-10,0.4595748594249321
2077-06-11,0.4544622383916725
2077-06-12,0.4496356263121442
2077-06-13,0.4450509905238471
2077-06-14,0.44067217804196734
2077-06-15,0.4364694228611996
2077-06-16,0.43241815110668735
2077-06-17,0.4284980214883561
2077-06-18,0.42469215231673463
2077-06-19,0.42375987206137977
2077-06-20,0.42978428003778174
2077-06-21,0.4306117269195598
2077-06-22,0.4248210484432904
2077-06-23,0.41944535266730903
2077-06-24,0.414455968101691
2077-06-25,0.4097900015811162
2077-06-26,0.40539606735760775
2077-06-27,0.40123206201436684
2077-06-28,0.39726339256069293
2077-06-29,0.3934615605864866
2077-06-30,0.38980302722425736
2077-07-01,0.3862683003714165
2077-07-02,0.3850806767674062
2077-07-03,0.3858258045834486
2077-07-04,0.3862146242247068
2077-07-05,0.385135728527988
2077-07-06,0.3807712797896681
2077-07-07,0.3762888280127395
2077-07-08,0.3720919708434604
2077-07-09,0.36813866330510886
2077-07-10,0.3643913718930483
2077-07-11,0.36081922713784986
2077-07-12,0.3580846307300889
2077-07-13,0.35542087273497835
2077-07-14,0.35210417739170125
2077-07-15,0.3488658953693841
2077-07-16,0.3458047981553682
2077-07-17,0.3428220594357762
2077-07-18,0.3398702321996927
2077-07-19,0.3369763456829536
2077-07-20,0.334149743909951
2077-07-21,0.33138309681813677
2077-07-22,0.32867024335734635
2077-07-23,0.32600599222677423
2077-07-24,0.3233859581679127
2077-07-25,0.3208064271742471
2077-07-26,0.3182642452757502
2077-07-27,0.31575672658839493
2077-07-28,0.3132815771425998
2077-07-29,0.31083683166369724
2077-07-30,0.3091321709146427
2077-07-31,0.3076865053633977
2077-08-01,0.3052035851812276
2077-08-02,0.3026920494423875
2077-08-03,0.30022976103493687
2077-08-04,0.2978456392430988
2077-08-05,0.2954851681125887
2077-08-06,0.2931407660813201
2077-08-07,0.29083135069090454
2077-08-08,0.2885545209562684
2077-08-09,0.28630799440532667
2077-08-10,0.2840898193376127
2077-08-11,0.28189832172689966
2077-08-12,0.2797320610240509
2077-08-13,0.2775897933052593
2077-08-14,0.2754704404941271
2077-08-15,0.2733730646154951
2077-08-16,0.27129684622520617
2077-08-17,0.26924106631156747
2077-08-18,0.26720509108788437
2077-08-19,0.26518835919644906
2077-08-20,0.26319037092709513
2077-08-21,0.26121067912130075
2077-08-22,0.2592886564504974
2077-08-23,0.2575770788185397
2077-08-24,0.2558410941758459
2077-08-25,0.25388488889735933
2077-08-26,0.2519507400009189
2077-08-27,0.2500386804630497
2077-08-28,0.24823256780897626
2077-08-29,0.24649868268555145
2077-08-30,0.24464214177856194
2077-08-31,0.2427867773994059
2077-09-01,0.24095232532830346
2077-09-02,0.23913791061814638
2077-09-03,0.2374491605212269
2077-09-04,0.235765988692487
2077-09-05,0.2340590776178463
2077-09-06,0.2324667596571722
2077-09-07,0.23083118505618327
2077-09-08,0.22910378709039214
2077-09-09,0.22736707336823622
2077-09-10,0.22564842665442011
2077-09-11,0.2239504186503415
2077-09-12,0.22227190712225364
2077-09-13,0.22061214899225687
2077-09-14,0.21896992166764298
2077-09-15,0.21734444828161045
2077-09-16,0.21573524173052883
2077-09-17,0.21415975431525988
2077-09-18,0.21259355717020637
2077-09-19,0.21102726055770216
2077-09-20,0.20947550988857336
2077-09-21,0.2079381117152743
2077-09-22,0.2064276671866632
2077-09-23,0.22381224663433155
2077-09-24,0.23965354851784224
2077-09-25,0.212149807594604
2077-09-26,0.20801103254726216
2077-09-27,0.20607975278818624
2077-09-28,0.20390874652569066
2077-09-29,0.20173171840538928
2077-09-30,0.19968084460223046
2077-10-01,0.24750766795637325
2077-10-02,0.2272941472844158
2077-10-03,0.2331923177405908
2077-10-04,0.2859801501837205
2077-10-05,0.28812876704856855
2077-10-06,0.27127231651878964
2077-10-07,0.26735944137990725
2077-10-08,0.2795717565048611
2077-10-09,0.2905546496331301
2077-10-10,0.29800033218874994
2077-10-11,0.28795609027907115
2077-10-12,0.2701784617938269
2077-10-13,0.25552319445947563
2077-10-14,0.2796343629447324
2077-10-15,0.28476015782029473
2077-10-16,0.3524891706744662
2077-10-17,0.4085604765837163
2077-10-18,0.4204750665717076
2077-10-19,0.519961053954725
2077-10-20,0.5639032959310734
2077-10-21,0.5922253144522721
2077-10-22,0.5809014490849482
2077-10-23,0.5193422372495743
2077-10-24,0.5014024768416093
2077-10-25,0.4631524900099178
2077-10-26,0.4129358929381554
2077-10-27,0.3730273335017986
2077-10-28,0.34091592920674757
2077-10-29,0.31491038551690914
2077-10-30,0.2937123231661514
2077-10-31,0.2763188771349245
2077-11-01,0.5083250586931807
2077-11-02,0.8809691098952094
2077-11-03,0.9333999413402413
2077-11-04,0.8607006609719278
2077-11-05,0.7739080844688623
2077-11-06,0.8524654343255541
2077-11-07,1.037834683589088
2077-11-08,1.1378266396217487
2077-11-09,1.2893907508210418
2077-11-10,1.3814911938445136
2077-11-11,1.3593211099129572
2077-11-12,1.2197191351895478
2077-11-13,1.0141403919444099
2077-11-14,0.8562327477573048
2077-11-15,1.0685276295672153
2077-11-16,1.2973051565995561
2077-11-17,1.3541879131943102
2077-11-18,1.3545025054575186
2077-11-19,1.1233603944472705
2077-11-20,1.2534579467131965
2077-11-21,1.3730962665333353
2077-11-22,1.256984903508543
2077-11-23,1.1771947059324155
2077-11-24,0.9917064598076043
2077-11-25,0.8485917216740612
2077-11-26,0.7373025475429378
2077-11-27,0.6783159742905291
2077-11-28,0.6419032180958772
2077-11-29,0.5750931917716808
2077-11-30,0.5217428408437087
2077-12-01,0.5595679243057182
2077-12-02,0.5986048543964705
2077-12-03,0.5967127110822633
2077-12-04,0.5985575009476055
2077-12-05,0.591528222812618
2077-12-06,0.5896667397368308
2077-12-07,0.5632941368416554
2077-12-08,0.8765393251854832
2077-12-09,1.1107887439429869
2077-12-10,0.9876282711589032
2077-12-11,0.8997239085932792
2077-12-12,0.7800478009777985
2077-12-13,0.68644401226207
2077-12-14,0.6126874378315339
2077-12-15,0.5541358196308518
2077-12-16,0.5073127778551062
2077-12-17,0.6780260302881911
2077-12-18,0.8992184201371449
2077-12-19,0.8401552501082524
2077-12-20,0.7344528743377294
2077-12-21,0.6514637203557789
2077-12-22,0.5858296331643617
2077-12-23,0.9321283603086026
2077-12-24,1.2788335790194287
2077-12-25,1.2544563686714434
2077-12-26,1.2069271747564037
2077-12-27,1.0231894008172933
2077-12-28,0.8878498076130353
2077-12-29,0.8878568557683529
2077-12-30,0.8956063770149965
2077-12-31,0.7944577401807874
2078-01-01,0.7033384941343579
2078-01-02,0.6882624313351123
2078-01-03,0.9457166279939032
2078-01-04,1.543381075726683
2078-01-05,1.7435862598621419
2078-01-06,1.4393864366088296
2078-01-07,1.2078588547575415
2078-01-08,1.0302867809080676
2078-01-09,0.8929262230410507
2078-01-10,0.9740759630067451
2078-01-11,0.9813406609684381
2078-01-12,1.1300607732591939
2078-01-13,1.267218875720004
2078-01-14,1.0784735303934643
2078-01-15,0.9326019644045728
2078-01-16,0.9174135101250425
2078-01-17,0.9743489446126099
2078-01-18,0.907923699057858
2078-01-19,0.8009251985679513
2078-01-20,0.7167513291425752
2078-01-21,0.650049021460874
2078-01-22,0.5967849863536104
2078-01-23,0.724973844408003
2078-01-24,0.8458449891324687
2078-01-25,0.8071088004838917
2078-01-26,0.7829194316902734
2078-01-27,0.8119241198890054
2078-01-28,0.8442628806493047
2078-01-29,0.7512591687623361
2078-01-30,0.6777090876758378
2078-01-31,0.6191611530680531
2078-02-01,0.5721979347974179
2078-02-02,0.5342372321367429
2078-02-03,0.5033140737502991
2078-02-04,0.47792325205224123
2078-02-05,0.45690458060121447
2078-02-06,0.4393585940098961
2078-02-07,0.42669322495511386
2078-02-08,0.4226782818027422
2078-02-09,0.413290303890117
2078-02-10,0.40201920562206706
2078-02-11,0.5446932310150999
2078-02-12,0.6668078300635353
2078-02-13,0.6062455827739842
2078-02-14,0.5954953659122805
2078-02-15,0.6011628676552033
2078-02-16,0.556997296585626
2078-02-17,0.5178848309572566
2078-02-18,0.48612547370655584
2078-02-19,0.46013358619034567
2078-02-20,0.4386902271936545
2078-02-21,0.42085267606334825
2078-02-22,0.40588769652926354
2078-02-23,0.3932219398858546
2078-02-24,0.38240482416758464
2078-02-25,0.3730805654354348
2078-02-26,0.36496697203935785
2078-02-27,0.35783927094278684
2078-02-28,0.35151770265914467
2078-03-01,0.34585795602168995
2078-03-02,0.435486307106395
2078-03-03,0.680867554725055
2078-03-04,0.7495572729698812
2078-03-05,0.7338021665364032
2078-03-06,0.7292760732868336
2078-03-07,0.6508932936711046
2078-03-08,0.5886983285525957
2078-03-09,0.5394673949128818
2078-03-10,0.4996056417257791
2078-03-11,0.5295083464125377
2078-03-12,0.6889451400298253
2078-03-13,0.9925324558225891
2078-03-14,1.1576118421500663
2078-03-15,1.0262435142299007
2078-03-16,0.8856708808547972
2078-03-17,0.7755483743195458
2078-03-18,0.6891033854409486
2078-03-19,0.6331931485714434
2078-03-20,0.5881407081087217
2078-03-21,0.5403880620395803
2078-03-22,0.5015829532510027
2078-03-23,0.47006973262013413
2078-03-24,0.4442825987893684
2078-03-25,0.4230160073656075
2078-03-26,0.4053363005552357
2078-03-27,0.39051637543206213
2078-03-28,0.3779870293815966
2078-03-29,0.36730047495461476
2078-03-30,0.3640954407161303
2078-03-31,0.5477989896437169
2078-04-01,0.7414740616522676
2078-04-02,1.0955488098709445
2078-04-03,1.7227859434382118
2078-04-04,1.837228647040508
2078-04-05,1.8927850724248287
2078-04-06,1.867456726987948
2078-04-07,1.946842533942945
2078-04-08,2.1350198139125833
2078-04-09,2.026797790199787
2078-04-10,1.9089188910597488
2078-04-11,1.6539707876655803
2078-04-12,1.4316277331786837
2078-04-13,1.5048173614749665
2078-04-14,1.6159567304848388
2078-04-15,1.4193987105239956
2078-04-16,1.225342404211609
2078-04-17,1.1538544667159412
2078-04-18,1.119184227347998
2078-04-19,1.0237824619891502
2078-04-20,0.912667641593822
2078-04-21,1.0400336574113849
2078-04-22,1.1541691531601541
2078-04-23,1.0741867513407595
2078-04-24,1.4325002736073686
2078-04-25,1.716631684593483
2078-04-26,1.4779498575524064
2078-04-27,1.2550681883674657
2078-04-28,1.0832985067424519
2078-04-29,0.9500505636493145
2078-04-30,0.8458273899048764
2078-05-01,0.763648547414049
2078-05-02,0.6983369114222207
2078-05-03,0.7461843234018
2078-05-04,0.7984740725514112
2078-05-05,0.72607206232107
2078-05-06,0.815274544259745
2078-05-07,1.0608035602117327
2078-05-08,1.264383380119287
2078-05-09,1.4852567455591859
2078-05-10,1.6383541319353025
2078-05-11,1.5835930282490203
2078-05-12,1.4060326954146503
2078-05-13,1.2376478163056766
2078-05-14,1.0739141818402904
2078-05-15,0.9464052627714462
2078-05-16,1.0955460040635765
2078-05-17,1.4776171225703545
2078-05-18,1.4788572080827247
2078-05-19,1.2622383457890727
2078-05-20,1.0951727565714564
2078-05-21,0.9654045078819716
2078-05-22,0.9092936392715879
2078-05-23,0.8957663730088106
2078-05-24,0.9656467165316608
2078-05-25,0.9910374379622636
2078-05-26,0.8836472392147589
2078-05-27,0.7991002342997207
2078-05-28,0.7319661161905938
2078-05-29,0.6832764738075588
2078-05-30,0.6419078351862927
2078-05-31,0.6052929054467178
2078-06-01,0.584144033958596
2078-06-02,0.5778816661442118
2078-06-03,0.5565429193814695
2078-06-04,0.5344259665094613
2078-06-05,0.5158561003215933
2078-06-06,0.5001455357929613
2078-06-07,0.48672696580246994
2078-06-08,0.47515402911910715
2078-06-09,0.4650738911101189
2078-06-10,0.4562064183098528
2078-06-11,0.4483282693189308
2078-06-12,0.4412606746391021
2078-06-13,0.4348600011835177
2078-06-14,0.42901043089547897
2078-06-15,0.42361825311156703
2078-06-16,0.42065245447333943
2078-06-17,0.4172076403155456
2078-06-18,0.41232809961983957
2078-06-19,0.40773423146032667
2078-06-20,0.40340081953801193
2078-06-21,0.3992878178713772
2078-06-22,0.39536231434359287
2078-06-23,0.3915971858865157
2078-06-24,0.38797002066770747
2078-06-25,0.38446225149270746
2078-06-26,0.3810584568860687
2078-06-27,0.3777457957430559
2078-06-28,0.3745135487305013
2078-06-29,0.3713527452695024
2078-06-30,0.36825585933722954
2078-07-01,0.3652165607691272
2078-07-02,0.3622295114454282
2078-07-03,0.35929019787411204
2078-07-04,0.3563947933639155
2078-07-05,0.35354004431382596
2078-07-06,0.3507231762051846
2078-07-07,0.3479418157276502
2078-07-08,0.3451939261461834
2078-07-09,0.3424777535583075
2078-07-10,0.3397917821268701
2078-07-11,0.337134696725032
2078-07-12,0.3350086467802962
2078-07-13,0.3328684200554984
2078-07-14,0.33201394049315996
2078-07-15,0.33602162859329865
2078-07-16,0.3305872840127057
2078-07-17,0.327225728647953
2078-07-18,0.32575970067605103
2078-07-19,0.3241727265268857
2078-07-20,0.32086327114014107
2078-07-21,0.3177027938517406
2078-07-22,0.3146800749781035
2078-07-23,0.3117755826311909
2078-07-24,0.3089731213671698
2078-07-25,0.30625922996372085
2078-07-26,0.30362269327681957
2078-07-27,0.30105414550478177
2078-07-28,0.2985457469113859
2078-07-29,0.2960909197532115
2078-07-30,0.2936841320540564
2078-07-31,0.291320720150588
2078-08-01,0.2889967427352657
2078-08-02,0.28670886055032724
2078-08-03,0.2844542370213832
2078-08-04,0.28229645041045653
2078-08-05,0.2803836004316294
2078-08-06,0.27867459968449354
2078-08-07,0.2766829731975439
2078-08-08,0.27445888680898806
2078-08-09,0.2722717155197233
2078-08-10,0.2701201092260686
2078-08-11,0.268001122216545
2078-08-12,0.26619994587166634
2078-08-13,0.2643854279853362
2078-08-14,0.2622916204216868
2078-08-15,0.26022945910068157
2078-08-16,0.2581981835287844
2078-08-17,0.2561954497483612
2078-08-18,0.2542192580765245
2078-08-19,0.2522678976440889
2078-08-20,0.25033990025733893
2078-08-21,0.24843400194956886
2078-08-22,0.24654911088765355
2078-08-23,0.24469166240656684
2078-08-24,0.24510104768844612
2078-08-25,0.24571069113965924
2078-08-26,0.24073547693689124
2078-08-27,0.23877610542406658
2078-08-28,0.23685524157560123
2078-08-29,0.23497219077662668
2078-08-30,0.23316869524655617
2078-08-31,0.23164273179843095
2078-09-01,0.230045849938455
2078-09-02,0.22822346529372037
2078-09-03,0.22650205244271146
2078-09-04,0.2247912578784408
2078-09-05,0.2230443541643733
2078-09-06,0.2213241304718719
2078-09-07,0.21962912154183112
2078-09-08,0.21795744878580692
2078-09-09,0.21630750633712229
2078-09-10,0.2146779176335175
2078-09-11,0.22586910666272597
2078-09-12,0.22577218482425598
2078-09-13,0.2149788824062275
2078-09-14,0.21220094203044318
2078-09-15,0.2103467360946485
2078-09-16,0.20896862510226924
2078-09-17,0.20797610995524096
2078-09-18,0.25398906524569903
2078-09-19,0.22524027896131674
2078-09-20,0.21789521056597702
2078-09-21,0.2143402712513425
2078-09-22,0.22581040395591434
2078-09-23,0.22066495407866382
2078-09-24,0.21423281018506954
2078-09-25,0.21017889180145619
2078-09-26,0.20657277723471426
2078-09-27,0.20334141565297703
2078-09-28,0.20042109473800798
2078-09-29,0.19775983735265343
2078-09-30,0.19531511876057814
2078-10-01,0.19305205222674537
2078-10-02,0.1909419417268988
2078-10-03,0.1889611235333061
2078-10-04,0.18709003597902887
2078-10-05,0.18531247011178664
2078-10-06,0.18361496424832166
2078-10-07,0.18198631338610524
2078-10-08,0.18042083291753216
2078-10-09,0.1789050378523267
2078-10-10,0.17743207116610674
2078-10-11,0.17599886082821226
2078-10-12,0.1746007684302141
2078-10-13,0.17323388439253962
2078-10-14,0.1718949066305696
2078-10-15,0.17058388609311173
2078-10-16,0.16929404296835593
2078-10-17,0.16802317091110722
2078-10-18,0.16677137749264923
2078-10-19,0.16553718628061218
2078-10-20,0.16431933365799462
2078-10-21,0.1631167354118834
2078-10-22,0.16192845878588683
2078-10-23,0.16075369906616657
2078-10-24,0.15959175993596947
2078-10-25,0.16102931879991966
2078-10-26,0.16194240738736335
2078-10-27,0.1679945457989335
2078-10-28,0.18459436086454425
2078-10-29,0.17054758902344805
2078-10-30,0.16671458587061824
2078-10-31,0.1642557032328248
2078-11-01,0.16159549634390893
2078-11-02,0.1603255690381707
2078-11-03,0.15931642259212758
2078-11-04,0.156929649999046
2078-11-05,0.1548440230221151
2078-11-06,0.15293128366514758
2078-11-07,0.16746151884561475
2078-11-08,0.19908787591765584
2078-11-09,0.18565480559271616
2078-11-10,0.1774420364105996
2078-11-11,0.17150392429546693
2078-11-12,0.16643116194548127
2078-11-13,0.16206515876766528
2078-11-14,0.21280178797605878
2078-11-15,0.24341339842498153
2078-11-16,0.2327455823967226
2078-11-17,0.21661989467273235
2078-11-18,0.20459130872804046
2078-11-19,0.1934920770738585
2078-11-20,0.18431763055560946
2078-11-21,0.17662683235310186
2078-11-22,0.17013617115890448
2078-11-23,0.16576263032626856
2078-11-24,0.1631807904318007
2078-11-25,0.15882879477099554
2078-11-26,0.2006718559390679
2078-11-27,0.21803685468225834
2078-11-28,0.23964138425033202
2078-11-29,0.23555010026432546
2078-11-30,0.36829467402388555
2078-12-01,0.455218277333224
2078-12-02,0.4083419050850791
2078-12-03,0.3582005890567422
2078-12-04,0.33210216937311
2078-12-05,0.34122001988002687
2078-12-06,0.3261397688505616
2078-12-07,0.3208109824189725
2078-12-08,0.3168279984808195
2078-12-09,0.37476567409415856
2078-12-10,0.45253316762933027
2078-12-11,0.43676106681761956
2078-12-12,0.38228877278108114
2078-12-13,0.33923251437057994
2078-12-14,0.3777673658679727
2078-12-15,0.3985419182349374
2078-12-16,0.35237927096238125
2078-12-17,0.3158485682963013
2078-12-18,0.28646221634437513
2078-12-19,0.2657473179063315
2078-12-20,0.33206995098756314
2078-12-21,0.4140597478159365
2078-12-22,0.4289676417971353
2078-12-23,0.41273399538470135
2078-12-24,0.4602392005637154
2078-12-25,0.49848719514034895
2078-12-26,0.7636705335009827
2078-12-27,1.0476897982339706
2078-12-28,1.3155678261489814
2078-12-29,1.7104303672678312
2078-12-30,1.906375553982558
2078-12-31,1.8921560541918419
2079-01-01,1.959801384790065
2079-01-02,2.10722360461974
2079-01-03,2.1391296101894723
2079-01-04,1.9641332591266014
2079-01-05,1.8430220388708947
2079-01-06,1.8515678833241644
2079-01-07,1.5810232539955607
2079-01-08,1.347815458676074
2079-01-09,1.1753584088427036
2079-01-10,1.4483431201536643
2079-01-11,1.694009352428666
2079-01-12,1.3860576893389138
2079-01-13,1.151688335909263
2079-01-14,0.972089162892802
2079-01-15,0.8333032027366595
2079-01-16,0.7251994400389624
2079-01-17,0.8287753563985224
2079-01-18,0.9287617519543163
2079-01-19,0.8008380507063048
2079-01-20,0.7008962315961346
2079-01-21,0.6222914932498701
2079-01-22,0.6878804494952768
2079-01-23,0.7647228640229794
2079-01-24,0.7607539078202735
2079-01-25,0.7987268176909437
2079-01-26,0.9173001871920761
2079-01-27,1.1213182529290915
2079-01-28,1.268818600159097
2079-01-29,1.2706200966766394
2079-01-30,1.220736715617125
2079-01-31,1.132207677710471
2079-02-01,0.9652275944817424
2079-02-02,0.8357459959070432
2079-02-03,0.7345948929874994
2079-02-04,0.6549662891656384
2079-02-05,0.5918094299615534
2079-02-06,0.5485749805835322
2079-02-07,0.6879196724467773
2079-02-08,0.8615403672115397
2079-02-09,0.8550148777135091
2079-02-10,0.8849437039942377
2079-02-11,1.0620557106376103
2079-02-12,1.154031208347087
2079-02-13,1.0669374620367749
2079-02-14,0.9475561625529733
2079-02-15,0.8295376177936494
2079-02-16,0.7326442576805471
2079-02-17,0.6642223418052061
2079-02-18,0.6124991165173463
2079-02-19,0.5716857079004296
2079-02-20,0.5538266729319447
2079-02-21,0.529214476982501
2079-02-22,0.4934084713576514
2079-02-23,0.4642176070329301
2079-02-24,0.4519655543289061
2079-02-25,0.5004346018869292
2079-02-26,0.49103151952963736
2079-02-27,0.5234095505539448
2079-02-28,0.8241356226522032
2079-03-01,1.0887168144959791
2079-03-02,1.554553630410674
2079-03-03,1.875920305641433
2079-03-04,1.7218264014035982
2079-03-05,1.6149474224237226
2079-03-06,1.3442027661659246
2079-03-07,1.137281908825486
2079-03-08,0.9779596280457197
2079-03-09,0.8542516105074593
2079-03-10,0.7934189626381353
2079-03-11,0.7501706168365629
2079-03-12,0.6756153170412348
2079-03-13,0.6197535062578551
2079-03-14,0.5736278961012484
2079-03-15,0.5340524221592557
2079-03-16,0.5018465799924569
2079-03-17,0.475452811226122
2079-03-18,0.45364709092736927
2079-03-19,0.43548162752769426
2079-03-20,0.42021844772235317
2079-03-21,0.4072799433619729
2079-03-22,0.39621179386172517
2079-03-23,0.39269022593078245
2079-03-24,0.3888608063209447
2079-03-25,0.3809947790226471
2079-03-26,0.382232005411649
2079-03-27,0.38632091181745776
2079-03-28,0.4947720151485108
2079-03-29,0.6931520733979561
2079-03-30,0.7090993143643276
2079-03-31,0.6549795057462204
2079-04-01,0.7604654165728567
2079-04-02,1.10134924142062
2079-04-03,1.306204630545478
2079-04-04,1.2075620420398268
2079-04-05,1.0876519578962973
2079-04-06,1.0087658921240816
2079-04-07,0.9384471199392289
2079-04-08,0.874325807354797
2079-04-09,0.7713171418568915
2079-04-10,0.6898743436715504
2079-04-11,0.6252927620268961
2079-04-12,0.5830292098905551
2079-04-13,0.5601316624793268
2079-04-14,0.609571104123884
2079-04-15,0.6489731885185229
2079-04-16,0.5925162059999878
2079-04-17,0.5467716537779669
2079-04-18,0.509806016171258
2079-04-19,0.5231993466881242
2079-04-20,0.5736713209484664
2079-04-21,0.5749967124504165
2079-04-22,0.5624984196527848
2079-04-23,0.5592788063364705
2079-04-24,0.5270030367702843
2079-04-25,0.49274514387710505
2079-04-26,0.46469109170397155
2079-04-27,0.4416141729596217
2079-04-28,0.4224774148266077
2079-04-29,0.46621616092640944
2079-04-30,0.5841432150298907
2079-05-01,0.6058909934798384
2079-05-02,0.8279330335811158
2079-05-03,1.0805344793489926
2079-05-04,1.0182709193121897
2079-05-05,1.1241024184911004
2079-05-06,1.386385711425345
2079-05-07,1.6384355191887676
2079-05-08,1.5888687244253228
2079-05-09,1.3528045336950123
2079-05-10,1.1782105762810733
2079-05-11,1.01044460311051
2079-05-12,0.9037100791287415
2079-05-13,1.0639793479070558
2079-05-14,1.363172688826495
2079-05-15,1.3784202946294233
2079-05-16,1.2520678471101008
2079-05-17,1.1515892437415172
2079-05-18,1.0273364984560516
2079-05-19,0.9005466975752308
2079-05-20,0.797856014268766
2079-05-21,0.7169609361021337
2079-05-22,0.6527375563751084
2079-05-23,0.8187495812700819
2079-05-24,2.72320364735147
2079-05-25,4.35777735532458
2079-05-26,3.418169029297154
2079-05-27,2.712699827669788
2079-05-28,2.191093223309965
2079-05-29,2.0021582890594054
2079-05-30,2.2863641562818997
2079-05-31,2.7342494287295573
2079-06-01,2.658914500221234
2079-06-02,2.1609266556781836
2079-06-03,2.0846564199336153
2079-06-04,2.0436562688166866
2079-06-05,1.9570891678761952
2079-06-06,1.9091206607806301
2079-06-07,1.661014562811376
2079-06-08,1.4987031628841512
2079-06-09,1.3026145351960599
2079-06-10,1.167532800810855
2079-06-11,1.057614685644374
2079-06-12,0.9468776583544236
2079-06-13,0.8592744043639496
2079-06-14,0.7896359978237159
2079-06-15,0.7338217001655494
2079-06-16,0.6887151327133264
2079-06-17,0.6519536616568048
2079-06-18,0.6217338284723436
2079-06-19,0.5966701876877162
2079-06-20,0.5756920241268435
2079-06-21,0.5676433886392772
2079-06-22,0.5586296234140218
2079-06-23,0.5429824994632383
2079-06-24,0.5294511275803003
2079-06-25,0.5177122006206983
2079-06-26,0.5074251359356617
2079-06-27,0.4983192259621411
2079-06-28,0.4901784186899676
2079-06-29,0.48282960928264657
2079-06-30,0.47613358685059376
2079-07-01,0.46997800032419623
2079-07-02,0.4642718679262226
2079-07-03,0.4589412727081518
2079-07-04,0.45392597383092576
2079-07-05,0.44917672813635906
2079-07-06,0.4446531650723198
2079-07-07,0.4403220945200543
2079-07-08,0.4361561546514181
2079-07-09,0.4321327278944492
2079-07-10,0.4282330690763339
2079-07-11,0.4244416020731438
2079-07-12,0.4207453507368923
2079-07-13,0.4171334771711434
2079-07-14,0.41415013845742976
2079-07-15,0.4120684831070958
2079-07-16,0.40875947371818017
2079-07-17,0.4057156376825235
2079-07-18,0.40336071449762184
2079-07-19,0.40052759300277535
2079-07-20,0.3970604483158868
2079-07-21,0.5359111557378132
2079-07-22,0.7163251791227494
2079-07-23,0.7256213474998191
2079-07-24,0.6598704850676017
2079-07-25,0.6079674881603393
2079-07-26,0.5660747135083762
2079-07-27,0.5320046091811989
2079-07-28,0.5040813837929946
2079-07-29,0.481013456472333
2079-07-30,0.46179966624507235
2079-07-31,0.4456597852146971
2079-08-01,0.4322490231505094
2079-08-02,0.5150297907526247
2079-08-03,0.5630376288760954
2079-08-04,0.5254503862703778
2079-08-05,0.9246746900977927
2079-08-06,1.2931157663795674
2079-08-07,1.1001060558600322
2079-08-08,0.9524546098231
2079-08-09,0.837379537057239
2079-08-10,0.7469863675275575
2079-08-11,0.6754352157200022
2079-08-12,0.6183691829496277
2079-08-13,0.5725120040030619
2079-08-14,0.5353818435098465
2079-08-15,0.5050857188568231
2079-08-16,0.5006144463353371
2079-08-17,0.5211782690644097
2079-08-18,0.5234535096688752
2079-08-19,0.5009260104217614
2079-08-20,0.48266852958758105
2079-08-21,0.4667171742689013
2079-08-22,0.4472214202945351
2079-08-23,0.4308314608774355
2079-08-24,0.4169873712235754
2079-08-25,0.40518859144728986
2079-08-26,0.3950401121487006
2079-08-27,0.38622882633703126
2079-08-28,0.38002558657154867
2079-08-29,0.37355973880960963
2079-08-30,0.3671627875600143
2079-08-31,0.36141628738162046
2079-09-01,0.3562090914326755
2079-09-02,0.35144880402483875
2079-09-03,0.34706039360531676
2079-09-04,0.3429827406614103
2079-09-05,0.3391659100235748
2079-09-06,0.3355689873255249
2079-09-07,0.33215835667822885
2079-09-08,0.32890632479741577
2079-09-09,0.3257900182251466
2079-09-10,0.3227904966143729
2079-09-11,0.32010488824764266
2079-09-12,0.37997056962814546
2079-09-13,0.4703513753862892
2079-09-14,0.47543718002061414
2079-09-15,0.4439552518955145
2079-09-16,0.41917407710928334
2079-09-17,0.3987345899075097
2079-09-18,0.38174481173272673
2079-09-19,0.36843747983981395
2079-09-20,0.3752393963490799
2079-09-21,0.3807000396491335
2079-09-22,0.36597137791690676
2079-09-23,0.3562350174528665
2079-09-24,0.3479021863232474
2079-09-25,0.3379762254400566
2079-09-26,0.3314753806844932
2079-09-27,0.3256612721413885
2079-09-28,0.3185798820049462
2079-09-29,0.3123371350412188
2079-09-30,0.30680274063268304
2079-10-01,0.301851095172696
2079-10-02,0.29801050485995323
2079-10-03,0.29475696952482877
2079-10-04,0.29081605208476113
2079-10-05,0.2871780696771283
2079-10-06,0.28397404016739375
2079-10-07,0.31309037804904344
2079-10-08,0.33033611409064706
2079-10-09,0.31828095653144406
2079-10-10,0.30897261568521284
2079-10-11,0.3009731372483856
2079-10-12,0.2940389561243579
2079-10-13,0.2879727167910868
2079-10-14,0.2874876322059728
2079-10-15,0.2880120450383357
2079-10-16,0.2821972524720355
2079-10-17,0.27774231125541693
2079-10-18,0.2736048226733717
2079-10-19,0.2692782922199403
2079-10-20,0.26632581070384914
2079-10-21,0.26756445828708325
2079-10-22,0.26632967480992936
2079-10-23,0.2621545660436491
2079-10-24,0.25835836305618526
2079-10-25,0.25489512792464575
2079-10-26,0.2532876023555453
2079-10-27,0.25223771377226867
2079-10-28,0.24900232262061095
2079-10-29,0.257821856983475
2079-10-30,0.35503951346373913
2079-10-31,0.39179561075915603
2079-11-01,0.37782291822702135
2079-11-02,0.42587680664772937
2079-11-03,0.5126814144251848
2079-11-04,0.5144710232388091
2079-11-05,0.5203842744391974
2079-11-06,0.5166174520871557
2079-11-07,0.47175588286589565
2079-11-08,0.4377374041326312
2079-11-09,0.45245520893043834
2079-11-10,0.47187584702333685
2079-11-11,0.43762271728742946
2079-11-12,0.4008716565204944
2079-11-13,0.3763704953827558
2079-11-14,0.4809867635553215
2079-11-15,0.5411409551754409
2079-11-16,0.48338211446298196
2079-11-17,0.43781748828594
2079-11-18,0.4011962687689746
2079-11-19,0.3715628962854199
2079-11-20,0.3474198379631281
2079-11-21,0.32761313435650247
2079-11-22,0.31124835922842414
2079-11-23,0.29762842964766023
2079-11-24,0.2862072484993928
2079-11-25,0.2765549109227964
2079-11-26,0.2683314207251865
2079-11-27,0.26126671389342687
2079-11-28,0.2551453879504203
2079-11-29,0.2745718684782295
2079-11-30,0.31039666917867487
2079-12-01,0.3996932857662316
2079-12-02,0.48001466608268517
2079-12-03,0.490232321463099
2079-12-04,0.5158153665735351
2079-12-05,0.5008233287367323
2079-12-06,0.6915334905266876
2079-12-07,0.9070170020128837
2079-12-08,0.8520494177474784
2079-12-09,0.7502165223003402
2079-12-10,0.7138649861615597
2079-12-11,0.9394945164079492
2079-12-12,1.0496921788478177
2079-12-13,0.985436814872377
2079-12-14,1.53773174209783
2079-12-15,2.2533970655612987
2079-12-16,2.757470708774699
2079-12-17,2.8186625344995964
2079-12-18,2.4247286074516095
2079-12-19,2.1609549424414207
2079-12-20,1.7655893697598246
2079-12-21,1.801551229910457
2079-12-22,1.7923126391861948
2079-12-23,1.4728618128385966
2079-12-24,2.408005578993622
2079-12-25,3.367722203297232
2079-12-26,3.039593109286582
2079-12-27,2.418375480451868
2079-12-28,1.9566414313485723
2079-12-29,1.6101571451403778
2079-12-30,1.347571645478146
2079-12-31,1.146720244894971
2080-01-01,0.9917416984009382
2080-01-02,0.871158872292147
2080-01-03,0.7765818080691339
2080-01-04,0.7018193489360063
2080-01-05,0.6422629523591615
2080-01-06,0.6908641030745312
2080-01-07,0.8725565862371458
2080-01-08,0.7982108259504165
2080-01-09,0.7184289930343576
2080-01-10,0.9546597151043348
2080-01-11,1.177168227195111
2080-01-12,1.0337900677898824
2080-01-13,0.9283392353219627
2080-01-14,1.042166540559031
2080-01-15,1.2473431548987859
2080-01-16,1.254144539321306
2080-01-17,1.2238255984592088
2080-01-18,1.1408827810887745
2080-01-19,1.261902083272113
2080-01-20,1.4697224245111196
2080-01-21,1.6722406897795965
2080-01-22,1.8214244707812928
2080-01-23,1.7282568829635696
2080-01-24,1.6339152636222316
2080-01-25,1.6447505623194953
2080-01-26,2.37954022257904
2080-01-27,3.1647983637037953
2080-01-28,3.487593533237735
2080-01-29,4.601755705901766
2080-01-30,4.865735394289342
2080-01-31,3.800901925328637
2080-02-01,3.021032947655381
2080-02-02,2.4458351006342385
2080-02-03,2.016767984804271
2080-02-04,1.6933252048145058
2080-02-05,1.4470951181607006
2080-02-06,1.753417107792371
2080-02-07,2.0372999153680666
2080-02-08,2.2443901192230378
2080-02-09,3.1701253445280746
2080-02-10,3.51709951328257
2080-02-11,3.245140462498091
2080-02-12,2.8554202086021587
2080-02-13,2.8077585334328616
2080-02-14,2.910522638674001
2080-02-15,2.775491997530214
2080-02-16,2.6676998995982246
2080-02-17,2.29438136888832
2080-02-18,1.9261889059969797
2080-02-19,1.687135497516336
2080-02-20,1.515831892446817
2080-02-21,1.3340386447777834
2080-02-22,1.255107484285183
2080-02-23,2.316827780059009
2080-02-24,3.594912502175649
2080-02-25,3.618158262578666
2080-02-26,3.4293984381248994
2080-02-27,3.0273916484182766
2080-02-28,2.538216371123378
2080-02-29,2.158756272010369
2080-03-01,1.9982288333394527
2080-03-02,2.0494697407888025
2080-03-03,2.3189956761902084
2080-03-04,2.3359504124739114
2080-03-05,2.5851313798734417
2080-03-06,3.4308549476088106
2080-03-07,3.4550672178368718
2080-03-08,2.820465819695347
2080-03-09,2.346807650709048
2080-03-10,1.990406709346967
2080-03-11,1.7194643045869238
2080-03-12,1.5114665577107615
2080-03-13,1.3502824412813281
2080-03-14,1.2700424918766757
2080-03-15,1.2500221853739661
2080-03-16,1.1714732882521068
2080-03-17,1.082397522191187
2080-03-18,1.0109658107846033
2080-03-19,0.9533423150904228
2080-03-20,0.9064226848391165
2080-03-21,0.8678520059673868
2080-03-22,0.9159512329721616
2080-03-23,1.5989542744484504
2080-03-24,2.2036007440008354
2080-03-25,1.9182759901806623
2080-03-26,1.6582438971241664
2080-03-27,1.4582425507329286
2080-03-28,1.303220362342441
2080-03-29,1.1819552207683606
2080-03-30,1.0862360309145667
2080-03-31,1.0099985931296498
2080-04-01,0.9487254710546814
2080-04-02,0.8990244046078947
2080-04-03,0.8583289904670958
2080-04-04,0.824684063243435
2080-04-05,0.825430256210232
2080-04-06,0.8882172137380966
2080-04-07,1.3991587198020266
2080-04-08,2.1419864725337026
2080-04-09,2.141776714359617
2080-04-10,1.8230533507981181
2080-04-11,1.5796103607621494
2080-04-12,1.411752778479584
2080-04-13,1.3001116154003254
2080-04-14,1.3602010628991625
2080-04-15,1.4562153645401654
2080-04-16,1.3246247731419936
2080-04-17,1.2779890729036116
2080-04-18,1.2539415000079241
2080-04-19,1.138181039324593
2080-04-20,1.0507947576886023
2080-04-21,0.9785955317145415
2080-04-22,0.9184343430529746
2080-04-23,0.8696434176574214
2080-04-24,0.8297072116861144
2080-04-25,0.7967065834734077
2080-04-26,1.0912855911253747
2080-04-27,1.4754075712131083
2080-04-28,1.5740111207407408
2080-04-29,1.6271250372376092
2080-04-30,1.4692645784017806
2080-05-01,1.311026614935787
2080-05-02,1.1790104448358265
2080-05-03,1.0983517665408906
2080-05-04,1.262408311112513
2080-05-05,1.5431595985167192
2080-05-06,1.7033758269890609
2080-05-07,1.6890304594246206
2080-05-08,1.7729436022136198
2080-05-09,2.815739254169348
2080-05-10,3.3916422131155124
2080-05-11,2.7619434033318373
2080-05-12,2.2915930524649224
2080-05-13,1.9378491020118311
2080-05-14,1.6690630483416582
2080-05-15,1.4628364483745475
2080-05-16,1.303126512217066
2080-05-17,1.178315934860462
2080-05-18,1.0799067935713296
2080-05-19,1.001624795796534
2080-05-20,0.9387973084463502
2080-05-21,0.8879165216238385
2080-05-22,0.846329368854069
2080-05-23,0.81234893236613
2080-05-24,0.7838789208146388
2080-05-25,0.7633734617352435
2080-05-26,0.7731624229258336
2080-05-27,0.804679627951066
2080-05-28,0.8033542119823233
2080-05-29,0.7849107474662355
2080-05-30,0.7634812057308408
2080-05-31,0.7395785789840148
2080-06-01,0.9220091585783573
2080-06-02,1.186518577230102
2080-06-03,1.138557798837076
2080-06-04,1.036625583343543
2080-06-05,0.9558981276624007
2080-06-06,0.8913349712445906
2080-06-07,0.8392424019769374
2080-06-08,0.7968330402866258
2080-06-09,0.761988373207803
2080-06-10,0.7330874682896571
2080-06-11,0.7088823280675559
2080-06-12,0.6884064327425558
2080-06-13,0.670907112631833
2080-06-14,0.6557951762377465
2080-06-15,0.642607133251734
2080-06-16,0.6334680383211534
2080-06-17,0.6363499639997247
2080-06-18,0.6327878658719782
2080-06-19,0.6212793375389031
2080-06-20,0.6106095958618891
2080-06-21,0.608037093536966
2080-06-22,0.6278669451642446
2080-06-23,0.663217732010723
2080-06-24,0.6772799478451189
2080-06-25,0.672446996273332
2080-06-26,0.6564844641029027
2080-06-27,0.7080268249388495
2080-06-28,0.7768288044306789
2080-06-29,0.9942230141490639
2080-06-30,1.2773408725445898
2080-07-01,1.265542079035426
2080-07-02,1.1214608791189888
2080-07-03,1.0059427671320764
2080-07-04,0.9148513346956677
2080-07-05,0.8424280743659027
2080-07-06,0.7843714120226913
2080-07-07,0.7374430560873383
2080-07-08,0.6991874671913991
2080-07-09,0.6677300216267614
2080-07-10,0.6416304920495663
2080-07-11,0.6197757930550584
2080-07-12,0.601300852366223
2080-07-13,0.5855298013779271
2080-07-14,0.5719319637901844
2080-07-15,0.5600887031496525
2080-07-16,0.5496682957718483
2080-07-17,0.54040677502595
2080-07-18,0.5320932471120013
2080-07-19,0.5245585755036829
2080-07-20,0.5306574488257416
2080-07-21,0.5532747445494782
2080-07-22,0.617994990434234
2080-07-23,0.6663222473730316
2080-07-24,0.6542942812166291
2080-07-25,0.6217901403148898
2080-07-26,0.5953267034371484
2080-07-27,0.573261712223685
2080-07-28,0.55469716739691
2080-07-29,0.538931515546999
2080-07-30,0.5254139696565594
2080-07-31,0.5137100904855257
2080-08-01,0.5034756942086731
2080-08-02,0.4944369576605548
2080-08-03,0.48637516596134733
2080-08-04,0.4791149584452797
2080-08-05,0.4725152257873442
2080-08-06,0.4664620272317581
2080-08-07,0.46086305498715424
2080-08-08,0.47187064188337663
2080-08-09,0.4922823640498812
2080-08-10,0.4870014482127776
2080-08-11,0.47681168074327834
2080-08-12,0.4929292925243755
2080-08-13,0.4976284261994432
2080-08-14,0.5259392166654564
2080-08-15,0.5565829629771177
2080-08-16,0.5411606003332389
2080-08-17,0.5269834833484769
2080-08-18,0.5137304847767018
2080-08-19,0.49534675644654763
2080-08-20,0.4797743958373308
2080-08-21,0.46650908944457314
2080-08-22,0.45510306143188634
2080-08-23,0.44576500880070674
2080-08-24,0.43733747162172487
2080-08-25,0.42953029360409073
2080-08-26,0.4228251454400748
2080-08-27,0.6218298284529002
2080-08-28,0.7818303851402267
2080-08-29,0.801591535948574
2080-08-30,0.7964993772169527
2080-08-31,0.7202887292411938
2080-09-01,0.6636524070853113
2080-09-02,0.7592932415696495
2080-09-03,0.8345954317120264
2080-09-04,0.7554922124134089
2080-09-05,0.8478015763141628
2080-09-06,0.9096443825630928
2080-09-07,0.8077995797408369
2080-09-08,0.7276702575038727
2080-09-09,0.6639882497611126
2080-09-10,0.6129913027065315
2080-09-11,0.5718401475556002
2080-09-12,0.5383767528983824
2080-09-13,0.510949922693051
2080-09-14,0.4882883650687711
2080-09-15,0.4774877707509791
2080-09-16,0.4796131084013591
2080-09-17,0.5736257059646203
2080-09-18,0.6320028579306581
2080-09-19,0.5840606388558995
2080-09-20,0.545977500139563
2080-09-21,0.51494363163499
2080-09-22,0.4894549642570889
2080-09-23,0.46835115206253924
2080-09-24,0.450731879670502
2080-09-25,0.43589481610781083
2080-09-26,0.42328928784613734
2080-09-27,0.41248145602870756
2080-09-28,0.40312797511224385
2080-09-29,0.3949559478488969
2080-09-30,0.3877475851765499
2080-10-01,0.3813284036861759
2080-10-02,0.37555809863629913
2080-10-03,0.3703234518619963
2080-10-04,0.36889769588180626
2080-10-05,0.37434737813136226
2080-10-06,0.3722446038008147
2080-10-07,0.3661579058875018
2080-10-08,0.3606472414149305
2080-10-09,0.3615317408761525
2080-10-10,0.36983529285960076
2080-10-11,0.36776382985512185
2080-10-12,0.36262664662625094
2080-10-13,0.35842918455276274
2080-10-14,0.3522023145737591
2080-10-15,0.34660732007639233
2080-10-16,0.3541167088858291
2080-10-17,0.36362417289659693
2080-10-18,0.35532208948775823
2080-10-19,0.3518209650144599
2080-10-20,0.3822270136678347
2080-10-21,0.44438416342444215
2080-10-22,0.4538150285195497
2080-10-23,0.4275910093185114
2080-10-24,0.40653611054375416
2080-10-25,0.4036872968267056
2080-10-26,0.804125303245645
2080-10-27,1.1281535673560767
2080-10-28,0.9603118526174668
2080-10-29,0.8313007773597382
2080-10-30,0.7304139177506132
2080-10-31,0.6509322039315807
2080-11-01,0.5878590377914771
2080-11-02,0.5374485460809203
2080-11-03,0.4968712852682462
2080-11-04,0.4639749757420006
2080-11-05,0.43711165327063856
2080-11-06,0.41501171280249044
2080-11-07,0.3966913743824157
2080-11-08,0.4014676347782394
2080-11-09,0.6399783778762929
2080-11-10,0.8121397768531134
2080-11-11,0.7493540896575781
2080-11-12,0.7108670297373542
2080-11-13,0.8754530903100592
2080-11-14,1.0429027605901673
2080-11-15,0.975689796622898
2080-11-16,1.1996434623424685
2080-11-17,1.5505580770077652
2080-11-18,1.6164493097786117
2080-11-19,1.454051457406058
2080-11-20,1.2187087871574722
2080-11-21,1.0380460410950156
2080-11-22,0.9660301228769006
2080-11-23,0.9198915295020562
2080-11-24,1.684414051671281
2080-11-25,2.396611898907128
2080-11-26,1.9435881347249613
2080-11-27,1.6053519706166284
2080-11-28,1.3424582406900836
2080-11-29,1.164935170027826
2080-11-30,1.2604546222877262
2080-12-01,1.375613486406997
2080-12-02,1.4159404465213914
2080-12-03,1.3764302637319459
2080-12-04,1.1712871536565586
2080-12-05,1.0463904850954282
2080-12-06,1.1179387057730394
2080-12-07,1.131962367109142
2080-12-08,1.0079604394609654
2080-12-09,1.1567019599874995
2080-12-10,1.385935415866463
2080-12-11,1.6238856035900813
2080-12-12,2.375234500049767
2080-12-13,2.6774261107179647
2080-12-14,2.2565803185625897
2080-12-15,1.9546006706873527
2080-12-16,2.0298693241795642
2080-12-17,2.243232742043085
2080-12-18,2.0272841023431973
2080-12-19,1.7396562805462306
2080-12-20,1.4663782165161743
2080-12-21,1.257335976410925
2080-12-22,1.1407102751173004
2080-12-23,1.2685786773359993
2080-12-24,1.3156801328416023
2080-12-25,1.6922126668529953
2080-12-26,2.1605526557283237
2080-12-27,2.794857141625299
2080-12-28,3.2733916208049507
2080-12-29,2.794609175422383
2080-12-30,2.397653411089402
2080-12-31,3.460085970378296
2081-01-01,4.3915112694065135
2081-01-02,3.4685571152833212
2081-01-03,2.7887612091175042
2081-01-04,2.6367103274925654
2081-01-05,2.553951251455667
2081-01-06,2.112307822386231
2081-01-07,1.7788920553201983
2081-01-08,1.5251333661329047
2081-01-09,1.3301787807116168
2081-01-10,1.3513368557253953
2081-01-11,1.4176172423287088
2081-01-12,1.2729180339605481
2081-01-13,1.1683198718044416
2081-01-14,1.1857262745551647
2081-01-15,1.5650026986485281
2081-01-16,1.7998412647309348
2081-01-17,2.6291843838254887
2081-01-18,3.908000855884076
2081-01-19,3.726630980466986
2081-01-20,3.167439027362683
2081-01-21,2.694644051020353
2081-01-22,2.243371735319318
2081-01-23,1.9091864354985653
2081-01-24,2.1542867913414843
2081-01-25,2.388756578038562
2081-01-26,2.0065891264544464
2081-01-27,1.716052832759301
2081-01-28,1.8644650457656924
2081-01-29,2.341028410669593
2081-01-30,2.3060113354744396
2081-01-31,2.4142382221261274
2081-02-01,3.082355928198451
2081-02-02,3.3686074503132204
2081-02-03,3.246943705878399
2081-02-04,3.049987511363305
2081-02-05,3.4452540696630014
2081-02-06,4.000256056696542
2081-02-07,3.695281490294725
2081-02-08,4.4608338740803495
2081-02-09,5.053975622843861
2081-02-10,4.013562558094548
2081-02-11,3.25002674746038
2081-02-12,2.882862796930858
2081-02-13,2.7147090138464893
2081-02-14,2.609909972186934
2081-02-15,2.5489600956367395
2081-02-16,2.309839200812531
2081-02-17,2.0501866393112547
2081-02-18,2.035048401133563
2081-02-19,2.2934410551905358
2081-02-20,2.3918132000131864
2081-02-21,2.210243736463276
2081-02-22,2.3282135981512453
2081-02-23,2.4434725529065227
2081-02-24,2.142882439795225
2081-02-25,2.205114838325934
2081-02-26,2.3982967111976428
2081-02-27,2.250101749582257
2081-02-28,1.991062502904212
2081-03-01,1.7437831760408156
2081-03-02,3.2244625167946563
2081-03-03,5.650152582618582
2081-03-04,5.705365894700081
2081-03-05,4.649442528002489
2081-03-06,3.744807475112834
2081-03-07,3.079294699500638
2081-03-08,2.5841166899634596
2081-03-09,2.2115449923420845
2081-03-10,1.9282561537788867
2081-03-11,1.7106776737748912
2081-03-12,1.6720074917227787
2081-03-13,1.6529902074171385
2081-03-14,1.6483419845490872
2081-03-15,2.145082349713561
2081-03-16,2.3862331843788596
2081-03-17,2.337129006608675
2081-03-18,2.5226930624343455
2081-03-19,2.608259596635265
2081-03-20,2.8869701276820017
2081-03-21,3.1311422822803006
2081-03-22,2.961165139244857
2081-03-23,2.6927354870413733
2081-03-24,2.413664833744535
2081-03-25,2.474983041399625
2081-03-26,2.5707707371922073
2081-03-27,2.217748401988716
2081-03-28,1.938489120965693
2081-03-29,1.7238104447899696
2081-03-30,1.5572401682237977
2081-03-31,1.4504976323768781
2081-04-01,1.4212033470892818
2081-04-02,1.3830811433771029
2081-04-03,1.291807931830035
2081-04-04,1.2270210993695627
2081-04-05,1.2218894872269344
2081-04-06,1.4275362550353436
2081-04-07,1.58454357239476
2081-04-08,1.4472907053789899
2081-04-09,1.3333144866261628
2081-04-10,1.2427939023085905
2081-04-11,1.1702063464178198
2081-04-12,1.11142690457374
2081-04-13,1.0633504055616232
2081-04-14,1.0236222117311014
2081-04-15,0.9904446040236841
2081-04-16,0.9624362753215533
2081-04-17,0.9385295026024357
2081-04-18,0.9483564813261606
2081-04-19,0.9571881974789637
2081-04-20,0.9557745598996749
2081-04-21,1.2959460674364358
2081-04-22,1.586826029661012
2081-04-23,2.3126061604613857
2081-04-24,3.2111171440682544
2081-04-25,2.8768518438787876
2081-04-26,2.8008628737411327
2081-04-27,2.8762587975532488
2081-04-28,3.6960657835361594
2081-04-29,4.285534046848343
2081-04-30,3.4782134943120133
2081-05-01,3.0060170852182058
2081-05-02,2.676370579387369
2081-05-03,2.3827167630018176
2081-05-04,2.23947693788455
2081-05-05,2.162027561172776
2081-05-06,2.02325126717353
2081-05-07,1.8233802476327206
2081-05-08,1.6745916219147785
2081-05-09,1.5117248567721395
2081-05-10,1.3823760135735508
2081-05-11,1.7814226672848605
2081-05-12,2.2228023718329024
2081-05-13,1.9644599700486696
2081-05-14,1.7326965526511346
2081-05-15,1.9378390314190324
2081-05-16,2.131791330529633
2081-05-17,1.8614668853424048
2081-05-18,1.6530444614349193
2081-05-19,1.5719210962720955
2081-05-20,1.5223437193888314
2081-05-21,1.4705349794882974
2081-05-22,1.4321697847678678
2081-05-23,1.326250367400367
2081-05-24,1.2402888073421845
2081-05-25,1.1688862814959087
2081-05-26,1.1063139615736446
2081-05-27,1.0811966392081358
2081-05-28,1.0575390351300518
2081-05-29,1.01430386889464
2081-05-30,0.9782177966455273
2081-05-31,0.9479718130241644
2081-06-01,0.922345663807013
2081-06-02,0.9003936279078074
2081-06-03,0.8961732225355411
2081-06-04,0.890006004257776
2081-06-05,0.8746916730899423
2081-06-06,0.8603826003730468
2081-06-07,0.8446181346605236
2081-06-08,0.8395655095572407
2081-06-09,0.8302935231302523
2081-06-10,0.8169123240091126
2081-06-11,0.8048108928497887
2081-06-12,0.7938064505247873
2081-06-13,0.783703611425699
2081-06-14,0.7743455309589651
2081-06-15,0.7656058384304791
2081-06-16,0.7573823560219001
2081-06-17,0.7495921863645756
2081-06-18,0.7853386201486711
2081-06-19,0.8378495286541532
2081-06-20,0.8378199774205068
2081-06-21,0.8491557518088376
2081-06-22,0.841382828124181
2081-06-23,0.8142142777569839
2081-06-24,0.7914576564462813
2081-06-25,0.7719911171501576
2081-06-26,0.7551613064108245
2081-06-27,0.7404546836340389
2081-06-28,0.7274657303190682
2081-06-29,0.7158728197711409
2081-06-30,0.7054197963240584
2081-07-01,0.6959018367130283
2081-07-02,0.6871545422050666
2081-07-03,0.6790454820261838
2081-07-04,0.67274421779172
2081-07-05,0.6663647152323997
2081-07-06,0.659317047078365
2081-07-07,0.6526244326062361
2081-07-08,0.6462431649654
2081-07-09,0.640126821148549
2081-07-10,0.6342372827002233
2081-07-11,0.6285431608179345
2081-07-12,0.6230185359182181
2081-07-13,0.617641945621744
2081-07-14,0.6123955696829676
2081-07-15,0.6522635797017126
2081-07-16,0.6561540367963207
2081-07-17,0.6434334046514889
2081-07-18,0.6328614453516388
2081-07-19,0.6257444239390451
2081-07-20,0.6187686115271748
2081-07-21,0.6109653936366617
2081-07-22,0.6034147725705442
2081-07-23,0.5950098485682088
2081-07-24,0.5873096499983363
2081-07-25,0.5802054040838525
2081-07-26,0.5753033613841435
2081-07-27,0.5703711827007316
2081-07-28,0.5640994763803001
2081-07-29,0.5581816166022431
2081-07-30,0.5525744025306975
2081-07-31,0.5472301864421061
2081-08-01,0.5421098864442254
2081-08-02,0.5371813564392721
2081-08-03,0.5324180826473394
2081-08-04,0.527798137876759
2081-08-05,0.5779942895117168
2081-08-06,0.5715028071246292
2081-08-07,0.556253723852662
2081-08-08,0.5481514158239545
2081-08-09,0.540970487612238
2081-08-10,0.5320127376680014
2081-08-11,0.5239490896012008
2081-08-12,0.5166467772877723
2081-08-13,0.509972591316927
2081-08-14,0.5038189024175318
2081-08-15,0.4980984643865234
2081-08-16,0.49274033139438106
2081-08-17,0.4876866378577392
2081-08-18,0.4828900489161741
2081-08-19,0.48950812439115965
2081-08-20,0.48868385359692557
2081-08-21,0.4811223464655401
2081-08-22,0.47541958627771547
2081-08-23,0.4701091265250188
2081-08-24,0.5074827889608863
2081-08-25,0.49983201000054783
2081-08-26,0.487361775449834
2081-08-27,0.4783415698655568
2081-08-28,0.4718528280686216
2081-08-29,0.4669034323869345
2081-08-30,0.46261175239931207
2081-08-31,0.4577608674179976
2081-09-01,0.4512698695935642
2081-09-02,0.445338875984433
2081-09-03,0.43988612906930524
2081-09-04,0.4395181637263363
2081-09-05,0.4398257155789946
2081-09-06,0.4502452760542932
2081-09-07,0.7217890511348416
2081-09-08,0.8751794185314729
2081-09-09,0.7806859563231402
2081-09-10,0.7093902245546073
2081-09-11,0.6525275385717139
2081-09-12,0.6068250045500235
2081-09-13,0.5698058889606423
2081-09-14,0.5395828074969525
2081-09-15,0.5147080690168514
2081-09-16,0.4940644351429584
2081-09-17,0.4767847311299058
2081-09-18,0.46273727531924885
2081-09-19,0.49991595027106567
2081-09-20,0.5710236310925285
2081-09-21,0.5774206611836511
2081-09-22,0.5617940551140244
2081-09-23,0.5898118070059041
2081-09-24,0.604619887113945
2081-09-25,0.5745407933695154
2081-09-26,0.5518225197463109
2081-09-27,0.5377790156569252
2081-09-28,0.5095134702671309
2081-09-29,0.48621824226029475
2081-09-30,0.505708847256491
2081-10-01,0.5370539588579687
2081-10-02,0.5138042625197069
2081-10-03,0.488639564461195
2081-10-04,0.47922327553764504
2081-10-05,0.4733476328689379
2081-10-06,0.4547076789693134
2081-10-07,0.43898797097087355
2081-10-08,0.4291085589833312
2081-10-09,0.5100889005192583
2081-10-10,0.5598627322792465
2081-10-11,0.5224514776586152
2081-10-12,0.4928864946496178
2081-10-13,0.4686231172979341
2081-10-14,0.44854936895825026
2081-10-15,0.4318032657254947
2081-10-16,0.42072017377892906
2081-10-17,0.4394205039612041
2081-10-18,0.45509162412534815
2081-10-19,0.6024918359199408
2081-10-20,0.8575885862259102
2081-10-21,0.919680829856902
2081-10-22,0.8429944699331311
2081-10-23,0.7836716247032959
2081-10-24,0.7687229320671752
2081-10-25,0.7257336216374514
2081-10-26,0.6542072114797286
2081-10-27,0.5974402044162624
2081-10-28,0.551931850963188
2081-10-29,0.5151746542780834
2081-10-30,0.4852600065323074
2081-10-31,0.46072548546486125
2081-11-01,0.44044357183381994
2081-11-02,0.4235398806899901
2081-11-03,0.409332612835386
2081-11-04,0.39728739301615396
2081-11-05,0.3869833540428442
2081-11-06,0.4050156177157582
2081-11-07,0.4603245044100254
2081-11-08,0.4662309813754715
2081-11-09,0.46560204060638805
2081-11-10,0.4648857507972015
2081-11-11,0.4408177401196476
2081-11-12,0.4210927556308106
2081-11-13,0.4046619401406333
2081-11-14,0.39086108114554646
2081-11-15,0.3791694298680121
2081-11-16,0.3691767313052822
2081-11-17,0.3605582964597896
2081-11-18,0.37794763715265306
2081-11-19,0.4604129332631826
2081-11-20,0.4969600288638863
2081-11-21,0.47216405877293366
2081-11-22,0.4439331224749459
2081-11-23,0.42085858914968727
2081-11-24,0.40178319917132455
2081-11-25,0.3858898232804151
2081-11-26,0.3725400061042468
2081-11-27,0.3917332348224749
2081-11-28,0.43523402555500157
2081-11-29,0.5423698734670023
2081-11-30,0.6324039118443044
2081-12-01,0.5975296237211636
2081-12-02,0.5602737378585129
2081-12-03,0.5321566732387982
2081-12-04,0.49063351537122984
2081-12-05,0.48395789729644995
2081-12-06,0.480278894577715
2081-12-07,0.4802120164207225
2081-12-08,0.5967601280386833
2081-12-09,0.775153371787331
2081-12-10,0.8768558375115126
2081-12-11,0.972161157432844
2081-12-12,1.0091954542976185
2081-12-13,0.9015366646071218
2081-12-14,0.7848681210724658
2081-12-15,0.6935114651423205
2081-12-16,0.6387963846193764
2081-12-17,0.6936176918436153
2081-12-18,0.7834857008077774
2081-12-19,0.8260900144809832
2081-12-20,0.7854104611218796
2081-12-21,0.6949862704055357
2081-12-22,0.6239282788799096
2081-12-23,0.6505316971098934
2081-12-24,0.8460582763596619
2081-12-25,0.9094819315486209
2081-12-26,0.7932927342445416
2081-12-27,0.7023013964295878
2081-12-28,0.7339096429856181
2081-12-29,0.7637033464214878
2081-12-30,0.7574729772491237
2081-12-31,0.8581334890947266
2082-01-01,0.8532623808392871
2082-01-02,0.8341662944099193
2082-01-03,0.9363928771252374
2082-01-04,0.9701353315205395
2082-01-05,0.8839894312705284
2082-01-06,0.9262631789974719
2082-01-07,1.114351477070904
2082-01-08,1.9768148160125705
2082-01-09,2.7677748733010965
2082-01-10,2.408206708193918
2082-01-11,1.9620775620605873
2082-01-12,1.7270709592106526
2082-01-13,1.5461622498711878
2082-01-14,1.3003553118397089
2082-01-15,1.6081544315007432
2082-01-16,2.307192610595633
2082-01-17,2.311143435077621
2082-01-18,1.8873477398071816
2082-01-19,1.567593344787719
2082-01-20,1.3244295856677042
2082-01-21,1.1378255099946137
2082-01-22,0.993387149795014
2082-01-23,0.8806596591766932
2082-01-24,0.8822881730138037
2082-01-25,0.8968523864048253
2082-01-26,1.1400891454671944
2082-01-27,1.3951374307995996
2082-01-28,1.2237839099862007
2082-01-29,1.2491003075886968
2082-01-30,1.7271855565125727
2082-01-31,1.9147038534912164
2082-02-01,2.198377742629761
2082-02-02,2.860066710038657
2082-02-03,2.8459867839517448
2082-02-04,3.0762399436813492
2082-02-05,3.1533457224110997
2082-02-06,2.5399389952411613
2082-02-07,2.486603666287597
2082-02-08,2.5931471286092385
2082-02-09,3.279855737951434
2082-02-10,4.68730508936815
2082-02-11,4.795948035663861
2082-02-12,4.090396349931372
2082-02-13,3.4388937246424898
2082-02-14,2.7740945547101283
2082-02-15,2.280011977057453
2082-02-16,1.9091151646539444
2082-02-17,1.710437023842684
2082-02-18,1.5674957272002832
2082-02-19,1.5534268461716538
2082-02-20,1.768366009931462
2082-02-21,2.547602501613508
2082-02-22,3.987768489982505
2082-02-23,5.736415280092004
2082-02-24,6.211657774197878
2082-02-25,4.96331957824782
2082-02-26,3.9207741408742227
2082-02-27,3.1588158748762822
2082-02-28,2.595435284048217
2082-03-01,2.174134093585326
2082-03-02,1.8557329081269975
2082-03-03,1.612686970975768
2082-03-04,1.4655280032899463
2082-03-05,1.5598484441140041
2082-03-06,1.6314140790249059
2082-03-07,1.4527858923751005
2082-03-08,1.3012649487303845
2082-03-09,1.1823780045851664
2082-03-10,1.0883858023295783
2082-03-11,1.013411839564563
2082-03-12,0.953069180364203
2082-03-13,0.9040572095754486
2082-03-14,0.8638744898805956
2082-03-15,0.8398600101214169
2082-03-16,0.818173927093559
2082-03-17,0.8157728760955639
2082-03-18,0.8143568004567538
2082-03-19,0.787456521756587
2082-03-20,0.7645258442508155
2082-03-21,0.8213692327291918
2082-03-22,0.873502833855273
2082-03-23,0.8326465819108755
2082-03-24,0.7984644412912512
2082-03-25,0.7700195297933049
2082-03-26,0.7464115868319826
2082-03-27,0.773320488633309
2082-03-28,2.104687822792016
2082-03-29,3.4433389646063453
2082-03-30,2.795151823921181
2082-03-31,2.7806919805856443
2082-04-01,2.8066411992394635
2082-04-02,2.6157343159731363
2082-04-03,2.5805720741832845
2082-04-04,2.212698498906658
2082-04-05,1.8794286610026074
2082-04-06,1.6252035393112803
2082-04-07,1.4297804243847614
2082-04-08,1.2781588140816516
2082-04-09,1.1594543445749341
2082-04-10,1.0656904317787304
2082-04-11,0.9909675460566377
2082-04-12,0.9908697316924228
2082-04-13,1.0582339441254054
2082-04-14,1.0415667514422216
2082-04-15,1.004714219455401
2082-04-16,1.0066867582298362
2082-04-17,0.9664735006891253
2082-04-18,0.9083877838576134
2082-04-19,0.8610275937732922
2082-04-20,0.8284460334378768
2082-04-21,0.798994800115652
2082-04-22,0.7812393697922141
2082-04-23,0.778225458407194
2082-04-24,0.764431168384792
2082-04-25,0.7424321845268689
2082-04-26,0.7908418214694897
2082-04-27,0.8624496755684384
2082-04-28,0.8225424769968597
2082-04-29,0.7849268393790205
2082-04-30,0.7538099563796453
2082-05-01,0.7278365917460291
2082-05-02,0.7059402111606073
2082-05-03,0.6872919462099004
2082-05-04,0.6712442009767471
2082-05-05,0.6572884649230594
2082-05-06,0.6450235444920387
2082-05-07,0.6341314910258006
2082-05-08,0.6243592528467481
2082-05-09,0.6155046122488113
2082-05-10,0.6074053496749996
2082-05-11,0.6065485799035383
2082-05-12,0.640214598603056
2082-05-13,0.7769598828953083
2082-05-14,0.8808824338838602
2082-05-15,0.8597513493062682
2082-05-16,0.8757626326763713
2082-05-17,0.8875451140822163
2082-05-18,0.8257003851280372
2082-05-19,0.7745466772388405
2082-05-20,0.7388747316517791
2082-05-21,0.7092973323808587
2082-05-22,0.6796207133339607
2082-05-23,0.6544346697833612
2082-05-24,0.6332832738545539
2082-05-25,0.6156151141444376
2082-05-26,0.6003396102686842
2082-05-27,0.5869874524201198
2082-05-28,0.575320500565068
2082-05-29,0.5650211610769331
2082-05-30,0.5558365972091335
2082-05-31,0.5514348296475965
2082-06-01,0.549440899793787
2082-06-02,0.5419463533026624
2082-06-03,0.5342245177369173
2082-06-04,0.5271693781666357
2082-06-05,0.5206664050622988
2082-06-06,0.5146228480977875
2082-06-07,0.523929179663614
2082-06-08,0.5685156352286082
2082-06-09,0.5719429255265273
2082-06-10,0.5547148201280477
2082-06-11,0.5405505928994826
2082-06-12,0.5283106141525037
2082-06-13,0.5176274323211688
2082-06-14,0.5082098489744421
2082-06-15,0.499825078088334
2082-06-16,0.49228671608664243
2082-06-17,0.4854449490451426
2082-06-18,0.47917894596665106
2082-06-19,0.47339092314572345
2082-06-20,0.4719438726954824
2082-06-21,0.47004293960136007
2082-06-22,0.4785840907363903
2082-06-23,0.4957692041678358
2082-06-24,0.4901615144094025
2082-06-25,0.48380373901897117
2082-06-26,0.4747182899048665
2082-06-27,0.4659728553766558
2082-06-28,0.5484899179768656
2082-06-29,0.5936684225555429
2082-06-30,0.5726270167666178
2082-07-01,0.5544160607605596
2082-07-02,0.5299688889764196
2082-07-03,0.5095103847530514
2082-07-04,0.49233164423819703
2082-07-05,0.47777660841487174
2082-07-06,0.4653298658342919
2082-07-07,0.45458461242421583
2082-07-08,0.4452183486222094
2082-07-09,0.4369743384025054
2082-07-10,0.4296473864191767
2082-07-11,0.423072870768034
2082-07-12,0.4171182443399966
2082-07-13,0.41167641816599293
2082-07-14,0.406660586957011
2082-07-15,0.4020001652540756
2082-07-16,0.3976375828503817
2082-07-17,0.39352574800163453
2082-07-18,0.38962603182958827
2082-07-19,0.38590666116665634
2082-07-20,0.38234143273287646
2082-07-21,0.3789086810606248
2082-07-22,0.37559044751615
2082-07-23,0.3723718092400436
2082-07-24,0.36924033568054765
2082-07-25,0.3661856472508466
2082-07-26,0.3631990559744222
2082-07-27,0.36027327214564203
2082-07-28,0.366461653519273
2082-07-29,0.36447326893210713
2082-07-30,0.36173118227661405
2082-07-31,0.35997196548241295
2082-08-01,0.3559146942226834
2082-08-02,0.3520700222590077
2082-08-03,0.34847035347231187
2082-08-04,0.34723251310218767
2082-08-05,0.3468831713580494
2082-08-06,0.343840341998408
2082-08-07,0.34048827063235554
2082-08-08,0.3376798738064452
2082-08-09,0.3343194164104916
2082-08-10,0.3313477868573425
2082-08-11,0.3283902154899581
2082-08-12,0.3252900251752006
2082-08-13,0.3223174010994227
2082-08-14,0.3204717238433771
2082-08-15,0.3185886771136197
2082-08-16,0.3156682055335375
2082-08-17,0.3128537415910199
2082-08-18,0.3101376968832767
2082-08-19,0.3076209020404517
2082-08-20,0.306446057163402
2082-08-21,0.30569423378018706
2082-08-22,0.3031882070038238
2082-08-23,0.3004092925048315
2082-08-24,0.29773620297908004
2082-08-25,0.31064826446690946
2082-08-26,0.3059387511760061
2082-08-27,0.3000650829239286
2082-08-28,0.3200722780737473
2082-08-29,0.428095709528836
2082-08-30,0.43181952149822606
2082-08-31,0.4325514253584784
2082-09-01,0.45864277618805005
2082-09-02,0.4387044101983595
2082-09-03,0.40914922708088425
2082-09-04,0.3860924565663448
2082-09-05,0.3703871882305027
2082-09-06,0.35551463144640755
2082-09-07,0.3411752351278239
2082-09-08,0.32910628452722457
2082-09-09,0.31888519591792086
2082-09-10,0.3101560492758267
2082-09-11,0.3026363268434458
2082-09-12,0.29610084108470275
2082-09-13,0.2903693918011092
2082-09-14,0.28529723757560793
2082-09-15,0.28076770336044127
2082-09-16,0.2766864183076002
2082-09-17,0.27297680421090376
2082-09-18,0.2695765280706993
2082-09-19,0.26643470141722264
2082-09-20,0.2635096606282991
2082-09-21,0.26076720120839797
2082-09-22,0.25817916822228876
2082-09-23,0.25572232724204613
2082-09-24,0.2533774570580672
2082-09-25,0.2511286183374957
2082-09-26,0.2489625623589199
2082-09-27,0.24686825163301493
2082-09-28,0.24483647017487584
2082-09-29,0.2446842845851421
2082-09-30,0.24460130261879195
2082-10-01,0.24225654931499171
2082-10-02,0.24563394946513725
2082-10-03,0.2503493001744074
2082-10-04,0.24523831813784122
2082-10-05,0.24195917535351188
2082-10-06,0.2389539954074205
2082-10-07,0.23738982075120796
2082-10-08,0.23894719794803554
2082-10-09,0.2407853046595456
2082-10-10,0.23784299317237215
2082-10-11,0.2348743565559582
2082-10-12,0.23173584695378882
2082-10-13,0.22884530012200188
2082-10-14,0.22616641921211045
2082-10-15,0.22367721876742352
2082-10-16,0.22269217866626256
2082-10-17,0.22219521419283086
2082-10-18,0.23579528236552663
2082-10-19,0.236479834633633
2082-10-20,0.3055582113169766
2082-10-21,0.34739628530835737
2082-10-22,0.36015013473287366
2082-10-23,0.3439227556824078
2082-10-24,0.3194434692993304
2082-10-25,0.3055073894968487
2082-10-26,0.3957464272916449
2082-10-27,0.43607296775828175
2082-10-28,0.40026741428344786
2082-10-29,0.36535299458156234
2082-10-30,0.3372786305443283
2082-10-31,0.31441932387197685
2082-11-01,0.29568462213178776
2082-11-02,0.2802278245337094
2082-11-03,0.2673879576908806
2082-11-04,0.25664642107942687
2082-11-05,0.2475943755317629
2082-11-06,0.2399080571809311
2082-11-07,0.2572966248712977
2082-11-08,0.2730953787229606
2082-11-09,0.27026837198943354
2082-11-10,0.35519074488355323
2082-11-11,0.47606268293073767
2082-11-12,0.4892627641844575
2082-11-13,0.43528958602888584
2082-11-14,0.5778348004340754
2082-11-15,0.726140460932032
2082-11-16,0.6616625190515583
2082-11-17,0.6617190661498736
2082-11-18,0.6559759769585795
2082-11-19,0.5698300989821478
2082-11-20,0.5098033374826109
2082-11-21,0.533728903991661
2082-11-22,0.5312418707723098
2082-11-23,0.5071239893466154
2082-11-24,0.5055079477206966
2082-11-25,0.6826835378197863
2082-11-26,0.9833793562017877
2082-11-27,1.0522265503815067
2082-11-28,0.9286940512091362
2082-11-29,0.7884070435410996
2082-11-30,0.7273153422830193
2082-12-01,0.6783370718326608
2082-12-02,0.5927171782726112
2082-12-03,0.5252309756286674
2082-12-04,0.4716265431774833
2082-12-05,0.4287563915931538
2082-12-06,0.3942382677413903
2082-12-07,0.3662564476727143
2082-12-08,0.3434179345421422
2082-12-09,0.324647482161682
2082-12-10,0.30911033588259695
2082-12-11,0.2968329917705244
2082-12-12,0.28665116422037884
2082-12-13,0.27721179858074746
2082-12-14,0.3245938704235505
2082-12-15,0.8287991318837206
2082-12-16,0.9961028505327644
2082-12-17,0.8646487700609242
2082-12-18,0.7996800934033398
2082-12-19,0.9471185968312712
2082-12-20,1.0992478773841345
2082-12-21,1.006658333708237
2082-12-22,0.9163638818210696
2082-12-23,0.884953257739512
2082-12-24,0.7890882848723898
2082-12-25,0.68456295969612
2082-12-26,0.6025672605100615
2082-12-27,0.7826449593089398
2082-12-28,0.9779358135277808
2082-12-29,1.0157872279126818
2082-12-30,1.1524855299830679
2082-12-31,1.1106510711210438
2083-01-01,0.9389521570423169
2083-01-02,0.8060997398674409
2083-01-03,0.702556552802022
2083-01-04,0.6763502428646838
2083-01-05,0.9188618860156251
2083-01-06,1.0596529352298532
2083-01-07,0.9674693793151121
2083-01-08,0.8895797970443052
2083-01-09,0.7707297250177735
2083-01-10,0.7263067424602799
2083-01-11,0.6974098192463463
2083-01-12,0.8596945596687006
2083-01-13,1.004729346313066
2083-01-14,0.9780917674942682
2083-01-15,0.9666868227428344
2083-01-16,0.8334440003952052
2083-01-17,0.7294705347131024
2083-01-18,0.6477872664602933
2083-01-19,0.583132617495329
2083-01-20,0.5315788104384342
2083-01-21,0.605616885084907
2083-01-22,0.7279294438646349
2083-01-23,0.691480903136354
2083-01-24,0.6181155239255374
2083-01-25,0.621482811782233
2083-01-26,1.0399526268964525
2083-01-27,1.3336856038235652
2083-01-28,1.1207286036870674
2083-01-29,0.9565638755176636
2083-01-30,0.8292708634047283
2083-01-31,0.7297841501528417
2083-02-01,0.6514336231403598
2083-02-02,0.5892675113260505
2083-02-03,0.5395791263433722
2083-02-04,0.6589957645976632
2083-02-05,0.775607892302579
2083-02-06,0.6877105505815235
2083-02-07,0.6181893493415449
2083-02-08,0.593551610603833
2083-02-09,0.6009404007809752
2083-02-10,0.6794242328491166
2083-02-11,0.7441465187919426
2083-02-12,0.8174107683342879
2083-02-13,1.3010108614512848
2083-02-14,1.5668621784812686
2083-02-15,1.36140852459861
2083-02-16,1.5106066310940116
2083-02-17,1.7817809948524836
2083-02-18,1.828676791662593
2083-02-19,1.6463094759772037
2083-02-20,1.7156202685825808
2083-02-21,1.9787949375864582
2083-02-22,1.8132669482780956
2083-02-23,1.5026636058189229
2083-02-24,1.2660591419627056
2083-02-25,1.0844024689450695
2083-02-26,1.0063058241831841
2083-02-27,0.968596789410403
2083-02-28,0.8622024704564185
2083-03-01,0.8266564360831855
2083-03-02,0.8447787769089423
2083-03-03,0.8005808183090578
2083-03-04,0.7276153445574608
2083-03-05,0.6635233049793624
2083-03-06,0.645787962028984
2083-03-07,1.0563462592982849
2083-03-08,1.7030058331050626
2083-03-09,1.7455194310039968
2083-03-10,1.5734843529644715
2083-03-11,1.6435939163545648
2083-03-12,1.9549852353289994
2083-03-13,2.0954770389229687
2083-03-14,1.862917740872741
2083-03-15,1.6013300768424763
2083-03-16,1.404316898781057
2083-03-17,1.361668515939552
2083-03-18,1.6958839274300785
2083-03-19,2.219793153839714
2083-03-20,2.3899400942873887
2083-03-21,2.1573898231425295
2083-03-22,1.7833097328952332
2083-03-23,1.4999028098916354
2083-03-24,1.283474355424509
2083-03-25,1.1425951937860865
2083-03-26,1.0629987741165192
2083-03-27,0.9649955922175554
2083-03-28,0.8683442019885198
2083-03-29,0.7916553560856799
2083-03-30,0.730464301141215
2083-03-31,0.6812415308122669
2083-04-01,0.6413200169421064
2083-04-02,0.6086702087169578
2083-04-03,0.5817374589398764
2083-04-04,0.5593235297094935
2083-04-05,0.5404995192872756
2083-04-06,0.5245413871462189
2083-04-07,0.5108818679938393
2083-04-08,0.5026321359186069
2083-04-09,0.5178311274798387
2083-04-10,0.5386042369028249
2083-04-11,0.5283250061212768
2083-04-12,0.5242772892228178
2083-04-13,0.5187901557018676
2083-04-14,0.6451551218191791
2083-04-15,0.9116049985994934
2083-04-16,0.9761089778601022
2083-04-17,0.9573223056881689
2083-04-18,0.9088738189058087
2083-04-19,0.8158761103094704
2083-04-20,0.7418761834678428
2083-04-21,0.7439652863589314
2083-04-22,0.8703429161865284
2083-04-23,1.1588101423049648
2083-04-24,1.4658317542837274
2083-04-25,1.5505986208665758
2083-04-26,1.6097645319601817
2083-04-27,1.6506024113976918
2083-04-28,1.5983313549977922
2083-04-29,1.563083364595278
2083-04-30,1.4102699003320094
2083-05-01,1.3188026133318358
2083-05-02,1.2615907946519154
2083-05-03,1.0973865655797794
2083-05-04,0.9695205934311298
2083-05-05,0.8693291843909221
2083-05-06,0.7928533442615695
2083-05-07,0.7511193879549217
2083-05-08,0.7473976426732164
2083-05-09,0.7982521488412013
2083-05-10,0.8021310157945828
2083-05-11,0.7361824012251494
2083-05-12,0.6830339842161747
2083-05-13,0.6400877421639075
2083-05-14,0.6050997305932392
2083-05-15,0.5763552595282122
2083-05-16,0.5525357518884613
2083-05-17,0.5326212038594129
2083-05-18,0.5158181651649099
2083-05-19,0.501506169543329
2083-05-20,0.48919761196058525
2083-05-21,0.48493438444687037
2083-05-22,0.487149449276191
2083-05-23,0.48887372420892333
2083-05-24,0.4818178080815338
2083-05-25,0.49187556129885174
2083-05-26,0.5442752211397764
2083-05-27,0.5643288117242532
2083-05-28,0.5369048448148556
2083-05-29,0.5430134782121322
2083-05-30,0.5457676453872677
2083-05-31,0.5211732462753206
2083-06-01,0.5005006775942583
2083-06-02,0.48315421458426777
2083-06-03,0.46846673625951674
2083-06-04,0.469317754697909
2083-06-05,0.5650905522794906
2083-06-06,0.6523026962396968
2083-06-07,0.6311569323971715
2083-06-08,0.5927482270577479
2083-06-09,0.5647658190482958
2083-06-10,0.5505318270062592
2083-06-11,0.535348683988135
2083-06-12,0.5229411096325965
2083-06-13,0.5038036647354801
2083-06-14,0.4823514958400356
2083-06-15,0.46438134623881466
2083-06-16,0.44923194666061694
2083-06-17,0.4363447955398214
2083-06-18,0.45928443260842816
2083-06-19,0.4942466117123609
2083-06-20,0.47296840930151074
2083-06-21,0.4554763312868441
2083-06-22,0.4406108896212213
2083-06-23,0.42730225276354156
2083-06-24,0.41579569551849876
2083-06-25,0.4058686458163196
2083-06-26,0.39722249199475973
2083-06-27,0.38961937231366167
2083-06-28,0.38286906048993496
2083-06-29,0.3768188492374971
2083-06-30,0.37134570762473457
2083-07-01,0.38309486127409326
2083-07-02,0.3959659674667538
2083-07-03,0.38643654020452506
2083-07-04,0.3780311944581201
2083-07-05,0.3706522669995131
2083-07-06,0.36411262657070154
2083-07-07,0.35826199191313507
2083-07-08,0.3815508994113945
2083-07-09,0.4815827096691144
2083-07-10,0.5012337478709358
2083-07-11,0.46879969093820995
2083-07-12,0.4433347755649444
2083-07-13,0.4223172860720826
2083-07-14,0.40483302424232365
2083-07-15,0.3916030541284797
2083-07-16,0.3795465625206969
2083-07-17,0.3878091825775094
2083-07-18,0.4617733142717455
2083-07-19,0.5740202030442213
2083-07-20,0.623541755578366
2083-07-21,0.5852827284713294
2083-07-22,0.5366527179837348
2083-07-23,0.49636616682955775
2083-07-24,0.46345696396618585
2083-07-25,0.4417785082067817
2083-07-26,0.45669407708661525
2083-07-27,0.46424683007044826
2083-07-28,0.44106956576175316
2083-07-29,0.42099595418928165
2083-07-30,0.40098985000213494
2083-07-31,0.5833000969949941
2083-08-01,0.7298795148258396
2083-08-02,0.6501780680143724
2083-08-03,0.5910570098493092
2083-08-04,0.5979582012074179
2083-08-05,0.6092974321276432
2083-08-06,0.555663907312514
2083-08-07,0.5104675769358143
2083-08-08,0.4737007729964923
2083-08-09,0.6068300092775646
2083-08-10,0.7139198129229404
2083-08-11,0.7887713226335274
2083-08-12,0.8433428441181735
2083-08-13,0.7506617307129915
2083-08-14,0.6766136889589189
2083-08-15,0.6128814196594533
2083-08-16,0.5602962944473098
2083-08-17,0.5143755256135265
2083-08-18,0.4772701621684539
2083-08-19,0.44711491289408306
2083-08-20,0.42242547751355614
2083-08-21,0.40205699949810286
2083-08-22,0.38512133789118924
2083-08-23,0.3709257612893951
2083-08-24,0.39567227695796015
2083-08-25,0.42104578964588696
2083-08-26,0.3991290418818372
2083-08-27,0.4995945757014655
2083-08-28,0.6182868992954881
2083-08-29,0.5860607873125514
2083-08-30,0.6859569975356195
2083-08-31,0.7656083174104689
2083-09-01,0.6840372315529932
2083-09-02,0.6210186815600458
2083-09-03,0.5631599748477659
2083-09-04,0.5147722596215948
2083-09-05,0.47580351019353856
2083-09-06,0.44420564882576885
2083-09-07,0.4183963628138098
2083-09-08,0.39715709271606725
2083-09-09,0.3830622631908506
2083-09-10,0.37069327815320996
2083-09-11,0.3579436689820354
2083-09-12,0.3542654882536389
2083-09-13,0.3573652216292896
2083-09-14,0.38096222008142183
2083-09-15,0.417487286716495
2083-09-16,0.4158374799033571
2083-09-17,0.4846092400037441
2083-09-18,0.6106179436008291
2083-09-19,0.6202083191489218
2083-09-20,0.5571664019564516
2083-09-21,0.5457186960706913
2083-09-22,0.5590504379668257
2083-09-23,0.5211242296837736
2083-09-24,0.47810802759920645
2083-09-25,0.45051851120093783
2083-09-26,0.42739233048503494
2083-09-27,0.45566732961628986
2083-09-28,0.5074845088810392
2083-09-29,0.4970216884321316
2083-09-30,0.4646037987029991
2083-10-01,0.4318922847497886
2083-10-02,0.4051735024856993
2083-10-03,0.3832576572842605
2083-10-04,0.36514500913768516
2083-10-05,0.35005868018604214
2083-10-06,0.33739172344162965
2083-10-07,0.3266675489034961
2083-10-08,0.3175101368253295
2083-10-09,0.3096214752279925
2083-10-10,0.3027643670823359
2083-10-11,0.29674925498158267
2083-10-12,0.2923152258281052
2083-10-13,0.3761521514186379
2083-10-14,0.4668007708605779
2083-10-15,0.43872471228948934
2083-10-16,0.40734746258520466
2083-10-17,0.3818765944709264
2083-10-18,0.3609636145808785
2083-10-19,0.3436567565962891
2083-10-20,0.3516653577926392
2083-10-21,0.3911250351060389
2083-10-22,0.5710794306235941
2083-10-23,0.6795672327149188
2083-10-24,0.7665189619202004
2083-10-25,0.8522638353537711
2083-10-26,0.7891518926801412
2083-10-27,0.8032629681242555
2083-10-28,0.8016649160028643
2083-10-29,0.8305397067159342
2083-10-30,0.8153772458818245
2083-10-31,0.7088850952099784
2083-11-01,0.6254263357948813
2083-11-02,0.5594223991860141
2083-11-03,0.506850117430888
2083-11-04,0.46468093331745525
2083-11-05,0.44687223572537244
2083-11-06,0.7458493443555949
2083-11-07,0.9824019441122175
2083-11-08,0.9286493986681735
2083-11-09,0.8903682607992535
2083-11-10,0.769967863238474
2083-11-11,0.6757938262539214
2083-11-12,0.601548048779865
2083-11-13,0.5425898918011517
2083-11-14,0.495438012106928
2083-11-15,0.4574610023747893
2083-11-16,0.42665586339925693
2083-11-17,0.40148788746454406
2083-11-18,0.38077391784770415
2083-11-19,0.36359653805045755
2083-11-20,0.34924051268241096
2083-11-21,0.3371453709013548
2083-11-22,0.3268697928033298
2083-11-23,0.31806468981507346
2083-11-24,0.31045273389159667
2083-11-25,0.4632722002124068
2083-11-26,0.6203665891658378
2083-11-27,0.6195343256538927
2083-11-28,0.6216266178498308
2083-11-29,0.5628348992170914
2083-11-30,0.5215343016645705
2083-12-01,0.47621518128435025
2083-12-02,0.43972985327043773
2083-12-03,0.45625872678881335
2083-12-04,0.7011852003673101
2083-12-05,0.8731514177556562
2083-12-06,0.782134252827348
2083-12-07,0.6888895131594093
2083-12-08,0.6103031443359442
2083-12-09,0.5481044899304099
2083-12-10,0.4984890711013903
2083-12-11,0.45862848658286864
2083-12-12,0.42637603002335966
2083-12-13,0.400091259879298
2083-12-14,0.3785125993998904
2083-12-15,0.36066403100627237
2083-12-16,0.34578621751147326
2083-12-17,0.3990221147262883
2083-12-18,0.4911720542193454
2083-12-19,0.48757534692519083
2083-12-20,0.44840281882791505
2083-12-21,0.4167360851758268
2083-12-22,0.3909240642116231
2083-12-23,0.3697310546085592
2083-12-24,0.6583679764602439
2083-12-25,1.5392699713793236
2083-12-26,1.688614721012789
2083-12-27,1.5071632070385312
2083-12-28,1.247198462863808
2083-12-29,1.2582279076133631
2083-12-30,1.3444769690828418
2083-12-31,1.5818931761765274
2084-01-01,3.9294277349924998
2084-01-02,5.0239033990401
2084-01-03,4.405398082103932
2084-01-04,3.424443608993449
2084-01-05,2.7071914730701256
2084-01-06,2.3505363408964937
2084-01-07,2.100917688143595
2084-01-08,2.0781327764328656
2084-01-09,2.0856900184755722
2084-01-10,1.71776103336724
2084-01-11,1.4386754605859455
2084-01-12,1.225389199527358
2084-01-13,1.0609464487176414
2084-01-14,0.9346491348903255
2084-01-15,0.860506678890007
2084-01-16,1.0163333565791548
2084-01-17,1.2071499343199874
2084-01-18,1.1289527629794158
2084-01-19,0.9871936327235004
2084-01-20,0.8763871812895002
2084-01-21,0.7891426514109136
2084-01-22,0.7199042453689741
2084-01-23,0.6645224170764888
2084-01-24,0.6198735930254445
2084-01-25,0.608486012429076
2084-01-26,0.6611908486779311
2084-01-27,0.673925050791984
2084-01-28,0.6361558706417519
2084-01-29,0.6097749743638744
2084-01-30,0.6842981730398026
2084-01-31,0.7559575768857654
2084-02-01,1.1058922045772368
2084-02-02,1.7958503455540515
2084-02-03,2.4416128921565483
2084-02-04,2.681175609974762
2084-02-05,2.270937108799156
2084-02-06,1.8673311968979485
2084-02-07,1.5633782900428408
2084-02-08,1.3292912959204586
2084-02-09,1.2305999716326947
2084-02-10,1.1649810587767182
2084-02-11,1.1348581358302978
2084-02-12,1.5121124817949712
2084-02-13,1.894817931577286
2084-02-14,1.8944399100740714
2084-02-15,1.6976940772959095
2084-02-16,1.4375388699860057
2084-02-17,1.2380225508431073
2084-02-18,1.3042431291902308
2084-02-19,1.4731078188185016
2084-02-20,1.432790670026363
2084-02-21,1.3540232229759743
2084-02-22,1.2225479134890387
2084-02-23,1.1075954298765043
2084-02-24,1.0453230227725083
2084-02-25,1.018563904926628
2084-02-26,1.1630380670620808
2084-02-27,2.431791463264927
2084-02-28,3.3518827172595356
2084-02-29,2.6906467907572575
2084-03-01,2.197709282335817
2084-03-02,1.8282935869541588
2084-03-03,1.548591804244893
2084-03-04,1.3347647146642192
2084-03-05,1.16979367597123
2084-03-06,1.0413912542677517
2084-03-07,0.9405934613579091
2084-03-08,0.8607980368050668
2084-03-09,0.7970990348158682
2084-03-10,0.7458209839585379
2084-03-11,0.704189195106775
2084-03-12,0.6700940559812083
2084-03-13,0.6419209253575244
2084-03-14,0.7072131283600344
2084-03-15,0.7975790538460562
2084-03-16,0.8801198460918828
2084-03-17,0.9299381866240942
2084-03-18,1.4899827843774673
2084-03-19,2.021726037394378
2084-03-20,1.7004308093395233
2084-03-21,1.4528108804140294
2084-03-22,1.3048593370787804
2084-03-23,1.1920522529520616
2084-03-24,1.057483964102614
2084-03-25,0.95170488632544
2084-03-26,0.8681228363078625
2084-03-27,0.8015287034109755
2084-03-28,0.7480259720274643
2084-03-29,0.7046773703131076
2084-03-30,0.6692527244235165
2084-03-31,0.6400473083536645
2084-04-01,0.6157498107668694
2084-04-02,0.5953455642338304
2084-04-03,0.5780450638369253
2084-04-04,0.5632307779040234
2084-04-05,0.5504172960732677
2084-04-06,0.5392212756218842
2084-04-07,0.5293386374814847
2084-04-08,0.5205271624395091
2084-04-09,0.51401593551257
2084-04-10,0.5235629237250382
2084-04-11,0.5341716168686305
2084-04-12,0.5242470476845659
2084-04-13,0.5136049677436503
2084-04-14,0.5042101862187213
2084-04-15,0.4997373661619722
2084-04-16,0.49826626779289834
2084-04-17,0.49086352633921765
2084-04-18,0.48313554273359577
2084-04-19,0.4854072780252631
2084-04-20,0.49800087430810946
2084-04-21,0.48966079326905193
2084-04-22,0.4880583351706836
2084-04-23,0.49139640229891707
2084-04-24,0.48911278721814605
2084-04-25,0.491589602289682
2084-04-26,0.48356794197246916
2084-04-27,0.4728407918069748
2084-04-28,0.46340579865212955
2084-04-29,0.45506234652132926
2084-04-30,0.4478182129978136
2084-05-01,0.4572642002758997
2084-05-02,0.5234324028676605
2084-05-03,0.7394248218994744
2084-05-04,0.8569076112820105
2084-05-05,0.7725267669435082
2084-05-06,0.7033361308955778
2084-05-07,0.6480103895099681
2084-05-08,0.6034299778516756
2084-05-09,0.5680962686236412
2084-05-10,0.5387243738830613
2084-05-11,0.5678620392198958
2084-05-12,0.6972791053670763
2084-05-13,0.7164937211053406
2084-05-14,0.6564842035394545
2084-05-15,0.6087295819591562
2084-05-16,0.5699999419306727
2084-05-17,0.53832855177976
2084-05-18,0.5122786235714896
2084-05-19,0.49067564217671583
2084-05-20,0.4726078606602165
2084-05-21,0.4573637353208782
2084-05-22,0.44438516967212943
2084-05-23,0.43323234140251876
2084-05-24,0.42554260837502883
2084-05-25,0.41796012087192014
2084-05-26,0.4100187183274953
2084-05-27,0.40294842563019656
2084-05-28,0.3966073955153228
2084-05-29,0.39086740182948265
2084-05-30,0.3856248050603825
2084-05-31,0.3807955625784476
2084-06-01,0.3763113083930241
2084-06-02,0.3721162606790383
2084-06-03,0.3681647728361878
2084-06-04,0.36441938698550413
2084-06-05,0.36217506888947143
2084-06-06,0.36309698827784215
2084-06-07,0.36108758775251837
2084-06-08,0.36127695219038625
2084-06-09,0.3852058765052481
2084-06-10,0.3992071904969902
2084-06-11,0.3880886779542105
2084-06-12,0.37836654738233594
2084-06-13,0.3699013078751237
2084-06-14,0.3624862745112096
2084-06-15,0.35592975846968966
2084-06-16,0.3565034293304286
2084-06-17,0.7216634268612309
2084-06-18,1.1175649572070647
2084-06-19,0.9998348013660427
2084-06-20,0.8658133904009112
2084-06-21,0.7610860131432365
2084-06-22,0.6922634929736775
2084-06-23,0.6326158067812014
2084-06-24,0.5863415452914148
2084-06-25,0.5451882499193615
2084-06-26,0.5060988808887291
2084-06-27,0.5575687315936233
2084-06-28,0.6126234250150276
2084-06-29,0.5902258609159032
2084-06-30,0.5670647251287291
2084-07-01,0.6407557530888071
2084-07-02,0.7298425218781297
2084-07-03,0.7086989793348838
2084-07-04,0.6492655488229374
2084-07-05,0.5892812472513491
2084-07-06,0.5411185435294833
2084-07-07,0.5022741679337327
2084-07-08,0.472179082399886
2084-07-09,0.45040588669702486
2084-07-10,0.4291281289992934
2084-07-11,0.4104233083058502
2084-07-12,0.39478405784467197
2084-07-13,0.3815981930809711
2084-07-14,0.37038443773046076
2084-07-15,0.36076266827122044
2084-07-16,0.3524313308481313
2084-07-17,0.3451502020880725
2084-07-18,0.3387271568740449
2084-07-19,0.33300795875623596
2084-07-20,0.3278683435440306
2084-07-21,0.3232078521309374
2084-07-22,0.31894500453509395
2084-07-23,0.3150135073764976
2084-07-24,0.31135926137929204
2084-07-25,0.3079379909800241
2084-07-26,0.30471335975990854
2084-07-27,0.3016554668250819
2084-07-28,0.29917180440793384
2084-07-29,0.31889771933540845
2084-07-30,0.33034870471888106
2084-07-31,0.32365408460702105
2084-08-01,0.3155576953489649
2084-08-02,0.3091911645116722
2084-08-03,0.30356302286918746
2084-08-04,0.298542006554771
2084-08-05,0.2940220481643316
2084-08-06,0.29046026455658724
2084-08-07,0.28699730428068687
2084-08-08,0.2834092693942973
2084-08-09,0.280077998266351
2084-08-10,0.27696697397884645
2084-08-11,0.2740417218633274
2084-08-12,0.2748878057332233
2084-08-13,0.33816361624580554
2084-08-14,0.33405737688432247
2084-08-15,0.31987323720786315
2084-08-16,0.3089148650103802
2084-08-17,0.2995687932278663
2084-08-18,0.2949888967964626
2084-08-19,0.29101248726668727
2084-08-20,0.28411135729568676
2084-08-21,0.27793339817833473
2084-08-22,0.2725051878130491
2084-08-23,0.26883041024691845
2084-08-24,0.26530333888032326
2084-08-25,0.2611424251010878
2084-08-26,0.2573682311772106
2084-08-27,0.2539258468788521
2084-08-28,0.25076027708214876
2084-08-29,0.24782652875759723
2084-08-30,0.24508769132117977
2084-08-31,0.24251340503615745
2084-09-01,0.24007863491430156
2084-09-02,0.23776268602039388
2084-09-03,0.2355484102110206
2084-09-04,0.2334215652004623
2084-09-05,0.23137029523284677
2084-09-06,0.2293847091410509
2084-09-07,0.24733328506774535
2084-09-08,0.46527628988869885
2084-09-09,0.6526945969183461
2084-09-10,0.6416026640859057
2084-09-11,0.5607158194884869
2084-09-12,0.49766079231358634
2084-09-13,0.4474481653496371
2084-09-14,0.40719654946585004
2084-09-15,0.374717056167342
2084-09-16,0.3483356988462712
2084-09-17,0.32676422607055533
2084-09-18,0.30900539596713605
2084-09-19,0.29428296563957923
2084-09-20,0.28198956770700984
2084-09-21,0.27164763627750577
2084-09-22,0.32699676618606405
2084-09-23,0.35747955184597774
2084-09-24,0.3522490864965295
2084-09-25,0.561963557536192
2084-09-26,0.6950647177263889
2084-09-27,0.6186220818519056
2084-09-28,0.6360053292571678
2084-09-29,0.6308998792489022
2084-09-30,0.5535844063242118
2084-10-01,0.5104643596117301
2084-10-02,0.4877057835950849
2084-10-03,0.4454711456735548
2084-10-04,0.4060436521759732
2084-10-05,0.3741750077598924
2084-10-06,0.38293162565138217
2084-10-07,0.4100097839540097
2084-10-08,0.3975210414031954
2084-10-09,0.610817911851794
2084-10-10,0.8316617086325854
2084-10-11,0.77062420273209
2084-10-12,0.66448749600877
2084-10-13,0.581529524246717
2084-10-14,0.7703818219386163
2084-10-15,0.942925320974596
2084-10-16,0.8067520699423016
2084-10-17,0.6951693146891005
2084-10-18,0.6077718421814937
2084-10-19,0.5388830091736312
2084-10-20,0.4841950625108282
2084-10-21,0.4404765458509945
2084-10-22,0.4052848261028888
2084-10-23,0.37676037157870423
2084-10-24,0.3534781335933044
2084-10-25,0.33433922901673835
2084-10-26,0.3184913410682408
2084-10-27,0.30526977013667406
2084-10-28,0.2941534593467402
2084-10-29,0.2847319660449585
2084-10-30,0.27668049442333464
2084-10-31,0.26974090683556473
2084-11-01,0.263707198985036
2084-11-02,0.27974530525812774
2084-11-03,0.30593551977114997
2084-11-04,0.298030755130716
2084-11-05,0.2865217777289579
2084-11-06,0.27676592196501354
2084-11-07,0.26845873741833076
2084-11-08,0.2613260783839826
2084-11-09,0.25514935465843175
2084-11-10,0.2552755318412241
2084-11-11,0.31289494424258246
2084-11-12,0.35085636104901985
2084-11-13,0.4424342900836802
2084-11-14,0.5117505395671907
2084-11-15,0.545156121191811
2084-11-16,0.5698923132046816
2084-11-17,0.5045526255393655
2084-11-18,0.5704730013401033
2084-11-19,0.6216672633282408
2084-11-20,0.5461849068982041
2084-11-21,0.4866983338060678
2084-11-22,0.44068675309305166
2084-11-23,0.4060471809988899
2084-11-24,0.37440819804031106
2084-11-25,0.3486703092823617
2084-11-26,0.6979823227811949
2084-11-27,1.0888939777545177
2084-11-28,0.9745307274798211
2084-11-29,0.8249429129675677
2084-11-30,0.7088754049825136
2084-12-01,0.6181096954156021
2084-12-02,0.6090537247468829
2084-12-03,0.6073780056154997
2084-12-04,0.5384800520774241
2084-12-05,0.48383592505323575
2084-12-06,0.4401230195703221
2084-12-07,0.4749421398077831
2084-12-08,0.5569993038600368
2084-12-09,0.6983573623461282
2084-12-10,0.8150849964551451
2084-12-11,1.1605705215115063
2084-12-12,1.4001399014917473
2084-12-13,1.1584038565702544
2084-12-14,0.973215888404852
2084-12-15,0.830317968482647
2084-12-16,1.1382356111786869
2084-12-17,1.4137864904615558
2084-12-18,1.1973006259994143
2084-12-19,1.423908563517999
2084-12-20,1.6100240270143182
2084-12-21,1.4843178003128914
2084-12-22,1.3601952374177493
2084-12-23,1.1375086843452817
2084-12-24,1.14515817914967
2084-12-25,1.1659591629838295
2084-12-26,1.1175873768911135
2084-12-27,1.093415508566688
2084-12-28,1.0427049866453004
2084-12-29,1.0783042464349217
2084-12-30,1.0546933409746078
2084-12-31,1.1395841156524869
2085-01-01,1.1950713232569927
2085-01-02,1.059975946467979
2085-01-03,0.9123932842169609
2085-01-04,0.7975580375937527
2085-01-05,0.7075214203182458
2085-01-06,0.6363842295510128
2085-01-07,0.579754505245617
2085-01-08,0.6130020008171243
2085-01-09,0.6516706186903216
2085-01-10,0.5917706326870057
2085-01-11,0.5438015095739487
2085-01-12,0.6196507358592501
2085-01-13,0.8205220654801718
2085-01-14,1.700795891842043
2085-01-15,2.513213855195571
2085-01-16,2.2101108432293315
2085-01-17,1.8232203401692215
2085-01-18,1.5058261813631877
2085-01-19,1.3487802586467168
2085-01-20,1.2374395832675638
2085-01-21,1.0594206281694525
2085-01-22,0.921473896609537
2085-01-23,0.8137884867610755
2085-01-24,0.7290580050030527
2085-01-25,0.6618711333149343
2085-01-26,0.6081860767176938
2085-01-27,0.7207441961067883
2085-01-28,1.3252206576015013
2085-01-29,2.366823863871337
2085-01-30,3.3807255395672606
2085-01-31,3.416122092106434
2085-02-01,2.7109613476175354
2085-02-02,2.1884994002562883
2085-02-03,1.8507898798897964
2085-02-04,1.6077886607133225
2085-02-05,1.3589322488909215
2085-02-06,1.2956617174083258
2085-02-07,1.260432901671127
2085-02-08,1.313035731800084
2085-02-09,1.4162887492740832
2085-02-10,1.2547818594589735
2085-02-11,1.1969481956627759
2085-02-12,1.156859755646593
2085-02-13,1.293195844747233
2085-02-14,1.4732079250450454
2085-02-15,1.3066682591029781
2085-02-16,1.1321740142808459
2085-02-17,1.0010732692545166
2085-02-18,0.898210317012255
2085-02-19,0.8398398791475676
2085-02-20,0.9177059701581441
2085-02-21,1.0980990034055145
2085-02-22,1.3636306577170967
2085-02-23,1.4266592366124042
2085-02-24,1.401034894694634
2085-02-25,1.393293340345849
2085-02-26,1.2016669592396423
2085-02-27,1.0531854540142753
2085-02-28,0.9373541656274509
2085-03-01,0.8462391105745724
2085-03-02,1.221423415344797
2085-03-03,1.6470908046369743
2085-03-04,1.4563740476025517
2085-03-05,1.2522449198534082
2085-03-06,1.1580964226856556
2085-03-07,1.0879190830446503
2085-03-08,1.0849617712042827
2085-03-09,1.099269168034101
2085-03-10,0.9759025130750333
2085-03-11,1.21017446271978
2085-03-12,1.4313543115801775
2085-03-13,1.235065329916769
2085-03-14,1.1368185170392429
2085-03-15,1.133829206484545
2085-03-16,1.0649303508651284
2085-03-17,0.9505067202817822
2085-03-18,0.8600848502376245
2085-03-19,0.8301039939731968
2085-03-20,0.947700730154979
2085-03-21,1.003258056175471
2085-03-22,0.9011002526864278
2085-03-23,1.2312973526962094
2085-03-24,1.5389742090356915
2085-03-25,1.3189154282957478
2085-03-26,1.1487003034036523
2085-03-27,1.0164295306842162
2085-03-28,0.912774223293853
2085-03-29,0.8308703864832608
2085-03-30,0.7656224931838334
2085-03-31,0.7132164997252404
2085-04-01,0.6733219106862626
2085-04-02,0.6432715154798089
2085-04-03,0.6365909549522325
2085-04-04,0.7001932133601957
2085-04-05,0.7760152040786209
2085-04-06,0.8252838826085961
2085-04-07,0.8111717206258464
2085-04-08,0.7629462704890969
2085-04-09,0.7402276236430048
2085-04-10,0.7076860332525817
2085-04-11,0.6832844646198523
2085-04-12,0.6481454534913723
2085-04-13,0.6143418759201859
2085-04-14,0.5964612719464163
2085-04-15,0.5899750020031608
2085-04-16,0.5770794118462073
2085-04-17,0.5657774057237144
2085-04-18,0.8241816944902616
2085-04-19,1.4169460582454443
2085-04-20,1.6464248436095172
2085-04-21,1.458033901011541
2085-04-22,1.258060194111612
2085-04-23,1.1004053681162604
2085-04-24,0.9728096613052744
2085-04-25,1.0409683809773178
2085-04-26,1.3544316516105477
2085-04-27,1.4004409791858363
2085-04-28,1.2647843640427785
2085-04-29,1.205179259686106
2085-04-30,1.1184206418540592
2085-05-01,1.2975611856610996
2085-05-02,1.435109913437297
2085-05-03,1.2356499917955706
2085-05-04,1.0811983582956497
2085-05-05,0.9608762273067905
2085-05-06,0.866353755914499
2085-05-07,0.7914861981150728
2085-05-08,0.7317008954240891
2085-05-09,0.7078950405785802
2085-05-10,0.6993240229670813
2085-05-11,0.767254282682834
2085-05-12,0.8157850764677028
2085-05-13,0.7618161893444126
2085-05-14,0.7222428695848676
2085-05-15,0.6947814357776864
2085-05-16,0.6627870791910572
2085-05-17,0.6258796698681351
2085-05-18,0.5954897118588482
2085-05-19,0.5703531980956493
2085-05-20,0.5493755667929255
2085-05-21,0.5317068847078921
2085-05-22,0.5229155911200273
2085-05-23,0.5273225841410168
2085-05-24,0.5173488041478335
2085-05-25,0.5034718104130548
2085-05-26,0.6283448881967687
2085-05-27,0.8083606323446609
2085-05-28,0.8793174979817624
2085-05-29,1.2359157817457935
2085-05-30,1.6941512652869584
2085-05-31,1.6850139637445372
2085-06-01,1.4249837054673036
2085-06-02,1.2567948654872352
2085-06-03,1.5079417085393159
2085-06-04,1.7027296255427056
2085-06-05,1.442554187764087
2085-06-06,1.245357877237363
2085-06-07,1.1345465228086866
2085-06-08,1.0240128152554984
2085-06-09,0.9138206266388682
2085-06-10,0.8267108641719784
2085-06-11,0.7574920977246865
2085-06-12,0.7020495127841734
2085-06-13,0.6572834909667337
2085-06-14,0.6208422353627571
2085-06-15,0.5909292787054166
2085-06-16,0.5661636627036019
2085-06-17,0.5454775266245168
2085-06-18,0.5280405080476096
2085-06-19,0.5179585053694461
2085-06-20,0.5136472453464203
2085-06-21,0.5780625253584745
2085-06-22,0.6723247784466048
2085-06-23,0.667167639522571
2085-06-24,0.6265176959456514
2085-06-25,0.6464404041862662
2085-06-26,0.8229030722034506
2085-06-27,0.8876228576777647
2085-06-28,0.7990707601202224
2085-06-29,1.063980236153767
2085-06-30,1.3113003578907094
2085-07-01,1.1325611929046253
2085-07-02,0.9926487332531703
2085-07-03,0.8850957206957181
2085-07-04,0.9438506719630531
2085-07-05,2.4012118795855373
2085-07-06,3.752872874626212
2085-07-07,3.0077723750126655
2085-07-08,2.4512421421716666
2085-07-09,2.0434153773132255
2085-07-10,1.8016473081699524
2085-07-11,2.0275529279336344
2085-07-12,2.127221666789191
2085-07-13,1.769810493191638
2085-07-14,1.4984096776438722
2085-07-15,1.2909048775985934
2085-07-16,1.130552301770712
2085-07-17,1.0055698941882798
2085-07-18,0.9074041605755578
2085-07-19,0.8296618626062212
2085-07-20,0.7675866752837699
2085-07-21,0.7508380355022983
2085-07-22,0.7386718073072803
2085-07-23,0.6939309838543565
2085-07-24,0.6572008226014391
2085-07-25,0.6270032905728528
2085-07-26,0.6023247368262997
2085-07-27,0.5814852375377466
2085-07-28,0.5636795037112659
2085-07-29,0.6104901486382932
2085-07-30,0.7056019102084768
2085-07-31,0.6938982255720653
2085-08-01,0.6530333674720531
2085-08-02,0.6199903057587519
2085-08-03,0.5927280756259967
2085-08-04,0.5700364394679269
2085-08-05,0.5509767695565752
2085-08-06,0.5635551558553294
2085-08-07,0.6128738769992232
2085-08-08,0.6368610190314624
2085-08-09,0.6919620179688982
2085-08-10,0.8436800371161994
2085-08-11,0.9017767879878714
2085-08-12,1.0443162282556517
2085-08-13,1.2271645853501647
2085-08-14,1.1280704313185665
2085-08-15,0.9924960687783599
2085-08-16,0.886625128001071
2085-08-17,0.8031774637260877
2085-08-18,0.73686662446335
2085-08-19,0.6837450430896435
2085-08-20,0.6408415196793597
2085-08-21,0.6059032029987329
2085-08-22,0.5772101395207737
2085-08-23,0.5534407576864903
2085-08-24,0.5335734620146989
2085-08-25,0.5168140665491762
2085-08-26,0.502541880488346
2085-08-27,0.49040819157117427
2085-08-28,0.4926832704843609
2085-08-29,0.519094860654382
2085-08-30,0.5847112995823557
2085-08-31,0.5993721805126172
2085-09-01,0.5754031973512884
2085-09-02,0.5559195883929354
2085-09-03,0.5510635108640792
2085-09-04,0.5588695626695929
2085-09-05,0.5816042923042773
2085-09-06,0.5730202856530093
2085-09-07,0.543558159419943
2085-09-08,0.5609933670686171
2085-09-09,0.5776816747887611
2085-09-10,0.5462561489760278
2085-09-11,0.5208010258389438
2085-09-12,0.4996665852462754
2085-09-13,0.4819657818436302
2085-09-14,0.4962873517880393
2085-09-15,0.5144204693991669
2085-09-16,0.5376195904221456
2085-09-17,0.6741914025213954
2085-09-18,0.7269913425945176
2085-09-19,0.6641175770704787
2085-09-20,0.6131757174544854
2085-09-21,0.6599612685922909
2085-09-22,0.7012343021042241
2085-09-23,0.6418962707092195
2085-09-24,0.5947108303470733
2085-09-25,0.5565483790998466
2085-09-26,0.5254395083358241
2085-09-27,0.49987566987848675
2085-09-28,0.47869413325534566
2085-09-29,0.5467428671517539
2085-09-30,0.7039949308179558
2085-10-01,0.7183543802372249
2085-10-02,0.782967007820124
2085-10-03,0.8346417024482474
2085-10-04,0.7679080852429184
2085-10-05,0.7170051276421785
2085-10-06,0.65296608837126
2085-10-07,0.601565337270925
2085-10-08,0.5601421774722918
2085-10-09,0.5372027254499223
2085-10-10,0.5369928460547301
2085-10-11,0.5423707476335766
2085-10-12,0.5498674436546105
2085-10-13,0.542611185463648
2085-10-14,0.5160796518125083
2085-10-15,0.4900970557015371
2085-10-16,0.46829742654013007
2085-10-17,0.44967958055961654
2085-10-18,0.4389934059498451
2085-10-19,0.4313032394518814
2085-10-20,0.418261081177658
2085-10-21,0.40704392790647503
2085-10-22,0.4844679240407335
2085-10-23,0.5697045617785202
2085-10-24,0.5576956829245591
2085-10-25,0.5787624526269984
2085-10-26,0.5685390692080168
2085-10-27,0.5602823333160979
2085-10-28,0.6258783591311662
2085-10-29,0.6325436896203017
2085-10-30,0.610303537288594
2085-10-31,0.5950831548173118
2085-11-01,0.5489235587383948
2085-11-02,0.5117729907386038
2085-11-03,0.4815286603123273
2085-11-04,0.4567160461637518
2085-11-05,0.4361978817294798
2085-11-06,0.4448191404732511
2085-11-07,0.47683597884945467
2085-11-08,0.49588925604234624
2085-11-09,0.6698131795109582
2085-11-10,0.8077068637930424
2085-11-11,0.8976665271599541
2085-11-12,1.0468526658096882
2085-11-13,1.1035177731729007
2085-11-14,1.1777380940334399
2085-11-15,1.3849300376815974
2085-11-16,2.0265848072489887
2085-11-17,2.4626341151997786
2085-11-18,2.5619819039711893
2085-11-19,2.576187074553831
2085-11-20,2.2655052853982562
2085-11-21,1.951001682677842
2085-11-22,1.6118957844407868
2085-11-23,1.3545192783182458
2085-11-24,1.1574680048957626
2085-11-25,1.1959363965976288
2085-11-26,2.9109069470804543
2085-11-27,4.237737401199912
2085-11-28,3.5884658564660428
2085-11-29,3.2883629632299276
2085-11-30,2.7791661164114974
2085-12-01,2.2533034451052414
2085-12-02,2.077913844338036
2085-12-03,1.9675092777552754
2085-12-04,1.6460611907130975
2085-12-05,1.4011197929465744
2085-12-06,1.2557495711865145
2085-12-07,1.1549288125272155
2085-12-08,1.0222161768522013
2085-12-09,0.9181463917138305
2085-12-10,1.0071234994713962
2085-12-11,1.0999916849428817
2085-12-12,0.979150129892159
2085-12-13,0.8839760003045241
2085-12-14,0.8085678250607408
2085-12-15,0.9635165950733383
2085-12-16,1.2274441109960665
2085-12-17,1.3083738709575674
2085-12-18,1.4727393809067204
2085-12-19,1.4877231129837967
2085-12-20,1.280947809068594
2085-12-21,1.1211156797796333
2085-12-22,1.5776302415215195
2085-12-23,2.1371440031020943
2085-12-24,2.462563890092943
2085-12-25,2.7263996394778403
2085-12-26,2.4363249981746002
2085-12-27,2.102563098453923
2085-12-28,2.1337580804065217
2085-12-29,2.2556149068209046
2085-12-30,1.9403663009501082
2085-12-31,1.640661688756353
2086-01-01,1.4117780734023544
2086-01-02,1.2354214144981726
2086-01-03,1.098333220089363
2086-01-04,0.9908529954407227
2086-01-05,0.905873930581962
2086-01-06,0.8381212170409565
2086-01-07,0.7836474103524118
2086-01-08,0.739475689643558
2086-01-09,1.0588927280925318
2086-01-10,2.1998984050332635
2086-01-11,3.049881774547625
2086-01-12,2.533067711581149
2086-01-13,2.0919613591985637
2086-01-14,1.7597781278900717
2086-01-15,1.5071905498250533
2086-01-16,1.479362530092427
2086-01-17,1.5474833352664639
2086-01-18,1.4110149607004567
2086-01-19,1.3732288005621378
2086-01-20,1.3594856998202245
2086-01-21,1.2002825129609203
2086-01-22,1.1458541318825517
2086-01-23,1.1132046997732605
2086-01-24,1.1268438310854758
2086-01-25,1.1504708109115436
2086-01-26,1.036685176697142
2086-01-27,0.946706430676045
2086-01-28,0.8750937668350116
2086-01-29,0.8176109743952585
2086-01-30,0.9620519652684792
2086-01-31,1.1987853041503007
2086-02-01,1.3096285441339066
2086-02-02,1.425111870633854
2086-02-03,1.454971811039169
2086-02-04,1.3581481601538747
2086-02-05,1.1975529882076816
2086-02-06,1.0721784239991816
2086-02-07,0.9736099054730135
2086-02-08,0.8954520038537576
2086-02-09,0.8329485305044609
2086-02-10,0.7825334490155726
2086-02-11,0.7415127279250141
2086-02-12,0.7808522694625412
2086-02-13,0.8275053179112103
2086-02-14,0.8379651088578299
2086-02-15,0.9081815910551524
2086-02-16,1.0211005688652082
2086-02-17,1.3347707332242162
2086-02-18,1.690771398335644
2086-02-19,1.6841434965177546
2086-02-20,1.6312242089032427
2086-02-21,1.6654719660587765
2086-02-22,1.4872927308447332
2086-02-23,1.295941623491676
2086-02-24,1.1475180280756483
2086-02-25,1.1329123315040341
2086-02-26,1.4629117232418458
2086-02-27,1.969823548902389
2086-02-28,2.2502147543003144
2086-03-01,2.106446975895374
2086-03-02,1.7743657703409796
2086-03-03,1.521254156573409
2086-03-04,1.3268230023298797
2086-03-05,1.1982909607546224
2086-03-06,1.1408476438959843
2086-03-07,1.0593657142373591
2086-03-08,1.245705363851489
2086-03-09,1.4270324491595645
2086-03-10,1.254347007397085
2086-03-11,1.1224762984783643
2086-03-12,1.0179182780430203
2086-03-13,0.933228823183395
2086-03-14,0.86561834854292
2086-03-15,0.8112092962771076
2086-03-16,0.9011542280744852
2086-03-17,1.041955115114224
2086-03-18,1.1955661345386885
2086-03-19,1.2847414244088198
2086-03-20,1.1408368830433318
2086-03-21,1.0278809055439773
2086-03-22,0.9387382457101449
2086-03-23,0.8677892662140573
2086-03-24,0.8207668794418322
2086-03-25,0.781316283056198
2086-03-26,0.8419512682059551
2086-03-27,0.9757243919426412
2086-03-28,1.0010071225155976
2086-03-29,0.943429453130696
2086-03-30,0.8690849505501931
2086-03-31,0.8235170553660134
2086-04-01,0.7898432613564892
2086-04-02,0.7470576013875267
2086-04-03,0.9063382807528223
2086-04-04,1.0749009897053738
2086-04-05,1.0677432485525327
2086-04-06,1.057420370594026
2086-04-07,0.9570544802411604
2086-04-08,0.8769595426020779
2086-04-09,0.8130362820219924
2086-04-10,0.7888224469869041
2086-04-11,1.084818675510807
2086-04-12,1.3994326172355291
2086-04-13,1.2818187253955151
2086-04-14,1.1316906716839832
2086-04-15,1.0545395645286655
2086-04-16,1.0455691698261078
2086-04-17,0.9845741237460358
2086-04-18,0.8981516535673628
2086-04-19,0.8555991878946893
2086-04-20,1.0058624786090573
2086-04-21,1.1068026706066962
2086-04-22,0.9963955282583538
2086-04-23,0.9266699337391971
2086-04-24,0.856838247814745
2086-04-25,0.7950762338360877
2086-04-26,0.8269812949686223
2086-04-27,0.8841630355200931
2086-04-28,0.8426106714008736
2086-04-29,0.7896875498876305
2086-04-30,0.7441869477449384
2086-05-01,0.7026567203078596
2086-05-02,0.7287421211018564
2086-05-03,0.7546111872561485
2086-05-04,0.7099825045658891
2086-05-05,0.6732186629570691
2086-05-06,0.6429918573028665
2086-05-07,0.6179147300987886
2086-05-08,0.5969158951238315
2086-05-09,0.579163242171565
2086-05-10,0.5640070208149547
2086-05-11,0.5509373019448393
2086-05-12,0.5395519721658514
2086-05-13,0.5295325009443154
2086-05-14,0.520625483389621
2086-05-15,0.5126285027714295
2086-05-16,0.5053792438864398
2086-05-17,0.4987470672434877
2086-05-18,0.602430730554603
2086-05-19,0.7154156085410793
2086-05-20,0.6785442131627698
2086-05-21,0.6464478213019169
2086-05-22,0.6143021506614951
2086-05-23,0.5863450729627374
2086-05-24,0.7167418870856737
2086-05-25,0.8811350872605811
2086-05-26,0.9490955827937192
2086-05-27,0.9685562829736719
2086-05-28,0.8697779377290406
2086-05-29,0.8752671891666606
2086-05-30,0.9309715304443739
2086-05-31,0.8643347364257243
2086-06-01,0.7857971244707612
2086-06-02,0.9045428134324976
2086-06-03,1.6586794577246158
2086-06-04,2.463255126469704
2086-06-05,2.351557764793782
2086-06-06,1.934144825361118
2086-06-07,1.6189204887659414
2086-06-08,1.3788703619175313
2086-06-09,1.1943896763282988
2086-06-10,1.2179198568661556
2086-06-11,1.2577834799034573
2086-06-12,1.1011510449260193
2086-06-13,0.9791624255703817
2086-06-14,0.8833033713694922
2086-06-15,0.8073611033194923
2086-06-16,0.7467089668748143
2086-06-17,0.6978737393644141
2086-06-18,0.6582285343620593
2086-06-19,0.6257726793259979
2086-06-20,0.5989724730011576
2086-06-21,0.5766449881693804
2086-06-22,0.5578725972816453
2086-06-23,0.5419396200321006
2086-06-24,0.6104126382638405
2086-06-25,0.6681705172067821
2086-06-26,0.6295685899505353
2086-06-27,0.5988845686843189
2086-06-28,0.5735163285202333
2086-06-29,0.5523575068029516
2086-06-30,0.5345485839061584
2086-07-01,0.5194182575439531
2086-07-02,0.5064395968767837
2086-07-03,0.49519703356502554
2086-07-04,0.48676427990542104
2086-07-05,0.4906338302609024
2086-07-06,0.49455333761104514
2086-07-07,0.48534814786056996
2086-07-08,0.4760529873354638
2086-07-09,0.4674150834786279
2086-07-10,0.46661294166735495
2086-07-11,0.5020222540028733
2086-07-12,0.5097570682629644
2086-07-13,0.4923168573138906
2086-07-14,0.4784281771564706
2086-07-15,0.46651029242442893
2086-07-16,0.45618389308455526
2086-07-17,0.44714821910476577
2086-07-18,0.43916378421005486
2086-07-19,0.4320391264121121
2086-07-20,0.4256205929774317
2086-07-21,0.4394548801616524
2086-07-22,0.4810015491793327
2086-07-23,0.4803242254228482
2086-07-24,0.46354351893280726
2086-07-25,0.45553552540403824
2086-07-26,0.4496756517785514
2086-07-27,0.4379748788138819
2086-07-28,0.42758738975761995
2086-07-29,0.41854884054437247
2086-07-30,0.4106074864294209
2086-07-31,0.446376439891313
2086-08-01,0.46745341874317603
2086-08-02,0.449818397800384
2086-08-03,0.44041616803247496
2086-08-04,0.4321823092694388
2086-08-05,0.4202751731088807
2086-08-06,0.4225167900163828
2086-08-07,0.4608440179115338
2086-08-08,0.4562845285343824
2086-08-09,0.4443582481185013
2086-08-10,0.45830663780720887
2086-08-11,0.4562258058355359
2086-08-12,0.43864911693840275
2086-08-13,0.4371229870164785
2086-08-14,0.4341940086223
2086-08-15,0.4184307548345207
2086-08-16,0.40659495763475095
2086-08-17,0.39601095194686975
2086-08-18,0.38594938305902593
2086-08-19,0.37722425549757266
2086-08-20,0.36959957962284534
2086-08-21,0.36287299923737937
2086-08-22,0.35688229696415386
2086-08-23,0.3514969533422095
2086-08-24,0.3489402699902852
2086-08-25,0.3496349544592375
2086-08-26,0.3463023563989234
2086-08-27,0.3412659656284556
2086-08-28,0.3366631521666011
2086-08-29,0.33243747806369056
2086-08-30,0.3704851580088204
2086-08-31,0.3968093983167911
2086-09-01,0.38404434272628546
2086-09-02,0.3706255842726363
2086-09-03,0.3594936078952666
2086-09-04,0.35059478214102885
2086-09-05,0.3426387143622023
2086-09-06,0.3358017097047121
2086-09-07,0.3359886774967696
2086-09-08,0.3347820407366567
2086-09-09,0.3279224707834449
2086-09-10,0.32183671547409853
2086-09-11,0.31642240995464116
2086-09-12,0.31156540227169544
2086-09-13,0.3074278690247274
2086-09-14,0.3141368987404092
2086-09-15,0.3212155491167598
2086-09-16,0.314052469094113
2086-09-17,0.308178661140822
2086-09-18,0.30296110998557824
2086-09-19,0.2984122157917973
2086-09-20,0.2974945572580779
2086-09-21,0.2964260213647306
2086-09-22,0.2919711486246394
2086-09-23,0.28830808538601815
2086-09-24,0.28483043512525125
2086-09-25,0.2813235943546926
2086-09-26,0.2796434386809279
2086-09-27,0.2783004363840179
2086-09-28,0.27688376956196337
2086-09-29,0.41192928925899475
2086-09-30,0.4705092515172142
2086-10-01,0.42995734872359126
2086-10-02,0.39939990863367636
2086-10-03,0.37449750369655915
2086-10-04,0.3540598423997754
2086-10-05,0.3371647232374639
2086-10-06,0.32309370514708013
2086-10-07,0.311284177388672
2086-10-08,0.30395976928371626
2086-10-09,0.2979788398452649
2086-10-10,0.2898256526537401
2086-10-11,0.28276854754499225
2086-10-12,0.2766316118251749
2086-10-13,0.2712471296978235
2086-10-14,0.2664802314277163
2086-10-15,0.26222207990662033
2086-10-16,0.26347753031282656
2086-10-17,0.26587340141772947
2086-10-18,0.2610666623649079
2086-10-19,0.2567543028029165
2086-10-20,0.26888582226427304
2086-10-21,0.28230299990702545
2086-10-22,0.2742007962722944
2086-10-23,0.2669155270808212
2086-10-24,0.26787180770955676
2086-10-25,0.2685113130639554
2086-10-26,0.2612949709475831
2086-10-27,0.2553627492527548
2086-10-28,0.25017555187850743
2086-10-29,0.24559962637959776
2086-10-30,0.2415270374760765
2086-10-31,0.23787039239732374
2086-11-01,0.23455870528714218
2086-11-02,0.251284985422694
2086-11-03,0.4110237268636668
2086-11-04,0.5392423217797857
2086-11-05,0.5325837091619877
2086-11-06,0.9697563058274201
2086-11-07,1.3866756993841278
2086-11-08,1.188591652029559
2086-11-09,1.0588914967645735
2086-11-10,1.0253345552686626
2086-11-11,0.9227952261901923
2086-11-12,0.8116900943265501
2086-11-13,0.767137848986979
2086-11-14,0.6966340802939489
2086-11-15,0.610155689193228
2086-11-16,0.5634056442587886
2086-11-17,0.5312034841749727
2086-11-18,0.4792298042999587
2086-11-19,0.4486769726319714
2086-11-20,0.493278388458148
2086-11-21,0.606588774837641
2086-11-22,0.6715628243651689
2086-11-23,0.9009122033556829
2086-11-24,1.2943301313668314
2086-11-25,1.34685498654261
2086-11-26,1.4371425836798553
2086-11-27,1.6677148422617165
2086-11-28,1.6438613935969466
2086-11-29,1.5947731752440715
2086-11-30,1.4627020428421422
2086-12-01,1.2824558742590677
2086-12-02,1.2293624117393025
2086-12-03,1.1255674807987985
2086-12-04,0.9685407203353541
2086-12-05,0.836017146661402
2086-12-06,0.919249519477504
2086-12-07,0.9966404812026286
2086-12-08,0.8593940712250561
2086-12-09,0.752321632576114
2086-12-10,0.6681970819099003
2086-12-11,0.6016074229199878
2086-12-12,0.7924373754549175
2086-12-13,0.9686584434581978
2086-12-14,1.2535196246145668
2086-12-15,1.510885534214621
2086-12-16,1.4096709929855364
2086-12-17,1.9857616901969273
2086-12-18,2.379842161994093
2086-12-19,1.9949066356031324
2086-12-20,1.830168131309298
2086-12-21,1.719963375240251
2086-12-22,1.4292834603049405
2086-12-23,1.2675354097161866
2086-12-24,1.3433383344439458
2086-12-25,1.6358603450294804
2086-12-26,2.245547288668099
2086-12-27,2.5916004500042544
2086-12-28,2.744074682634334
2086-12-29,3.323882046161538
2086-12-30,3.2780868468976663
2086-12-31,2.943918637734154
2087-01-01,2.7255097180081815
2087-01-02,2.2091772006747834
2087-01-03,1.8220406848572213
2087-01-04,1.5293901816612998
2087-01-05,1.3060429870271693
2087-01-06,1.2429387255790567
2087-01-07,1.3830572126599678
2087-01-08,1.4939132030630888
2087-01-09,1.400685501485432
2087-01-10,1.2093142003672142
2087-01-11,1.0645193745741224
2087-01-12,0.9967775540769538
2087-01-13,0.9984921974568883
2087-01-14,0.9518254987049032
2087-01-15,0.8594234875771315
2087-01-16,0.8942599664632404
2087-01-17,1.0342289538653617
2087-01-18,1.0219914968367023
2087-01-19,0.9143607240310755
2087-01-20,0.829385472955484
2087-01-21,0.7618257102855955
2087-01-22,1.0120753709788761
2087-01-23,1.374788104999243
2087-01-24,1.5160930749812505
2087-01-25,1.5628925411436763
2087-01-26,1.3802494275517756
2087-01-27,1.1951495140386044
2087-01-28,1.0516787796496778
2087-01-29,0.9766795317779847
2087-01-30,0.9266869160010018
2087-01-31,1.0780848677258186
2087-02-01,1.300267438348805
2087-02-02,1.3348359000648287
2087-02-03,1.4847187847655618
2087-02-04,1.4751542760949725
2087-02-05,1.2706856911514235
2087-02-06,1.1124813963184197
2087-02-07,0.9892605419337207
2087-02-08,0.8924766779548984
2087-02-09,0.8158272478661736
2087-02-10,0.7546235843856449
2087-02-11,0.7259582978105564
2087-02-12,0.831120981543524
2087-02-13,0.8962022708148014
2087-02-14,0.8174707108960401
2087-02-15,0.8140834465788424
2087-02-16,0.930829194567473
2087-02-17,0.9487952395833301
2087-02-18,0.8584600097736773
2087-02-19,0.9755627981802615
2087-02-20,1.220784794311945
2087-02-21,1.6932156175000606
2087-02-22,1.9503330588000285
2087-02-23,1.6350830636934932
2087-02-24,1.3942244850425087
2087-02-25,1.691037728212515
2087-02-26,1.9732978373376104
2087-02-27,1.7606787520272447
2087-02-28,1.5985481338547671
2087-03-01,1.372643148818946
2087-03-02,1.1962018579866425
2087-03-03,1.0591789002963832
2087-03-04,0.9820554560416771
2087-03-05,0.9920364577303573
2087-03-06,0.9629219480397037
2087-03-07,0.8759584444828525
2087-03-08,0.8064514894432895
2087-03-09,0.7507141658764266
2087-03-10,0.7056439297795675
2087-03-11,0.7088064047830098
2087-03-12,1.2634666399753023
2087-03-13,2.6984911027947014
2087-03-14,3.5257236698843903
2087-03-15,3.222464543811686
2087-03-16,2.6961941794108246
2087-03-17,2.210357306912836
2087-03-18,1.8450503215907794
2087-03-19,1.5681124366755608
2087-03-20,1.3561498706132165
2087-03-21,1.1924343191216769
2087-03-22,1.0648702138216826
2087-03-23,0.9646219777005967
2087-03-24,0.8851743091734621
2087-03-25,0.8216807970334914
2087-03-26,0.7705071463346208
2087-03-27,0.7289074199271691
2087-03-28,0.694792262201105
2087-03-29,0.6665614238509056
2087-03-30,0.6475140237723979
2087-03-31,0.630071374827451
2087-04-01,0.6119562466573686
2087-04-02,0.5963954635028009
2087-04-03,0.5829375853360806
2087-04-04,0.5711783299084735
2087-04-05,0.5607973204507503
2087-04-06,0.5515395907857809
2087-04-07,0.5432014096979588
2087-04-08,0.5356193584221965
2087-04-09,0.52866187248961
2087-04-10,0.5222226607000336
2087-04-11,0.5162155614136145
2087-04-12,0.510570504889117
2087-04-13,0.5052303307934208
2087-04-14,0.5001482699086386
2087-04-15,0.49528594394416375
2087-04-16,0.4906117711667905
2087-04-17,0.48609969115561813
2087-04-18,0.48172814145923964
2087-04-19,0.4807590958498435
2087-04-20,0.519748196170616
2087-04-21,0.68542629330394
2087-04-22,0.7928358268280319
2087-04-23,1.0718146197343006
2087-04-24,1.6341621003719051
2087-04-25,1.8489692854846378
2087-04-26,1.65442778235748
2087-04-27,1.4036369300562894
2087-04-28,1.3083321935626615
2087-04-29,1.2547202258800327
2087-04-30,1.1002694609120978
2087-05-01,0.9759777879668926
2087-05-02,0.8783742031092975
2087-05-03,0.8011044668758053
2087-05-04,0.7394386881911226
2087-05-05,0.6898276479648139
2087-05-06,0.6495880627993851
2087-05-07,0.6166770916028194
2087-05-08,0.5895292803582489
2087-05-09,0.5669376336535501
2087-05-10,0.54796616697155
2087-05-11,0.5324827101132861
2087-05-12,0.5271573019733139
2087-05-13,0.5173082255332102
2087-05-14,0.5051173485615356
2087-05-15,0.49446185730448927
2087-05-16,0.5758942328009966
2087-05-17,0.6666121714343943
2087-05-18,0.627071784230525
2087-05-19,0.5928181775139316
2087-05-20,0.5646374798964331
2087-05-21,0.5412807807060608
2087-05-22,0.5224596345123352
2087-05-23,0.511486890392618
2087-05-24,0.49809791757089567
2087-05-25,0.48488594482142644
2087-05-26,0.48228305020009765
2087-05-27,0.4791023067757441
2087-05-28,0.4678579975668888
2087-05-29,0.675431181373035
2087-05-30,0.8687500535634518
2087-05-31,0.7799025112870384
2087-06-01,0.7124424156645514
2087-06-02,0.6623865644213974
2087-06-03,0.6177259994269803
2087-06-04,0.579764578202976
2087-06-05,0.5487478684124463
2087-06-06,0.5231989784395824
2087-06-07,0.5019774264055593
2087-06-08,0.48419752790626713
2087-06-09,0.46916780724063395
2087-06-10,0.4563589498283529
2087-06-11,0.4453224597411542
2087-06-12,0.4357181818822366
2087-06-13,0.4272862644056303
2087-06-14,0.4198114807007478
2087-06-15,0.4138636220956455
2087-06-16,0.41059537037889743
2087-06-17,0.40629748671962895
2087-06-18,0.4031080535262807
2087-06-19,0.4953111746943409
2087-06-20,0.6012210204653067
2087-06-21,0.5879461752322765
2087-06-22,0.5589909078598395
2087-06-23,0.5345980265908479
2087-06-24,0.5196240689142967
2087-06-25,0.5045412347140009
2087-06-26,0.4797379672699742
2087-06-27,0.45908269976683536
2087-06-28,0.44182843046477926
2087-06-29,0.4272905679381498
2087-06-30,0.42060934442541037
2087-07-01,0.42214350586354926
2087-07-02,0.6220996735511661
2087-07-03,0.7612951370259196
2087-07-04,0.681603240752111
2087-07-05,0.6227348138684081
2087-07-06,0.5743915289756312
2087-07-07,0.5338408797567497
2087-07-08,0.5008808317784021
2087-07-09,0.47390137039461583
2087-07-10,0.4516446900245912
2087-07-11,0.4346150480921827
2087-07-12,0.4362174605959983
2087-07-13,0.4404227463197028
2087-07-14,0.4245773270783524
2087-07-15,0.4096864476721452
2087-07-16,0.39706855001832525
2087-07-17,0.38628697525852734
2087-07-18,0.37699013299801915
2087-07-19,0.36889867573751095
2087-07-20,0.361789746684582
2087-07-21,0.3554848649703684
2087-07-22,0.349840560773192
2087-07-23,0.3447411010558708
2087-07-24,0.356427879858031
2087-07-25,0.3652039419050716
2087-07-26,0.35563116305046555
2087-07-27,0.34834926909042724
2087-07-28,0.34308891201777364
2087-07-29,0.3380433054382829
2087-07-30,0.3326337411056566
2087-07-31,0.3277408887829724
2087-08-01,0.3232865941596965
2087-08-02,0.3191968579770756
2087-08-03,0.3154114008800993
2087-08-04,0.31188097468145115
2087-08-05,0.30871578105536024
2087-08-06,0.3110282431711399
2087-08-07,0.316541504669463
2087-08-08,0.31390285752346964
2087-08-09,0.31112084020086433
2087-08-10,0.30650447788176177
2087-08-11,0.30229180001109995
2087-08-12,0.298430550277739
2087-08-13,0.2948625320619837
2087-08-14,0.29154019034893613
2087-08-15,0.2884245560652311
2087-08-16,0.285773791894053
2087-08-17,0.28313185411715297
2087-08-18,0.2804087313271218
2087-08-19,0.2778007624351374
2087-08-20,0.27529438986730487
2087-08-21,0.27287578461089534
2087-08-22,0.27053343097245885
2087-08-23,0.2682577173986384
2087-08-24,0.3164038558832668
2087-08-25,0.4887894626074911
2087-08-26,0.5461818180906627
2087-08-27,0.4897090588155441
2087-08-28,0.447379519008825
2087-08-29,0.41325273537114676
2087-08-30,0.4023963078385628
2087-08-31,0.3958639511774167
2087-09-01,0.37131705782568086
2087-09-02,0.35106295786386066
2087-09-03,0.3343152835003043
2087-09-04,0.3203628545042076
2087-09-05,0.3086488058650159
2087-09-06,0.29873495762629826
2087-09-07,0.2902749178265192
2087-09-08,0.2829936526715131
2087-09-09,0.2766718784569238
2087-09-10,0.271134071473789
2087-09-11,0.2662392091281007
2087-09-12,0.2637725938523623
2087-09-13,0.2615344177564856
2087-09-14,0.2574513732176584
2087-09-15,0.25374330764144587
2087-09-16,0.2503637424874427
2087-09-17,0.24725811649988436
2087-09-18,0.24438181006807635
2087-09-19,0.2416982320965625
2087-09-20,0.2391772949810822
2087-09-21,0.23679419476199617
2087-09-22,0.23452843216378505
2087-09-23,0.23236302446921664
2087-09-24,0.23028386910654033
2087-09-25,0.22827922825357094
2087-09-26,0.22634895034086563
2087-09-27,0.22446969700090377
2087-09-28,0.22263426811083223
2087-09-29,0.22084302252111757
2087-09-30,0.219091070375829
2087-10-01,0.21737428817998342
2087-10-02,0.2156891909794365
2087-10-03,0.21403282683088876
2087-10-04,0.21240268949723687
2087-10-05,0.21079664607883494
2087-10-06,0.20922828644561178
2087-10-07,0.20771241405865018
2087-10-08,0.2061732021264905
2087-10-09,0.20464093337436884
2087-10-10,0.20336220045812192
2087-10-11,0.2021241424646694
2087-10-12,0.2008280548415333
2087-10-13,0.19956509791006227
2087-10-14,0.19802303915875055
2087-10-15,0.22735499356188735
2087-10-16,0.22378751830853993
2087-10-17,0.21599528054137826
2087-10-18,0.21139607692072773
2087-10-19,0.20734510897572478
2087-10-20,0.20375221757986775
2087-10-21,0.20053808671767928
2087-10-22,0.19763820485583458
2087-10-23,0.19758808243969314
2087-10-24,0.20875083976316722
2087-10-25,0.22217198280467576
2087-10-26,0.24725592179314648
2087-10-27,0.26396104805535964
2087-10-28,0.2614711530938367
2087-10-29,0.2815738943155854
2087-10-30,0.2876274016373143
2087-10-31,0.4745649907335181
2087-11-01,0.6622348475112995
2087-11-02,0.66951677450291
2087-11-03,0.6253839452629627
2087-11-04,0.6235964073753549
2087-11-05,0.5880672616387359
2087-11-06,0.5116119522848691
2087-11-07,0.5311454273114301
2087-11-08,1.3223887203562736
2087-11-09,2.0918296125920324
2087-11-10,1.7873569739953739
2087-11-11,1.4421872933839646
2087-11-12,1.4990743911783984
2087-11-13,1.8561687329631786
2087-11-14,1.9901982841718764
2087-11-15,2.2919090618959905
2087-11-16,2.3458020850641406
2087-11-17,1.8751516519976636
2087-11-18,1.5222971544444794
2087-11-19,1.4519727960204356
2087-11-20,1.461806076680925
2087-11-21,1.3758223464757091
2087-11-22,1.2846622061529167
2087-11-23,1.157462553787252
2087-11-24,1.1292293314781687
2087-11-25,1.1540567225122802
2087-11-26,1.209693516769589
2087-11-27,1.1560169822380468
2087-11-28,0.9837803405281257
2087-11-29,0.9801649354557117
2087-11-30,1.048230854650842
2087-12-01,0.958290730587925
2087-12-02,1.173332244696436
2087-12-03,2.0451187413128737
2087-12-04,2.5525206104901614
2087-12-05,2.4274818862328744
2087-12-06,2.3231911327082044
2087-12-07,2.0339511951151295
2087-12-08,1.6657838022599396
2087-12-09,1.4657677050442806
2087-12-10,1.4322589223376763
2087-12-11,1.6404044459014686
2087-12-12,1.781507087876473
2087-12-13,1.5923819170798554
2087-12-14,1.406029704444954
2087-12-15,1.2872567670104493
2087-12-16,1.161603291784142
2087-12-17,1.0063684681386451
2087-12-18,0.8855761093557847
2087-12-19,0.7908643003045001
2087-12-20,0.7160091364485875
2087-12-21,0.6563821907044664
2087-12-22,0.6579087768017329
2087-12-23,0.670174742961113
2087-12-24,0.6191141926840723
2087-12-25,0.5778996943286382
2087-12-26,0.5443826869376175
2087-12-27,0.5169027438801267
2087-12-28,0.49418355559315263
2087-12-29,0.47523815584267926
2087-12-30,0.5912731100999425
2087-12-31,0.7070271406809048
2088-01-01,0.740592682697983
2088-01-02,0.7755770066951081
2088-01-03,0.7005534520939958
2088-01-04,0.6407861629180054
2088-01-05,0.5928526020806727
2088-01-06,0.8165482264280887
2088-01-07,1.1099757917213442
2088-01-08,2.120593829692186
2088-01-09,2.948846828388842
2088-01-10,2.4214664274518474
2088-01-11,2.0309090655890008
2088-01-12,1.7325879993142674
2088-01-13,2.119000988599072
2088-01-14,2.4008093445368908
2088-01-15,1.966349583964157
2088-01-16,1.6685499487820765
2088-01-17,1.4502299237079008
2088-01-18,1.241001869764923
2088-01-19,1.079521001972149
2088-01-20,1.6409168418133897
2088-01-21,2.170482470375542
2088-01-22,1.7934573024875642
2088-01-23,1.5072970221724606
2088-01-24,1.2889475810711668
2088-01-25,1.120811616091691
2088-01-26,0.9902070765562806
2088-01-27,0.8878973493105481
2088-01-28,0.8815291859570209
2088-01-29,0.9323064455367458
2088-01-30,1.1989788005236297
2088-01-31,1.3929333544477531
2088-02-01,1.2573750968687207
2088-02-02,1.1602433331404585
2088-02-03,1.0222974273957242
2088-02-04,0.9143047095002653
2088-02-05,1.1260432303277654
2088-02-06,1.3879753726998143
2088-02-07,2.3332314355216504
2088-02-08,3.1122230602375804
2088-02-09,2.8202105325292837
2088-02-10,3.167774713372909
2088-02-11,3.357851803884618
2088-02-12,3.123656117036033
2088-02-13,2.8259985657728426
2088-02-14,2.415832206622951
2088-02-15,2.0873651332993215
2088-02-16,2.106121721673533
2088-02-17,2.0620082968476576
2088-02-18,2.961891097937817
2088-02-19,4.850242179043842
2088-02-20,5.922603057882347
2088-02-21,5.753403761588185
2088-02-22,4.659660496988551
2088-02-23,3.687573245130873
2088-02-24,2.975658707492558
2088-02-25,2.506856155640288
2088-02-26,2.1596170448694063
2088-02-27,1.8357045179320028
2088-02-28,1.9435540998529899
2088-02-29,2.1776101600849374
2088-03-01,1.9591918828933867
2088-03-02,1.692592831735191
2088-03-03,1.7376561694547272
2088-03-04,1.7721840824687287
2088-03-05,1.631147834909085
2088-03-06,1.5367472065812697
2088-03-07,1.3624047259863354
2088-03-08,1.7397689598676507
2088-03-09,2.1100788727441744
2088-03-10,1.8086229560438725
2088-03-11,1.5715679091236474
2088-03-12,1.3888463923752188
2088-03-13,1.4761037808232278
2088-03-14,1.9576136402218969
2088-03-15,2.074353145736254
2088-03-16,1.7760705564679562
2088-03-17,1.547474115447846
2088-03-18,1.5291964913532705
2088-03-19,1.644220299672904
2088-03-20,1.6529349519439263
2088-03-21,1.5393712899692853
2088-03-22,1.366185701826683
2088-03-23,1.2307440002112948
2088-03-24,1.7187356041888535
2088-03-25,2.532067680363603
2088-03-26,2.4707269649873433
2088-03-27,2.0790609825829787
2088-03-28,1.7820288130935162
2088-03-29,1.619796961404935
2088-03-30,1.5183885553980145
2088-03-31,1.3584949541567968
2088-04-01,1.2269326897955362
2088-04-02,1.1233302992928185
2088-04-03,1.0729949369538343
2088-04-04,1.0327764266295054
2088-04-05,0.9878246381699657
2088-04-06,0.9922204145155522
2088-04-07,1.0168945935033171
2088-04-08,1.5222985533531699
2088-04-09,2.0965982967199888
2088-04-10,1.993994869370934
2088-04-11,1.761681655575477
2088-04-12,1.586979988006286
2088-04-13,1.6291997436359666
2088-04-14,2.070141577154815
2088-04-15,2.259980322833598
2088-04-16,2.4343639697693775
2088-04-17,2.540673465808342
2088-04-18,2.1345981033707573
2088-04-19,1.8265599404039126
2088-04-20,1.5913111864681424
2088-04-21,1.4099195655397792
2088-04-22,1.2687519221549381
2088-04-23,1.1578869209325442
2088-04-24,1.070033956603867
2088-04-25,0.9997872612843803
2088-04-26,0.9431051053506768
2088-04-27,0.8969421265046208
2088-04-28,1.2161988096026033
2088-04-29,1.7159439837599795
2088-04-30,1.699917616397819
2088-05-01,1.5400189125704316
2088-05-02,1.7773121889464265
2088-05-03,3.845691094946915
2088-05-04,6.3105132879925945
2088-05-05,5.984057163842135
2088-05-06,4.673588985873758
2088-05-07,3.730780931234174
2088-05-08,3.574808528606244
2088-05-09,3.5648460040235506
2088-05-10,2.93116073888299
2088-05-11,2.4489384921896153
2088-05-12,2.086003478076692
2088-05-13,1.81000970556562
2088-05-14,1.7588866313444156
2088-05-15,1.7449449707339832
2088-05-16,1.9516662626721677
2088-05-17,2.1512062191245267
2088-05-18,1.8781124975307968
2088-05-19,1.661553425776244
2088-05-20,1.4837447521057838
2088-05-21,1.34493080481809
2088-05-22,1.2879832399529152
2088-05-23,1.2915465751623387
2088-05-24,1.2447085185497981
2088-05-25,1.159857792297541
2088-05-26,1.0868194593023202
2088-05-27,1.0310878388162157
2088-05-28,1.044886029698448
2088-05-29,1.0477513926980808
2088-05-30,0.9947566990051708
2088-05-31,0.950811867833631
2088-06-01,0.914481668043198
2088-06-02,0.8841393666711603
2088-06-03,0.8591509468098476
2088-06-04,0.8636488645034426
2088-06-05,0.8580626352466263
2088-06-06,0.8480046834348722
2088-06-07,0.9076732743652628
2088-06-08,0.9401558320779692
2088-06-09,0.8989421047694743
2088-06-10,1.122826592166466
2088-06-11,1.4304315326035024
2088-06-12,1.413506684073172
2088-06-13,1.2981383495722565
2088-06-14,1.1813838722670293
2088-06-15,1.0888078701957362
2088-06-16,1.0149468271685613
2088-06-17,0.9554818169654071
2088-06-18,0.9071642727893537
2088-06-19,0.867532729232722
2088-06-20,0.8347092952981309
2088-06-21,0.8072520847180256
2088-06-22,0.7840473086538605
2088-06-23,0.7642297421215895
2088-06-24,0.7471236651564829
2088-06-25,0.745425944618483
2088-06-26,0.8051277877962426
2088-06-27,0.832895500508029
2088-06-28,0.7995567380128344
2088-06-29,0.7724218134208208
2088-06-30,0.7495304766072589
2088-07-01,0.7300195126658268
2088-07-02,0.7132145705331512
2088-07-03,0.7332083151846146
2088-07-04,0.7774210610719064
2088-07-05,0.7609094733174505
2088-07-06,0.7370389467372248
2088-07-07,0.7773220197317602
2088-07-08,0.9277576361012522
2088-07-09,1.1032317781860155
2088-07-10,1.1702053152787015
2088-07-11,1.0914354238335846
2088-07-12,1.031648301948145
2088-07-13,1.0610346959149604
2088-07-14,1.0340045062261087
2088-07-15,0.9509537418281759
2088-07-16,0.8849279091000425
2088-07-17,0.831726629570781
2088-07-18,0.7884787372361689
2088-07-19,0.7674089158257184
2088-07-20,0.8220923252996725
2088-07-21,0.8563148067338268
2088-07-22,0.806679203135371
2088-07-23,0.7654858414444008
2088-07-24,0.7316599798501371
2088-07-25,0.7086557850444662
2088-07-26,0.688188421348575
2088-07-27,0.6688468143020024
2088-07-28,0.651569449561615
2088-07-29,0.6356004139989082
2088-07-30,0.6285756334363476
2088-07-31,0.6574538472374408
2088-08-01,0.6742056012021821
2088-08-02,0.6529824015016986
2088-08-03,0.6349057330182433
2088-08-04,0.61828676733687
2088-08-05,0.6039518235386292
2088-08-06,0.5914817739245052
2088-08-07,0.5805206183270278
2088-08-08,0.5707858772637502
2088-08-09,0.5620524587839975
2088-08-10,0.5541402778684826
2088-08-11,0.5899796496778112
2088-08-12,0.610943092745415
2088-08-13,0.5919182703927431
2088-08-14,0.5768289958796492
2088-08-15,0.5637975453769967
2088-08-16,0.5524287443501394
2088-08-17,0.5478921380261887
2088-08-18,0.5431579281866171
2088-08-19,0.5336320699070799
2088-08-20,0.5250847809872633
2088-08-21,0.5173793749612284
2088-08-22,0.5103670466701788
2088-08-23,0.5106338671222922
2088-08-24,0.5164895856151032
2088-08-25,0.5115026097004615
2088-08-26,0.5034084178323566
2088-08-27,0.49607405250471565
2088-08-28,0.4893953630623171
2088-08-29,0.48325925784567253
2088-08-30,0.4775741558028519
2088-08-31,0.4722656557459703
2088-09-01,0.46727312613661415
2088-09-02,0.46254700911900093
2088-09-03,0.45804668116135255
2088-09-04,0.4537387492649225
2088-09-05,0.44959568937942657
2088-09-06,0.44559475470004073
2088-09-07,0.44171709758414696
2088-09-08,0.4379470611467335
2088-09-09,0.4342716060845457
2088-09-10,0.43067984562087075
2088-09-11,0.42716266716464585
2088-09-12,0.4237124237227014
2088-09-13,0.4203226815821232
2088-09-14,0.42249602978731954
2088-09-15,0.4238635689605443
2088-09-16,0.4184398640287817
2088-09-17,0.4145458337535022
2088-09-18,0.45985672899002855
2088-09-19,0.4610818762417797
2088-09-20,0.44781513656864497
2088-09-21,0.43706647637901014
2088-09-22,0.4279896187975283
2088-09-23,0.4200098962580808
2088-09-24,0.4129265822202119
2088-09-25,0.40657863317308657
2088-09-26,0.40097860983658434
2088-09-27,0.3958040119072441
2088-09-28,0.3909486294393583
2088-09-29,0.3864441062569625
2088-09-30,0.3822346899062381
2088-10-01,0.37827348584094245
2088-10-02,0.4300554142288639
2088-10-03,0.4617311321683195
2088-10-04,0.448181282942697
2088-10-05,0.4314401420992511
2088-10-06,0.4178192240322503
2088-10-07,0.4062188640515789
2088-10-08,0.39624926589540044
2088-10-09,0.38760127543208944
2088-10-10,0.3800286748628456
2088-10-11,0.37333459419389864
2088-10-12,0.36736102829179546
2088-10-13,0.3619807098171926
2088-10-14,0.35715403231886306
2088-10-15,0.35399380406462994
2088-10-16,0.3509718417908418
2088-10-17,0.34685951674850424
2088-10-18,0.3985045318202923
2088-10-19,0.4188909955219255
2088-10-20,0.4126095606387279
2088-10-21,0.4049532103279337
2088-10-22,0.38988709639297375
2088-10-23,0.3776383579296949
2088-10-24,0.36719859248376824
2088-10-25,0.35822080971161824
2088-10-26,0.35095706288765927
2088-10-27,0.37948770880834376
2088-10-28,0.4283051689164427
2088-10-29,0.551233922457772
2088-10-30,0.6398477916724434
2088-10-31,0.6239117049584213
2088-11-01,0.576308987964626
2088-11-02,0.638872976641207
2088-11-03,0.6743951221489137
2088-11-04,0.622643416158104
2088-11-05,0.5992730753780301
2088-11-06,0.6921809221488812
2088-11-07,0.7810054086408522
2088-11-08,0.7630749186872393
2088-11-09,0.7036465556019517
2088-11-10,0.6298178597941114
2088-11-11,0.6387908191130024
2088-11-12,0.6437893339954419
2088-11-13,0.5887333393876073
2088-11-14,0.54809312566034
2088-11-15,0.5766118749512685
2088-11-16,0.6308415647765219
2088-11-17,0.8935039523621789
2088-11-18,1.2537970021293476
2088-11-19,1.4203712801335262
2088-11-20,1.5952903200200073
2088-11-21,1.9889349056794166
2088-11-22,2.081509449968693
2088-11-23,1.6984023830355452
2088-11-24,1.6716892792109814
2088-11-25,1.712289842245882
2088-11-26,1.4968470254072563
2088-11-27,1.2883463469538012
2088-11-28,1.0984260543183506
2088-11-29,0.9516321869348222
2088-11-30,1.0208726335439906
2088-12-01,1.1360421679522612
2088-12-02,1.11820864879669
2088-12-03,1.2085178011676778
2088-12-04,1.3522701807963262
2088-12-05,1.4003458231865287
2088-12-06,1.449127480857585
2088-12-07,1.703380942553898
2088-12-08,2.3046644688564806
2088-12-09,3.0754497995161256
2088-12-10,3.0683437925687973
2088-12-11,2.488249980416026
2088-12-12,2.1893553172925295
2088-12-13,2.077411597763987
2088-12-14,2.5054982677606756
2088-12-15,2.713929893399451
2088-12-16,2.2045435732125642
2088-12-17,2.01561129429412
2088-12-18,1.8908574400781777
2088-12-19,1.5869871507231164
2088-12-20,1.4193777565301247
2088-12-21,1.3031858208583815
2088-12-22,1.1369844634272555
2088-12-23,1.0076067718056223
2088-12-24,0.906119439453387
2088-12-25,0.8258575508271898
2088-12-26,0.8498650535223403
2088-12-27,0.8836048997206851
2088-12-28,0.8074485567562095
2088-12-29,0.8643129680558546
2088-12-30,0.9881455761125696
2088-12-31,0.9511956521659926
2089-01-01,0.8603248224939511
2089-01-02,0.7881815597482849
2089-01-03,0.7304774965055243
2089-01-04,0.6839447170714653
2089-01-05,0.6461087779408997
2089-01-06,0.615083063695946
2089-01-07,0.5894198200828278
2089-01-08,0.5680013179369828
2089-01-09,0.5825224854468182
2089-01-10,0.6045266339248171
2089-01-11,0.8803386031096615
2089-01-12,1.2321880203237585
2089-01-13,2.1423172011954192
2089-01-14,3.416723864907784
2089-01-15,3.652615750914617
2089-01-16,2.908847380892014
2089-01-17,2.3582208821996655
2089-01-18,2.0836628426987915
2089-01-19,2.0604811962555747
2089-01-20,2.202505497832076
2089-01-21,2.4787363870396164
2089-01-22,2.377786428504976
2089-01-23,1.9706497244195724
2089-01-24,1.8766989357965382
2089-01-25,1.8248146434740586
2089-01-26,1.5533956098248372
2089-01-27,1.345110954012367
2089-01-28,1.1840907463110193
2089-01-29,1.073702433197505
2089-01-30,0.991347987394299
2089-01-31,0.9066743459064623
2089-02-01,0.8390277856332259
2089-02-02,0.7846322983478098
2089-02-03,0.8183858070344332
2089-02-04,0.8606191593122886
2089-02-05,0.8714680116938595
2089-02-06,1.0043092362663957
2089-02-07,1.5463540290892583
2089-02-08,2.761466322379143
2089-02-09,3.591438158006907
2089-02-10,3.285379839829939
2089-02-11,3.30825670889536
2089-02-12,4.413935411872422
2089-02-13,5.217291976303039
2089-02-14,4.975564128341312
2089-02-15,4.197400333472658
2089-02-16,3.364047070565914
2089-02-17,2.7405463253926623
2089-02-18,2.2749499092771424
2089-02-19,1.922652335867851
2089-02-20,1.6547677920132273
2089-02-21,1.633163691017155
2089-02-22,1.6326973891065253
2089-02-23,1.4328139567833007
2089-02-24,1.2774754739417769
2089-02-25,1.1559432084919945
2089-02-26,1.0600191204990763
2089-02-27,0.9836408901443338
2089-02-28,0.9242197337869765
2089-03-01,1.1789228631254154
2089-03-02,1.6648561932313948
2089-03-03,1.8169422054410882
2089-03-04,1.6753687370555375
2089-03-05,1.4633745200235333
2089-03-06,1.2992448856546683
2089-03-07,1.2057906259730353
2089-03-08,1.2005220040952866
2089-03-09,1.5998151460364667
2089-03-10,1.8781455375025917
2089-03-11,1.619919563550921
2089-03-12,1.4220943009506184
2089-03-13,1.6594873840153366
2089-03-14,1.9466962262026204
2089-03-15,1.778714256158856
2089-03-16,1.5908361303353438
2089-03-17,1.7243711038125173
2089-03-18,1.8336927116687767
2089-03-19,2.493419498081923
2089-03-20,3.0856406168534307
2089-03-21,2.539024333527669
2089-03-22,2.127994054461963
2089-03-23,1.8173180601407444
2089-03-24,1.580135883364117
2089-03-25,1.3973267324163035
2089-03-26,1.2551223858920848
2089-03-27,1.143503883822375
2089-03-28,1.055109468193353
2089-03-29,0.9844811011202764
2089-03-30,0.9275383665477221
2089-03-31,0.8812070661229283
2089-04-01,0.8470437476625149
2089-04-02,0.8165762890984182
2089-04-03,0.7892268943167259
2089-04-04,0.7661453778195653
2089-04-05,0.7648919567516453
2089-04-06,1.0839149998154691
2089-04-07,1.4166821211918939
2089-04-08,1.3510230882090213
2089-04-09,1.3290592019672258
2089-04-10,1.2336275249764872
2089-04-11,1.1185708501093705
2089-04-12,1.3958610465218493
2089-04-13,1.6569197714973116
2089-04-14,1.4474733531287587
2089-04-15,1.28497228259407
2089-04-16,1.1581614124588786
2089-04-17,1.058322437974476
2089-04-18,0.9790260111663702
2089-04-19,1.5227021340920404
2089-04-20,2.094419039035756
2089-04-21,1.7870522833660811
2089-04-22,1.5469832230370422
2089-04-23,1.3621821986292524
2089-04-24,1.2186169375975062
2089-04-25,1.1060865478332527
2089-04-26,1.0171030157017673
2089-04-27,0.9461196522029164
2089-04-28,0.8889931127478551
2089-04-29,0.8426040743266863
2089-04-30,0.8145735610086909
2089-05-01,1.1035947552319996
2089-05-02,1.6402723685344078
2089-05-03,1.7183856373955297
2089-05-04,1.5165438134441835
2089-05-05,1.3702760408875745
2089-05-06,1.2541679079377615
2089-05-07,1.1361435694462192
2089-05-08,1.0911453046759687
2089-05-09,1.0624646405487481
2089-05-10,0.9793338648709917
2089-05-11,0.9125248486326143
2089-05-12,0.8586601148514204
2089-05-13,0.8148420774963633
2089-05-14,0.7842966117316995
2089-05-15,0.7568665372181326
2089-05-16,0.7305312291773683
2089-05-17,0.708304183465589
2089-05-18,0.6944400212369799
2089-05-19,0.6806636675382914
2089-05-20,0.6652956017877648
2089-05-21,0.6518502383940384
2089-05-22,0.6400041139134209
2089-05-23,0.6294580137749523
2089-05-24,0.6324948771785927
2089-05-25,0.6466876539148704
2089-05-26,0.6384147958873347
2089-05-27,0.6256004059344081
2089-05-28,0.6142511584021133
2089-05-29,0.6074912212088845
2089-05-30,0.6562469435022895
2089-05-31,0.7390587656562769
2089-06-01,0.7600171369888059
2089-06-02,0.8313108760498199
2089-06-03,1.0914047711125956
2089-06-04,1.2403412926524067
2089-06-05,1.1286964496956047
2089-06-06,1.0220026702737366
2089-06-07,0.9535122651986098
2089-06-08,0.8964244683822967
2089-06-09,0.8298030492933877
2089-06-10,0.7760172422622283
2089-06-11,0.7631464960663602
2089-06-12,0.8214905709789782
2089-06-13,1.1403138675012296
2089-06-14,2.0222553273313393
2089-06-15,2.457468879080221
2089-06-16,2.03231050909389
2089-06-17,1.711035415324524
2089-06-18,1.4664418175159728
2089-06-19,1.278479393101311
2089-06-20,1.1327395764730586
2089-06-21,1.0187564996455858
2089-06-22,0.9288527411650579
2089-06-23,0.8573448244117771
2089-06-24,0.7999896773295324
2089-06-25,0.7535946272112589
2089-06-26,0.7157397441418788
2089-06-27,0.6845782468064988
2089-06-28,0.658691722669791
2089-06-29,0.6369842188164722
2089-06-30,0.6186041522956539
2089-07-01,0.6028863034219097
2089-07-02,0.5893084251296435
2089-07-03,0.6038950660726227
2089-07-04,0.6186550202979397
2089-07-05,0.6008102772548848
2089-07-06,0.5853803035182937
2089-07-07,0.5720589910322116
2089-07-08,0.5817595272286689
2089-07-09,0.6842112659970713
2089-07-10,0.7215283000498661
2089-07-11,0.681743523112572
2089-07-12,0.681658095459762
2089-07-13,0.9116279785757215
2089-07-14,1.1628065853860303
2089-07-15,1.1085832547643009
2089-07-16,0.9866890508314751
2089-07-17,0.8912008083684664
2089-07-18,0.8155577383382443
2089-07-19,0.7551445122210471
2089-07-20,0.7064980737627011
2089-07-21,0.6670003240479486
2089-07-22,0.6346580143565563
2089-07-23,0.6079436248687897
2089-07-24,0.585679327226751
2089-07-25,0.5669516742579986
2089-07-26,0.5574048234565229
2089-07-27,0.548309352163871
2089-07-28,0.5347063627518375
2089-07-29,0.5228763311245803
2089-07-30,0.5125338194340836
2089-07-31,0.5034004696786433
2089-08-01,0.49525425110761073
2089-08-02,0.48935233285765617
2089-08-03,0.48471735196661636
2089-08-04,0.4784073835458762
2089-08-05,0.47225474681073537
2089-08-06,0.46656923964790775
2089-08-07,0.4612747795510446
2089-08-08,0.45972321398311217
2089-08-09,0.45786012241755597
2089-08-10,0.45252257684307556
2089-08-11,0.4475093974517548
2089-08-12,0.44279313915665997
2089-08-13,0.4383273731382365
2089-08-14,0.43413437185786047
2089-08-15,0.43009055868104523
2089-08-16,0.42616159741166754
2089-08-17,0.5002519629879186
2089-08-18,0.5071077450409499
2089-08-19,0.48684059019766845
2089-08-20,0.472036874628918
2089-08-21,0.45940826298976495
2089-08-22,0.4485325407762273
2089-08-23,0.4390755369530268
2089-08-24,0.4307716243883803
2089-08-25,0.4234087972534942
2089-08-26,0.4168171895239415
2089-08-27,0.4108601959457925
2089-08-28,0.4054275722825966
2089-08-29,0.400430048924765
2089-08-30,0.3958230228354389
2089-08-31,0.3915022242454409
2089-09-01,0.582159651844412
2089-09-02,0.6872254113062385
2089-09-03,0.6305377518251746
2089-09-04,0.6058189132713384
2089-09-05,0.584656237112718
2089-09-06,0.5446740951166662
2089-09-07,0.5126592994979756
2089-09-08,0.4950263355151663
2089-09-09,0.4804116140706496
2089-09-10,0.4596354667488091
2089-09-11,0.4422363521422501
2089-09-12,0.4275988325154867
2089-09-13,0.41703601668511525
2089-09-14,0.40768974124161544
2089-09-15,0.40085905382948545
2089-09-16,0.39661731017777674
2089-09-17,0.38870264906259894
2089-09-18,0.38108266349152814
2089-09-19,0.3743437086892077
2089-09-20,0.3683514044527083
2089-09-21,0.3629454967429233
2089-09-22,0.3630200974073052
2089-09-23,0.36582383581051386
2089-09-24,0.3606395683316961
2089-09-25,0.3550917924925387
2089-09-26,0.35006681944659807
2089-09-27,0.34548251830062654
2089-09-28,0.34674586682525205
2089-09-29,0.35422853396284015
2089-09-30,0.35245636438344263
2089-10-01,0.3721415991102939
2089-10-02,0.4857216116594663
2089-10-03,0.5747041224309437
2089-10-04,0.5589364651071955
2089-10-05,0.5370287263633957
2089-10-06,0.5688288043268158
2089-10-07,0.6985950198330704
2089-10-08,0.7482358601606087
2089-10-09,0.6650629383086445
2089-10-10,0.6023688099265716
2089-10-11,0.5539899847584482
2089-10-12,0.51067342907875
2089-10-13,0.4752630912940521
2089-10-14,0.446459825895642
2089-10-15,0.422854523419669
2089-10-16,0.4033600177688921
2089-10-17,0.41291760645274495
2089-10-18,0.4270388873930331
2089-10-19,0.4062492020701572
2089-10-20,0.4064176184884334
2089-10-21,0.4368047635351513
2089-10-22,0.43022092995341854
2089-10-23,0.40759290764541944
2089-10-24,0.3891368128340609
2089-10-25,0.5105794808008006
2089-10-26,0.603791833626446
2089-10-27,0.547843117649331
2089-10-28,0.5044701833365876
2089-10-29,0.46736585206038733
2089-10-30,0.43981760180149204
2089-10-31,0.41805320841102916
2089-11-01,0.39683274070556185
2089-11-02,0.379213824696198
2089-11-03,0.3645089706265196
2089-11-04,0.35213557072349994
2089-11-05,0.3426935582567094
2089-11-06,0.33999369400278684
2089-11-07,0.334210450761334
2089-11-08,0.34276295417217134
2089-11-09,0.45591727689783745
2089-11-10,0.5250131006276402
2089-11-11,0.49428331647956875
2089-11-12,0.46145640536224747
2089-11-13,0.46681010946566537
2089-11-14,0.5219069266115052
2089-11-15,0.5210897732213378
2089-11-16,0.47729837081419707
2089-11-17,0.5462567865753841
2089-11-18,0.5990255004164472
2089-11-19,0.6043822675492572
2089-11-20,0.6070913390839174
2089-11-21,0.5463151419152981
2089-11-22,0.4979859227460743
2089-11-23,0.5261170934907365
2089-11-24,0.5513729431496949
2089-11-25,0.5018364728148169
2089-11-26,0.5236093482822174
2089-11-27,0.6373578093008415
2089-11-28,0.6900229874841471
2089-11-29,0.9573068129935022
2089-11-30,1.2805108947750952
2089-12-01,1.2705493246756296
2089-12-02,1.1230896665160228
2089-12-03,0.954336236413686
2089-12-04,0.823709498238313
2089-12-05,0.7551164874655459
2089-12-06,0.70772846786483
2089-12-07,0.6306851509386502
2089-12-08,0.5696257080200712
2089-12-09,0.5208486197635992
2089-12-10,0.4816014045810691
2089-12-11,0.4497928775467029
2089-12-12,0.48345834992438785
2089-12-13,0.5169364392214919
2089-12-14,0.4778209435951324
2089-12-15,0.757257234434315
2089-12-16,1.072074524614946
2089-12-17,1.2529732470105175
2089-12-18,2.3460377893648077
2089-12-19,3.0366530936401683
2089-12-20,2.584030062384483
2089-12-21,2.2103847376735826
2089-12-22,1.8045604210303952
2089-12-23,2.2959674191507538
2089-12-24,2.7169087081557066
2089-12-25,2.2408886932398757
2089-12-26,2.0183483013805343
2089-12-27,1.8260617491991553
2089-12-28,1.5546326652131217
2089-12-29,1.3090470332976778
2089-12-30,1.120781060817756
2089-12-31,0.9752419450767178
2090-01-01,0.8617933154664077
2090-01-02,0.7972904188180593
2090-01-03,0.754509256560016
2090-01-04,0.7543006688959455
2090-01-05,0.7775505572694001
2090-01-06,1.370503741408297
2090-01-07,1.896829509181803
2090-01-08,1.5737191360046954
2090-01-09,1.346700248679423
2090-01-10,1.2484977071554038
2090-01-11,1.328605005251102
2090-01-12,1.8210170663968244
2090-01-13,2.041130201327373
2090-01-14,1.689381266532557
2090-01-15,1.689926470887878
2090-01-16,1.7308966010059204
2090-01-17,1.606561531298681
2090-01-18,1.6681086541949792
2090-01-19,1.881497406084265
2090-01-20,2.345239464242536
2090-01-21,2.5011671973150857
2090-01-22,2.1390128930455545
2090-01-23,2.079465216687193
2090-01-24,2.2675473389805445
2090-01-25,2.3153547632738305
2090-01-26,2.298169299372226
2090-01-27,2.142786822964236
2090-01-28,1.911693513491728
2090-01-29,1.6985903985769057
2090-01-30,1.4920938872864749
2090-01-31,1.290221176680511
2090-02-01,1.1340417676256986
2090-02-02,1.0122267570509103
2090-02-03,0.9164129406721444
2090-02-04,0.8404237833324634
2090-02-05,0.7796582268851759
2090-02-06,0.730661308558719
2090-02-07,0.6908192911929762
2090-02-08,0.6581410547343239
2090-02-09,0.6310998945291589
2090-02-10,0.6085180471537904
2090-02-11,0.5894817232412041
2090-02-12,0.5732781140923129
2090-02-13,0.7823446303981578
2090-02-14,0.999600814521122
2090-02-15,0.9583091891537058
2090-02-16,0.9749453733282305
2090-02-17,0.9196394820761092
2090-02-18,0.8374854456687787
2090-02-19,0.7720215466699388
2090-02-20,0.7194557355373082
2090-02-21,0.6768958294106645
2090-02-22,0.6421454070081872
2090-02-23,0.613525183451383
2090-02-24,0.6187593337696602
2090-02-25,0.7533094179116163
2090-02-26,0.7443039589402655
2090-02-27,0.6943422437004884
2090-02-28,0.7452160628725463
2090-03-01,0.7926710203132687
2090-03-02,0.7321585143242292
2090-03-03,0.6834086074008933
2090-03-04,0.6438682688125907
2090-03-05,0.6115272277753258
2090-03-06,0.5983227425874471
2090-03-07,0.6077856102418083
2090-03-08,0.5928955643098982
2090-03-09,0.5798918130154931
2090-03-10,0.5722124293190476
2090-03-11,0.5507465068936391
2090-03-12,0.5325859997841144
2090-03-13,0.5171791228789513
2090-03-14,0.5233807335113977
2090-03-15,0.5276213592825535
2090-03-16,0.5118421479006381
2090-03-17,0.4981994167879913
2090-03-18,0.486440579615393
2090-03-19,0.4762045044651011
2090-03-20,0.4672046765255442
2090-03-21,0.4592128205123882
2090-03-22,0.45204633286494406
2090-03-23,0.4455585866975443
2090-03-24,0.4396314154818633
2090-03-25,0.4341692581833175
2090-03-26,0.4290945780054465
2090-03-27,0.4473822254541771
2090-03-28,0.47624655336400584
2090-03-29,0.490619934429594
2090-03-30,0.5127685441150274
2090-03-31,0.5096415719536364
2090-04-01,0.4894939130333755
2090-04-02,0.47245820732390137
2090-04-03,0.45804488045179825
2090-04-04,0.456251642793892
2090-04-05,0.46946781842054935
2090-04-06,0.5387400105057576
2090-04-07,0.6272938907803363
2090-04-08,0.640952978678729
2090-04-09,0.8200054239691293
2090-04-10,0.9486755342883132
2090-04-11,0.8369876021135165
2090-04-12,0.7493060033894837
2090-04-13,0.6798735935969109
2090-04-14,0.624440085035776
2090-04-15,0.579838648857262
2090-04-16,0.5436882651175365
2090-04-17,0.514158115926956
2090-04-18,0.4985790998061366
2090-04-19,0.4940740940453086
2090-04-20,0.5773537356390547
2090-04-21,0.6660518015963314
2090-04-22,0.6389442132866936
2090-04-23,0.6376893933596558
2090-04-24,0.6326648671055688
2090-04-25,0.7317005540439295
2090-04-26,0.8841105044506508
2090-04-27,0.871050537694298
2090-04-28,0.8015722692796862
2090-04-29,0.7336967632457063
2090-04-30,0.6654951483826035
2090-05-01,0.6108992139369751
2090-05-02,0.5669792163328485
2090-05-03,0.5313776831003687
2090-05-04,0.5022950348595476
2090-05-05,0.47834876652720326
2090-05-06,0.45847041098420704
2090-05-07,0.44182954935829416
2090-05-08,0.4437337207528567
2090-05-09,0.6930935669960966
2090-05-10,0.9264354974553705
2090-05-11,0.9055346644235059
2090-05-12,0.8758656792227207
2090-05-13,0.7809762937773681
2090-05-14,0.7011744256418392
2090-05-15,0.6377252097278618
2090-05-16,0.5869423547811687
2090-05-17,0.545992572152734
2090-05-18,0.512721761430787
2090-05-19,0.48548131993887894
2090-05-20,0.46300167084728044
2090-05-21,0.4442994155714819
2090-05-22,0.42860864512105096
2090-05-23,0.4153297559349065
2090-05-24,0.40399104920964457
2090-05-25,0.394219735684703
2090-05-26,0.38571990923466887
2090-05-27,0.37825571824328846
2090-05-28,0.3716384382361433
2090-05-29,0.365716490131946
2090-05-30,0.360367695163915
2090-05-31,0.35549323729502813
2090-06-01,0.35596786867578706
2090-06-02,0.37342353687247587
2090-06-03,0.38154570036850116
2090-06-04,0.4338274744883123
2090-06-05,0.4654156784299721
2090-06-06,0.4394545320963072
2090-06-07,0.420787734024298
2090-06-08,0.40532684463029384
2090-06-09,0.39075707799665577
2090-06-10,0.3781346318276866
2090-06-11,0.36737788250447045
2090-06-12,0.35812956627631937
2090-06-13,0.35010572949800717
2090-06-14,0.3430797751701216
2090-06-15,0.3380309549963878
2090-06-16,0.33302330942857916
2090-06-17,0.3277881730818397
2090-06-18,0.3240369914030666
2090-06-19,0.32109114896313
2090-06-20,0.31708070420275075
2090-06-21,0.3132785603848031
2090-06-22,0.311021727727717
2090-06-23,0.30781244761478704
2090-06-24,0.30428369780191883
2090-06-25,0.3009766024464236
2090-06-26,0.29786015297007856
2090-06-27,0.29490534863333545
2090-06-28,0.2920882557236721
2090-06-29,0.29017654329040216
2090-06-30,0.29314595691331075
2090-07-01,0.29760261220821366
2090-07-02,0.29297900926647186
2090-07-03,0.28910030671068726
2090-07-04,0.2855236671473875
2090-07-05,0.2822075787938323
2090-07-06,0.2791102820532055
2090-07-07,0.2761974906996681
2090-07-08,0.27570559557922597
2090-07-09,0.276428708931099
2090-07-10,0.27412595505690535
2090-07-11,0.27093043810135814
2090-07-12,0.26794359238061577
2090-07-13,0.2651375708919927
2090-07-14,0.2624846278016273
2090-07-15,0.25996186506148766
2090-07-16,0.2579070189239474
2090-07-17,0.255829275610577
2090-07-18,0.28117750756222987
2090-07-19,0.271932397186005
2090-07-20,0.26502403585801404
2090-07-21,0.2607140061778305
2090-07-22,0.2568337962757923
2090-07-23,0.25331009815444744
2090-07-24,0.25008319861086986
2090-07-25,0.24710431760453364
2090-07-26,0.24525707808415606
2090-07-27,0.24329333681574106
2090-07-28,0.240637902048108
2090-07-29,0.2381366299471698
2090-07-30,0.235772097478282
2090-07-31,0.23593117415356155
2090-08-01,0.38366041054030536
2090-08-02,0.39728169301883764
2090-08-03,0.3730424205395468
2090-08-04,0.3465119586662526
2090-08-05,0.3250023286810096
2090-08-06,0.3176727359468154
2090-08-07,0.3149082154419032
2090-08-08,0.3000119993015114
2090-08-09,0.2863765693736026
2090-08-10,0.2749515010204111
2090-08-11,0.26531862051149274
2090-08-12,0.25713351807611395
2090-08-13,0.2501225125977596
2090-08-14,0.24406723982029402
2090-08-15,0.23879279746812146
2090-08-16,0.23415857972311735
2090-08-17,0.23005115654957817
2090-08-18,0.2264476600882994
2090-08-19,0.22316043634459784
2090-08-20,0.22021835855531346
2090-08-21,0.2174771923521407
2090-08-22,0.2148986723691968
2090-08-23,0.21250043581076292
2090-08-24,0.21901267938375224
2090-08-25,0.2253529728813369
2090-08-26,0.21912338021490296
2090-08-27,0.21539151049633096
2090-08-28,0.21203943826344793
2090-08-29,0.2090098320885704
2090-08-30,0.206248778525388
2090-08-31,0.20371216973873976
2090-09-01,0.20136382204269232
2090-09-02,0.19961405012242928
2090-09-03,0.19793484593994595
2090-09-04,0.19590118195523273
2090-09-05,0.19396091619048875
2090-09-06,0.19211879576038712
2090-09-07,0.19036063089363167
2090-09-08,0.23679746110275854
2090-09-09,0.22671640515217525
2090-09-10,0.21721139747442164
2090-09-11,0.2215129698847312
2090-09-12,0.22630142889584456
2090-09-13,0.2182817515595474
2090-09-14,0.2110703020048784
2090-09-15,0.20535989571544275
2090-09-16,0.2004227737619905
2090-09-17,0.1961189751484352
2090-09-18,0.19244189132022996
2090-09-19,0.2065859952994433
2090-09-20,0.20969987195478523
2090-09-21,0.20336516291451956
2090-09-22,0.19887213742100154
2090-09-23,0.19490913558045686
2090-09-24,0.19513052039777368
2090-09-25,0.19804662505096662
2090-09-26,0.19757261899303838
2090-09-27,0.22314511241423465
2090-09-28,0.21885349159216552
2090-09-29,0.20934626457827268
2090-09-30,0.20214837655133575
2090-10-01,0.22666850903617397
2090-10-02,0.2305050384381321
2090-10-03,0.21946926565134398
2090-10-04,0.21352615189238952
2090-10-05,0.20563882424178984
2090-10-06,0.1982461192992124
2090-10-07,0.19195619643715733
2090-10-08,0.18656994858853237
2090-10-09,0.20502694492433934
2090-10-10,0.21381081009855815
2090-10-11,0.22547501931736555
2090-10-12,0.2310041546820286
2090-10-13,0.22225376629170404
2090-10-14,0.2191077270078484
2090-10-15,0.21134237306044457
2090-10-16,0.20190107213471317
2090-10-17,0.19971839172252762
2090-10-18,0.19931466224267524
2090-10-19,0.19163396009305342
2090-10-20,0.1869328999042418
2090-10-21,0.19549402699787713
2090-10-22,0.23562441256905278
2090-10-23,0.2699787571209841
2090-10-24,0.26580375612114965
2090-10-25,0.24586611512088438
2090-10-26,0.2298486647386654
2090-10-27,0.24142468454662433
2090-10-28,0.2678631814429937
2090-10-29,0.25839777431940486
2090-10-30,0.27329129363581595
2090-10-31,0.28940179003325056
2090-11-01,0.3040553053590736
2090-11-02,0.295628171221654
2090-11-03,0.2702201168449562
2090-11-04,0.3510693281443055
2090-11-05,0.3993068158292048
2090-11-06,0.35366039574197167
2090-11-07,0.317883328318271
2090-11-08,0.2890641130339141
2090-11-09,0.26570817303775196
2090-11-10,0.24719357771859252
2090-11-11,0.23282423994109805
2090-11-12,0.21963525655772545
2090-11-13,0.2086684209648091
2090-11-14,0.2042017537055412
2090-11-15,0.40590426971704746
2090-11-16,0.6061084650966976
2090-11-17,0.6063594747061212
2090-11-18,0.6159355259261305
2090-11-19,0.6703866885728177
2090-11-20,0.6507280123184745
2090-11-21,0.7112795696575493
2090-11-22,0.7529848965256978
2090-11-23,0.6374544745715638
2090-11-24,0.659839715865859
2090-11-25,0.6784477353923205
2090-11-26,0.5805559965612628
2090-11-27,0.6399119468995973
2090-11-28,0.7320316996387174
2090-11-29,0.6617470210831456
2090-11-30,0.6015416887331447
2090-12-01,0.5745068179717483
2090-12-02,0.5280197681372836
2090-12-03,0.47662049381781557
2090-12-04,0.44889476208047
2090-12-05,0.5611681488880308
2090-12-06,0.6412462720866318
2090-12-07,0.5746697269493323
2090-12-08,0.5483046206685084
2090-12-09,0.5604878928967515
2090-12-10,0.5196085965410614
2090-12-11,0.8145113557516881
2090-12-12,1.151814773768306
2090-12-13,1.061470626747757
2090-12-14,1.2717001133870318
2090-12-15,1.4463502025796358
2090-12-16,1.2090582435757569
2090-12-17,1.1294014539639954
2090-12-18,1.3143244522736695
2090-12-19,1.326262573486554
2090-12-20,1.097894366441705
2090-12-21,0.9227708326688758
2090-12-22,0.787436661801271
2090-12-23,0.6820291470191542
2090-12-24,0.6159766684935043
2090-12-25,0.5714140698803395
2090-12-26,0.5118612776358987
2090-12-27,0.46433745761931117
2090-12-28,0.4261368271163506
2090-12-29,0.3952170931131283
2090-12-30,0.3700151645156488
2090-12-31,0.3493272149618467
2091-01-01,0.33222065987719934
2091-01-02,0.31796905214755866
2091-01-03,0.30600357668532213
2091-01-04,0.5050035577984057
2091-01-05,1.0053418051021379
2091-01-06,1.5401067825733292
2091-01-07,2.225339326257735
2091-01-08,2.4779244038769668
2091-01-09,2.0537187400514307
2091-01-10,1.6613065340399824
2091-01-11,1.3848553131685974
2091-01-12,1.5045960676092551
2091-01-13,1.5848550993874382
2091-01-14,1.5382623886803406
2091-01-15,1.696018117653985
2091-01-16,2.237246482803968
2091-01-17,2.5678496444717815
2091-01-18,2.5510890431335804
2091-01-19,2.74447676495747
2091-01-20,2.5583388390840445
2091-01-21,2.154109760545501
2091-01-22,1.7597190844381585
2091-01-23,1.6467273163422105
2091-01-24,1.7386872363051484
2091-01-25,1.7521209865049698
2091-01-26,1.6957889954610221
2091-01-27,1.8600791215941914
2091-01-28,1.9852729299917853
2091-01-29,1.733309274358578
2091-01-30,1.9693090144972567
2091-01-31,2.249541953449972
2091-02-01,1.9295810776004625
2091-02-02,1.7536713483042536
2091-02-03,1.6209104411199544
2091-02-04,1.3710254414919578
2091-02-05,1.2096260565423447
2091-02-06,1.3166933276549606
2091-02-07,1.4738476952204647
2091-02-08,2.1459511483272746
2091-02-09,3.3819234139374585
2091-02-10,3.6102585910205334
2091-02-11,3.088295317773112
2091-02-12,2.900813317409412
2091-02-13,2.933748254283437
2091-02-14,2.6550350317048674
2091-02-15,2.61577938994226
2091-02-16,2.6108296150635244
2091-02-17,2.143926553314009
2091-02-18,1.7921547422883624
2091-02-19,1.5250791151787828
2091-02-20,1.320379520938364
2091-02-21,1.1620657634312723
2091-02-22,1.253587440401063
2091-02-23,1.3815733381430964
2091-02-24,1.2328072864043558
2091-02-25,1.0942304866265118
2091-02-26,0.9855980938675786
2091-02-27,0.8997635214384588
2091-02-28,0.8313698015373068
2091-03-01,0.7764115582829415
2091-03-02,0.9094316353868249
2091-03-03,1.0780347509222132
2091-03-04,1.2407627435887054
2091-03-05,1.5285439024393366
2091-03-06,1.5788412128220104
2091-03-07,1.4322734190100326
2091-03-08,1.2485662373355457
2091-03-09,1.404343101367412
2091-03-10,2.093055913864316
2091-03-11,2.8007905111929063
2091-03-12,2.955230827701646
2091-03-13,2.6701187948988943
2091-03-14,2.293806807805627
2091-03-15,1.9152067252734406
2091-03-16,1.6282842876288777
2091-03-17,1.40893041371597
2091-03-18,1.2644103434211773
2091-03-19,1.1644238947544123
2091-03-20,1.132811528161802
2091-03-21,1.270997391598381
2091-03-22,1.300377090634888
2091-03-23,1.154955932735861
2091-03-24,1.0409919041792233
2091-03-25,0.9510896653470264
2091-03-26,0.8913191960812274
2091-03-27,0.8416974645319096
2091-03-28,0.7914592374844145
2091-03-29,0.75042854004076
2091-03-30,0.7167260234565992
2091-03-31,0.6887825472305225
2091-04-01,0.6654777882942347
2091-04-02,0.6457332823704861
2091-04-03,0.6288193326011853
2091-04-04,0.6142249613826171
2091-04-05,0.6015001123543401
2091-04-06,0.5902890459856699
2091-04-07,0.5803093306324844
2091-04-08,0.5713357950662413
2091-04-09,0.5631882033571176
2091-04-10,0.6223847017315512
2091-04-11,0.6890738229225968
2091-04-12,0.8772493807925513
2091-04-13,1.0622851212370865
2091-04-14,1.463794776906792
2091-04-15,1.8454897761861844
2091-04-16,1.562043791095104
2091-04-17,1.6318924390267042
2091-04-18,1.922666376389711
2091-04-19,2.0153069816312343
2091-04-20,2.370335134678509
2091-04-21,2.490247134079135
2091-04-22,2.0681880525427885
2091-04-23,1.7388577861724077
2091-04-24,1.4883316483256246
2091-04-25,1.3405455112593838
2091-04-26,1.234255238537158
2091-04-27,1.1019762076860655
2091-04-28,1.0152418638724086
2091-04-29,0.9740689547372511
2091-04-30,1.1266780063880668
2091-05-01,1.4405044311679582
2091-05-02,1.6565500722418909
2091-05-03,1.6338864431388271
2091-05-04,1.4249871333872741
2091-05-05,1.25924873502109
2091-05-06,1.1517976507732608
2091-05-07,1.0623577184897963
2091-05-08,0.9650469252686799
2091-05-09,0.8875956294703445
2091-05-10,0.825636544208897
2091-05-11,0.8907120314831393
2091-05-12,0.9510567947237663
2091-05-13,0.8757366757952743
2091-05-14,0.8147295896314034
2091-05-15,0.7654850010536661
2091-05-16,0.7253887849081363
2091-05-17,1.078497972069149
2091-05-18,1.7161301117141967
2091-05-19,1.7810249849100985
2091-05-20,1.5869539445572791
2091-05-21,1.7567000303706939
2091-05-22,1.8616351100255593
2091-05-23,1.5835277227426363
2091-05-24,1.3702907053825102
2091-05-25,1.2055968636317624
2091-05-26,1.0772712877823925
2091-05-27,0.9766818584769421
2091-05-28,1.0299804135850832
2091-05-29,1.306163104630609
2091-05-30,1.348156347719898
2091-05-31,1.2475388428142835
2091-06-01,1.2186763604157465
2091-06-02,1.1200451908768436
2091-06-03,1.0100513549995214
2091-06-04,0.9228755977180353
2091-06-05,0.8605555117965346
2091-06-06,0.8213592399792708
2091-06-07,0.8968973745763077
2091-06-08,1.1061651003700683
2091-06-09,1.3185018141454845
2091-06-10,1.3356436265232838
2091-06-11,1.1767954889381202
2091-06-12,1.0875331045383603
2091-06-13,1.0419403919076098
2091-06-14,0.9672391535797966
2091-06-15,0.889725440573823
2091-06-16,0.8253628137972985
2091-06-17,0.7735159447402946
2091-06-18,0.7313917537230926
2091-06-19,0.6968658424157831
2091-06-20,0.6683117161903761
2091-06-21,0.6595348419533241
2091-06-22,0.6480851025885167
2091-06-23,0.6269191664158688
2091-06-24,0.6088552881896722
2091-06-25,0.5933889660226743
2091-06-26,0.5800117030708317
2091-06-27,0.5683222211180982
2091-06-28,0.5580024386579917
2091-06-29,0.5487991534760986
2091-06-30,0.5405099976001212
2091-07-01,0.5329726114964183
2091-07-02,0.526056257984141
2091-07-03,0.5196552952356165
2091-07-04,0.5136840738032109
2091-07-05,0.5080729298394703
2091-07-06,0.5027650261419965
2091-07-07,0.5059198957487411
2091-07-08,0.5275397252274652
2091-07-09,0.5388783156887004
2091-07-10,0.5273154601911324
2091-07-11,0.5163927160166709
2091-07-12,0.5067453353600588
2091-07-13,0.4981656138901372
2091-07-14,0.49278294611922063
2091-07-15,0.7702562644706231
2091-07-16,1.3557968714815665
2091-07-17,1.499772561309875
2091-07-18,1.2825392431854477
2091-07-19,1.1154787335516876
2091-07-20,0.985449608716711
2091-07-21,0.8834199637920627
2091-07-22,0.8027227488498725
2091-07-23,0.7383942063361718
2091-07-24,0.6867091710255729
2091-07-25,0.6448511965543364
2091-07-26,0.6117758656413584
2091-07-27,0.5839553369344735
2091-07-28,0.5603353557253166
2091-07-29,0.5405593233292194
2091-07-30,0.5238503438110399
2091-07-31,0.5095996015997412
2091-08-01,0.4973279599999916
2091-08-02,0.4866566182529947
2091-08-03,0.47728480471652385
2091-08-04,0.47193569159940646
2091-08-05,0.4801149492806598
2091-08-06,0.4872075750997778
2091-08-07,0.4783118885440307
2091-08-08,0.4680495141864062
2091-08-09,0.45901282078533684
2091-08-10,0.4516436045023203
2091-08-11,0.445355953511737
2091-08-12,0.44052238931584026
2091-08-13,0.4380814929402664
2091-08-14,0.4330659945747853
2091-08-15,0.42698264701735716
2091-08-16,0.44172189087166003
2091-08-17,0.4770247678212853
2091-08-18,0.4773833028332972
2091-08-19,0.46294912333613736
2091-08-20,0.44996031555491545
2091-08-21,0.4412920306169717
2091-08-22,0.4333052234406228
2091-08-23,0.42413166940919833
2091-08-24,0.4560581211477687
2091-08-25,0.47607758803953254
2091-08-26,0.4574496759306346
2091-08-27,0.47892117233668746
2091-08-28,0.5375527035914737
2091-08-29,0.5364789299114049
2091-08-30,0.5058091994135494
2091-08-31,0.48119534820831483
2091-09-01,0.46078598233010365
2091-09-02,0.44388897499941066
2091-09-03,0.4295663461667307
2091-09-04,0.4172790724207684
2091-09-05,0.4067282355223009
2091-09-06,0.4597109668094745
2091-09-07,0.5115597040968316
2091-09-08,0.4948033298899808
2091-09-09,0.4750608680159821
2091-09-10,0.46353447882394966
2091-09-11,0.4561588394865392
2091-09-12,0.5200985747656033
2091-09-13,0.8234536652045058
2091-09-14,1.0587589650777658
2091-09-15,0.9596757065224026
2091-09-16,0.8606186257946774
2091-09-17,0.7991561810849582
2091-09-18,1.0161900461014157
2091-09-19,1.7090672963372553
2091-09-20,1.9613674262239362
2091-09-21,1.6374488368680276
2091-09-22,1.7799777306304287
2091-09-23,1.8601232907692609
2091-09-24,1.6009292444892758
2091-09-25,1.469786829051965
2091-09-26,1.4343385692450406
2091-09-27,1.5137514833613384
2091-09-28,1.4631386318239945
2091-09-29,1.2635842004828195
2091-09-30,1.1060342900273257
2091-10-01,1.018194617610294
2091-10-02,0.9160355625794249
2091-10-03,0.8166025064801631
2091-10-04,0.7379352913645031
2091-10-05,0.6938324440291659
2091-10-06,0.6617926206367097
2091-10-07,0.6147482984669062
2091-10-08,0.576043732497303
2091-10-09,0.6652027354071969
2091-10-10,1.2960278639337206
2091-10-11,1.685978990381515
2091-10-12,1.4122966224859146
2091-10-13,1.2212259039658708
2091-10-14,1.1687958169259958
2091-10-15,1.0994735575316783
2091-10-16,0.9620855523516343
2091-10-17,0.8547760027850226
2091-10-18,0.7702935490483176
2091-10-19,0.7032520386040013
2091-10-20,0.6496302182535022
2091-10-21,0.6065573128412627
2091-10-22,0.5714904717304176
2091-10-23,0.5619338587668072
2091-10-24,0.5615891427611441
2091-10-25,0.5341099942851061
2091-10-26,0.5112102664665733
2091-10-27,0.49210179507178536
2091-10-28,0.4760140758840652
2091-10-29,0.4623445695170574
2091-10-30,0.4509095097798801
2091-10-31,0.5087409922833079
2091-11-01,0.5972954534016812
2091-11-02,0.5959423891182724
2091-11-03,0.5671651215491603
2091-11-04,0.7075415486968675
2091-11-05,0.831415200689015
2091-11-06,0.7456438008852097
2091-11-07,0.6777716710258027
2091-11-08,0.623563761478481
2091-11-09,0.5799338987077017
2091-11-10,0.7718880432646341
2091-11-11,0.9545782469196898
2091-11-12,0.8423800919972647
2091-11-13,0.7922091374772626
2091-11-14,0.7624947331030135
2091-11-15,0.8519504614545502
2091-11-16,0.9896861874893083
2091-11-17,1.0145280974225475
2091-11-18,1.1946365032834487
2091-11-19,2.140475809805741
2091-11-20,3.082007929648871
2091-11-21,2.8147213559915407
2091-11-22,2.818942746141969
2091-11-23,3.1058339239802177
2091-11-24,2.767310263922772
2091-11-25,2.345880809311488
2091-11-26,1.9948371272151588
2091-11-27,1.66095507461047
2091-11-28,1.4072314389318565
2091-11-29,1.2127185314408682
2091-11-30,1.4324347292232718
2091-12-01,2.2606859369239216
2091-12-02,2.5103304082779414
2091-12-03,2.0573216865666155
2091-12-04,1.7157759618480448
2091-12-05,1.4926107690231307
2091-12-06,1.3631845093194315
2091-12-07,1.2116416027488655
2091-12-08,1.2266583741382984
2091-12-09,1.2539704438743873
2091-12-10,1.1018775564928072
2091-12-11,0.9830212844806218
2091-12-12,0.8895211907341398
2091-12-13,0.8153588999018604
2091-12-14,0.756050080192944
2091-12-15,0.7082266007510499
2091-12-16,0.6693397963440989
2091-12-17,0.6374476492707098
2091-12-18,0.6110607469712547
2091-12-19,0.5890298209102054
2091-12-20,0.5704629794371159
2091-12-21,0.5546643327718515
2091-12-22,0.5699756000622719
2091-12-23,0.5946988556369198
2091-12-24,0.5731658823462658
2091-12-25,0.7049760655251492
2091-12-26,1.2368900336921773
2091-12-27,1.5131823447694843
2091-12-28,1.2953968303094314
2091-12-29,1.409956159137779
2091-12-30,1.7498010736243368
2091-12-31,1.7067623849936513
2092-01-01,1.4948803089399239
2092-01-02,1.3410548977391847
2092-01-03,1.5348905136914457
2092-01-04,1.7255617231532925
2092-01-05,2.269789618448323
2092-01-06,2.9148050046434855
2092-01-07,3.045232228088888
2092-01-08,3.181538986653839
2092-01-09,3.090278587119769
2092-01-10,2.950142027495522
2092-01-11,2.605396612755606
2092-01-12,2.4997638622782
2092-01-13,2.2960618731991684
2092-01-14,1.92204807375317
2092-01-15,1.6418241253770798
2092-01-16,1.5547087674743312
2092-01-17,1.5015300822225457
2092-01-18,1.3109072422235983
2092-01-19,1.8225144700750093
2092-01-20,2.482817167811818
2092-01-21,2.3935529165338494
2092-01-22,2.141742117564327
2092-01-23,1.806025925600098
2092-01-24,1.5683748593066509
2092-01-25,1.3923106921316009
2092-01-26,1.6704266893079946
2092-01-27,2.002524819738453
2092-01-28,1.9186988744455948
2092-01-29,1.890261501234111
2092-01-30,1.8168732348470833
2092-01-31,1.7327699597972082
2092-02-01,1.564293145844614
2092-02-02,1.3690683701642101
2092-02-03,1.2175632263960794
2092-02-04,1.0990238619520232
2092-02-05,1.0054708920643955
2092-02-06,0.930999613885806
2092-02-07,0.8712035433102567
2092-02-08,0.8227683708382604
2092-02-09,0.7831829715708457
2092-02-10,0.7505317284117337
2092-02-11,0.7233439380333789
2092-02-12,0.7004836852166214
2092-02-13,0.681068671943161
2092-02-14,0.6644099427841322
2092-02-15,0.64996681361008
2092-02-16,0.6373129463630126
2092-02-17,0.6872485875088873
2092-02-18,0.7527990903545506
2092-02-19,0.8302062469553818
2092-02-20,0.9086838437463385
2092-02-21,1.54483922662768
2092-02-22,2.162768884355891
2092-02-23,1.974265068958388
2092-02-24,1.8273231043649212
2092-02-25,2.5981034735787385
2092-02-26,3.2504613792901043
2092-02-27,3.4627610988652466
2092-02-28,4.503676658015949
2092-02-29,4.871083595982371
2092-03-01,4.292586029211713
2092-03-02,3.4259306697935883
2092-03-03,2.786118392064583
2092-03-04,2.3098725815429257
2092-03-05,2.0735028288859234
2092-03-06,1.9485670604130958
2092-03-07,1.781597402207641
2092-03-08,2.7728406503881984
2092-03-09,3.699983437565903
2092-03-10,3.3572593988093993
2092-03-11,2.9906921201123104
2092-03-12,2.6965389836235634
2092-03-13,2.4883929796855684
2092-03-14,2.485520491425331
2092-03-15,2.7344571943085008
2092-03-16,2.5403812740033835
2092-03-17,2.155994504911934
2092-03-18,2.015540197975272
2092-03-19,1.9162508307405848
2092-03-20,1.8261315525864388
2092-03-21,2.019690193712798
2092-03-22,3.15529123512219
2092-03-23,3.8434786098984524
2092-03-24,3.9398789058487744
2092-03-25,4.827499438642316
2092-03-26,5.15627997424981
2092-03-27,4.823232110058118
2092-03-28,4.142707662158617
2092-03-29,3.5497452347172316
2092-03-30,3.1186437247748935
2092-03-31,2.8405603914357944
2092-04-01,3.4734745978761192
2092-04-02,3.8786646195241357
2092-04-03,4.294056563431586
2092-04-04,5.02116429758924
2092-04-05,4.3140182152794955
2092-04-06,3.503626128921022
2092-04-07,2.904348074795271
2092-04-08,3.9096778839429245
2092-04-09,6.141803751842023
2092-04-10,6.267707228181368
2092-04-11,5.1841813296931845
2092-04-12,4.352516707546753
2092-04-13,3.5772628124453902
2092-04-14,4.1270992092305585
2092-04-15,4.597642620734584
2092-04-16,3.744005105242477
2092-04-17,3.2397609519967268
2092-04-18,2.9343251490056006
2092-04-19,2.566186211818193
2092-04-20,2.2265613386316407
2092-04-21,1.9667291686522852
2092-04-22,1.766304820229596
2092-04-23,1.610165797922386
2092-04-24,1.4873303036956946
2092-04-25,1.3897446748558782
2092-04-26,1.3114487248815603
2092-04-27,1.247994248781527
2092-04-28,1.196035361893949
2092-04-29,1.153036891728884
2092-04-30,1.117064793338606
2092-05-01,1.2014823042550427
2092-05-02,1.2988113298359656
2092-05-03,1.2313750511204504
2092-05-04,1.185484313899318
2092-05-05,1.1562165387015124
2092-05-06,1.2328519630200814
2092-05-07,1.3176788593150481
2092-05-08,1.2429978719215942
2092-05-09,1.2254186206436886
2092-05-10,1.9525928771018846
2092-05-11,2.635245785761239
2092-05-12,2.340485588633612
2092-05-13,2.076425608159175
2092-05-14,1.8306454333146664
2092-05-15,1.6404879659664298
2092-05-16,1.4922686326316297
2092-05-17,1.5046035931444397
2092-05-18,1.5957962329138817
2092-05-19,1.5293075372784426
2092-05-20,1.4087350226931739
2092-05-21,1.6089568237334477
2092-05-22,1.8002779412171224
2092-05-23,1.6125229880491379
2092-05-24,1.4658988664772172
2092-05-25,1.3505297313882443
2092-05-26,1.2588876270959743
2092-05-27,1.1978520794482173
2092-05-28,2.8340958531124625
2092-05-29,4.858063832620414
2092-05-30,4.472114303780235
2092-05-31,5.03162681827921
2092-06-01,5.3123517589895375
2092-06-02,4.489465358966819
2092-06-03,3.949738850733553
2092-06-04,3.598846534920036
2092-06-05,3.098379567338871
2092-06-06,2.8185363279954747
2092-06-07,2.6190169195341926
2092-06-08,2.2566413160922685
2092-06-09,1.9800523417309701
2092-06-10,1.7672853352537379
2092-06-11,1.6019965986902802
2092-06-12,1.4723442303171288
2092-06-13,1.3696619012742888
2092-06-14,1.2875484362956908
2092-06-15,1.221235133075583
2092-06-16,1.1671410823387092
2092-06-17,1.122557321894697
2092-06-18,1.0854202939785769
2092-06-19,1.0541478671522837
2092-06-20,1.0275196278002743
2092-06-21,1.0045887886419107
2092-06-22,0.9846168756076631
2092-06-23,0.9670249602715754
2092-06-24,0.9513570035204153
2092-06-25,0.9372521292493641
2092-06-26,0.924423527833312
2092-06-27,0.9126423137064775
2092-06-28,0.9017251077520259
2092-06-29,0.8915244366301285
2092-06-30,0.8819212742961245
2092-07-01,0.8728192211949231
2092-07-02,0.949185525581978
2092-07-03,1.0628313853324534
2092-07-04,1.0511403499894652
2092-07-05,1.0075755521057261
2092-07-06,0.9718339238552852
2092-07-07,0.9419880789623193
2092-07-08,0.9166128493676019
2092-07-09,0.8947852230292305
2092-07-10,0.875873597439491
2092-07-11,0.8593078503099288
2092-07-12,0.8446553555686842
2092-07-13,0.8316744042552696
2092-07-14,0.8231833976831826
2092-07-15,0.8243049117394622
2092-07-16,0.8262583124226621
2092-07-17,0.8166020086413496
2092-07-18,0.8160012900382941
2092-07-19,0.813446058831615
2092-07-20,0.7994870855850382
2092-07-21,0.7868540344958866
2092-07-22,0.7754287819173334
2092-07-23,0.765018908232732
2092-07-24,0.7554452003296364
2092-07-25,0.7465634677398811
2092-07-26,0.7382572903464175
2092-07-27,0.7304323524358276
2092-07-28,0.7230119972062652
2092-07-29,0.7159337246387562
2092-07-30,0.7091464218165838
2092-07-31,0.7034304524280874
2092-08-01,0.6976046263796275
2092-08-02,0.6912925746799417
2092-08-03,0.6851641201251496
2092-08-04,0.679203733116787
2092-08-05,0.6787612514841594
2092-08-06,0.6784645877917196
2092-08-07,0.6715605120135392
2092-08-08,0.6693160291323172
2092-08-09,0.6676150943628282
2092-08-10,0.662949301602722
2092-08-11,0.6567207221531495
2092-08-12,0.6494924622185452
2092-08-13,0.645664393383807
2092-08-14,0.6417995319413731
2092-08-15,0.6348332262069248
2092-08-16,0.6418407462690844
2092-08-17,0.6430868846709853
2092-08-18,0.6383336527403175
2092-08-19,0.6354390846859818
2092-08-20,0.6266577112815225
2092-08-21,0.623753609146005
2092-08-22,0.6441821614624561
2092-08-23,0.6649861976065882
2092-08-24,0.6559544224111504
2092-08-25,0.6401161944904642
2092-08-26,0.6298819018219398
2092-08-27,0.6185944457508484
2092-08-28,0.6297815932720807
2092-08-29,0.6709847725359596
2092-08-30,0.6634208681039325
2092-08-31,0.6418721872449241
2092-09-01,0.6254765796573503
2092-09-02,0.6111589019133613
2092-09-03,0.5977749502955899
2092-09-04,0.5860250907418086
2092-09-05,0.575660056407016
2092-09-06,0.566423386773537
2092-09-07,0.5581101432717246
2092-09-08,0.5505559320817747
2092-09-09,0.5517850170901013
2092-09-10,0.5557870646731254
2092-09-11,0.5736736281486142
2092-09-12,0.5910767021419817
2092-09-13,0.5801903861508321
2092-09-14,0.5652230184978196
2092-09-15,0.5527508811823982
2092-09-16,0.5418620086323139
2092-09-17,0.5323420404381195
2092-09-18,0.5245485411983734
2092-09-19,0.5171477680592659
2092-09-20,0.5113797876197971
2092-09-21,0.5084963855886607
2092-09-22,0.5036541680523922
2092-09-23,0.4971141415219624
2092-09-24,0.49116775121620493
2092-09-25,0.4889678979233059
2092-09-26,0.4861793325750005
2092-09-27,0.6073895226545176
2092-09-28,0.68086284685389
2092-09-29,0.6381255046261299
2092-09-30,0.6110394427659197
2092-10-01,0.5930457782872215
2092-10-02,0.56807520846865
2092-10-03,0.5462687122680888
2092-10-04,0.5432118225186731
2092-10-05,0.5571572808846491
2092-10-06,0.5422529910934268
2092-10-07,0.5232465152010503
2092-10-08,0.5074443170039612
2092-10-09,0.49397322530716337
2092-10-10,0.48297602120186683
2092-10-11,0.4731546965657532
2092-10-12,0.46789510498013814
2092-10-13,0.46364725920843436
2092-10-14,0.45539651095668227
2092-10-15,0.4480160468655823
2092-10-16,0.6171356493049417
2092-10-17,0.778581521903206
2092-10-18,0.7790402319840934
2092-10-19,0.7497338791769591
2092-10-20,0.765766149879442
2092-10-21,0.7726577785660322
2092-10-22,0.7098288400942067
2092-10-23,0.662692107856613
2092-10-24,0.7164004267625161
2092-10-25,0.7520341310691676
2092-10-26,0.708655357954577
2092-10-27,0.6760853690534989
2092-10-28,0.6258158766284136
2092-10-29,0.5853972788862145
2092-10-30,0.6197177086523991
2092-10-31,1.1998192839997701
2092-11-01,1.7757808232520096
2092-11-02,1.6949104204154306
2092-11-03,1.7479629595367037
2092-11-04,1.7055017424921888
2092-11-05,1.4315577899273049
2092-11-06,1.22218754012252
2092-11-07,1.089709814724978
2092-11-08,1.0096069452312748
2092-11-09,0.9076941813796126
2092-11-10,1.0008435801151567
2092-11-11,1.082180224085764
2092-11-12,0.9855940157978345
2092-11-13,0.917349975065154
2092-11-14,0.8754054762489751
2092-11-15,0.8638750494911247
2092-11-16,0.7926913844287666
2092-11-17,0.8789078604607071
2092-11-18,1.1952606575854248
2092-11-19,1.3757895399794515
2092-11-20,1.2751134628810237
2092-11-21,1.2454478402060822
2092-11-22,1.2312598329011242
2092-11-23,1.0713625705013585
2092-11-24,0.9925776691790699
2092-11-25,0.9425747688600564
2092-11-26,0.8461126114659852
2092-11-27,1.1083506185782068
2092-11-28,1.48668463318699
2092-11-29,1.5583568185126249
2092-11-30,1.8156990795989163
2092-12-01,2.041031131135419
2092-12-02,1.9838913735488821
2092-12-03,1.8154752930796503
2092-12-04,1.6194628781811087
2092-12-05,1.4389299853681028
2092-12-06,1.2713734344662737
2092-12-07,1.1988325486092808
2092-12-08,1.119686730733788
2092-12-09,1.340371358442284
2092-12-10,1.564825535449924
2092-12-11,1.5172931411712967
2092-12-12,1.5222535212728652
2092-12-13,1.5082287923239763
2092-12-14,1.4382030125067733
2092-12-15,1.2443061643827393
2092-12-16,1.094124935351257
2092-12-17,0.9769227686353874
2092-12-18,0.8846948297241718
2092-12-19,0.8115236354637081
2092-12-20,0.7529971744110723
2092-12-21,0.7057996640413832
2092-12-22,0.7408181742653782
2092-12-23,1.162802546983376
2092-12-24,1.7361246207864693
2092-12-25,1.7791591612011037
2092-12-26,1.5069234222969932
2092-12-27,1.400277653733011
2092-12-28,2.1432983677592037
2092-12-29,2.6728033698065414
2092-12-30,2.2234121541816974
2092-12-31,1.8958414614136023
2093-01-01,1.6027445910461617
2093-01-02,1.555983009835039
2093-01-03,1.9283717671489011
2093-01-04,2.038384836876047
2093-01-05,1.8041710460281906
2093-01-06,1.9299722887770445
2093-01-07,1.9359742437711802
2093-01-08,1.640185558040068
2093-01-09,1.413807697254397
2093-01-10,1.4923834178895656
2093-01-11,1.5758848188524668
2093-01-12,1.3658819403675
2093-01-13,1.2032068481472133
2093-01-14,1.0763685956655176
2093-01-15,0.9766298706491826
2093-01-16,0.8975415216061876
2093-01-17,0.8343021204177999
2093-01-18,0.7833082505186049
2093-01-19,0.7566202798028635
2093-01-20,0.74175476085589
2093-01-21,0.707310236656495
2093-01-22,0.6787219257729121
2093-01-23,0.6548632531898325
2093-01-24,0.7176803079578167
2093-01-25,1.0438910999739262
2093-01-26,1.2186733026211956
2093-01-27,1.1065277565270715
2093-01-28,1.024815182067991
2093-01-29,0.9549260505945495
2093-01-30,1.238566257338402
2093-01-31,1.796360923028077
2093-02-01,2.0990265541520183
2093-02-02,1.9888900968565209
2093-02-03,1.6872450791892668
2093-02-04,1.4489158401231395
2093-02-05,1.2655377468612439
2093-02-06,1.1231655729900478
2093-02-07,1.0116796711224503
2093-02-08,0.9236437531456642
2093-02-09,1.5843918678433864
2093-02-10,2.385312712882475
2093-02-11,2.1480829795849137
2093-02-12,1.80384205872784
2093-02-13,1.541958212716506
2093-02-14,1.4184164553823064
2093-02-15,1.332411814674335
2093-02-16,1.1794719734098136
2093-02-17,1.0775359664635784
2093-02-18,1.1954629241067638
2093-02-19,1.3218220320808691
2093-02-20,1.21235020129798
2093-02-21,1.0853742690817814
2093-02-22,0.9854565252041255
2093-02-23,0.9062274581273515
2093-02-24,0.8428724349707282
2093-02-25,0.9362106052542494
2093-02-26,1.0307904836352748
2093-02-27,0.9407809145332878
2093-02-28,0.8755335567146814
2093-03-01,0.8226735816455272
2093-03-02,0.7739816592230073
2093-03-03,0.7342444203589186
2093-03-04,0.7464891023330983
2093-03-05,1.0045994897513475
2093-03-06,1.3884596246994112
2093-03-07,1.9940149816800903
2093-03-08,3.0319757047163574
2093-03-09,3.243782467428145
2093-03-10,2.7056819131967536
2093-03-11,2.308948135566163
2093-03-12,1.930524187742451
2093-03-13,1.654806939306985
2093-03-14,1.711499162133897
2093-03-15,2.4162877380206864
2093-03-16,3.284519211275884
2093-03-17,3.7148813621999377
2093-03-18,3.483941990335175
2093-03-19,2.840246176704874
2093-03-20,2.3432761261445774
2093-03-21,1.9700295715210627
2093-03-22,1.6869817582781759
2093-03-23,1.470241443572033
2093-03-24,1.3027277948583653
2093-03-25,1.1720927430219605
2093-03-26,1.0693180616328497
2093-03-27,0.9877551114991187
2093-03-28,0.9224593086281246
2093-03-29,0.869723498229347
2093-03-30,0.8267472647714927
2093-03-31,0.7914002320658788
2093-04-01,0.7620510591420108
2093-04-02,0.7374428220034517
2093-04-03,0.8593842972607219
2093-04-04,1.2635035828357053
2093-04-05,1.4574909677310846
2093-04-06,1.3378897463300072
2093-04-07,1.2182423709514552
2093-04-08,1.1677830605844206
2093-04-09,1.1382582007602697
2093-04-10,1.1311626966732673
2093-04-11,1.1551673418747417
2093-04-12,1.0988503738454076
2093-04-13,1.7181416379913805
2093-04-14,2.814187261007323
2093-04-15,2.8202656542092956
2093-04-16,2.3272557311976927
2093-04-17,1.9557748939217205
2093-04-18,1.6740560200603252
2093-04-19,1.4583284935055614
2093-04-20,1.2915966874209723
2093-04-21,1.1615732965062155
2093-04-22,1.0609324954061545
2093-04-23,0.98022987220534
2093-04-24,0.9148177720560661
2093-04-25,0.8620113965065812
2093-04-26,0.9238207566337754
2093-04-27,0.9728322957998694
2093-04-28,0.9202957259964663
2093-04-29,0.8722933970824016
2093-04-30,0.8253961521375959
2093-05-01,0.7869234498486345
2093-05-02,0.7551545525006361
2093-05-03,0.7286697682326335
2093-05-04,0.7249419416527249
2093-05-05,0.7190616002217545
2093-05-06,0.7579017193278862
2093-05-07,0.9859940672997571
2093-05-08,1.087122855667647
2093-05-09,0.9906142487745275
2093-05-10,0.9140836273784779
2093-05-11,0.8527777087774643
2093-05-12,0.8032438697975439
2093-05-13,0.7628696205181305
2093-05-14,0.7296644421706765
2093-05-15,0.7021018557755027
2093-05-16,0.6790041114068975
2093-05-17,0.6617178429016469
2093-05-18,0.690043034614983
2093-05-19,0.7096887964878298
2093-05-20,0.6881988659121395
2093-05-21,0.7529976596559088
2093-05-22,0.8479778310023319
2093-05-23,0.8555960622500783
2093-05-24,0.859081930383956
2093-05-25,0.8441530125018374
2093-05-26,1.1071830242523133
2093-05-27,1.3684390122238128
2093-05-28,1.2370404124295968
2093-05-29,1.0991008766795083
2093-05-30,0.9909785179991913
2093-05-31,0.9528869793866775
2093-06-01,0.9866781950835213
2093-06-02,1.0020760470941228
2093-06-03,0.9390291542188952
2093-06-04,1.6591524433468752
2093-06-05,2.612151118358724
2093-06-06,2.3749324105459118
2093-06-07,1.9819202257649466
2093-06-08,1.6754337299287292
2093-06-09,1.4697895955986209
2093-06-10,1.3336845680517218
2093-06-11,1.1848164970856954
2093-06-12,1.0863468680964263
2093-06-13,1.8355906575370327
2093-06-14,2.6784109297043677
2093-06-15,2.3196846329016263
2093-06-16,1.9375994201122786
2093-06-17,1.6480068501737353
2093-06-18,1.4265940458379733
2093-06-19,1.255744144083952
2093-06-20,1.1227370111275001
2093-06-21,1.018292904821183
2093-06-22,0.9355772379221254
2093-06-23,0.8695117938214204
2093-06-24,0.8392750732313771
2093-06-25,0.8221137237277792
2093-06-26,0.7891645965365969
2093-06-27,0.7531882647524958
2093-06-28,0.7208157960976121
2093-06-29,0.7043903775891348
2093-06-30,0.6859845005296014
2093-07-01,0.6646546601821087
2093-07-02,0.6459260838808264
2093-07-03,0.6298882443938748
2093-07-04,0.616013296406133
2093-07-05,0.6038849325412315
2093-07-06,0.5931733395178305
2093-07-07,0.5836161143620529
2093-07-08,0.5750036411739482
2093-07-09,0.5671678266271711
2093-07-10,0.5879335838443376
2093-07-11,0.6109123239987228
2093-07-12,0.5954898733856523
2093-07-13,0.5819848865706142
2093-07-14,0.570208064613915
2093-07-15,0.5598329692003595
2093-07-16,0.5505998093770496
2093-07-17,0.5423010035828223
2093-07-18,0.5347700526782921
2093-07-19,0.572709776378078
2093-07-20,0.6036284684369855
2093-07-21,0.583108177745061
2093-07-22,0.5666402650590631
2093-07-23,0.5525295132414192
2093-07-24,0.5403179414994616
2093-07-25,0.5296433019907818
2093-07-26,0.5202178318822741
2093-07-27,0.5118120011489896
2093-07-28,0.5048500837130274
2093-07-29,0.5071405992777456
2093-07-30,0.5083015337720759
2093-07-31,0.5003167507666798
2093-08-01,0.49259338077561604
2093-08-02,0.48560432424000943
2093-08-03,0.47922255333962843
2093-08-04,0.4733441097658453
2093-08-05,0.4722119078988767
2093-08-06,0.794987136822173
2093-08-07,1.1012539190869384
2093-08-08,0.976962641251769
2093-08-09,0.8727488585347731
2093-08-10,0.7903982841403326
2093-08-11,0.7249061752843828
2093-08-12,0.6724682724053466
2093-08-13,0.6300799751473932
2093-08-14,0.5955253679283871
2093-08-15,0.5671534030211443
2093-08-16,0.5436738697657061
2093-08-17,0.5240567658695955
2093-08-18,0.5075162695233859
2093-08-19,0.4934469766362728
2093-08-20,0.48136554531921916
2093-08-21,0.4708901594044573
2093-08-22,0.5527623222002936
2093-08-23,0.6203014750310857
2093-08-24,0.5920313588866795
2093-08-25,0.5599058520372702
2093-08-26,0.5403250607463105
2093-08-27,0.5251036891105455
2093-08-28,0.5051155484482673
2093-08-29,0.4878732353250424
2093-08-30,0.4732783419171871
2093-08-31,0.4627821549461127
2093-09-01,0.4539382799073697
2093-09-02,0.4440415958959421
2093-09-03,0.43527660313627786
2093-09-04,0.4285525350062172
2093-09-05,0.4235427309762692
2093-09-06,0.4172560687948827
2093-09-07,0.41117715971245133
2093-09-08,0.4123433886134744
2093-09-09,0.41451873046720406
2093-09-10,0.4077531154888225
2093-09-11,0.4016227195959578
2093-09-12,0.3960515504345749
2093-09-13,0.3909556302223555
2093-09-14,0.38625487936533304
2093-09-15,0.38188411497296043
2093-09-16,0.3777901211637167
2093-09-17,0.37392932703415904
2093-09-18,0.37026595951885266
2093-09-19,0.3667705688780057
2093-09-20,0.3634188477010795
2093-09-21,0.36019068196646575
2093-09-22,0.36216485335738874
2093-09-23,0.3817652974851233
2093-09-24,0.5640640144529337
2093-09-25,0.6523792967820748
2093-09-26,0.5996750257349088
2093-09-27,0.5617114765819425
2093-09-28,0.5214435351575802
2093-09-29,0.48871590989364927
2093-09-30,0.4619682613734514
2093-10-01,0.43993873427872304
2093-10-02,0.42165060303524693
2093-10-03,0.40634363243987576
2093-10-04,0.39342299153232635
2093-10-05,0.3824209674225895
2093-10-06,0.37296808409445026
2093-10-07,0.3647711813057164
2093-10-08,0.3575966791863285
2093-10-09,0.3550491661390147
2093-10-10,0.3536633907273687
2093-10-11,0.34734890557555825
2093-10-12,0.34169407862118395
2093-10-13,0.33661039800464065
2093-10-14,0.33199870375223767
2093-10-15,0.3645982336385732
2093-10-16,0.38726599864869704
2093-10-17,0.39482901471191495
2093-10-18,0.3945221155203604
2093-10-19,0.3783933751847343
2093-10-20,0.38832042496975433
2093-10-21,0.41929031714416926
2093-10-22,0.4123215959455102
2093-10-23,0.3921969526304461
2093-10-24,0.37584720845084796
2093-10-25,0.36214868799308836
2093-10-26,0.3536916050163635
2093-10-27,0.34766496640560635
2093-10-28,0.3380808618971649
2093-10-29,0.32980017974032744
2093-10-30,0.32261097013334
2093-10-31,0.3163122182615166
2093-11-01,0.31074270264545084
2093-11-02,0.3057726482819757
2093-11-03,0.3012972317377815
2093-11-04,0.2972315043531988
2093-11-05,0.2935064067748571
2093-11-06,0.29006562733687596
2093-11-07,0.2868631158942272
2093-11-08,0.28386110897979705
2093-11-09,0.28102855550130196
2093-11-10,0.2796761998307829
2093-11-11,0.2791535226080644
2093-11-12,0.27624450653211774
2093-11-13,0.27408312835817755
2093-11-14,0.28357433600779997
2093-11-15,0.29228250369101344
2093-11-16,0.2864042229380454
2093-11-17,0.3047417525031509
2093-11-18,0.30895067660922554
2093-11-19,0.3168521475896835
2093-11-20,0.3293180203656017
2093-11-21,0.3343800228718081
2093-11-22,0.3866931183110218
2093-11-23,0.42082692806184246
2093-11-24,0.47762894408923745
2093-11-25,0.505672851996123
2093-11-26,0.6801003119807915
2093-11-27,0.8433191848019147
2093-11-28,0.7699196385507787
2093-11-29,0.6694235786386483
2093-11-30,0.590609313815876
2093-12-01,0.5282384605447644
2093-12-02,0.6071978265608191
2093-12-03,0.6689648440541195
2093-12-04,0.6926793433467492
2093-12-05,0.7051015027998319
2093-12-06,0.6198169641350563
2093-12-07,0.6966837835154958
2093-12-08,1.0515756223718633
2093-12-09,1.1903745294759573
2093-12-10,1.0003860842953496
2093-12-11,1.1212907955634368
2093-12-12,1.2255965340337192
2093-12-13,1.0658625731400322
2093-12-14,0.9776608868728315
2093-12-15,0.9082505527073007
2093-12-16,0.8214941211252903
2093-12-17,1.0154921541933222
2093-12-18,1.4327909919210924
2093-12-19,1.447756544734396
2093-12-20,1.7420291697425088
2093-12-21,2.0322041267076227
2093-12-22,1.6902732545849029
2093-12-23,1.396408360383278
2093-12-24,1.1726085292285517
2093-12-25,1.084217559100597
2093-12-26,1.018605348200664
2093-12-27,0.8820267007835242
2093-12-28,0.7754276004973999
2093-12-29,0.6916057044687864
2093-12-30,0.6251962834411706
2093-12-31,0.5721908587433637
2094-01-01,0.5828650562334411
2094-01-02,0.911708512279548
2094-01-03,1.1920273310189688
2094-01-04,1.0832000820699597
2094-01-05,0.9395230102869058
2094-01-06,0.8221802271110615
2094-01-07,0.7301408950860452
2094-01-08,0.8057695692121255
2094-01-09,0.8916182217253997
2094-01-10,0.8471505142726466
2094-01-11,0.8020313795504003
2094-01-12,0.71507920470575
2094-01-13,0.7849701754335956
2094-01-14,0.8808852730203829
2094-01-15,0.8064099221411282
2094-01-16,0.7196864894044612
2094-01-17,0.6504121240367581
2094-01-18,0.5951805694156181
2094-01-19,0.6221018308850129
2094-01-20,0.7743876650861199
2094-01-21,0.8350617920888341
2094-01-22,1.1940028301903673
2094-01-23,1.9434882573387575
2094-01-24,2.0672495747066955
2094-01-25,1.7204085448998983
2094-01-26,1.4310825879693592
2094-01-27,1.2105393363100425
2094-01-28,1.0409621210801507
2094-01-29,1.3523883237390637
2094-01-30,1.849663003711286
2094-01-31,1.937395015688222
2094-02-01,3.1900085784655534
2094-02-02,4.1820573397318945
2094-02-03,3.5156152106854415
2094-02-04,2.9207739847568153
2094-02-05,2.382758885822759
2094-02-06,2.058354618428842
2094-02-07,1.775454676984607
2094-02-08,1.4960395224946088
2094-02-09,1.2817931164807288
2094-02-10,1.116530813726207
2094-02-11,0.9879593385041615
2094-02-12,0.8871018304115106
2094-02-13,0.8073409241010214
2094-02-14,0.7437557423146092
2094-02-15,0.6926571631646303
2094-02-16,0.6666258054697197
2094-02-17,0.7288648556253544
2094-02-18,0.9383587459184993
2094-02-19,1.5826130721419158
2094-02-20,2.1938190262635113
2094-02-21,2.141513152976808
2094-02-22,2.2980225604090174
2094-02-23,2.53014834831805
2094-02-24,2.2435312115071997
2094-02-25,2.0200322059132194
2094-02-26,1.8587963146869058
2094-02-27,2.428396888792521
2094-02-28,3.002798514942318
2094-03-01,2.4897655808802726
2094-03-02,2.0522935484330085
2094-03-03,1.7226823078622555
2094-03-04,2.2314100226975184
2094-03-05,3.701932706978115
2094-03-06,4.013840014376139
2094-03-07,3.198258589274395
2094-03-08,2.5946019685348944
2094-03-09,2.144914933407572
2094-03-10,1.827555820002517
2094-03-11,1.5959702936877036
2094-03-12,1.3923720051404833
2094-03-13,1.6833273165986693
2094-03-14,2.277440111319627
2094-03-15,2.750465113962059
2094-03-16,3.1613856567317242
2094-03-17,2.9256789447283365
2094-03-18,2.419985620070552
2094-03-19,2.0371971402535407
2094-03-20,1.7473033856686886
2094-03-21,1.5255698242028508
2094-03-22,1.359830094035721
2094-03-23,1.26661305152065
2094-03-24,1.1678279663711109
2094-03-25,1.0633991611568885
2094-03-26,0.9803913788364306
2094-03-27,0.9140045258041573
2094-03-28,0.9114910457329906
2094-03-29,1.0022941391200428
2094-03-30,1.1702714124412237
2094-03-31,1.4007350652315091
2094-04-01,1.637350940234775
2094-04-02,1.945143816306408
2094-04-03,2.276968274874021
2094-04-04,2.240341336167029
2094-04-05,1.8946809355640128
2094-04-06,2.443069657454181
2094-04-07,3.3942640673558393
2094-04-08,3.1839983642114547
2094-04-09,2.606171927520401
2094-04-10,2.1739597192138675
2094-04-11,1.847843273332083
2094-04-12,1.5992951419125454
2094-04-13,1.6584230707234104
2094-04-14,1.8497494742045157
2094-04-15,2.3284332314957017
2094-04-16,3.2437920118553127
2094-04-17,3.2661937985552267
2094-04-18,2.6768603334920527
2094-04-19,2.2357478322102673
2094-04-20,1.9306966207546046
2094-04-21,2.0514950359181765
2094-04-22,2.1439872701094083
2094-04-23,1.8754648923220927
2094-04-24,1.6756553000729
2094-04-25,1.4797014915156577
2094-04-26,1.3242929539126675
2094-04-27,1.20266860887343
2094-04-28,1.1066205129648714
2094-04-29,1.0300839286784431
2094-04-30,0.9685391061671171
2094-05-01,0.9185907600640731
2094-05-02,0.8776693240261241
2094-05-03,0.843816625218882
2094-05-04,0.8155307099098952
2094-05-05,0.791652530269969
2094-05-06,0.7712825339884898
2094-05-07,0.7537188020577122
2094-05-08,0.7384108423934678
2094-05-09,0.7249248464905205
2094-05-10,0.7129174005817536
2094-05-11,0.7021154754363595
2094-05-12,0.6923011093641983
2094-05-13,0.7006790337771142
2094-05-14,0.9331979875234121
2094-05-15,1.1972462137372581
2094-05-16,1.184356191152297
2094-05-17,1.1264006073419952
2094-05-18,1.0376811611286703
2094-05-19,0.9642203658457892
2094-05-20,0.9031789879866347
2094-05-21,0.8520435207568359
2094-05-22,0.8103218277233205
2094-05-23,0.7759683298999427
2094-05-24,0.7474124937576834
2094-05-25,0.7234430782698635
2094-05-26,0.703120576350848
2094-05-27,0.6857123149679873
2094-05-28,0.6706440080777635
2094-05-29,0.6574633491343559
2094-05-30,0.6458124782940078
2094-05-31,0.6354070366680963
2094-06-01,0.6260201416592698
2094-06-02,0.6174844333782077
2094-06-03,0.6096308490975364
2094-06-04,1.063689397957094
2094-06-05,1.885405721405766
2094-06-06,1.9435642419906787
2094-06-07,1.6975722708771321
2094-06-08,1.4701519157774998
2094-06-09,1.3150246985207457
2094-06-10,1.2062159881354952
2094-06-11,1.0869141590952054
2094-06-12,0.9888407641109688
2094-06-13,0.9109664154885072
2094-06-14,0.8486080143449278
2094-06-15,0.8123982568532346
2094-06-16,0.7826587431295194
2094-06-17,0.7453210478266867
2094-06-18,0.7150291545688815
2094-06-19,0.7114491557992321
2094-06-20,0.7195619889581861
2094-06-21,0.700622761269599
2094-06-22,0.6747862595291648
2094-06-23,0.6778565704646421
2094-06-24,0.7010521808439059
2094-06-25,0.7514358837163851
2094-06-26,0.7624832180440532
2094-06-27,0.7216635151977752
2094-06-28,0.7145822402635159
2094-06-29,0.7583531822203243
2094-06-30,0.7617941950069417
2094-07-01,0.7471693232556276
2094-07-02,0.7348979627701224
2094-07-03,0.6972416882128122
2094-07-04,0.6660670653571925
2094-07-05,0.6402057294978745
2094-07-06,0.6185511323213347
2094-07-07,0.6002440778299076
2094-07-08,0.5846138391234973
2094-07-09,0.5711341600066153
2094-07-10,0.5593901584339293
2094-07-11,0.5490532732418977
2094-07-12,0.5398621862700045
2094-07-13,0.5316082126923415
2094-07-14,0.5241240532461603
2094-07-15,0.5172750908228542
2094-07-16,0.5117546772801135
2094-07-17,0.5146553549682434
2094-07-18,0.5173737673968853
2094-07-19,0.5169568165097558
2094-07-20,0.5183421017764757
2094-07-21,0.5124834671373524
2094-07-22,0.5038806642291588
2094-07-23,0.5001154631337741
2094-07-24,0.508266363859271
2094-07-25,0.5098314731451083
2094-07-26,0.5053117354474169
2094-07-27,0.5007638106115992
2094-07-28,0.49116708734424347
2094-07-29,0.48262448025640725
2094-07-30,0.47498326685588227
2094-07-31,0.46808501318629436
2094-08-01,0.4617964536475571
2094-08-02,0.45601261228266665
2094-08-03,0.450650213913762
2094-08-04,0.44564014281393244
2094-08-05,0.44092600102074614
2094-08-06,0.43646163438979624
2094-08-07,0.4322560716478771
2094-08-08,0.42820251240459006
2094-08-09,0.4242768758100466
2094-08-10,0.4204864278368807
2094-08-11,0.41742926892168947
2094-08-12,0.41429297168174356
2094-08-13,0.41225772674970057
2094-08-14,0.41025430235107957
2094-08-15,0.40642614710923897
2094-08-16,0.4027313602875711
2094-08-17,0.39916209075809705
2094-08-18,0.39570180704312347
2094-08-19,0.39239218489436367
2094-08-20,0.3951602540980235
2094-08-21,0.3950076150873268
2094-08-22,0.38965078628625577
2094-08-23,0.3856567207091672
2094-08-24,0.38186423525393204
2094-08-25,0.3782432515757486
2094-08-26,0.3747689619614631
2094-08-27,0.37142085329068636
2094-08-28,0.36818192099081903
2094-08-29,0.3651382420670313
2094-08-30,0.37428539525233356
2094-08-31,0.3721664877537447
2094-09-01,0.4356976134058433
2094-09-02,0.4693145037258377
2094-09-03,0.4614670096796074
2094-09-04,0.43964040828966416
2094-09-05,0.4224408990110325
2094-09-06,0.4079706456733514
2094-09-07,0.39861525094869427
2094-09-08,0.39355450922102847
2094-09-09,0.40449777753142313
2094-09-10,0.4718798610016062
2094-09-11,0.5404544889017051
2094-09-12,0.6045127842418468
2094-09-13,0.633995553874336
2094-09-14,0.6107292120983875
2094-09-15,0.5742188855709116
2094-09-16,0.568448802202865
2094-09-17,0.5415025178776008
2094-09-18,0.5024462506148247
2094-09-19,0.4710887775228418
2094-09-20,0.44542765279062074
2094-09-21,0.4242674086717925
2094-09-22,0.40668111755356806
2094-09-23,0.39194615487488643
2094-09-24,0.3794962794950448
2094-09-25,0.3688856438061852
2094-09-26,0.35976159063848306
2094-09-27,0.35184396745919844
2094-09-28,0.34490930659485425
2094-09-29,0.33877866137339424
2094-09-30,0.3608554006999689
2094-10-01,0.3804880777447768
2094-10-02,0.38127299772687345
2094-10-03,0.4397990675118157
2094-10-04,0.45175252323324866
2094-10-05,0.42446769624007813
2094-10-06,0.40278744621936435
2094-10-07,0.38595374545418476
2094-10-08,0.46418593892578275
2094-10-09,0.5847770035917065
2094-10-10,0.5975649641448247
2094-10-11,0.550242549463405
2094-10-12,0.6095884662829923
2094-10-13,0.6456774855653069
2094-10-14,0.604189153525997
2094-10-15,0.5716650753657012
2094-10-16,0.5212204241284043
2094-10-17,0.48088644790835994
2094-10-18,0.6112507254358212
2094-10-19,0.8262885635261785
2094-10-20,1.967787059167155
2094-10-21,2.9535302599744777
2094-10-22,2.3449387083820703
2094-10-23,1.8917773274527028
2094-10-24,1.5516619046851605
2094-10-25,1.4549164960431353
2094-10-26,1.4810143021359048
2094-10-27,1.3108019256582268
2094-10-28,1.1340272628371189
2094-10-29,1.0060416757184267
2094-10-30,1.23783918253361
2094-10-31,1.4397123654416875
2094-11-01,1.2136831049808927
2094-11-02,1.0398620964725132
2094-11-03,0.9052035591134616
2094-11-04,0.8000354850618137
2094-11-05,0.7172533400019417
2094-11-06,0.6515910188245145
2094-11-07,0.5991122182844755
2094-11-08,0.5568516035594574
2094-11-09,0.5225590181254842
2094-11-10,0.49451538149648516
2094-11-11,0.4713989873790894
2094-11-12,0.4521875852281318
2094-11-13,0.4360861015564883
2094-11-14,0.4224728915364106
2094-11-15,0.4108594914380473
2094-11-16,0.40086028264966944
2094-11-17,0.5946755090945911
2094-11-18,0.7962508648179728
2094-11-19,0.7103092749439543
2094-11-20,0.642433752489359
2094-11-21,0.5882992080022305
2094-11-22,0.5447985402158183
2094-11-23,0.5095782221829742
2094-11-24,0.5283421352771136
2094-11-25,0.6006455172919444
2094-11-26,0.6253007414145928
2094-11-27,0.5998009417718051
2094-11-28,0.5531042800009394
2094-11-29,0.65428815261151
2094-11-30,0.7472747424475236
2094-12-01,0.6703455272063272
2094-12-02,0.6093224222414145
2094-12-03,0.6560214655174675
2094-12-04,1.0707071907189538
2094-12-05,1.3913316568361151
2094-12-06,1.2454488100371413
2094-12-07,1.463364951531519
2094-12-08,1.6636164793736414
2094-12-09,1.3850510131112503
2094-12-10,1.1721741266853702
2094-12-11,1.0083842110625687
2094-12-12,0.8812939610603002
2094-12-13,0.7818785513135916
2094-12-14,0.7034987527403734
2094-12-15,0.6412263242282848
2094-12-16,0.6329311711801177
2094-12-17,0.636821730574447
2094-12-18,0.7994799418348522
2094-12-19,0.947715588178501
2094-12-20,0.8340550761486796
2094-12-21,0.7447199060360155
2094-12-22,0.6740435665681342
2094-12-23,0.6281624312819594
2094-12-24,0.7493180412242535
2094-12-25,0.8372377268968044
2094-12-26,0.8022347688359951
2094-12-27,0.865670862650025
2094-12-28,1.3791496806980492
2094-12-29,2.3149893313805796
2094-12-30,2.9125612710579554
2094-12-31,3.88140840054838
2095-01-01,4.752517686964816
2095-01-02,4.201716629262225
2095-01-03,3.300219578611415
2095-01-04,2.6382582678115405
2095-01-05,2.1470977554584683
2095-01-06,2.770168278945072
2095-01-07,3.3462518225338513
2095-01-08,2.6828489187190825
2095-01-09,2.1888870789188575
2095-01-10,1.8184605669499259
2095-01-11,1.751278443732078
2095-01-12,2.9824762269567486
2095-01-13,4.11880272000844
2095-01-14,3.5727082933250998
2095-01-15,2.917189839011303
2095-01-16,2.5134053728216563
2095-01-17,2.146271408506493
2095-01-18,1.8015675374763538
2095-01-19,1.5394849920499158
2095-01-20,1.3384192708364857
2095-01-21,1.1827653678956922
2095-01-22,1.0612103545567644
2095-01-23,0.965470482359236
2095-01-24,0.8894238454622044
2095-01-25,0.8285073603270338
2095-01-26,0.8147345277735792
2095-01-27,0.8125548758474715
2095-01-28,0.8667167037830975
2095-01-29,0.9268301163051195
2095-01-30,0.8566457712875897
2095-01-31,0.7998051808456977
2095-02-01,0.7537831305776308
2095-02-02,0.716195228932967
2095-02-03,0.856692864600297
2095-02-04,0.9928850945737125
2095-02-05,0.905943387836424
2095-02-06,1.9329731700319999
2095-02-07,3.6543882318731047
2095-02-08,3.7706897683612493
2095-02-09,3.163358174777714
2095-02-10,2.638777644728597
2095-02-11,2.305107684581939
2095-02-12,2.065302779322737
2095-02-13,1.7956755710225998
2095-02-14,1.5971475382140456
2095-02-15,1.860948306269213
2095-02-16,2.79066261718518
2095-02-17,3.3456784260513097
2095-02-18,3.631944422665103
2095-02-19,3.5295100751954536
2095-02-20,2.8583442311941147
2095-02-21,2.3587063166669986
2095-02-22,2.0377049396112894
2095-02-23,1.8003269031195535
2095-02-24,1.5595777605671903
2095-02-25,1.373785263156395
2095-02-26,1.2293502373916227
2095-02-27,1.1160664613920621
2095-02-28,1.0264343306415233
2095-03-01,0.9548935536864644
2095-03-02,0.9563038709435568
2095-03-03,0.9627848522560862
2095-03-04,0.9028425509806093
2095-03-05,0.8538737469185255
2095-03-06,0.8138254704598107
2095-03-07,0.7896636362584372
2095-03-08,0.7789330824270732
2095-03-09,0.7543062443636678
2095-03-10,0.7339038799203684
2095-03-11,0.7636801087818664
2095-03-12,0.8861367652889994
2095-03-13,1.1218346542183542
2095-03-14,1.2122225016214858
2095-03-15,1.0966405126160266
2095-03-16,1.0015106727874292
2095-03-17,0.9258657814935778
2095-03-18,0.8652207618178765
2095-03-19,0.8161721397528671
2095-03-20,0.7761454758622163
2095-03-21,0.7431797969318726
2095-03-22,0.7157716371824329
2095-03-23,0.9853378669016525
2095-03-24,1.3896363392847537
2095-03-25,1.86335891150864
2095-03-26,2.1497933416989943
2095-03-27,1.8111194769357153
2095-03-28,1.5528243147966316
2095-03-29,1.4000273519248039
2095-03-30,1.2789102834217156
2095-03-31,1.1427322986202906
2095-04-01,1.035606930008475
2095-04-02,0.9508742452522756
2095-04-03,1.0472157844363394
2095-04-04,1.2070617236039856
2095-04-05,1.1678955024300304
2095-04-06,1.4492963815567628
2095-04-07,1.8327267651979418
2095-04-08,2.1564505697100476
2095-04-09,2.402823043969739
2095-04-10,2.3803237433143667
2095-04-11,2.2151935492987596
2095-04-12,2.5366328382474057
2095-04-13,2.89081444118325
2095-04-14,2.3875213971879816
2095-04-15,2.0008857534009623
2095-04-16,1.708149387327265
2095-04-17,1.484326936228914
2095-04-18,1.311585829497558
2095-04-19,1.1963943981226908
2095-04-20,1.1178181089610895
2095-04-21,1.0278266558435936
2095-04-22,1.249853756120684
2095-04-23,1.477951754794893
2095-04-24,1.3073820757887944
2095-04-25,1.405223137820525
2095-04-26,1.5026726960746715
2095-04-27,1.3247923069404013
2095-04-28,1.1861025140247479
2095-04-29,1.0773136097469453
2095-04-30,1.0017556933660001
2095-05-01,0.9344632816877724
2095-05-02,0.8767424298375918
2095-05-03,0.8299231966632177
2095-05-04,0.7915999540611246
2095-05-05,0.7599355661142889
2095-05-06,0.7335193976206972
2095-05-07,0.711261753411068
2095-05-08,0.6923160796165496
2095-05-09,0.6760211959640192
2095-05-10,0.6618580994241045
2095-05-11,0.6505914346826313
2095-05-12,0.6665384052400625
2095-05-13,0.6958251864471782
2095-05-14,0.7198162166373766
2095-05-15,0.7179336645660337
2095-05-16,0.7631513078603577
2095-05-17,0.9587517123428667
2095-05-18,1.1961021595257229
2095-05-19,1.2774992963450604
2095-05-20,1.4812398011125296
2095-05-21,1.6094073591273068
2095-05-22,1.393918316481969
2095-05-23,1.2273477505142074
2095-05-24,2.365611126255986
2095-05-25,4.605394240137653
2095-05-26,4.829207292598033
2095-05-27,3.8435605363162533
2095-05-28,3.088452243624692
2095-05-29,2.6463899602807617
2095-05-30,2.9294460031614187
2095-05-31,3.403664844388316
2095-06-01,3.207411105583056
2095-06-02,2.663848989275451
2095-06-03,2.249312773330984
2095-06-04,2.0971428686587688
2095-06-05,1.9379796900719397
2095-06-06,1.6713764712297696
2095-06-07,1.466345685657708
2095-06-08,1.3073906521185166
2095-06-09,1.5855862930648967
2095-06-10,1.9074395251139056
2095-06-11,1.677349097143255
2095-06-12,1.471370795516452
2095-06-13,1.3890947644298526
2095-06-14,1.3189949512568049
2095-06-15,1.4287980107514977
2095-06-16,1.8089276374253493
2095-06-17,1.8462871214742556
2095-06-18,1.6115496323502887
2095-06-19,1.4248775600104346
2095-06-20,1.2756067131566267
2095-06-21,1.1586560225600209
2095-06-22,1.0662135648975086
2095-06-23,0.9924921441653024
2095-06-24,0.9331722983063897
2095-06-25,0.885004649602219
2095-06-26,0.8455268627510356
2095-06-27,0.8128602217848792
2095-06-28,0.7855621043768796
2095-06-29,0.7625180874076035
2095-06-30,0.7428624108873071
2095-07-01,0.7259189097533286
2095-07-02,0.7111568388350594
2095-07-03,0.698157617697751
2095-07-04,0.6865896399647551
2095-07-05,0.6761890790218729
2095-07-06,0.6667451811501484
2095-07-07,0.6580889373930797
2095-07-08,0.7287435991046759
2095-07-09,0.7893855483210005
2095-07-10,0.7562676853588816
2095-07-11,0.7293901938935491
2095-07-12,0.7067694162324195
2095-07-13,0.6875402714610305
2095-07-14,0.6710265306289958
2095-07-15,0.6845816814092562
2095-07-16,0.698585753242153
2095-07-17,0.677383398337501
2095-07-18,0.6827945970123027
2095-07-19,0.6882709478656232
2095-07-20,0.6677559898059232
2095-07-21,0.6502440452208232
2095-07-22,0.6351608433729506
2095-07-23,0.6220342618421214
2095-07-24,0.6104911613002647
2095-07-25,0.6042402570209368
2095-07-26,0.6036074355586294
2095-07-27,0.5965570086652562
2095-07-28,0.5867792355783189
2095-07-29,0.5779554164271902
2095-07-30,0.5699410639402565
2095-07-31,0.5625946153906064
2095-08-01,0.5558017979064471
2095-08-02,0.5494700569292735
2095-08-03,0.5435241860702299
2095-08-04,0.537902885187789
2095-08-05,0.5325567882867362
2095-08-06,0.5441987026797687
2095-08-07,0.5477701478190717
2095-08-08,0.5383125651903421
2095-08-09,0.5307404896910584
2095-08-10,0.5238139393709134
2095-08-11,0.5186090131500972
2095-08-12,0.5146274716438978
2095-08-13,0.5088954140425767
2095-08-14,0.5039262800196134
2095-08-15,0.4990619313112828
2095-08-16,0.4938277280098374
2095-08-17,0.4888552556622488
2095-08-18,0.4841130407249758
2095-08-19,0.4795672405418024
2095-08-20,0.475189963277761
2095-08-21,0.47095816030352267
2095-08-22,0.4668527353791771
2095-08-23,0.462857826043789
2095-08-24,0.46293263614764374
2095-08-25,0.4637068650206928
2095-08-26,0.4581006479134886
2095-08-27,0.4538549418401278
2095-08-28,0.44965358839241937
2095-08-29,0.44542779819356954
2095-08-30,0.44136086164732835
2095-08-31,0.4393494602822639
2095-09-01,0.4873257074750983
2095-09-02,0.4740396687555077
2095-09-03,0.46192993944775607
2095-09-04,0.4531264851615835
2095-09-05,0.4453262787284571
2095-09-06,0.4383475886989412
2095-09-07,0.4320443831461546
2095-09-08,0.44488792118360365
2095-09-09,0.4460830949320876
2095-09-10,0.43618681840582246
2095-09-11,0.42858132440180263
2095-09-12,0.42178564819925435
2095-09-13,0.41565581733811313
2095-09-14,0.4100757114858853
2095-09-15,0.40495135806769444
2095-09-16,0.40020646224891415
2095-09-17,0.3957788895122614
2095-09-18,0.3923114970457904
2095-09-19,0.38903850593302797
2095-09-20,0.3851100572479422
2095-09-21,0.38136861106010467
2095-09-22,0.37779279765950785
2095-09-23,0.3743588434489488
2095-09-24,0.371047072932661
2095-09-25,0.36784116151091006
2095-09-26,0.36472753143359204
2095-09-27,0.3616948621041465
2095-09-28,0.35888059912179965
2095-09-29,0.356477451231264
2095-09-30,0.3537057128534972
2095-10-01,0.3516927112822836
2095-10-02,0.3497035195189762
2095-10-03,0.3467345959645027
2095-10-04,0.3441912706275276
2095-10-05,0.34169954878294123
2095-10-06,0.33885761055949337
2095-10-07,0.3360820056531542
2095-10-08,0.33336890498048427
2095-10-09,0.33071155852215695
2095-10-10,0.3281042886119082
2095-10-11,0.3260741432427751
2095-10-12,0.4074104864574206
2095-10-13,0.42883972000744436
2095-10-14,0.4125663800146424
2095-10-15,0.39421787626228566
2095-10-16,0.3796508510159631
2095-10-17,0.36735753543734057
2095-10-18,0.3568946859597519
2095-10-19,0.3483579942591311
2095-10-20,0.40958087431827445
2095-10-21,0.4611656716267205
2095-10-22,0.4463451337405024
2095-10-23,0.4200077564513662
2095-10-24,0.3988752585161461
2095-10-25,0.38136163831879094
2095-10-26,0.3667329756208227
2095-10-27,0.35441461958241866
2095-10-28,0.3439544202297084
2095-10-29,0.3349949680287126
2095-10-30,0.3272525060441585
2095-10-31,0.32050081799145175
2095-11-01,0.31455885055620786
2095-11-02,0.3092811550762092
2095-11-03,0.30464413255291695
2095-11-04,0.35845233954184724
2095-11-05,0.4138820933296914
2095-11-06,0.403461965215324
2095-11-07,0.3813573681773046
2095-11-08,0.3634924012798833
2095-11-09,0.36175972537440204
2095-11-10,0.4529363554739856
2095-11-11,0.48582438128288397
2095-11-12,0.4467853669759152
2095-11-13,0.41598308582268423
2095-11-14,0.40826705097974364
2095-11-15,0.5054937645656797
2095-11-16,0.5535383528558241
2095-11-17,0.5082896323231542
2095-11-18,0.46556514016068135
2095-11-19,0.4318545308058417
2095-11-20,0.40354425813242817
2095-11-21,0.3803707474098414
2095-11-22,0.36128154532880735
2095-11-23,0.3454396463982788
2095-11-24,0.3321915316199297
2095-11-25,0.34085117832934175
2095-11-26,0.353193663432882
2095-11-27,0.3377151818587554
2095-11-28,0.325011214621311
2095-11-29,0.3810704865022225
2095-11-30,0.559717276504939
2095-12-01,0.6505986689809414
2095-12-02,0.6926933089207851
2095-12-03,0.7197199348200213
2095-12-04,0.6521325370451238
2095-12-05,0.6206013693618916
2095-12-06,0.5964493591848893
2095-12-07,0.6626661536802437
2095-12-08,0.6969961670279111
2095-12-09,0.7548866630118264
2095-12-10,0.8830626088825216
2095-12-11,0.8400870757007701
2095-12-12,1.130429245040351
2095-12-13,1.37834263020727
2095-12-14,1.2852458492847965
2095-12-15,1.2668903981777493
2095-12-16,1.1092860915196772
2095-12-17,1.2485444717101128
2095-12-18,1.3698612779329433
2095-12-19,1.1463513717198366
2095-12-20,0.9746695195900691
2095-12-21,0.841751969157072
2095-12-22,0.7599455609042209
2095-12-23,0.8544341976935731
2095-12-24,0.9271731318695738
2095-12-25,0.9526970806040542
2095-12-26,1.3738377899051502
2095-12-27,1.9286858059777583
2095-12-28,1.9800153538653944
2095-12-29,1.7822015817797674
2095-12-30,1.56125549501966
2095-12-31,1.303106380313013
2096-01-01,1.1501218198805956
2096-01-02,1.7439897434945106
2096-01-03,2.3122896603699945
2096-01-04,1.9770757746741012
2096-01-05,1.650154375093315
2096-01-06,2.132430989000057
2096-01-07,2.6353422170461887
2096-01-08,2.2445687404514945
2096-01-09,1.8352442149483335
2096-01-10,1.526572338317605
2096-01-11,1.291671060953481
2096-01-12,1.1138967457553541
2096-01-13,1.0346711925151733
2096-01-14,0.9735738245311687
2096-01-15,0.8649530106277165
2096-01-16,0.7788613631435449
2096-01-17,0.7105258634267918
2096-01-18,0.6558616969866716
2096-01-19,0.611791800785
2096-01-20,0.5759816674225272
2096-01-21,0.6467306621569363
2096-01-22,0.7189605625542774
2096-01-23,0.7439652176603669
2096-01-24,0.7880647567007063
2096-01-25,0.7830260397569188
2096-01-26,0.7626842171983425
2096-01-27,0.6957721262264335
2096-01-28,0.6524752370176669
2096-01-29,0.6211744690540589
2096-01-30,0.6078601370442293
2096-01-31,0.6018959780607488
2096-02-01,0.5765126646764235
2096-02-02,0.5584269603261149
2096-02-03,1.2915806509582215
2096-02-04,2.007891312248027
2096-02-05,1.6585794107773297
2096-02-06,1.392641739814681
2096-02-07,1.1893316087812564
2096-02-08,1.0325153926783275
2096-02-09,0.9105318785630946
2096-02-10,0.8148651025306565
2096-02-11,0.7392366252836525
2096-02-12,0.6930479485384433
2096-02-13,0.7081434931927301
2096-02-14,0.7793855568059006
2096-02-15,0.7979076189746207
2096-02-16,0.7342092821939277
2096-02-17,0.6814834115309921
2096-02-18,0.6395549748028002
2096-02-19,0.5981096675728227
2096-02-20,0.5642998122505721
2096-02-21,0.5365558956490002
2096-02-22,0.5135982826303195
2096-02-23,0.4944366785509027
2096-02-24,0.47830043298930186
2096-02-25,0.4645866752692485
2096-02-26,0.4528214518455271
2096-02-27,0.4426304158320506
2096-02-28,0.43371658448528594
2096-02-29,0.42584336186671395
2096-03-01,0.418821508813348
2096-03-02,0.4124990901348618
2096-03-03,0.4067536802645231
2096-03-04,0.40148629147002873
2096-03-05,0.3966166227076689
2096-03-06,0.39479744489833624
2096-03-07,0.4001487913026054
2096-03-08,0.3978276626478637
2096-03-09,0.3919778500093963
2096-03-10,0.4623442409884584
2096-03-11,0.9035768802162534
2096-03-12,1.4161317561871671
2096-03-13,1.4649296565490222
2096-03-14,1.2907055599805137
2096-03-15,1.218211977554024
2096-03-16,1.149063332386561
2096-03-17,1.0302212427483528
2096-03-18,0.9364209431535606
2096-03-19,1.6512993753215601
2096-03-20,2.8996183223064502
2096-03-21,2.89533253214258
2096-03-22,2.4882881560322576
2096-03-23,2.1952745706536865
2096-03-24,1.8034643309979372
2096-03-25,1.5072225786161504
2096-03-26,1.281382354794493
2096-03-27,1.107655098506665
2096-03-28,0.9728641133094428
2096-03-29,0.8674153055417069
2096-03-30,0.7842550583041881
2096-03-31,0.7181508460559815
2096-04-01,0.6651886904209023
2096-04-02,0.6378028956262709
2096-04-03,0.7332466331120604
2096-04-04,0.8258655456841817
2096-04-05,0.7681214776407653
2096-04-06,0.7050884850141182
2096-04-07,0.653519746405385
2096-04-08,0.6118537237176501
2096-04-09,0.5779166302939255
2096-04-10,0.5500462875256941
2096-04-11,0.5269637021159138
2096-04-12,0.5076789088773038
2096-04-13,0.49142139636906945
2096-04-14,0.47758831957547043
2096-04-15,0.46570568588833905
2096-04-16,0.5034931901400714
2096-04-17,0.5733954869141152
2096-04-18,0.7979550895643074
2096-04-19,1.068565072276118
2096-04-20,1.013901685433382
2096-04-21,0.8934593340874711
2096-04-22,0.7989370346133923
2096-04-23,0.7241929239771926
2096-04-24,0.6646267834151325
2096-04-25,0.6167866505071521
2096-04-26,0.8953539019460025
2096-04-27,1.1919657098778094
2096-04-28,1.0380784201723539
2096-04-29,0.9126171386946768
2096-04-30,0.8142688736283342
2096-05-01,0.7366073414323973
2096-05-02,0.6747998644697426
2096-05-03,0.625225602495246
2096-05-04,0.58515089164886
2096-05-05,0.7248669708876655
2096-05-06,0.8588332220728455
2096-05-07,0.7706685801027288
2096-05-08,0.7010857829766693
2096-05-09,0.6821437538426678
2096-05-10,0.6643796480793819
2096-05-11,0.6160364639171626
2096-05-12,0.576656319879269
2096-05-13,0.5445530758002772
2096-05-14,0.5181700198298721
2096-05-15,0.49630727262402985
2096-05-16,0.4780346285505342
2096-05-17,0.4626270122026203
2096-05-18,0.449516337784502
2096-05-19,0.4384284096332441
2096-05-20,0.4287289127345674
2096-05-21,0.4201393858386748
2096-05-22,0.41254820802342645
2096-05-23,0.43769903784382885
2096-05-24,0.5477961254392488
2096-05-25,0.5769161059124553
2096-05-26,0.5719690966344264
2096-05-27,0.6009248053527823
2096-05-28,0.633557965152759
2096-05-29,0.6242795420171303
2096-05-30,0.5767991982399139
2096-05-31,0.538731617408858
2096-06-01,0.5077102738631353
2096-06-02,0.48223292609244633
2096-06-03,0.4611403014933913
2096-06-04,0.4437457139526535
2096-06-05,0.4289859965255542
2096-06-06,0.41634647332143265
2096-06-07,0.40551479650429595
2096-06-08,0.39614567004502216
2096-06-09,0.387964636394501
2096-06-10,0.3807526555825705
2096-06-11,0.3743342390940341
2096-06-12,0.3764397286980232
2096-06-13,0.3829880190300996
2096-06-14,0.37940839469594373
2096-06-15,0.38093892590392914
2096-06-16,0.37944464384137605
2096-06-17,0.4118677599706719
2096-06-18,0.4332785054994668
2096-06-19,0.4141288639645225
2096-06-20,0.3990999521566189
2096-06-21,0.3863958440343472
2096-06-22,0.37556257829002176
2096-06-23,0.3962260464264264
2096-06-24,0.4359005277844288
2096-06-25,0.4364394083629024
2096-06-26,0.5467061818316851
2096-06-27,0.6006749227737885
2096-06-28,0.5470767745853358
2096-06-29,0.5051564828155847
2096-06-30,0.48112565261268986
2096-07-01,0.460682962449926
2096-07-02,0.434888478165026
2096-07-03,0.4135234986520213
2096-07-04,0.39578429064755705
2096-07-05,0.3809369297958076
2096-07-06,0.3684064785709434
2096-07-07,0.3577403622518088
2096-07-08,0.3485806945071526
2096-07-09,0.34064323916729516
2096-07-10,0.33370132539799585
2096-07-11,0.32757348340969067
2096-07-12,0.32211389130529705
2096-07-13,0.3172049579359297
2096-07-14,0.36577166824752005
2096-07-15,0.37984725206143827
2096-07-16,0.36285213006581696
2096-07-17,0.3501605422694938
2096-07-18,0.339396399510631
2096-07-19,0.33018829169569036
2096-07-20,0.3222414605330417
2096-07-21,0.31532101105224203
2096-07-22,0.30923901779700164
2096-07-23,0.3104026000643684
2096-07-24,0.33333327862015366
2096-07-25,0.3303834429004892
2096-07-26,0.32135145335701787
2096-07-27,0.5292992048875652
2096-07-28,0.7158117425315856
2096-07-29,0.6726863759820638
2096-07-30,0.5966405555982477
2096-07-31,0.5368196999382396
2096-08-01,0.4889923827371123
2096-08-02,0.45049044016552336
2096-08-03,0.41928124992667737
2096-08-04,0.39434231317620566
2096-08-05,0.3735371661754279
2096-08-06,0.356071863034955
2096-08-07,0.34672263241970724
2096-08-08,0.33841565162603593
2096-08-09,0.3291870233677526
2096-08-10,0.32086211620721106
2096-08-11,0.31148839779972837
2096-08-12,0.30691727653177486
2096-08-13,0.31477473123279953
2096-08-14,0.31789301177789364
2096-08-15,0.30821670509160165
2096-08-16,0.2997736552383115
2096-08-17,0.29248596523135323
2096-08-18,0.28614000723974936
2096-08-19,0.28056451767877194
2096-08-20,0.2756216998095822
2096-08-21,0.27120030207214046
2096-08-22,0.26721020914229326
2096-08-23,0.2635781969522614
2096-08-24,0.26024458755400764
2096-08-25,0.25716060277496355
2096-08-26,0.2542862628732628
2096-08-27,0.26173541535976647
2096-08-28,0.31747944081066815
2096-08-29,0.3149490123956053
2096-08-30,0.30042958332396785
2096-08-31,0.2895650240734025
2096-09-01,0.2803540590346925
2096-09-02,0.272481297764446
2096-09-03,0.26665095693560986
2096-09-04,0.2859506273182083
2096-09-05,0.2931250148283136
2096-09-06,0.28127651080811483
2096-09-07,0.2722616945973388
2096-09-08,0.2645612842353325
2096-09-09,0.2579283025652504
2096-09-10,0.2521654706524084
2096-09-11,0.24793435351258816
2096-09-12,0.24398538639407139
2096-09-13,0.23980618812833618
2096-09-14,0.2920148805429951
2096-09-15,0.32403355622943414
2096-09-16,0.308830534235526
2096-09-17,0.2926278099479958
2096-09-18,0.2795922042215356
2096-09-19,0.2686693416655355
2096-09-20,0.25944723895030347
2096-09-21,0.25159977798629557
2096-09-22,0.24486769898871596
2096-09-23,0.23904405334358472
2096-09-24,0.3079156727954035
2096-09-25,0.3576145912778179
2096-09-26,0.33799446906080205
2096-09-27,0.3155312615000819
2096-09-28,0.29726021015429477
2096-09-29,0.2819028835096546
2096-09-30,0.3168306141812173
2096-10-01,0.3358773341996153
2096-10-02,0.3171772434858908
2096-10-03,0.3034208048778084
2096-10-04,0.28657063765489493
2096-10-05,0.2725655210772236
2096-10-06,0.261270027089204
2096-10-07,0.4239239811553371
2096-10-08,0.5400280299317365
2096-10-09,0.4812517097898392
2096-10-10,0.43010472123141286
2096-10-11,0.3994021514545017
2096-10-12,0.3833562774612305
2096-10-13,0.35400456763069754
2096-10-14,0.3279174877504708
2096-10-15,0.3318858335583074
2096-10-16,0.3365248391242441
2096-10-17,0.3131088617164154
2096-10-18,0.2943252634321164
2096-10-19,0.31819339215632236
2096-10-20,0.3804753587085754
2096-10-21,0.38317639245647533
2096-10-22,0.3894900716683551
2096-10-23,0.3830107692104417
2096-10-24,0.35401684643725706
2096-10-25,0.33940133721578153
2096-10-26,0.3220680860733759
2096-10-27,0.3031967686738934
2096-10-28,0.28778532545117597
2096-10-29,0.27316220756730614
2096-10-30,0.4109818240929919
2096-10-31,0.5183023672563286
2096-11-01,0.4583574261709935
2096-11-02,0.4114548943685145
2096-11-03,0.3738648839095828
2096-11-04,0.3613029440529601
2096-11-05,0.357185209939994
2096-11-06,0.36391434413571105
2096-11-07,0.36207165175842615
2096-11-08,0.4031138121602163
2096-11-09,0.43025476756893705
2096-11-10,0.38878926207181563
2096-11-11,0.3557555999300443
2096-11-12,0.3289920057396755
2096-11-13,0.30716575691125597
2096-11-14,0.28924723203358244
2096-11-15,0.27443643797944856
2096-11-16,0.29973215294843747
2096-11-17,0.42644821205162065
2096-11-18,0.472485458300669
2096-11-19,0.42223220880941637
2096-11-20,0.38236201972286626
2096-11-21,0.35026206162168383
2096-11-22,0.3550469187409641
2096-11-23,0.381767047180723
2096-11-24,0.4449622513648132
2096-11-25,0.5547020580962255
2096-11-26,0.5613302517398279
2096-11-27,0.5074473356471614
2096-11-28,0.5063594306529668
2096-11-29,0.4825931837135316
2096-11-30,0.4318130641024364
2096-12-01,0.39127651177422407
2096-12-02,0.39487835438901486
2096-12-03,0.5052585307302554
2096-12-04,0.5452079638563804
2096-12-05,0.4822783675990783
2096-12-06,0.4324154461261371
2096-12-07,0.46103859883624204
2096-12-08,1.0664908640387587
2096-12-09,1.5273254986338036
2096-12-10,1.3198890282681899
2096-12-11,1.4188536316181537
2096-12-12,1.538233286837963
2096-12-13,1.3752842083740562
2096-12-14,1.1361040830081837
2096-12-15,0.9529979746057794
2096-12-16,0.8116771084980829
2096-12-17,0.7017411339273257
2096-12-18,0.6960557453652033
2096-12-19,0.700000416069063
2096-12-20,0.6146967228156149
2096-12-21,0.565587601131781
2096-12-22,0.5323689555537452
2096-12-23,0.4818324424968235
2096-12-24,0.4413120823700077
2096-12-25,0.40857714507184206
2096-12-26,0.381945228255346
2096-12-27,0.3601233159128425
2096-12-28,0.34211167003700355
2096-12-29,0.41077328082456055
2096-12-30,1.223983035890808
2096-12-31,1.9888974621103952
2097-01-01,1.956712798677075
2097-01-02,1.8893611817498572
2097-01-03,1.6021508706916556
2097-01-04,1.3198453434848016
2097-01-05,1.2303149703246372
2097-01-06,1.1699839091333597
2097-01-07,1.0088625971916967
2097-01-08,1.0977090883471667
2097-01-09,1.157854503353129
2097-01-10,0.9901917701252341
2097-01-11,0.8537139771921002
2097-01-12,0.747250674842005
2097-01-13,0.6635872171286488
2097-01-14,0.5973474980405373
2097-01-15,0.5842241034647907
2097-01-16,1.0609817896853941
2097-01-17,1.459834825931907
2097-01-18,1.2401393331580055
2097-01-19,1.095350631877374
2097-01-20,1.1697258989830077
2097-01-21,1.2757475054129548
2097-01-22,1.2467497244316084
2097-01-23,1.2781603011531562
2097-01-24,1.2314959596668862
2097-01-25,1.0484284806484208
2097-01-26,0.9067164951243923
2097-01-27,0.7962399394820708
2097-01-28,0.7094370504382755
2097-01-29,1.0677327834888768
2097-01-30,1.5128579922739986
2097-01-31,1.6046671501334213
2097-02-01,1.5734537062661944
2097-02-02,1.8563249117705756
2097-02-03,3.0101713353547956
2097-02-04,3.521277361560175
2097-02-05,3.231104445324045
2097-02-06,4.149730141377908
2097-02-07,4.6274764464944615
2097-02-08,4.280244318783862
2097-02-09,4.343089364066622
2097-02-10,3.688321967019587
2097-02-11,3.0635007990415772
2097-02-12,2.6404905534878185
2097-02-13,2.178027360367117
2097-02-14,2.58212801688668
2097-02-15,2.9502773812817527
2097-02-16,2.395739427829154
2097-02-17,2.0068086148484103
2097-02-18,1.8868943253592922
2097-02-19,1.7572168498003329
2097-02-20,1.498515272488677
2097-02-21,1.299774902787151
2097-02-22,1.2527577897971176
2097-02-23,1.2899147524260781
2097-02-24,1.4588862221667087
2097-02-25,1.8203879568392078
2097-02-26,1.874316177979115
2097-02-27,1.7341596292056491
2097-02-28,1.5813996761366822
2097-03-01,1.3671206546370476
2097-03-02,1.2015562774118673
2097-03-03,1.5933083929732874
2097-03-04,2.690316374956188
2097-03-05,2.967426098086419
2097-03-06,2.422292996372246
2097-03-07,2.013339176063214
2097-03-08,1.7044833366275942
2097-03-09,1.4689110823374836
2097-03-10,1.2875415701127426
2097-03-11,1.1466397870173008
2097-03-12,1.036213733140351
2097-03-13,0.9489232384699929
2097-03-14,0.8883228846550361
2097-03-15,1.0447101366900073
2097-03-16,1.3742929169661118
2097-03-17,1.4053485312051845
2097-03-18,1.237428093560667
2097-03-19,1.1063519718804111
2097-03-20,1.0391777938358144
2097-03-21,1.3174335870736336
2097-03-22,1.6247851754756892
2097-03-23,1.5457383101467934
2097-03-24,1.5763400445626603
2097-03-25,3.3661933714542713
2097-03-26,5.240966213233395
2097-03-27,4.594137035604777
2097-03-28,3.808746692425329
2097-03-29,3.221535156889829
2097-03-30,2.628524997781464
2097-03-31,2.186054057428161
2097-04-01,1.8526863724569917
2097-04-02,1.5989555330039666
2097-04-03,1.4039656207796938
2097-04-04,1.254907461773556
2097-04-05,1.2509368322937444
2097-04-06,1.2951060378983728
2097-04-07,1.4827588774431628
2097-04-08,1.6020350768437248
2097-04-09,1.4059762722259412
2097-04-10,1.2535535572729535
2097-04-11,1.1343542277441834
2097-04-12,1.0402998736650786
2097-04-13,0.9732289840406727
2097-04-14,1.0419871240674647
2097-04-15,2.039281218615868
2097-04-16,2.865957597158058
2097-04-17,2.3748314669388653
2097-04-18,1.996398819409724
2097-04-19,1.8919320770513854
2097-04-20,1.944496975734304
2097-04-21,1.7664387305083455
2097-04-22,1.5352877262374414
2097-04-23,1.3565633685897225
2097-04-24,1.3121933066620592
2097-04-25,1.312865683146043
2097-04-26,1.5860577176395745
2097-04-27,1.8857044005346608
2097-04-28,2.246916912007026
2097-04-29,2.563924764084195
2097-04-30,2.544266418508997
2097-05-01,2.4794794117826173
2097-05-02,2.0860215177319126
2097-05-03,1.7849732576698036
2097-05-04,1.554957184478252
2097-05-05,1.3774946409730082
2097-05-06,1.2393543288190743
2097-05-07,1.1308436408579303
2097-05-08,1.0448387586826848
2097-05-09,0.9816468663801216
2097-05-10,0.9513054312126134
2097-05-11,1.0369639480757848
2097-05-12,1.105305190523193
2097-05-13,1.0392931615199603
2097-05-14,0.9970097596727269
2097-05-15,0.9416094630454271
2097-05-16,0.8896511517645499
2097-05-17,0.8471813076991707
2097-05-18,0.8121930335079828
2097-05-19,0.791846559741897
2097-05-20,0.7745756720784729
2097-05-21,0.7521592143214111
2097-05-22,0.731833121598063
2097-05-23,0.7143732746390573
2097-05-24,0.6993627922821358
2097-05-25,0.7630960572289615
2097-05-26,0.912480778502084
2097-05-27,0.9456006237786546
2097-05-28,0.8882065474859763
2097-05-29,0.8567608462194952
2097-05-30,1.0918798329733268
2097-05-31,1.2903994539746886
2097-06-01,1.4572027666821696
2097-06-02,1.5880295076562143
2097-06-03,1.385706169062499
2097-06-04,1.2289834220174247
2097-06-05,1.1065932561383034
2097-06-06,1.0156460827586653
2097-06-07,0.982811676076894
2097-06-08,0.9561449111094658
2097-06-09,0.9115275832164503
2097-06-10,0.8617040004151196
2097-06-11,0.8133888329105283
2097-06-12,0.773849358970272
2097-06-13,0.741262465789886
2097-06-14,0.7141508082171786
2097-06-15,0.6913740241021831
2097-06-16,0.6875007191910982
2097-06-17,0.6821035608218039
2097-06-18,0.663273895936398
2097-06-19,0.663093509808604
2097-06-20,0.7388601010302015
2097-06-21,0.8378268280333994
2097-06-22,0.8422854707173609
2097-06-23,0.7924615957622579
2097-06-24,0.7496364489704517
2097-06-25,1.6550435102073233
2097-06-26,2.6920831604919724
2097-06-27,2.2138703867604703
2097-06-28,1.8536041038751545
2097-06-29,1.5804086908364834
2097-06-30,1.401539273751878
2097-07-01,1.3312894532882178
2097-07-02,1.2696076292094907
2097-07-03,1.1570035734794277
2097-07-04,1.0577309738392462
2097-07-05,0.9723496391170823
2097-07-06,0.8964374606694324
2097-07-07,0.835546972732486
2097-07-08,0.7863681389148628
2097-07-09,0.7462986092708905
2097-07-10,0.7133565637398727
2097-07-11,0.6860228513453032
2097-07-12,0.6631258224493645
2097-07-13,0.6437566254875949
2097-07-14,0.6272064350692854
2097-07-15,0.612919599923219
2097-07-16,0.6004584374623104
2097-07-17,0.5894766116351612
2097-07-18,0.5796988805112795
2097-07-19,0.5709056020191877
2097-07-20,0.5629208161456479
2097-07-21,0.5556030312596288
2097-07-22,0.5488380664620389
2097-07-23,0.5425334655241616
2097-07-24,0.5366141182121248
2097-07-25,0.531018813676721
2097-07-26,0.5256975166839424
2097-07-27,0.5206092068920158
2097-07-28,0.515720158547958
2097-07-29,0.5110025660677207
2097-07-30,0.5064334423004633
2097-07-31,0.5019937325603109
2097-08-01,0.4984664638322487
2097-08-02,0.49480262590816754
2097-08-03,0.49049664039640906
2097-08-04,0.48629101493934995
2097-08-05,0.4822120133896761
2097-08-06,0.47819990924929506
2097-08-07,0.47424656100941637
2097-08-08,0.4720141622553164
2097-08-09,0.4719352995240385
2097-08-10,0.4703337675822976
2097-08-11,0.46626378423297304
2097-08-12,0.46322259380949515
2097-08-13,0.5156845337881739
2097-08-14,0.5488764205643651
2097-08-15,0.5430431294855881
2097-08-16,0.5232163129347093
2097-08-17,0.5071133680458625
2097-08-18,0.49336611939774144
2097-08-19,0.4923393746444602
2097-08-20,0.4919603757020257
2097-08-21,0.4817176950501616
2097-08-22,0.4831940361542966
2097-08-23,0.4804390741233972
2097-08-24,0.5152154801984381
2097-08-25,0.5365781314359848
2097-08-26,0.5164546817411353
2097-08-27,0.4972993623407229
2097-08-28,0.4811201405285866
2097-08-29,0.46737340009977824
2097-08-30,0.4582430484336109
2097-08-31,0.45011980172382354
2097-09-01,0.4404440552564299
2097-09-02,0.4319307870782161
2097-09-03,0.4243908965749899
2097-09-04,0.4176485286808333
2097-09-05,0.4115622727416499
2097-09-06,0.4060180164207335
2097-09-07,0.4010285991716657
2097-09-08,0.3963549056159967
2097-09-09,0.3921541580061438
2097-09-10,0.38810489446501334
2097-09-11,0.38434027418633826
2097-09-12,0.3830060617378777
2097-09-13,0.38258532673086476
2097-09-14,0.37938817716275786
2097-09-15,0.3752085541636933
2097-09-16,0.3740373662624111
2097-09-17,0.41040932877397257
2097-09-18,0.4553078573671639
2097-09-19,0.4489573931198096
2097-09-20,0.43043901128525647
2097-09-21,0.4157833672505367
2097-09-22,0.4033596655508003
2097-09-23,0.3927329826769527
2097-09-24,0.38355928769496433
2097-09-25,0.3775267835485068
2097-09-26,0.37285811824238463
2097-09-27,0.36611367530883054
2097-09-28,0.35992850227367873
2097-09-29,0.35438220388531333
2097-09-30,0.3746214794390095
2097-10-01,0.38517673987045925
2097-10-02,0.3742683918354999
2097-10-03,0.3659589067123899
2097-10-04,0.3578855569859906
2097-10-05,0.3756334304858198
2097-10-06,0.3861663500633254
2097-10-07,0.3727467782562242
2097-10-08,0.36236597810790855
2097-10-09,0.3534350269847
2097-10-10,0.35055692253183907
2097-10-11,0.3482448842907035
2097-10-12,0.3407936509664869
2097-10-13,0.3342141210997182
2097-10-14,0.3341493945376785
2097-10-15,0.33782029799399305
2097-10-16,0.3321318212291855
2097-10-17,0.37123874368204784
2097-10-18,0.38394194269607085
2097-10-19,0.3817310258948947
2097-10-20,0.4520639545219243
2097-10-21,0.48045653075955874
2097-10-22,0.45543025570647305
2097-10-23,0.45612165117642073
2097-10-24,0.4669218954554242
2097-10-25,0.504942768854614
2097-10-26,0.5048252700016959
2097-10-27,0.5220004137214738
2097-10-28,0.5342661728936272
2097-10-29,0.49237294176962537
2097-10-30,0.5548098039609651
2097-10-31,0.5919657474198232
2097-11-01,0.5345742191378636
2097-11-02,0.48929091511608386
2097-11-03,0.45281482089500824
2097-11-04,0.4232214465880288
2097-11-05,0.502042958722401
2097-11-06,0.5641051288595577
2097-11-07,0.512072024120337
2097-11-08,0.4708597053841932
2097-11-09,0.4473167516364068
2097-11-10,0.44713267573259796
2097-11-11,0.4388976155283511
2097-11-12,0.4327117850181255
2097-11-13,0.4165880578370122
2097-11-14,0.39274045621381365
2097-11-15,0.3732083934832609
2097-11-16,0.3569965721627791
2097-11-17,0.37531802970883343
2097-11-18,0.43443470332456763
2097-11-19,0.43904583668611813
2097-11-20,0.4098353956933001
2097-11-21,0.38615235873030823
2097-11-22,0.3666532905137137
2097-11-23,0.350477950177651
2097-11-24,0.3676336160787415
2097-11-25,0.38525916239576247
2097-11-26,0.36494479950906905
2097-11-27,0.34832453243146794
2097-11-28,0.334606916207506
2097-11-29,0.32344833483980406
2097-11-30,0.3134433492170333
2097-12-01,0.30488549086794897
2097-12-02,0.297506904540035
2097-12-03,0.29108825430512825
2097-12-04,0.28545655886867133
2097-12-05,0.2805393946121372
2097-12-06,0.2760672396636194
2097-12-07,0.27203379998823146
2097-12-08,0.2683652485455873
2097-12-09,0.2650490640246228
2097-12-10,0.32982337943865897
2097-12-11,0.4915902635885199
2097-12-12,0.5483011015329887
2097-12-13,0.6547050557818718
2097-12-14,0.7487144442706972
2097-12-15,0.8834507808271125
2097-12-16,1.1073013857338465
2097-12-17,1.1765012397566725
2097-12-18,1.167223628714998
2097-12-19,1.1677015463255027
2097-12-20,1.0880513335894932
2097-12-21,0.9215464573540887
2097-12-22,0.8379871162934905
2097-12-23,0.958154406375169
2097-12-24,1.061222587347044
2097-12-25,1.3644741060955556
2097-12-26,1.5558557449852195
2097-12-27,1.2860740667539532
2097-12-28,1.4895362930955995
2097-12-29,2.1609469814978657
2097-12-30,2.956815187272658
2097-12-31,3.3525266045528266
2098-01-01,3.4345426890386435
2098-01-02,3.5306380789929954
2098-01-03,3.066935421060481
2098-01-04,2.5435184747696833
2098-01-05,2.2088379258984245
2098-01-06,1.8445480265768082
2098-01-07,1.6653245100521543
2098-01-08,1.8873713508167935
2098-01-09,2.0476560220354942
2098-01-10,1.9569531643247495
2098-01-11,1.7651099784617628
2098-01-12,2.461941902322183
2098-01-13,3.6947345163360077
2098-01-14,3.5492378151355433
2098-01-15,2.8234164614109396
2098-01-16,2.779455484714697
2098-01-17,2.785069434712881
2098-01-18,2.262229102111227
2098-01-19,1.8703051670640816
2098-01-20,1.601896181396855
2098-01-21,1.508553175123323
2098-01-22,1.5118272928737007
2098-01-23,1.4120918548230625
2098-01-24,1.2250581024445146
2098-01-25,1.0799382153675119
2098-01-26,0.9665278110459261
2098-01-27,0.8771543677492463
2098-01-28,0.8061399253049276
2098-01-29,0.7492467633574091
2098-01-30,0.7032870493858724
2098-01-31,0.7899282173355173
2098-02-01,0.9223999243699915
2098-02-02,1.009840939874976
2098-02-03,1.0406701360489767
2098-02-04,0.9883079673883376
2098-02-05,1.395257978200555
2098-02-06,2.2920674189781685
2098-02-07,4.069795858510383
2098-02-08,5.387110473796196
2098-02-09,4.853567212385712
2098-02-10,3.979045606197874
2098-02-11,3.1928264926665375
2098-02-12,2.627884991055099
2098-02-13,2.2149580271920746
2098-02-14,1.866777745842129
2098-02-15,1.6037983535219746
2098-02-16,1.3932279078454644
2098-02-17,1.230297168870946
2098-02-18,1.1032041137566104
2098-02-19,1.003206431779301
2098-02-20,0.9238531028371759
2098-02-21,0.8603424766410185
2098-02-22,0.8090717270493156
2098-02-23,0.7673172409427629
2098-02-24,1.0768499234617457
2098-02-25,1.3860423604705359
2098-02-26,1.2218952953982674
2098-02-27,1.0934506912583177
2098-02-28,0.9925220175475232
2098-03-01,0.9125315250704508
2098-03-02,0.848590778148873
2098-03-03,0.7970369450636308
2098-03-04,0.7551045485169489
2098-03-05,0.7206907492113261
2098-03-06,0.692185926202762
2098-03-07,0.6683503111790231
2098-03-08,0.6482234170536738
2098-03-09,0.745978559558535
2098-03-10,0.9205293555989874
2098-03-11,1.232811368263753
2098-03-12,1.48098682040893
2098-03-13,2.5140364722726347
2098-03-14,3.5780556367135286
2098-03-15,3.0717865987504442
2098-03-16,2.8567265872368757
2098-03-17,2.7712780036443347
2098-03-18,2.3472015102746013
2098-03-19,1.9621858604253521
2098-03-20,1.7792870868131636
2098-03-21,2.078413065505639
2098-03-22,2.26618201912513
2098-03-23,1.9458402813356293
2098-03-24,1.6885268600403087
2098-03-25,1.616296526331645
2098-03-26,1.751847749000668
2098-03-27,1.8586756983361516
2098-03-28,1.7560060721926414
2098-03-29,1.5464912282582592
2098-03-30,1.3570484743417426
2098-03-31,1.2097528052720206
2098-04-01,1.0944129835984617
2098-04-02,1.0081409687611032
2098-04-03,1.0179244116037491
2098-04-04,1.015499752707017
2098-04-05,0.9410917910484616
2098-04-06,0.9146785402085421
2098-04-07,0.8844486067093866
2098-04-08,0.8337406151872272
2098-04-09,0.7921770361641479
2098-04-10,0.757984570172806
2098-04-11,0.7295886379833488
2098-04-12,0.7057757829526397
2098-04-13,0.6856054104887218
2098-04-14,0.6683444421997206
2098-04-15,0.6534185865278094
2098-04-16,0.6403757538048006
2098-04-17,0.6288584132080294
2098-04-18,0.6185825797768433
2098-04-19,0.6093217499326812
2098-04-20,0.6008945536016169
2098-04-21,0.5931552143103608
2098-04-22,0.5859861427394266
2098-04-23,0.5792921599391271
2098-04-24,0.5729959717317675
2098-04-25,0.5735030527942497
2098-04-26,0.5739740208822535
2098-04-27,0.566740087104305
2098-04-28,0.5599468891859207
2098-04-29,0.5536000012136751
2098-04-30,0.5476269733211011
2098-05-01,0.5419687687504616
2098-05-02,0.5365771319368425
2098-05-03,0.5314125016816874
2098-05-04,0.5264423504091567
2098-05-05,0.5216840932992365
2098-05-06,0.51704447694835
2098-05-07,0.5125063098867229
2098-05-08,0.5080812844594391
2098-05-09,0.5037564340023062
2098-05-10,0.49952092376715346
2098-05-11,0.49536567577032803
2098-05-12,0.4912830629614556
2098-05-13,0.48726665927201945
2098-05-14,0.48331103483635673
2098-05-15,0.4794115878284911
2098-05-16,0.4755644060565593
2098-05-17,0.4717661528020077
2098-05-18,0.47182703307454693
2098-05-19,0.4722711476741557
2098-05-20,0.46881278324838555
2098-05-21,0.4648629541676245
2098-05-22,0.46029121668601897
2098-05-23,0.4559059130869542
2098-05-24,0.45168718665571217
2098-05-25,0.4476121307883108
2098-05-26,0.44366176817465514
2098-05-27,0.43982033629385264
2098-05-28,0.45910660645072193
2098-05-29,0.47413569724705784
2098-05-30,0.46319062886964085
2098-05-31,0.4546190532237086
2098-06-01,0.44699500001602877
2098-06-02,0.4401480528608135
2098-06-03,0.4339410874659964
2098-06-04,0.4282666051959583
2098-06-05,0.42684813919122305
2098-06-06,0.42449688551924086
2098-06-07,0.41905867920017054
2098-06-08,0.41397206287452293
2098-06-09,0.40923799992302307
2098-06-10,0.40479953322529605
2098-06-11,0.4006100771967252
2098-06-12,0.3988214834055428
2098-06-13,0.3968907016038043
2098-06-14,0.4138882816007932
2098-06-15,0.41478637769032384
2098-06-16,0.406048842901398
2098-06-17,0.39932240139009473
2098-06-18,0.39942254587660536
2098-06-19,0.3990150469012015
2098-06-20,0.4143042309336298
2098-06-21,0.43222581746380917
2098-06-22,0.4213567066206019
2098-06-23,0.4093569614111068
2098-06-24,0.39957167252475784
2098-06-25,0.391058115376629
2098-06-26,0.3835803431774809
2098-06-27,0.37694954484094517
2098-06-28,0.3710140675684969
2098-06-29,0.3656751248291223
2098-06-30,0.37638681687783976
2098-07-01,0.378311052241106
2098-07-02,0.3696508967848972
2098-07-03,0.36315120880098345
2098-07-04,0.35734295346434347
2098-07-05,0.3521044496436995
2098-07-06,0.3473372801536286
2098-07-07,0.34296563654812146
2098-07-08,0.3408544294419198
2098-07-09,0.33831556160517046
2098-07-10,0.3349251436983765
2098-07-11,0.33175319530075725
2098-07-12,0.32813453435075474
2098-07-13,0.3246808754168867
2098-07-14,0.32141508545886366
2098-07-15,0.3183088495035049
2098-07-16,0.31533879652621016
2098-07-17,0.3131744724449084
2098-07-18,0.3126835528456974
2098-07-19,0.3121382146967369
2098-07-20,0.30959202939209335
2098-07-21,0.30672017016581915
2098-07-22,0.30388114165585556
2098-07-23,0.30225433239706834
2098-07-24,0.3005939721032954
2098-07-25,0.2975628762876856
2098-07-26,0.294673944242666
2098-07-27,0.29191604357028705
2098-07-28,0.2892704207849792
2098-07-29,0.28672152026817693
2098-07-30,0.2842564082772589
2098-07-31,0.2818643058892923
2098-08-01,0.279536209251666
2098-08-02,0.277264580016429
2098-08-03,0.2750430923567606
2098-08-04,0.2728664257269649
2098-08-05,0.2707300947026354
2098-08-06,0.26863030895589896
2098-08-07,0.26656385778229397
2098-08-08,0.264528014678224
2098-08-09,0.26252045833089
2098-08-10,0.2605392070726252
2098-08-11,0.258582564404816
2098-08-12,0.2566490736414007
2098-08-13,0.25473748008047786
2098-08-14,0.2528466994022912
2098-08-15,0.33046216771081843
2098-08-16,0.29524506875184103
2098-08-17,0.27781902446368045
2098-08-18,0.2708878939753026
2098-08-19,0.2655628129386399
2098-08-20,0.2608533668509393
2098-08-21,0.26083091733372143
2098-08-22,0.2622978235337247
2098-08-23,0.2565859430899003
2098-08-24,0.2524541651402681
2098-08-25,0.249024669769351
2098-08-26,0.24579306801426273
2098-08-27,0.24259075950441936
2098-08-28,0.23964268710174216
2098-08-29,0.23691076272960607
2098-08-30,0.23436061663930552
2098-08-31,0.23196577969992513
2098-09-01,0.2297000073409855
2098-09-02,0.31823417715755214
2098-09-03,0.29834570249363457
2098-09-04,0.28300720464255763
2098-09-05,0.2743988525857896
2098-09-06,0.2650152558686482
2098-09-07,0.2601004391154939
2098-09-08,0.2578069544865171
2098-09-09,0.2538900809829207
2098-09-10,0.24850297243704997
2098-09-11,0.26340510957897917
2098-09-12,0.2818504377277263
2098-09-13,0.27667961543583747
2098-09-14,0.35458574701916684
2098-09-15,0.366719727548225
2098-09-16,0.3370143759127062
2098-09-17,0.3144344595270672
2098-09-18,0.29592754282845046
2098-09-19,0.2806556742100177
2098-09-20,0.267965262273329
2098-09-21,0.2573438806061285
2098-09-22,0.2519391906214925
2098-09-23,0.24739991898117542
2098-09-24,0.23983594912677408
2098-09-25,0.23892076582115596
2098-09-26,0.23929526085995476
2098-09-27,0.23281606232468158
2098-09-28,0.2271246698595888
2098-09-29,0.23755613427101552
2098-09-30,0.31239424174578617
2098-10-01,0.3197727852487791
2098-10-02,0.2969869524356759
2098-10-03,0.2794847889097539
2098-10-04,0.265035513785886
2098-10-05,0.25303028089154916
2098-10-06,0.2507001608986577
2098-10-07,0.25946864141472475
2098-10-08,0.2696562294255748
2098-10-09,0.26000366022426474
2098-10-10,0.24803127784072967
2098-10-11,0.23827420948329026
2098-10-12,0.2300376495870362
2098-10-13,0.2230316297075996
2098-10-14,0.21702527936298996
2098-10-15,0.26363087130002866
2098-10-16,0.2925244803038451
2098-10-17,0.273058531218602
2098-10-18,0.25913944379732096
2098-10-19,0.30484109910357654
2098-10-20,0.36467619870237655
2098-10-21,0.3661321067382626
2098-10-22,0.3685176229736625
2098-10-23,0.3548458935292143
2098-10-24,0.3243270737450308
2098-10-25,0.4690040295275273
2098-10-26,0.5643221311776005
2098-10-27,0.49130515983060263
2098-10-28,0.43476958645630087
2098-10-29,0.38976535408190344
2098-10-30,0.3537042222959665
2098-10-31,0.3246210115611187
2098-11-01,0.3010133394078285
2098-11-02,0.2817252456336874
2098-11-03,0.32099926024654457
2098-11-04,0.3586753110870738
2098-11-05,0.32889707863229867
2098-11-06,0.4551098320573243
2098-11-07,0.6350199689958226
2098-11-08,0.6371679794498192
2098-11-09,0.5593894699813143
2098-11-10,0.5225295528991327
2098-11-11,0.5254031966082293
2098-11-12,0.5168373307081452
2098-11-13,0.478661886987883
2098-11-14,0.42674557066514546
2098-11-15,0.39213393705043725
2098-11-16,0.3684910156278724
2098-11-17,0.36353446402401773
2098-11-18,0.41365447663174965
2098-11-19,0.45794497291036657
2098-11-20,0.5689860271325091
2098-11-21,0.6314290320693785
2098-11-22,0.5810837314171475
2098-11-23,0.6025185339907401
2098-11-24,0.5948445121112815
2098-11-25,0.5209440412034069
2098-11-26,0.4626365572752968
2098-11-27,0.4161940723452658
2098-11-28,0.5522751963255356
2098-11-29,0.6661376696888749
2098-11-30,0.5780862188487118
2098-12-01,0.6463100966581045
2098-12-02,0.7254261128741422
2098-12-03,0.8570217091375573
2098-12-04,1.0161215620062463
2098-12-05,0.9274911571868625
2098-12-06,0.7861517862282832
2098-12-07,0.7610320816422432
2098-12-08,0.7451630147501961
2098-12-09,0.6449546255893591
2098-12-10,0.5663630685206477
2098-12-11,0.5215949621072696
2098-12-12,0.519653630909126
2098-12-13,0.6176235288261548
2098-12-14,0.6793850703152186
2098-12-15,0.8168169260432544
2098-12-16,0.9186606937573738
2098-12-17,0.8318398726933561
2098-12-18,0.7685071887848416
2098-12-19,0.6664488206269629
2098-12-20,0.6148030619229525
2098-12-21,0.5784070308055573
2098-12-22,0.6392480057872948
2098-12-23,0.6922867372650998
2098-12-24,0.6560071431716189
2098-12-25,0.7279696636297276
2098-12-26,1.0040950933653396
2098-12-27,1.2291016890516528
2098-12-28,1.1211136826108747
2098-12-29,0.9640278421298804
2098-12-30,0.8482659236555469
2098-12-31,0.7342005094755683
2099-01-01,0.8346097004825035
2099-01-02,1.329207897427575
2099-01-03,1.531866795243511
2099-01-04,1.2654980101508262
2099-01-05,1.0619454041137748
2099-01-06,0.9543916250682435
2099-01-07,1.0694953166589156
2099-01-08,1.116499996787271
2099-01-09,0.9609427360748132
2099-01-10,0.8291898728517498
2099-01-11,0.9538568138936036
2099-01-12,1.0677997098121803
2099-01-13,0.9474626878068345
2099-01-14,0.8594027579305498
2099-01-15,0.9043291349043008
2099-01-16,0.9486518753227252
2099-01-17,0.8227974623548723
2099-01-18,0.9556779821229396
2099-01-19,1.1583394268430778
2099-01-20,1.063593294605998
2099-01-21,1.2939635822803093
2099-01-22,1.5788681526409067
2099-01-23,1.455662910161051
2099-01-24,1.284706810384427
2099-01-25,1.0893995096391815
2099-01-26,0.9386180537982461
2099-01-27,0.8213074540897535
2099-01-28,0.7293145101920433
2099-01-29,0.6566198149450958
2099-01-30,0.5987405816548202
2099-01-31,0.5523113885437351
2099-02-01,0.5638773094000278
2099-02-02,0.6287874731224968
2099-02-03,0.653493189513041
2099-02-04,0.622092579699828
2099-02-05,0.6033170277167798
2099-02-06,0.5898651278950956
2099-02-07,0.5443376983166659
2099-02-08,0.5075432932413083
2099-02-09,0.47757648038644646
2099-02-10,0.452979454488974
2099-02-11,0.43262795327050935
2099-02-12,0.415649909159909
2099-02-13,0.40136518492423146
2099-02-14,0.3892406058660121
2099-02-15,0.4176940628873074
2099-02-16,0.4499931659054118
2099-02-17,0.7097325098586321
2099-02-18,1.0004433064852292
2099-02-19,1.2878751019193844
2099-02-20,1.4877866459381217
2099-02-21,1.2447467382102022
2099-02-22,1.2097407055909148
2099-02-23,1.2038861696926102
2099-02-24,1.4160336734354244
2099-02-25,1.5816594309523087
2099-02-26,1.4586632771177568
2099-02-27,1.6380592631824415
2099-02-28,1.6687411052933132
2099-03-01,1.4172070755705235
2099-03-02,1.5463202559446207
2099-03-03,1.668485884580423
2099-03-04,1.3938748202832312
2099-03-05,1.4730634578439545
2099-03-06,1.5761532243425307
2099-03-07,1.400373255584103
2099-03-08,1.5697006384272374
2099-03-09,1.6250982122015902
2099-03-10,1.3659808126275867
2099-03-11,1.167207739909136
2099-03-12,1.0137781442275184
2099-03-13,0.8943446605993781
2099-03-14,0.8006135062414529
2099-03-15,0.7264652889732273
2099-03-16,1.0478676596606207
2099-03-17,2.0793004243665707
2099-03-18,2.4737385774933083
2099-03-19,2.01471153396828
2099-03-20,1.6931958144196135
2099-03-21,1.6696454030864796
2099-03-22,1.6315543934716874
2099-03-23,1.3802334902410978
2099-03-24,1.1872385972830453
2099-03-25,1.266950353597459
2099-03-26,2.261851427345684
2099-03-27,3.6445592606359316
2099-03-28,3.8429227909460693
2099-03-29,3.138875877609822
2099-03-30,2.5927918052221846
2099-03-31,2.203134710689828
2099-04-01,1.8377021123528738
2099-04-02,1.5528748488027568
2099-04-03,1.335199640244057
2099-04-04,1.167398948473542
2099-04-05,1.0927038401405371
2099-04-06,1.176912504409161
2099-04-07,1.1862987648492087
2099-04-08,1.0521955921772272
2099-04-09,1.0426189714311953
2099-04-10,1.045719148931293
2099-04-11,0.9422287244731202
2099-04-12,0.8598154219497723
2099-04-13,0.7941167349153662
2099-04-14,0.741306074496317
2099-04-15,0.8087296316567633
2099-04-16,0.9050215484413512
2099-04-17,0.8378876413036416
2099-04-18,0.7750902442193212
2099-04-19,0.7244509086579874
2099-04-20,0.683356614351457
2099-04-21,0.6893156595514044
2099-04-22,0.7032351913405391
2099-04-23,0.6883222800375722
2099-04-24,0.6759091169379446
2099-04-25,0.6520050656246493
2099-04-26,0.6265827785613137
2099-04-27,0.6072232921395375
2099-04-28,0.5866904740306483
2099-04-29,0.5673636326147274
2099-04-30,0.5509663876741251
2099-05-01,0.5369177595813707
2099-05-02,0.5247600960477451
2099-05-03,0.5656865123270953
2099-05-04,0.6418924877671266
2099-05-05,0.6823044036779117
2099-05-06,0.6735247596040469
2099-05-07,0.6344560807163574
2099-05-08,0.6022258647795674
2099-05-09,0.5756256615013761
2099-05-10,0.5534790684767434
2099-05-11,0.534873173185708
2099-05-12,0.523179006702892
2099-05-13,0.5143642302762111
2099-05-14,0.5053750220983401
2099-05-15,0.6185939438361565
2099-05-16,0.7200406830584393
2099-05-17,0.6670227081385621
2099-05-18,0.6241021857943917
2099-05-19,0.589165706862531
2099-05-20,0.5694400017136216
2099-05-21,0.6451075287217437
2099-05-22,0.8076191953359313
2099-05-23,0.8294995068025593
2099-05-24,0.7875024103543423
2099-05-25,0.7614005996829757
2099-05-26,0.6978957766773659
2099-05-27,0.6479324497115512
2099-05-28,0.6105181290120933
2099-05-29,0.5773330959817277
2099-05-30,0.5487818259198692
2099-05-31,0.5251584259404124
2099-06-01,0.5300113638342018
2099-06-02,0.5552983061696052
2099-06-03,0.5599964434512539
2099-06-04,0.5616814169237677
2099-06-05,0.574714476620212
2099-06-06,0.5795224963772887
2099-06-07,0.5490655226478997
2099-06-08,0.6361162896634616
2099-06-09,0.8116665953293607
2099-06-10,0.8280354395386094
2099-06-11,0.7480633727310037
2099-06-12,0.6822722129637033
2099-06-13,0.6296209354500281
2099-06-14,0.6008828770637424
2099-06-15,0.6078691468700028
2099-06-16,0.6831243033185211
2099-06-17,1.0596550412617163
2099-06-18,1.42533238721965
2099-06-19,1.352427294948724
2099-06-20,1.1579925437765473
2099-06-21,1.0582913552868212
2099-06-22,0.9880835657837853
2099-06-23,0.87565029490337
2099-06-24,0.7846900847419594
2099-06-25,0.7126966091294057
2099-06-26,0.6552664158771773
2099-06-27,0.6090934854111892
2099-06-28,0.5716770178779459
2099-06-29,0.5411120185128574
2099-06-30,0.51593781967151
2099-07-01,0.49502755602124915
2099-07-02,0.47750686342565296
2099-07-03,0.46269361735163633
2099-07-04,0.4500529452880914
2099-07-05,0.4391634147734494
2099-07-06,0.429691458879836
2099-07-07,0.42137191588058714
2099-07-08,0.4139931370782573
2099-07-09,0.40738552901882286
2099-07-10,0.4014126929982425
2099-07-11,0.3959645398372201
2099-07-12,0.3909519148888915
2099-07-13,0.3863023835918306
2099-07-14,0.38195691316340613
2099-07-15,0.3859948661902349
2099-07-16,0.45782224484841305
2099-07-17,0.4727128694417437
2099-07-18,0.46303037945408704
2099-07-19,0.5153050476114233
2099-07-20,0.5219703329525164
2099-07-21,0.49065565518363924
2099-07-22,0.4658532764353253
2099-07-23,0.44531914921555105
2099-07-24,0.4281783456541239
2099-07-25,0.41374799452686406
2099-07-26,0.40149242452993766
2099-07-27,0.39098942594396763
2099-07-28,0.3819047146089735
2099-07-29,0.37397248884537304
2099-07-30,0.36698054203178243
2099-07-31,0.36075880251355397
2099-08-01,0.3551704671103883
2099-08-02,0.35010510823880375
2099-08-03,0.34547329081944844
2099-08-04,0.3428212216633537
2099-08-05,0.34005378635066624
2099-08-06,0.33594306418147135
2099-08-07,0.3321017927536371
2099-08-08,0.32849842940662516
2099-08-09,0.3250959730077339
2099-08-10,0.32196822461750324
2099-08-11,0.31892148359448197
2099-08-12,0.316057896456329
2099-08-13,0.3135808094153269
2099-08-14,0.3108385772257012
2099-08-15,0.30807676518194305
2099-08-16,0.30539887278471994
2099-08-17,0.30279466290442864
2099-08-18,0.300255380323048
2099-08-19,0.2977736866510887
2099-08-20,0.3332595635619265
2099-08-21,0.3488220259838975
2099-08-22,0.33540051161655765
2099-08-23,0.32549506104314135
2099-08-24,0.31783570033390446
2099-08-25,0.3111473869048345
2099-08-26,0.305669619863931
2099-08-27,0.3083180217425807
2099-08-28,0.31181232284490473
2099-08-29,0.3102689492858536
2099-08-30,0.30593223614012216
2099-08-31,0.29906823212199213
2099-09-01,0.2935516655055089
2099-09-02,0.2897658881278223
2099-09-03,0.28582065319283045
2099-09-04,0.2815608957934324
2099-09-05,0.27768076732340874
2099-09-06,0.27412372765931914
2099-09-07,0.27083661812658283
2099-09-08,0.2677759274360641
2099-09-09,0.2649059436416006
2099-09-10,0.2621972789574098
2099-09-11,0.2596256882676064
2099-09-12,0.25721985776314726
2099-09-13,0.25488358580888976
2099-09-14,0.2526073183152527
2099-09-15,0.2773437335416812
2099-09-16,0.2729281526707266
2099-09-17,0.2657597274492465
2099-09-18,0.2609720956505098
2099-09-19,0.2566995390680217
2099-09-20,0.25285270146033434
2099-09-21,0.24935902306187296
2099-09-22,0.2461594029433922
2099-09-23,0.24320556142221403
2099-09-24,0.240457947725228
2099-09-25,0.23788407413039062
2099-09-26,0.23545718503178847
2099-09-27,0.233155190043412
2099-09-28,0.23095980602845
2099-09-29,0.22968414764033604
2099-09-30,0.24251127491942692
2099-10-01,0.2394459482495367
2099-10-02,0.2345654136126495
2099-10-03,0.23114471069986595
2099-10-04,0.2280307421946485
2099-10-05,0.22586783420710946
2099-10-06,0.22490989547894202
2099-10-07,0.22296478456982036
2099-10-08,0.22025881022482707
2099-10-09,0.21774054235293214
2099-10-10,0.21538698230213246
2099-10-11,0.21317269420651827
2099-10-12,0.21107666522192992
2099-10-13,0.20908149483580285
2099-10-14,0.20721574243632498
2099-10-15,0.2086168694621616
2099-10-16,0.310358134961396
2099-10-17,0.6791655287111404
2099-10-18,1.1905199399755666
2099-10-19,1.2145087566960158
2099-10-20,1.0035831679989637
2099-10-21,0.8422783424156083
2099-10-22,0.7172281670272862
2099-10-23,0.6197115934268547
2099-10-24,0.5431107193665191
2099-10-25,0.48251636765816164
2099-10-26,0.48072886295351047
2099-10-27,0.48890377519328765
2099-10-28,0.43924234721415933
2099-10-29,0.39976897256528515
2099-10-30,0.3679310364015611
2099-10-31,0.34207954046827194
2099-11-01,0.3209467972853212
2099-11-02,0.3035523920237115
2099-11-03,0.2891338011446168
2099-11-04,0.2770948183770247
2099-11-05,0.2669669471159239
2099-11-06,0.258380307351125
2099-11-07,0.25104157505428154
2099-11-08,0.24471715518419668
2099-11-09,0.2392202748993306
2099-11-10,0.23440103122938347
2099-11-11,0.23270407887576905
2099-11-12,0.23278496865187706
2099-11-13,0.2284151170949262
2099-11-14,0.22450011901303166
2099-11-15,0.22098861398958447
2099-11-16,0.21781182053878712
2099-11-17,0.2595620694393594
2099-11-18,0.4029717593143798
2099-11-19,0.6049673869139066
2099-11-20,0.6944480046169775
2099-11-21,0.7333940001373098
2099-11-22,0.8935217583778371
2099-11-23,1.0987822029858598
2099-11-24,1.2764169202370752
2099-11-25,1.225824717843125
2099-11-26,1.0436920142248167
2099-11-27,0.9298513670027769
2099-11-28,0.8055590949866005
2099-11-29,0.6924274202962031
2099-11-30,0.6225402373353592
2099-12-01,0.756761043322239
2099-12-02,1.0504618267957493
2099-12-03,1.1008928193537886
2099-12-04,0.9883260425596266
2099-12-05,1.022587498568195
2099-12-06,0.977519086034087
2099-12-07,0.8312112322794749
2099-12-08,1.2037823863906985
2099-12-09,1.8191580544962072
2099-12-10,2.008910208725429
2099-12-11,1.9207978130781835
2099-12-12,1.7204253446496176
2099-12-13,1.5173351219816595
2099-12-14,1.2571149979555858
2099-12-15,1.05817289724093
2099-12-16,0.9048466177639596
2099-12-17,0.7857137794035105
2099-12-18,1.0588806511405993
2099-12-19,1.4869128982717428
2099-12-20,1.465880722912529
2099-12-21,1.9783398246460397
2099-12-22,2.383918912137068
2099-12-23,1.9201912479044
2099-12-24,1.8342760139389067
2099-12-25,1.8443448532594953
2099-12-26,2.491566820691986
2099-12-27,3.168863625122805
2099-12-28,3.0855111162955975
2099-12-29,2.6657466420450806
2099-12-30,2.148771369017056
2099-12-31,1.8152100029385891
2100-01-01,1.8443991060462492
2100-01-02,2.041757525785482
2100-01-03,1.9268380134452707
2100-01-04,1.6029019731069056
2100-01-05,2.4972038866214437
2100-01-06,3.53198863469045
2100-01-07,3.020954096605497
2100-01-08,2.467876384668392
2100-01-09,2.0667578739064125
2100-01-10,1.7174129326268506
2100-01-11,1.45235713048279
2100-01-12,1.2494166171579464
2100-01-13,1.092640146607595
2100-01-14,0.9704831261483307
2100-01-15,0.8745048675099634
2100-01-16,0.7984759147901993
2100-01-17,0.7377586866060933
2100-01-18,0.688872767179859
2100-01-19,0.9291861378377924
2100-01-20,1.164731240555073
2100-01-21,1.0256464378631598
2100-01-22,0.9165701702866214
2100-01-23,1.0485677870828123
2100-01-24,1.2212005480995194
2100-01-25,1.155124291994387
2100-01-26,1.061582923506279
2100-01-27,0.9454260385883435
2100-01-28,0.8539349455758815
2100-01-29,1.1967012051792592
2100-01-30,2.328954349391709
2100-01-31,2.8952270396078355
2100-02-01,2.5666632889906262
2100-02-02,2.230647100031113
2100-02-03,1.8993744871842475
2100-02-04,2.0798905373997165
2100-02-05,2.1724452745609333
2100-02-06,2.0727244423023037
2100-02-07,2.100143982924192
2100-02-08,1.8942184408949168
2100-02-09,1.6463993937751438
2100-02-10,1.4135469279470092
2100-02-11,1.2336328931610583
2100-02-12,1.0939153724948514
2100-02-13,0.9844786371924995
2100-02-14,0.8980355969872765
2100-02-15,0.8291827268899866
2100-02-16,0.7738797574240048
2100-02-17,0.7290822994212854
2100-02-18,0.6924797836745923
2100-02-19,0.6623067354946605
2100-02-20,0.6390753367224141
2100-02-21,0.6188402072461084
2100-02-22,0.6586987981841961
2100-02-23,0.7825503459473242
2100-02-24,1.032207258996763
2100-02-25,1.1462349258823787
2100-02-26,1.0199055040168308
2100-02-27,0.9204902132391921
2100-02-28,0.9020273668385658
2100-03-01,0.931002491680735
2100-03-02,1.2530195565716833
2100-03-03,1.5418282537607564
2100-03-04,1.359922187266003
2100-03-05,1.186602358404061
2100-03-06,1.0517084336448268
2100-03-07,0.9460365202033865
2100-03-08,0.8625591715357069
2100-03-09,0.8028623943811891
2100-03-10,0.7543771751269072
2100-03-11,0.7089100395789178
2100-03-12,0.6717617186960826
2100-03-13,0.6412153304188852
2100-03-14,0.6158707156301403
2100-03-15,0.5958058792880663
2100-03-16,0.5783722206435432
2100-03-17,0.5627679941362996
2100-03-18,0.5493176497951203
2100-03-19,0.5376167053656419
2100-03-20,0.5273335183863465
2100-03-21,0.5182044070850227
2100-03-22,0.5100188635832726
2100-03-23,0.502608175042932
2100-03-24,0.49583662267705336
2100-03-25,0.5108487979966397
2100-03-26,0.5255381511115456
2100-03-27,0.518137024809579
2100-03-28,0.5324858264502589
2100-03-29,0.6667166467803086
2100-03-30,0.7859424351108526
2100-03-31,0.7254118556690782
2100-04-01,0.8018365286787515
2100-04-02,1.4934179952567288
2100-04-03,2.5683799304910195
2100-04-04,2.8859751112981074
2100-04-05,3.120500938422184
2100-04-06,3.3115391743156475
2100-04-07,2.7896745550344506
2100-04-08,2.2907453954905024
2100-04-09,2.270863802272592
2100-04-10,2.284947170173108
2100-04-11,1.8989565809988236
2100-04-12,1.662077964003772
2100-04-13,1.5753933789179844
2100-04-14,1.454132012890368
2100-04-15,1.3184245382276656
2100-04-16,1.3163648025669141
2100-04-17,1.3216032764794299
2100-04-18,1.2933172451108994
2100-04-19,1.3291473250893333
2100-04-20,1.3543164418831524
2100-04-21,1.2420271564059397
2100-04-22,1.0997441522587923
2100-04-23,0.9880230310577852
2100-04-24,0.8999088311003055
2100-04-25,0.8298271649669796
2100-04-26,0.7736174502152792
2100-04-27,0.7281497187902324
2100-04-28,0.6910519496367464
2100-04-29,0.6605141466342804
2100-04-30,0.6351462760187355
2100-05-01,0.6138743785915626
2100-05-02,0.595863991647557
2100-05-03,0.5804632784300936
2100-05-04,0.5671604957105509
2100-05-05,0.5555519734543227
2100-05-06,0.5453178575092474
2100-05-07,0.5367181792947268
2100-05-08,0.5287038241889391
2100-05-09,0.5642287567020398
2100-05-10,0.6629980792271103
2100-05-11,0.6777394942951309
2100-05-12,0.641867655114248
2100-05-13,0.6126544146702941
2100-05-14,0.5884012259227255
2100-05-15,0.5681070480970908
2100-05-16,0.5509333549390881
2100-05-17,0.5368033146693233
2100-05-18,0.5243494513565198
2100-05-19,0.5132062912031118
2100-05-20,0.50341300971576
2100-05-21,0.4947206919952392
2100-05-22,0.48692929730288936
2100-05-23,0.4798782993784507
2100-05-24,0.47343841346943366
2100-05-25,0.46750515502384093
2100-05-26,0.46199380199260426
2100-05-27,0.4601610226814608
2100-05-28,0.4577535413064195
2100-05-29,0.4586470258384397
2100-05-30,0.46298720937432414
2100-05-31,0.4575038779816738
2100-06-01,0.45520137144913475
2100-06-02,0.45735921531674784
2100-06-03,0.4516104364299835
2100-06-04,0.44446072518752394
2100-06-05,0.43798183318195755
2100-06-06,0.567932292241352
2100-06-07,0.6734564569526332
2100-06-08,0.6434624578625008
2100-06-09,0.6308146923553071
2100-06-10,0.6396182591057523
2100-06-11,0.6473023787868395
2100-06-12,0.7436629769764069
2100-06-13,0.8231416639184982
2100-06-14,0.7563759809561831
2100-06-15,0.690031780059836
2100-06-16,0.6363705163491659
2100-06-17,0.6053873144451443
2100-06-18,0.5794258891814255
2100-06-19,0.546356396773475
2100-06-20,0.5191060014436335
2100-06-21,0.4965591319107543
2100-06-22,0.47774574362339495
2100-06-23,0.4619100983674076
2100-06-24,0.4484603845539017
2100-06-25,0.4369309059509487
2100-06-26,0.42695352140630183
2100-06-27,0.4182359415733398
2100-06-28,0.4105451419032459
2100-06-29,0.4036946170515565
2100-06-30,0.39753453667924843
2100-07-01,0.3919441050378214
2100-07-02,0.3868256034470474
2100-07-03,0.38209972445634727
2100-07-04,0.37770190224448386
2100-07-05,0.3735794149525646
2100-07-06,0.3696890877954566
2100-07-07,0.3659954657226118
2100-07-08,0.3624693545475243
2100-07-09,0.36016262155683615
2100-07-10,0.35791004355655615
2100-07-11,0.35453213125956634
2100-07-12,0.35123303615708634
2100-07-13,0.34805397941028143
2100-07-14,0.344978891853746
2100-07-15,0.3419944027622565
2100-07-16,0.33908936001380935
2100-07-17,0.336255055243049
2100-07-18,0.33534121856794924
2100-07-19,0.3351078169273407
2100-07-20,0.33298051644113985
2100-07-21,0.33009762129707937
2100-07-22,0.3269450256698568
2100-07-23,0.32391786854147725
2100-07-24,0.32100200709636023
2100-07-25,0.31945401102203524
2100-07-26,0.31786954622745683
2100-07-27,0.3148984514410893
2100-07-28,0.312033553832571
2100-07-29,0.30926853736574683
2100-07-30,0.30659023900060284
2100-07-31,0.3039876896090727
2100-08-01,0.3014517268919677
2100-08-02,0.2989746798908471
2100-08-03,0.29655011121528524
2100-08-04,0.2941726059249981
2100-08-05,0.29183759822604644
2100-08-06,0.28954122889396045
2100-08-07,0.2872802277264342
2100-08-08,0.32716877912124587
2100-08-09,0.3006673160706613
2100-08-10,0.29373904322230676
2100-08-11,0.28984258938162777
2100-08-12,0.2862589963841297
2100-08-13,0.2829369567374197
2100-08-14,0.2798344772811737
2100-08-15,0.2775240801323679
2100-08-16,0.27592168722752114
2100-08-17,0.2733535291396715
2100-08-18,0.2705994663062888
2100-08-19,0.2679795402575417
2100-08-20,0.2654771018813395
2100-08-21,0.2630754679474377
2100-08-22,0.2722885208975708
2100-08-23,0.31122377268622403
2100-08-24,0.2861799674875928
2100-08-25,0.2779269679786441
2100-08-26,0.2724708282124721
2100-08-27,0.26764284182216375
2100-08-28,0.26333188549751413
2100-08-29,0.25944807994377894
2100-08-30,0.25591849093179764
2100-08-31,0.3459822224072318
2100-09-01,0.3767809518851444
2100-09-02,0.3582067681583955
2100-09-03,0.3361412171322861
2100-09-04,0.3188644652541292
2100-09-05,0.3045205537369821
2100-09-06,0.29252264890327057
2100-09-07,0.282409481875809
2100-09-08,0.2738167753170298
2100-09-09,0.26645556980241764
2100-09-10,0.2600956866093496
2100-09-11,0.2545530391465796
2100-09-12,0.25579672623242466
2100-09-13,0.2573084845537425
2100-09-14,0.25200889952118793
2100-09-15,0.24717910283923183
2100-09-16,0.24460288854021942
2100-09-17,0.24417816832673453
2100-09-18,0.26338143916725726
2100-09-19,0.25860024823973177
2100-09-20,0.2506693055970513
2100-09-21,0.2446507290356723
2100-09-22,0.2394063226848435
2100-09-23,0.23479667073145064
2100-09-24,0.23070931353790272
2100-09-25,0.22705323162799795
2100-09-26,0.22375452260820292
2100-09-27,0.22075299877812415
2100-09-28,0.2179994986122438
2100-09-29,0.2154537542035807
2100-09-30,0.2130826935199076
2100-10-01,0.21085908409656418
2100-10-02,0.20876044587849255
2100-10-03,0.2067681770134231
2100-10-04,0.20512209481100843
2100-10-05,0.2071222945438839
2100-10-06,0.20939194608393605
2100-10-07,0.2838488524280796
2100-10-08,0.2834705029907006
2100-10-09,0.3552877407218553
2100-10-10,0.4059560087306549
2100-10-11,0.39190762735373236
2100-10-12,0.3582909352955166
2100-10-13,0.4268752935240228
2100-10-14,0.45827377900973937
2100-10-15,0.4105795057877553
2100-10-16,0.37157899728536087
2100-10-17,0.34015191063982453
2100-10-18,0.314689117546714
2100-10-19,0.29392346884531956
2100-10-20,0.276876002431714
2100-10-21,0.2627860464031986
2100-10-22,0.2510593484925523
2100-10-23,0.24122930502807052
2100-10-24,0.23292778458956506
2100-10-25,0.24017210405496273
2100-10-26,0.2662589056606076
2100-10-27,0.26406792811349566
2100-10-28,0.25103463812097876
2100-10-29,0.24051010401248238
2100-10-30,0.23187946816759405
2100-10-31,0.22447612794412022
2100-11-01,0.21799700550505333
2100-11-02,0.21241646757810692
2100-11-03,0.20757173918339586
2100-11-04,0.20333057437568372
2100-11-05,0.20296855001436884
2100-11-06,0.21522165128435863
2100-11-07,0.22162034479981738
2100-11-08,0.21421560877086324
2100-11-09,0.20818319375931027
2100-11-10,0.23344895903076876
2100-11-11,0.2457512248812436
2100-11-12,0.31494029163463516
2100-11-13,0.4444049779649306
2100-11-14,0.5170958614012423
2100-11-15,0.5139355313211321
2100-11-16,0.4673463364471078
2100-11-17,0.41407857070509685
2100-11-18,0.3717234121234763
2100-11-19,0.4410547831873906
2100-11-20,0.5072654505284354
2100-11-21,0.5015612743742868
2100-11-22,0.5814624349623232
2100-11-23,0.6702790515523165
2100-11-24,0.7932924324028773
2100-11-25,0.8158629546691598
2100-11-26,0.6916762007624451
2100-11-27,0.5951741449052255
2100-11-28,0.7378630903646338
2100-11-29,0.8917801867802891
2100-11-30,0.7878733332068951
2100-12-01,0.6727257045494578
2100-12-02,0.5828094082016336
2100-12-03,0.5997787193492111
2100-12-04,0.876936161912638
2100-12-05,1.6997786367410328
2100-12-06,2.6885972301876238
2100-12-07,2.7138402279814797
2100-12-08,2.1453393428625183
2100-12-09,1.7220759164015034
2100-12-10,1.4040570628936022
2100-12-11,1.2424933215274925
2100-12-12,1.4568390174027794
2100-12-13,1.9958143973395852
2100-12-14,2.119237431265645
2100-12-15,1.7377585915589773
2100-12-16,1.4240108342260271
2100-12-17,1.1859702652073019
2100-12-18,1.0050392695300385
2100-12-19,0.8681592723701735
2100-12-20,0.7575768331239484
2100-12-21,0.6708224809724328
2100-12-22,0.60226086744164
2100-12-23,0.5476740623925772
2100-12-24,0.5038937847551819
2100-12-25,0.8679597674198609
2100-12-26,1.2129950650558323
2100-12-27,1.026782199598953
2100-12-28,0.9318256298626514
2100-12-29,0.866890059496303
2100-12-30,0.7588995995746415
2100-12-31,0.6740954770231005
